feature,target,mean_shap
RNF144A,A2M,-0.036795445
FOXN2,A2M,-0.036959983
MT-ND1,A2M,-0.045328405
FOXA3,A2M,-0.026529383
EFL1,A2M,-0.66687965
RETSAT,A2M,-0.38444546
REST,A2M,-0.11811526
ZNF486,A2M,-0.28543076
SLC39A2,A2M,-0.0148411635
DDX60,A2M,-0.33046257
SPATA6L,A2M,-0.33013725
WASH6P,A2M,-0.04009414
ARRDC1,A2M,-1.1886045
CCR9,A2M,-0.09663365
ENDOU,A2M,-0.12138681
RPS6KA6,A2M,-0.060380433
APC,A2M,-0.047385495
NUB1,AASS,-0.07072631
ZNF618,AASS,-0.08937282
CHMP4C,AASS,-0.03698135
MOB2,AASS,-0.03778197
FBXO43,AASS,-0.22876115
FAM169A,AASS,-0.14389867
ZNF585B,AASS,-0.48382646
TNFRSF21,AASS,-0.04179971
B3GALT4,AASS,-0.04618188
ITGA3,AASS,-0.1187352
ZNF682,AASS,-0.081875734
FLOT1,AASS,-0.05247173
CD200,AASS,-0.12748967
NETO2,AASS,-0.09885663
FRMPD1,AASS,-0.15164451
COLGALT2,AASS,-1.3375608
MMP24OS,AASS,-0.7933699
MLPH,ABCA13,-0.030941319
TXNDC17,ABCA13,-0.011547745
POU2F3,ABCA13,-0.034161508
SOX18,ABCA13,-0.073905475
ACOT13,ABCA13,-0.09176248
EDN3,ABCA13,-0.030294064
LRP1B,ABCA13,-0.11001038
ACTRT3,ABCA13,-0.008903077
MAT1A,ABCA13,-0.116401374
H2BC14,ABCA13,-0.9823307
FXYD5,ABCA13,-0.032828487
FOXA1,ABCA13,-0.44766787
RBM24,ABCA13,-0.072133966
H2BC21,ABCA13,-0.05495446
KIR2DL1,ABCA13,-0.20119072
SLC49A3,ABCA13,-0.18602538
GPR45,ABCA13,-0.052424278
DNAJC2,ABCA13,-0.04445225
ITGB6,ABCA13,-0.13115206
POLR3G,ABCA13,-0.07256254
SLC7A11,ABCA13,-0.029664092
VIP,ABCA13,-0.0011452788
APOB,ABCA13,-0.06584463
TMEM145,ABCA13,-0.026040252
FAM83G,ABCA13,-0.14307481
DDI2,ABCA13,-0.033331443
PUS7L,ABCA13,-0.026482007
ITGA6,ABCA13,-0.018756183
SHOC2,ABCA13,-0.030198136
TBX18,ABCA13,-0.044896334
APOBEC1,ABCA13,-0.051982883
MMP24OS,ABCA13,-0.15678306
SDR16C5,ABCA13,-0.19739169
POLL,ABCA8,-0.017109381
GRB7,ABCA8,-0.025406506
SP9,ABCA8,-0.10692654
PCDH1,ABCA8,-0.019462168
ERN1,ABCA8,-0.5857671
EMILIN3,ABCA8,-0.04811863
CENPV,ABCA8,-0.043979358
TCF7L1,ABCA8,-0.01398406
PCDHGA11,ABCA8,-0.10295029
GFRA3,ABCA8,-0.3336322
PDE9A,ABCA8,-0.21043392
CIR1,ABCA8,-0.03729612
C1QTNF2,ABCA8,-0.06403147
ACACB,ABCA8,-0.09677303
PRDM13,ABCA8,-0.06587648
DHX34,ABCA8,-0.038931172
MAK16,ABCA8,-1.8224766
FGFR2,ABCA8,-0.055500843
MITD1,ABCA8,-0.25956908
CCDC141,ABCC2,-0.018833743
MRPL42,ABCC2,-0.0056402665
ZCCHC2,ABCC2,-0.032203898
B4GALT4,ABCC2,-0.018695217
SLC30A3,ABCC2,-0.59387565
LMAN1,ABCC2,-0.58788484
ZNF618,ABCC2,-0.8772806
FBXO43,ABCC2,-0.8766734
N4BP2,ABCC2,-0.13631944
KLHL11,ABCC2,-0.24137808
METTL4,ABCC2,-0.28573143
SLC35D2,ABCC2,-0.29361176
HYOU1,ABCC2,-0.13089618
TBC1D17,ACAN,-0.023261959
TMEM184A,ACAN,-0.040092718
CBFB,ACAN,-0.014439845
LRRN1,ACAN,-0.049360983
KDM1B,ACAN,-0.6195138
ODAPH,ACAN,-0.03283295
ZER1,ACAN,-0.03496313
AHSP,ACAN,-0.01928415
CD200,ACAN,-0.37099186
MEX3C,ACAN,-0.107787736
A1CF,ACAN,-0.11601981
AMDHD1,ACAN,-0.06727355
MIEN1,ACAN,-0.06151091
RHOU,ACAN,-0.09849693
CPLX1,ACAN,-0.4236001
PYROXD2,ACAN,-0.09299984
KIR3DL2,ACAN,-1.7881001
CABCOCO1,ADAMTS12,-0.028706122
RETSAT,ADAMTS12,-0.073259756
PLAAT4,ADAMTS12,-0.40199697
RBM17,ADAMTS12,-0.021839868
LRRC10B,ADAMTS12,-0.017033475
PTPN5,ADAMTS12,-0.023392806
POC5,ADAMTS12,-0.020423032
SLC37A1,ADAMTS12,-0.011964635
PRDM13,ADAMTS12,-0.09659198
SERPIND1,ADAMTS12,-0.026837645
KIF26A,ADAMTS12,-0.028905619
USP18,ADAMTS12,-0.07019525
CSPG5,ADAMTS12,-1.0007311
GRIP2,ADAMTS12,-0.05875776
NPSR1,ADAMTS12,-1.7750293
JUND,ADAMTS12,-0.096913345
NTSR2,ADAMTS12,-0.11015012
MAPK3,ADAMTS12,-0.081573494
GCNT2,ADAMTS18,-0.014031776
CHCHD4,ADAMTS18,-0.04807646
CALM3,ADAMTS18,-0.033824153
EIF5B,ADAMTS18,-0.016244765
CELSR3,ADAMTS18,-0.02243602
ADGRF3,ADAMTS18,-0.015385173
ITSN2,ADAMTS18,-0.008404935
CPNE4,ADAMTS18,-0.047326658
RAP2C,ADAMTS18,-0.00728572
SHC4,ADAMTS18,-0.16088615
GSTA2,ADAMTS18,-0.08306066
CYP2C9,ADAMTS18,-0.09324099
SERPINE2,ADAMTS18,-0.46538016
FAM221A,ADAMTS18,-0.35594106
RBCK1,ADAMTS18,-0.029920513
HOGA1,ADAMTS18,-0.07330757
ONECUT2,ADAMTS18,-0.5209949
NDUFA13,ADAMTS18,-0.005657313
CYP24A1,ADAMTS18,-0.05930804
YARS1,ADAMTS18,-0.036023807
XPNPEP1,ADAMTS18,-0.08917122
IER3IP1,ADAMTS18,-0.4919385
NUDT18,ADAMTS18,-0.10501456
CNDP2,ADAMTS18,-0.086649895
ZNF695,ADAMTS18,-0.13535953
PCP4L1,ADAMTS18,-0.5449261
TLCD3A,ADAMTS18,-0.121155806
CDRT1,ADAMTS18,-0.06526798
HLA-DPB1,ADAMTS20,-0.041022293
ANKRD33,ADAMTS20,-0.09217875
STARD3NL,ADAMTS20,-0.015919758
MS4A15,ADAMTS20,-0.041392773
TK1,ADAMTS20,-0.019185118
GOT1,ADAMTS20,-0.07348587
CSPG5,ADAMTS20,-0.06095017
EMILIN2,ADAMTS20,-0.015902385
ZNF219,ADAMTS20,-0.036437884
MARVELD1,ADAMTS20,-0.22410652
GRM1,ADAMTS20,-0.47204098
LGMN,ADAMTS20,-1.1132268
TRPA1,ADAMTS20,-0.2580362
GPRIN1,ADAMTS20,-0.9308641
TXN,ADAMTS20,-0.31629825
GALNTL6,ADAMTS20,-0.08528266
RTN4R,ADAMTS20,-0.15464014
EPYC,AHNAK,-0.04544592
SOCS4,AHNAK,-0.017369652
SIAE,AHNAK,-0.0616992
EHD3,AHNAK,-0.046075694
ADGRG6,AHNAK,-0.23067409
APELA,AHNAK,-0.1120958
SLC25A21,AHNAK,-0.09661661
ARHGEF38,AHNAK,-1.0605148
ARAP2,AHNAK,-0.09010689
ABTB1,AHNAK,-1.4883926
XKR9,AHNAK,-0.070648596
MALRD1,AHNAK,-0.115857266
HOXC6,AHNAK,-0.17651273
UGT8,AHNAK,-0.06440037
AP3S1,AHNAK,-0.06341841
LCMT2,ALMS1,-0.02397347
GJD4,ALMS1,-0.021247482
NUP62,ALMS1,-0.52856374
GPCPD1,ALMS1,-0.035362184
CEACAM1,ALMS1,-1.6029081
PSME3,ALMS1,-0.018581547
HELZ2,ALMS1,-0.02579485
LINS1,ALMS1,-0.25765374
JPH3,ALMS1,-0.10416538
NLRP1,ALMS1,-0.0741757
EFNA2,ALMS1,-0.12184845
ENPEP,ALMS1,-0.1360459
TMSB15B,ALMS1,-0.122743264
NKX2-1,ALMS1,-0.41744402
DNAJC6,ALMS1,-0.33100906
PTMA,ALMS1,-0.10403605
CFHR4,ANK1,-0.15047544
ADH1A,ANK1,-0.02667659
GIMAP2,ANK1,-0.014899932
PTPN3,ANK1,-0.013609275
TFEB,ANK1,-0.035193752
HSPA5,ANK1,-0.83160377
KIR2DL1,ANK1,-0.8105618
KRTAP3-2,ANK1,-0.013915944
C21orf58,ANK1,-0.07031539
MT-CYB,ANK1,-0.6409342
LMNB1,ANK1,-0.051123075
RHBDD1,ANK1,-0.06785799
NETO2,ANK1,-0.08111986
ALB,ANK1,-0.038241073
NCR1,ANK1,-0.0957101
ZNF652,ANK1,-0.24389672
TFAP4,ANK1,-0.0856626
SF3B2,ANK1,-0.13929428
NUCB2,ANK1,-0.03026493
ALDOC,ANK1,-0.0731625
DGKA,ANK1,-0.37710273
OST4,ANK1,-0.043234535
CTTNBP2,APC,0.08015717
CFTR,APC,0.082729295
CGREF1,APC,0.15794495
MRPL40,APC,0.06913929
ALDH7A1,APC,0.32892862
MGAM,APC,0.049841773
HUNK,APC,0.08733183
WSB1,APC,0.04427249
DPEP1,APC,0.05575637
STARD3NL,APC,0.062099155
AVL9,APC,0.14169571
LRCOL1,APC,0.028342647
MOCS2,APC,0.06620483
REPIN1,APC,0.10316489
MYBPC3,APC,0.05183112
NEIL2,APC,0.03986953
EEPD1,APC,0.18528074
DAPK2,APC,0.11000094
RGS17,APC,0.010520051
FBXW10,APC,0.05026023
GPC1,APOB,-0.01621873
FEM1C,APOB,-0.02275742
ICAM2,APOB,-0.019895945
MCOLN2,APOB,-5.7532034e-05
GTF2H3,APOB,-0.046412423
TMEM131L,APOB,-0.033125564
TNNC2,APOB,-0.09290912
PPP1R14D,APOB,-1.8984296
MAMSTR,APOB,-0.07777595
B3GALT4,APOB,-0.1089918
TM6SF2,APOB,-0.45810148
ZDHHC13,APOB,-0.27288684
TMEM178B,APOB,-0.04942571
TRIM29,APOB,-0.06520172
TMEM98,APOB,-0.6821855
DNPH1,APOB,-0.102334425
SOWAHC,ARFGEF1,-0.0211899
ZNF618,ARFGEF1,-0.051882707
MIS18BP1,ARFGEF1,-0.15923972
CDH24,ARFGEF1,-0.035705905
ROGDI,ARFGEF1,-0.037096653
DNAI2,ARFGEF1,-0.0054932907
RB1,ARFGEF1,-0.2255497
NFILZ,ARFGEF1,-0.047794245
CCDC117,ARFGEF1,-0.78062135
NCMAP,ARFGEF1,-0.19455013
CYP39A1,ARFGEF1,-0.018402101
GJB4,ARFGEF1,-0.041100845
C2CD4A,ARFGEF1,-0.28396434
FCAMR,ARFGEF1,-0.28066245
STRN3,ARFGEF1,-0.10985688
ABHD11,ARFGEF1,-0.4516411
YES1,ARFGEF1,-0.9540459
SMIM3,ARFGEF1,-0.12725522
B3GAT2,ARFGEF1,-0.06888428
PPDPF,ARFGEF1,-0.077434145
PRCP,ARPP21,-0.010387849
TMTC3,ARPP21,-0.16763857
KIAA1522,ARPP21,-0.023134492
SIPA1L3,ARPP21,-0.014423014
LPCAT4,ARPP21,-0.020569008
WDSUB1,ARPP21,-0.0394924
SMAD2,ARPP21,-0.2163879
TRIM39,ARPP21,-0.03979756
IGFBPL1,ARPP21,-0.19466135
KLK7,ARPP21,-0.031786572
DRP2,ARPP21,-0.031829886
ADPRHL1,ARPP21,-0.8701479
ASNS,ARPP21,-0.032655936
FHIT,ARPP21,-1.3075616
ENTPD7,ARPP21,-0.06751862
REM2,ARPP21,-0.13502929
SLC35E4,ARPP21,-0.14991595
CLSPN,ARPP21,-0.1035758
IGF2BP3,ARPP21,-0.33085367
PTK6,ARPP21,-0.30530757
GCAT,ASPM,-0.018863901
PTCH2,ASPM,-0.0038561565
TLE4,ASPM,-0.037555557
NGEF,ASPM,-0.036952324
DST,ASPM,-0.027964406
N4BP2,ASPM,-0.037698913
GPX8,ASPM,-0.10138414
UGT2B11,ASPM,-0.24018818
LIPG,ASPM,-0.053259116
SLCO4A1,ASPM,-0.03766182
SENP3-EIF4A1,ASPM,-0.098936684
PER3,ASPM,-0.07392565
EXOC4,ASPM,-0.048329648
DBNDD2,ASPM,-0.10117874
PPM1E,ASPM,-0.028849427
MPZL2,ASPM,-0.02266028
SLC39A12,ASPM,-1.588578
CCDC62,ASPM,-0.38843593
GTF2A1,ASPM,-0.20355512
DCK,ASPM,-0.29202017
BCO1,ASPM,-0.27281457
RPS26,ASPM,-0.09360679
ARAP2,ASPM,-0.31813243
ADTRP,ASTN1,-0.0046964367
RAB11B,ASTN1,-0.0032758298
OPA3,ASTN1,-0.0054477747
STK11,ASTN1,-0.026320416
CTIF,ASTN1,-0.019476136
RABL3,ASTN1,-0.2572785
ZNF283,ASTN1,-0.014762965
IFIT1,ASTN1,-0.02022856
ARHGAP21,ASTN1,-0.10718071
CYP26A1,ASTN1,-0.06807057
TMED3,ASTN1,-0.075230554
CYP2W1,ASTN1,-0.116571546
MAGI3,ASTN1,-0.07935079
HIKESHI,ASTN1,-0.18394601
ZFP3,ASTN1,-0.107613355
ITIH2,ASTN1,-0.34980246
SLITRK4,ASTN1,-0.019882279
RPS6KA2,ASTN1,-0.063944444
TMEM217,ASTN1,-0.09674414
MUSK,ASTN1,-0.25524512
EPS15,ASTN1,-0.005079304
PLEKHG4,ASTN1,-0.22106028
FABP3,ASTN1,-0.059103966
CLNS1A,ASTN1,-0.77682906
WDR18,ASTN1,-0.036047827
ERO1B,ASTN1,-0.28208745
REEP5,ASTN1,-0.12977001
AC012651.1,ASTN1,-0.027066445
GON7,ASTN1,-0.06639281
ADI1,ASTN1,-0.0067635584
GTF2E1,ASTN1,-0.07674482
ADCYAP1R1,ASTN2,-0.02107525
STXBP2,ASTN2,-0.04111821
CCZ1,ASTN2,-0.020397903
ITGBL1,ASTN2,-0.029534586
DGCR8,ASTN2,-0.17917499
ABHD3,ASTN2,-0.034856632
TEX261,ASTN2,-0.18320215
C16orf71,ASTN2,-0.09189025
SLC35B1,ASTN2,-0.22206877
FBXO9,ASTN2,-0.111894414
DUS1L,ASTN2,-0.31197688
USP45,ASTN2,-0.17285044
ASCC2,ASTN2,-0.1473969
HSD17B1,ASTN2,-0.03391301
IGHMBP2,ASTN2,-0.23215888
ANO5,ASTN2,-0.0111736795
MSTO1,ASTN2,-0.13395396
AC010325.1,ASTN2,-0.10268142
PTPN23,ASTN2,-0.7218691
EEF1AKMT2,ASTN2,-0.28830484
HYLS1,ASTN2,-0.09915384
SNRNP70,ASTN2,-0.1561549
PTGES2,ASTN2,-0.4563061
FOS,ASTN2,-0.050714955
RTN4RL1,ASXL1,-0.021438021
RECK,ASXL1,-0.041909415
ZIK1,ASXL1,-0.031910434
MED9,ASXL1,-0.052048158
SLC26A2,ASXL1,-0.40111876
EVL,ASXL1,-0.118626334
TTC38,ASXL1,-0.039265167
BMX,ASXL1,-0.044978503
MAGIX,ASXL1,-0.12640347
NSMCE2,ASXL1,-0.027805626
GTPBP1,ASXL1,-1.9969368
SRD5A1,ASXL1,-0.1217325
ACSM5,ASXL1,-0.35897157
ZNHIT6,ASXL1,-0.056379944
PTPN23,ASXL1,-0.2748967
S1PR3,ASXL1,-0.12966835
ASPG,ASXL1,-0.09425786
RAMP3,ATP2A1,-0.030903868
PIP4P2,ATP2A1,-0.3180309
CYP26A1,ATP2A1,-0.013119491
P3H2,ATP2A1,-0.0066832933
WDR54,ATP2A1,-0.019074148
SCD5,ATP2A1,-0.10589064
CEP295,ATP2A1,-0.05008524
SNX17,ATP2A1,-0.05648785
ZNF706,ATP2A1,-0.10793435
EFNA2,ATP2A1,-0.108953856
C16orf95,ATP2A1,-0.43499914
HECA,ATP2A1,-0.09716006
VN1R1,ATP2A1,-0.0428723
TMEM204,ATP2A1,-0.0346489
FH,ATP2A1,-0.55771965
B3GALNT1,ATP2A1,-0.104660496
SRCIN1,ATP2A1,-0.09281689
DUS3L,ATP2A1,-0.09231702
IMPA1,ATP2A1,-0.4083612
MT-ATP6,ATP2A1,-0.07440823
MSRB1,ATP2A1,-0.94084966
TPR,ATP2A1,-0.08050463
CHTF8,ATP2A1,-0.1012951
ELF3,ATRX,-0.009550503
C1orf131,ATRX,-0.021191657
ZNF714,ATRX,-0.20009767
CASP1,ATRX,-0.048777472
PLXNB2,ATRX,-0.419549
ADA,ATRX,-0.02973482
CFAP91,ATRX,-0.011166175
KLHL34,ATRX,-0.076032355
ZNF682,ATRX,-0.061291125
SERP1,ATRX,-0.02204742
KPNA7,ATRX,-2.0834076
XKR6,ATRX,-0.09137252
DISP3,ATRX,-0.1438285
TSC22D4,ATRX,-0.003849148
GYG1,ATRX,-0.25715643
GSR,ATRX,-0.09857701
TVP23B,ATRX,-0.09454801
HSPD1,ATRX,-0.0813102
IGFBP3,ATRX,-0.008009613
SLC25A21,ATRX,-0.077125885
CHRNA7,AUTS2,-0.042594794
TST,AUTS2,-0.018904964
ME1,AUTS2,-0.80178404
CLSTN2,AUTS2,-0.013242134
KIF19,AUTS2,-0.02059663
ANKFY1,AUTS2,-0.04367384
TMOD4,AUTS2,-0.04461885
PODXL2,AUTS2,-0.111547396
GEMIN4,AUTS2,-0.15841006
B3GNT8,AUTS2,-0.06596534
SLC43A1,AUTS2,-0.039035324
UNC13D,AUTS2,-0.08175472
RAPGEFL1,AUTS2,-0.12367037
C2,AUTS2,-0.105630755
NUDT6,AUTS2,-0.33815014
CHST7,AUTS2,-0.21626817
PERP,AUTS2,-0.104294404
SERPINA5,AUTS2,-0.055204097
ATP12A,AUTS2,-0.24938072
COX6B2,AUTS2,-1.1465094
PMM1,AUTS2,-0.09896579
TCL1A,BRCA2,-0.017418958
BTBD19,BRCA2,-0.0424379
TFAM,BRCA2,-0.018949898
ARHGEF5,BRCA2,-0.03422293
LMO2,BRCA2,-0.14843056
TMPO,BRCA2,-0.07989006
C20orf202,BRCA2,-0.032930497
ERO1B,BRCA2,-0.28626353
SLC16A14,BRCA2,-0.3612674
GMNC,BRCA2,-0.86263776
CCSAP,BRCA2,-0.5256866
KSR2,BRCA2,-0.61732405
MPHOSPH9,BRCA2,-0.7636149
GALNT17,BRCA2,-0.042062536
PCDHB8,BRCA2,-0.10073657
RAB15,BRCA2,-0.123059526
PRKCB,CACNA1C,-0.004527107
PRCP,CACNA1C,-0.035004396
C5orf47,CACNA1C,-0.014157372
GFPT2,CACNA1C,-0.039233346
CCNA2,CACNA1C,-0.033000544
GALR2,CACNA1C,-0.017763074
PDE6D,CACNA1C,-0.023976551
SSTR3,CACNA1C,-0.0281174
TRAPPC9,CACNA1C,-0.029562306
MPL,CACNA1C,-0.09570117
LYSMD3,CACNA1C,-0.03365373
LRRC36,CACNA1C,-0.69459856
GDPD3,CACNA1C,-0.031371478
TTC29,CACNA1C,-0.6254167
PARP14,CACNA1C,-1.0007575
NXPE1,CACNA1C,-0.05303829
EFNB1,CACNA1C,-0.040512443
CYB5R2,CACNA1C,-0.21171007
EN2,CACNA1C,-0.15658368
HIPK3,CACNA1C,-0.3138394
SEC24A,CACNA1C,-0.28594345
BBC3,CACNA1C,-0.14946052
OR10Q1,CACNA1C,-0.13605611
RPL21,CACNA1C,-0.13278769
NCK1,CACNA1E,-0.006471776
PCDHB4,CACNA1E,-0.016473804
JUP,CACNA1E,-0.042089358
BICRAL,CACNA1E,-0.01669128
SERPINB7,CACNA1E,-0.016858315
TMEM92,CACNA1E,-0.055029534
CNGA3,CACNA1E,-0.014819504
ZNF20,CACNA1E,-0.51503366
DHFR,CACNA1E,-0.12141421
PLIN3,CACNA1E,-0.021447659
PAQR8,CACNA1E,-0.03121166
KLHL25,CACNA1E,-0.021605153
RPS12,CACNA1E,-0.05253364
LRRN1,CACNA1E,-0.04833466
FBXO43,CACNA1E,-0.05576464
HYOU1,CACNA1E,-0.21370623
NDOR1,CACNA1E,-0.03674115
IFIT2,CACNA1E,-0.054257628
CRADD,CACNA1E,-0.020971585
TRIP11,CACNA1E,-0.014027418
IFNE,CACNA1E,-0.060548015
FOXD4L1,CACNA1E,-0.04797535
SLC46A3,CACNA1E,-0.06607483
UNC79,CACNA1E,-0.1686975
SLC6A8,CACNA1E,-0.107379355
NUP210,CACNA1E,-0.033899162
MAP2K5,CACNA1E,-0.0241755
FAM118A,CACNA1E,-1.2371715
LMNTD2,CACNA1E,-0.020629168
MISP,CACNA1E,-0.14681567
HLA-DQB2,CACNA1E,-0.11193718
UBL3,CACNA1E,-0.05464634
TP53I3,CACNA1E,-0.050196767
IL17RB,CACNA1F,-0.02466062
PLD6,CACNA1F,-0.05145024
PIGQ,CACNA1F,-0.03209747
ANO5,CACNA1F,-0.016958697
OTX1,CACNA1F,-0.38341329
EOMES,CACNA1F,-0.023224685
SFTA2,CACNA1F,-0.0897344
CEMIP2,CACNA1F,-0.07120331
GOLGA6L9,CACNA1F,-0.013487843
FOLH1,CACNA1F,-0.0513169
EFNB2,CACNA1F,-0.29609567
SULT2B1,CACNA1F,-0.04505655
OFD1,CACNA1F,-0.20375042
NRSN2,CACNA1F,-0.12497339
BCAP29,CACNA1F,-0.20205721
DCAF6,CACNA1F,-0.22730725
GTPBP1,CACNA1F,-0.16399881
CADM1,CACNA1F,-0.0975906
STPG4,CACNA1F,-0.4849629
TBC1D14,CACNA1F,-0.31109998
NCS1,CACNA1F,-0.01930189
EDAR,CACNA1F,-0.110334605
DNASE1L1,CACNA1F,-0.10719867
RGPD8,CACNA1F,-0.21358904
H2BE1,CACNA1F,-0.090183765
MMP24OS,CACNA1F,-0.05376666
CRAT,CACNA1F,-0.34521645
MRPS18B,CAPN5,-0.026754424
USP13,CAPN5,-0.12406601
SRSF12,CAPN5,-0.01595033
GABRE,CAPN5,-0.04398982
RGS1,CAPN5,-0.037712105
KCNK7,CAPN5,-0.7095918
COX4I1,CAPN5,-0.049946062
RNF168,CAPN5,-0.031767376
C13orf42,CAPN5,-0.011359143
TBX20,CAPN5,-0.25024334
BPTF,CAPN5,-0.03320147
SMAD5,CAPN5,-0.094688036
FBXO25,CAPN5,-0.018313088
ZNF404,CAPN5,-0.09137183
RFNG,CAPN5,-0.06379656
ABHD12B,CAPN5,-0.069212474
TMEM37,CAPN5,-0.053629525
ULBP2,CAPN5,-0.045880314
HERC6,CAPN5,-0.10005756
PKP1,CAPN5,-1.6364572
SDHA,CAPN5,-0.4344195
RNF166,CARD11,-0.08143726
CYGB,CARD11,-0.06951874
NDUFC1,CARD11,-0.018019425
WASHC3,CARD11,-0.023594048
ASIC2,CARD11,-0.03383073
APCDD1,CARD11,-0.012722192
KIAA1549,CARD11,-0.06251169
FCGRT,CARD11,-0.23169737
BORCS6,CARD11,-0.018409846
FRAT1,CARD11,-0.016276212
ESCO1,CARD11,-0.3735077
ADAT1,CARD11,-0.030373568
PITPNA,CARD11,-0.07489046
EMB,CARD11,-0.034370948
KLHL20,CARD11,-0.03918987
DGCR6,CARD11,-0.04846737
PIGN,CARD11,-0.25277615
CCND1,CARD11,-0.06944942
TMTC2,CARD11,-0.115969755
GNRHR,CARD11,-0.10359813
TBX10,CARD11,-0.14930734
SEC24A,CARD11,-0.018673774
DKK2,CARD11,-0.010316308
SCO1,CARD11,-0.15595327
SGO1,CARD11,-0.0054170485
GCNT2,CARD11,-0.35581186
FSD1L,CARD11,-0.013287041
HSPA12A,CARD11,-0.050245486
H1-10,CARD11,-0.00673222
DIPK2A,CARD11,-0.06198502
SKP2,CARD11,-0.11269747
SLC4A11,CARD11,-0.07523479
CSMD3,CARD11,-0.061738476
SLC4A8,CARD11,-0.06784849
SNX32,CARD11,-0.08747444
TPBG,CARD11,-0.11568702
TVP23B,CARD11,-0.034473732
HECA,CARD11,-0.42272085
JOSD2,CCDC168,-0.061478734
MIOX,CCDC168,-0.25956056
PRKG1,CCDC168,-0.034661774
IFIT2,CCDC168,-0.39452574
ZNF790,CCDC168,-0.04564808
IGF2BP1,CCDC168,-0.19863436
RRAGD,CCDC168,-0.2891017
PCGF5,CCDC168,-0.03452584
TTLL11,CCDC168,-0.023132388
LAP3,CCDC168,-0.09250447
ALKBH3,CCDC168,-0.020645456
FLCN,CCDC168,-0.076198176
GSDMB,CCDC168,-0.28569922
STPG4,CCDC168,-0.61584353
MIPEP,CCDC168,-0.24039225
LIAS,CCDC168,-0.09747893
CCNB3,CCDC168,-0.09233212
SULT1A2,CCDC168,-0.10639519
CTRC,CCDC168,-0.10416405
IL17RC,CCDC168,-0.0037993086
RSAD2,CCDC168,-0.22512469
DSC3,CCDC168,-0.07677235
PLA2G2A,CCDC168,-0.44658762
ZNF143,CCDC88A,-0.029142803
TM6SF2,CCDC88A,-0.035542462
DCTN4,CCDC88A,-0.017531032
LPL,CCDC88A,-0.017471272
SLCO2A1,CCDC88A,-0.019766584
TRIB1,CCDC88A,-0.46291408
IYD,CCDC88A,-0.03818803
MUC20,CCDC88A,-0.12663043
TTC29,CCDC88A,-0.15015602
JAK2,CCDC88A,-0.70015895
METTL7A,CCDC88A,-1.0998827
ARSD,CCDC88A,-0.21336834
PTK6,CCDC88A,-0.35599637
PAN3,CCDC88A,-0.104795925
JUP,CCDC88A,-0.33722058
MMP24OS,CCDC88A,-0.12506045
KRT23,CCDC88A,-0.11558909
OLFM3,CDH8,-0.033475198
AQP12A,CDH8,-0.021283848
TBC1D31,CDH8,-0.057937637
NIM1K,CDH8,-0.01051543
S100A13,CDH8,-0.115020126
IL2RG,CDH8,-0.23488194
TGFA,CDH8,-0.047843534
SCUBE3,CDH8,-0.15207136
SWT1,CDH8,-0.5779511
CNTNAP2,CDH8,-0.26258597
PANX2,CDH8,-0.1105764
EDEM3,CDH8,-0.48439676
S100A6,CDH8,-1.212848
INPP5D,CDH8,-0.2647057
NKX2-3,CDH8,-0.23797663
C15orf65,CDH8,-0.06962041
EXOC6,CEP170,-0.033139437
TSTD3,CEP170,-0.2797403
USP54,CEP170,-0.1776577
VIPAS39,CEP170,-0.0069280467
CD1A,CEP170,-0.04189347
CCDC58,CEP170,-0.047110002
CHMP4C,CEP170,-0.11745369
SLC25A21,CEP170,-0.6271356
KCP,CEP170,-0.028537659
TMSB4X,CEP170,-0.30370066
GPR37L1,CEP170,-1.8074299
CA8,CEP170,-0.103716806
TTC29,CEP170,-0.3133149
PODXL2,CEP170,-0.03989784
ATAD3C,CEP170,-0.08822727
CASP3,CFH,-0.014830868
IGSF1,CFH,-0.53805864
POGLUT3,CFH,-0.029268121
NTMT1,CFH,-0.07602684
BRINP2,CFH,-0.04458132
STAC2,CFH,-0.038615257
SELENBP1,CFH,-0.014674504
ERICH6B,CFH,-0.076424554
B3GLCT,CFH,-0.026891323
BTLA,CFH,-0.03477981
CCDC102B,CFH,-0.08210848
HOXB4,CFH,-0.081937976
C1orf141,CFH,-0.053096704
CRABP2,CFH,-0.3114658
ATG4D,CFH,-0.06508467
MYL4,CFH,-2.1252525
S1PR5,CFH,-0.10210826
ZNF486,CFH,-0.11813256
SIN3B,CHD6,-0.012919001
LEAP2,CHD6,-0.10492122
ZNF790,CHD6,-0.019759215
PRAG1,CHD6,-0.2276644
SHFL,CHD6,-0.0055848453
ZNF33B,CHD6,-0.04847821
SPSB1,CHD6,-0.04042677
AC092835.1,CHD6,-0.037799973
SOX6,CHD6,-0.10434574
PPP2R2A,CHD6,-0.39947408
MFHAS1,CHD6,-0.15672848
EFL1,CHD6,-0.31760642
PGLYRP2,CHD6,-0.37162095
PCDHGA11,CHD6,-0.26260212
STPG4,CHD6,-0.1082832
YY2,CHD6,-0.05795503
UGT2B10,CHD6,-0.033796076
DBNDD2,CHD6,-0.71789145
GTF2I,CHD6,-0.0696756
FAM167A,CHD6,-0.36653996
AADAC,CHD6,-0.40858448
TMEM89,CNBD1,-0.03231188
LARS1,CNBD1,-0.02675777
USP37,CNBD1,-0.010265598
TAF1L,CNBD1,-0.029178921
NSF,CNBD1,-0.09441616
EMID1,CNBD1,-0.38493815
OXER1,CNBD1,-0.09516481
IMPDH1,CNBD1,-0.027474822
TMEM176A,CNBD1,-0.9197258
IQCH,CNBD1,-0.14236552
DBNDD2,CNBD1,-0.3341404
GPR153,CNBD1,-0.5903015
GRID2IP,CNBD1,-0.18675852
DUSP18,CNBD1,-0.11270551
NEIL3,CNBD1,-0.51037395
SNX24,CNBD1,-0.3893437
CFAP36,CNBD1,-0.18886423
ZGLP1,CNTNAP5,-0.43496147
TRPA1,CNTNAP5,-0.16614513
ACP4,CNTNAP5,-1.1195308
FRMPD1,CNTNAP5,-0.123394616
ZMYND10,CNTNAP5,-0.7728589
SNAI3,CNTNAP5,-0.47404826
CAMK2N2,CNTNAP5,-0.6508551
FBXO43,CNTNAP5,-0.22817361
ICOSLG,CNTNAP5,-0.12545052
DMXL1,COL11A1,-0.14548486
NSMF,COL11A1,-0.019358665
HMGA2,COL11A1,-0.05598897
RUNX3,COL11A1,-0.041577317
CENPBD1,COL11A1,-0.03390297
SLC1A7,COL11A1,-0.08270149
DHRS13,COL11A1,-0.027701609
NKX2-8,COL11A1,-0.5010009
ARSH,COL11A1,-0.03704649
MRPS10,COL11A1,-0.08284265
ZNF544,COL11A1,-0.005027016
NEK3,COL11A1,0.0022697803
CA10,COL11A1,-0.20369846
AC011448.1,COL11A1,-0.075277895
TTC30B,COL11A1,-0.57848567
TRIM58,COL11A1,-0.11787994
ABCG8,COL11A1,-0.21435425
RPL11,COL11A1,-0.030287916
LRP5L,COL11A1,-0.10541402
SLC35F6,COL11A1,-0.09090164
ACSF3,COL11A1,-0.059019428
ZMYND10,COL11A1,-0.5247684
NLGN2,COL11A1,-0.0919211
SYNPR,COL11A1,-0.012923767
IFNE,COL11A1,-0.05470091
TDRP,COL11A1,-0.16408598
SPTB,COL11A1,-0.07859208
KLRB1,COL11A1,-0.15277207
DEUP1,COL11A1,-0.09260375
CRACR2B,COL11A1,-0.106963255
SIX2,COL11A1,-0.066256486
HLA-E,COL4A5,-0.039197035
ORMDL3,COL4A5,-0.0106122065
INO80C,COL4A5,-0.04656896
TTL,COL4A5,-0.009022279
GNGT1,COL4A5,-0.68573177
AURKB,COL4A5,-0.07786598
PP2D1,COL4A5,-0.18528974
AC040162.1,COL4A5,-0.09429443
SGSM1,COL4A5,-0.037621077
CXXC1,COL4A5,-0.12006751
ULK3,COL4A5,-0.12858981
JMJD7-PLA2G4B,COL4A5,-0.00451833
ANKRD30B,COL4A5,-0.045975767
ZBTB12,COL4A5,-0.046631902
HEXIM1,COL4A5,-0.052780498
FGFR2,COL4A5,-0.042955495
H2BC13,COL4A5,-0.22759768
CCDC163,COL4A5,-0.91155744
MTRF1L,COL4A5,-1.2350383
HLA-G,COL6A3,-0.03857774
TFF3,COL6A3,-0.004685421
YKT6,COL6A3,-0.01176179
CHD2,COL6A3,-0.017828949
DZANK1,COL6A3,-0.018197764
NOSIP,COL6A3,-0.0077265706
ARRDC1,COL6A3,-0.051636312
FAM131B,COL6A3,-0.027303522
CNPY4,COL6A3,-0.029760664
WNT6,COL6A3,-0.07077457
PCP4,COL6A3,-0.042572603
TNFAIP8L3,COL6A3,-0.011733113
PDP2,COL6A3,-0.027058464
KCTD21,COL6A3,-0.06789404
SPACA4,COL6A3,-0.13536268
PICALM,COL6A3,-0.20435178
ZNF260,COL6A3,-0.007268452
PRDX5,COL6A3,-0.3062844
YARS2,COL6A3,-0.304145
TMEM230,COL6A3,-0.00062636577
SRFBP1,COL6A3,-0.07096138
SRSF8,COL6A3,-0.12575348
HSPH1,COL6A3,-0.042829238
SLC39A8,COL6A3,-0.082157426
NUDT21,COL6A3,-0.7946835
NFU1,COL6A3,-0.065153025
SHC2,COL6A3,-0.058543313
LRRC75B,COL6A3,-0.040815827
MOB2,COL6A3,-0.01674526
CAMK2N2,COL6A3,-0.18662144
AKR1B10,COL6A3,-0.04923425
TFRC,COL6A3,-0.27759996
TRIM33,COL6A3,-0.16420043
FAM217B,COL6A3,-0.031590145
HACD2,COL6A3,-0.19537625
ACTN3,COL6A5,-0.046521556
GLRA2,COL6A5,-0.1225223
C2orf73,COL6A5,-0.026536494
PABPC1,COL6A5,-0.23335777
RNF165,COL6A5,-0.041723836
FCN2,COL6A5,-0.5368705
ZNF185,COL6A5,-0.04295936
TCIRG1,COL6A5,-0.9139118
DLEU7,COL6A5,-0.03606967
UBFD1,COL6A5,-0.10770291
ZMAT1,COL6A5,-0.119004674
AC040162.1,COL6A5,-0.12787522
KIN,COL6A5,-0.9385687
UBE2L6,COL6A5,-0.06874485
FCHSD2,COL6A5,-0.1214437
ACD,COL6A5,-0.13722417
RGL4,COL6A5,-0.099361554
ATP5F1C,COL6A5,-0.22143634
TMEM222,COL6A6,-0.017768169
STK26,COL6A6,-0.040602047
CD58,COL6A6,-0.022266064
PIK3R5,COL6A6,-0.07793865
RPP25L,COL6A6,-0.33353406
GLDC,COL6A6,-0.03152003
SLC16A13,COL6A6,-0.072787434
UQCRB,COL6A6,-0.025145875
RCBTB2,COL6A6,-0.03926391
CLIC2,COL6A6,-0.9999027
CHIC1,COL6A6,-0.6175483
TRIM62,COL6A6,-0.3894028
MORC4,COL6A6,-0.0942028
PIP5K1B,COL6A6,-0.06729851
C19orf73,COL6A6,-0.12022924
EDN3,COL6A6,-0.18360297
DTD1,COL6A6,-0.12972388
CNN2,COL6A6,-0.52009195
LSAMP,COL6A6,-0.106551446
LARP6,CREBBP,-0.030389924
ACOXL,CREBBP,-0.20863737
PIF1,CREBBP,-0.048034154
DSCAML1,CREBBP,-0.016184298
TTC25,CREBBP,-0.030430136
KREMEN1,CREBBP,-0.05191217
LRRFIP1,CREBBP,-0.005598708
STC2,CREBBP,-0.09099861
ISOC1,CREBBP,-0.40007323
PLA2G4E,CREBBP,-0.44670013
ZNF665,CREBBP,-0.07758521
ONECUT2,CREBBP,-0.22295244
ZNF589,CREBBP,-0.11792176
CAB39,CREBBP,-0.043982424
ATF4,CREBBP,-0.10610348
TYW3,CREBBP,-0.65953124
MARS1,CREBBP,-1.3159331
PLAC1,CSMD1,-0.017929275
SLC6A14,CSMD1,-0.023746867
BMP7,CSMD1,-0.017423399
UBAP2,CSMD1,-0.03549806
RPGRIP1,CSMD1,-0.12131701
LRRC8B,CSMD1,-0.0016367845
DEGS2,CSMD1,-0.06523333
ZNF506,CSMD1,-0.038034037
TBX5,CSMD1,-0.084702626
COQ4,CSMD1,-0.050512593
ZNF706,CSMD1,-0.22452363
SRGAP3,CSMD1,-0.010094336
RILPL2,CSMD1,-0.02083918
TAMALIN,CSMD1,-0.13112622
RSPH10B,CSMD1,-0.057510458
WNK3,CSMD1,-0.025394684
ESRP2,CSMD1,-0.011793086
KHDC4,CSMD1,-0.042038735
TNS4,CSMD1,-0.4153675
KIR2DL3,CSMD1,-0.05140287
ADORA2B,CSMD1,-0.018371932
GSTZ1,CSMD1,-0.09259026
TMEM98,CSMD1,-0.11454161
GIGYF1,CSMD1,-0.13461806
PRSS54,CSMD1,-0.2614006
BHLHE22,CSMD1,-0.032185156
HSPD1,CSMD1,-0.045466222
ZNF681,CSMD1,-0.013907706
EXOC3L1,CSMD1,-0.07250379
MYADM,CSMD1,-0.009271267
DLK2,CSMD1,-0.10545742
SHROOM3,CSMD1,-0.03781351
RIDA,CSMD1,-0.032028876
AK8,CSMD1,-0.065712936
TMEM120B,CSMD1,-0.06472725
RCN3,CSMD1,-0.042403992
CD160,CSMD1,-0.076192826
CBARP,CSMD1,-0.17453627
CCZ1,CSMD1,-0.021775119
TMCO6,CSMD1,-0.038177073
MED30,CSMD1,-0.03538315
STOM,CSMD1,-0.057179354
WNT2B,CSMD2,-0.023443123
COL27A1,CSMD2,-0.09477799
PRKAA2,CSMD2,-0.034250963
PRSS1,CSMD2,-0.14017282
SPSB3,CSMD2,-0.15223825
LYSMD2,CSMD2,-0.021272296
LSS,CSMD2,-0.2320484
SUPT20H,CSMD2,-0.166459
CHODL,CSMD2,-1.3585283
GDAP1L1,CSMD2,-0.07440968
FAM89A,CSMD2,-0.037531696
MAFK,CSMD2,-0.091416135
PF4,CSMD2,-0.031969056
DSC2,CSMD2,-0.02800567
TMEM178B,CSMD2,-0.050724458
AGPAT2,CSMD2,-0.05440836
HCN1,CSMD2,-0.064351425
DHX36,CSMD2,-0.040982656
WNT9B,CSMD2,-0.09960602
RPS6KL1,CSMD2,-0.07011743
SMIM20,CSMD2,-0.05823597
MX1,CSMD2,-0.1321362
CHRNA5,CSMD2,-0.17900288
CCR9,CSMD2,-0.18306461
NR5A1,CSMD2,-0.32713076
ASAH2,CTNND2,-0.026101036
TFIP11,CTNND2,-0.015486456
LYSMD1,CTNND2,-0.15201886
GZMA,CTNND2,-0.55541146
HMOX1,CTNND2,-0.20410942
LAS1L,CTNND2,-0.82138264
S100A5,CTNND2,-0.09496509
DUSP14,CTNND2,-0.028940527
DEFA6,CTNND2,-0.081912376
CCAR2,CTNND2,-1.0797102
PCDHGA11,CTNND2,-0.03381057
IGFALS,CTNND2,-0.24927776
EML2,CTNND2,-0.06004845
COL9A1,CTNND2,-0.061014406
DISP3,CTNND2,-0.06355262
CEACAM19,CTNND2,-0.15971681
ALKAL2,CTNND2,-0.07052691
PI4KB,DAAM2,-0.03944776
FPGT,DAAM2,-0.01022115
TBX3,DAAM2,-0.04462242
KIR3DL2,DAAM2,-0.20342158
GDAP1,DAAM2,-0.042988762
RHOU,DAAM2,-0.5793226
KLRF1,DAAM2,-0.07323262
SARM1,DAAM2,-0.031669203
LPCAT1,DAAM2,-1.314614
KAT6A,DAAM2,-0.48454005
LHFPL4,DAAM2,-0.11925933
TAP1,DAAM2,-0.37091225
VPS45,DAAM2,-0.08591239
KIAA0895,DAAM2,-0.06419953
ZC3H14,DAAM2,-0.23480928
ADAR,DAAM2,-0.0030181422
GHRL,DCC,-0.016505545
TXNDC17,DCC,-0.043993272
ZNF559,DCC,-0.0080706775
DDX42,DCC,-0.019640822
SPDYE6,DCC,-0.0040858416
ZNF630,DCC,-0.025683258
AL357556.3,DCC,-0.060968995
ZFX,DCC,-0.12533517
C1QTNF2,DCC,-0.16000906
ADSS1,DCC,-0.08785032
CCL11,DCC,-0.19887856
ANXA5,DCC,-0.05588213
POLR2K,DCC,-0.04928062
AKR1C3,DCC,-0.49479705
MET,DCC,-0.021414725
FAM153B,DCC,-0.060282182
RDH12,DCC,-0.27619904
PPP1R14D,DCC,-0.17004055
ZNF706,DCC,-0.19363779
ALYREF,DCC,-0.02055734
MAPK8,DCC,-0.027661197
VWDE,DCC,-0.66911376
RNASE7,DCC,-0.08211707
IFI27L1,DCC,-0.027866213
MASP1,DCC,-0.06574135
NECTIN4,DCC,-0.5005863
TTC39A,DCC,-0.1629259
GTF2IRD2,DCC,-0.0045295437
BABAM2,DCC,-0.07034488
CBX8,DCC,-0.054917786
DRAM1,DCHS1,-0.0058187563
H3C13,DCHS1,-0.008610662
ATP6V0D2,DCHS1,-0.054299142
PRR22,DCHS1,-0.03230443
MYLPF,DCHS1,-0.036510915
IDH1,DCHS1,-0.026806595
CCNB1,DCHS1,-0.018703196
ASCC3,DCHS1,-0.036115304
VANGL2,DCHS1,-0.051450126
SP9,DCHS1,-0.028563686
PACRG,DCHS1,-0.5351288
LIPG,DCHS1,-1.1003745
TTLL2,DCHS1,-0.15605597
SMIM32,DCHS1,-0.5164153
TLDC2,DCHS1,-0.9637772
AMH,DCHS1,-0.6205333
ANP32B,DCHS2,-0.024152204
FLACC1,DCHS2,-0.024879519
TRIM22,DCHS2,-0.02583156
MRGPRF,DCHS2,-0.010756357
IL33,DCHS2,-0.09155644
CEP78,DCHS2,-0.044437118
KEL,DCHS2,-0.022502648
IGFBPL1,DCHS2,-0.0459499
CEACAM4,DCHS2,-0.17176664
ARHGAP19,DCHS2,-0.63625795
AFG3L2,DCHS2,-0.047408625
H2BC4,DCHS2,-0.033194195
CHRNA5,DCHS2,-1.0852264
TNMD,DCHS2,-0.09411338
TMPRSS4,DCHS2,-0.057425767
MCU,DCHS2,-0.2542823
USP1,DCHS2,-0.21009584
RAB12,DCHS2,-0.1010808
SAP30,DCHS2,-0.12211643
MPHOSPH9,DCHS2,-0.15359269
LPCAT1,DCHS2,-0.18269295
LEO1,DCHS2,-0.32017028
PTK6,DCHS2,-0.030710423
ANKFY1,DCHS2,-0.084098674
BBS4,DCHS2,-0.110871054
ATG2A,DENND3,-0.0067055933
H2BC17,DENND3,-0.02766865
ELF4,DENND3,-0.261183
RAVER2,DENND3,-0.016976517
GSPT1,DENND3,-0.023439286
FAM118A,DENND3,-0.0074679707
SPDYA,DENND3,-0.028410297
SYAP1,DENND3,-1.6080117
ZNF614,DENND3,-0.013720963
NBPF26,DENND3,-0.23013477
KCNJ3,DENND3,-0.094040364
PGD,DENND3,-0.04992697
INSL4,DENND3,-0.048938934
ATOH1,DENND3,-0.12409443
FUT2,DENND3,-0.38129732
TPO,DENND3,-0.11820642
ZC3H14,DENND3,-0.8198979
MPZL3,DENND3,-0.055217385
GORAB,DENND3,-0.09395879
STPG2,DLC1,-0.013051577
EAF2,DLC1,-0.024940094
C4orf48,DLC1,-0.19145183
FCSK,DLC1,-0.1071886
KIT,DLC1,-0.052922565
GTSE1,DLC1,-0.043560788
MOGAT3,DLC1,-0.04336673
TSPAN7,DLC1,-0.24336223
OBSL1,DLC1,-0.032766886
FBXW12,DLC1,-1.0256313
SH3TC1,DLC1,-0.021354206
SHH,DLC1,-0.13712136
PARVB,DLC1,-0.12671416
CD101,DLC1,-0.15188539
ZNF695,DLC1,-0.15120897
SNX8,DLC1,-0.18188857
PHF7,DLC1,-0.7819098
SMC4,DLC1,-0.47959715
YEATS2,DLC1,-0.14750251
STON2,DLC1,-0.051234107
NCR1,DLC1,-0.0622863
TBX15,DMD,-0.025716426
TAS2R5,DMD,-0.026612427
ZSCAN32,DMD,-0.040138375
ZNF226,DMD,-0.021273455
PDE6A,DMD,-0.14078063
JUN,DMD,-0.017021816
MPP7,DMD,-0.049012303
RPA4,DMD,-0.07270581
MTF1,DMD,-0.024264872
BAIAP2L2,DMD,-0.10479594
DAPK2,DMD,-0.025628816
HRCT1,DMD,-0.014021342
BHLHE40,DMD,-0.10171167
OCLN,DMD,-0.12964068
PITPNA,DMD,-0.0013432794
TRIR,DMD,0.0007791776
ACP1,DMD,-0.008028935
COPS9,DMD,-0.075629
ZNF324B,DMD,-0.098732576
CCDC9B,DMD,-0.25030345
C1orf189,DMD,-0.2870153
U2AF1,DMD,-0.1328331
OASL,DMD,-0.0120643005
LTB4R2,DMD,-0.06307944
PPARD,DMD,-0.0071280003
ZFP36,DMD,-0.4591195
ATP6V0E1,DMD,-0.06935226
H3C14,DMD,-0.44787636
KRT19,DMD,-0.07332954
CEACAM1,DMD,-0.19285034
PSMB6,DMD,-0.038068756
OAZ1,DMD,-0.67276067
SNRPB,DMD,-0.05943137
TSC2,DMXL1,-0.040655565
JCAD,DMXL1,-0.023437658
AC072022.2,DMXL1,-0.043222044
LGI2,DMXL1,-0.023161894
NCMAP,DMXL1,-0.10987814
RSPH10B2,DMXL1,-0.0156235285
DTX3L,DMXL1,-0.047344193
BTBD16,DMXL1,-0.035543535
LRRC57,DMXL1,-0.016530013
LIN7C,DMXL1,-0.029387178
TMEM131,DMXL1,-0.081931844
GNLY,DMXL1,-0.11689435
CBLIF,DMXL1,-0.06837172
PPP1R3F,DMXL1,-0.05899313
ANKFY1,DMXL1,-1.1067182
PIGN,DMXL1,-0.1356733
MAPK1,DMXL1,-0.418127
TAP2,DMXL1,-0.039878424
SLC12A8,DMXL1,-0.22258618
ME1,DMXL1,-0.50230163
HYOU1,DMXL1,-0.16860533
NEMP1,DMXL1,-0.1651692
RIC8B,DMXL1,-0.544263
CSPG5,DMXL1,-0.10421443
FAM162A,DNAH14,-0.034378506
AGFG1,DNAH14,-0.09776304
ZNF296,DNAH14,-0.039738912
PHKG2,DNAH14,-0.019722903
CHAC1,DNAH14,-0.0014470939
WDR90,DNAH14,-0.080779366
GLYATL1,DNAH14,-0.25928047
CEP152,DNAH14,-0.082727976
ANGPT2,DNAH14,-0.1560306
RSPH9,DNAH14,-0.059007578
MRPL13,DNAH14,-0.16771641
ANKRD13B,DNAH14,-0.4760765
CAMK2N1,DNAH14,-0.03721159
CDK5R1,DNAH14,-0.764232
SLC45A4,DNAH14,-0.09029237
TFF3,DNAH14,-0.17050016
PSMD2,DNAH14,-0.014055714
PDZK1IP1,DNAH14,-0.22676389
HROB,DNAH14,-0.38260704
BEST4,DNAH14,-0.09125638
ARHGAP11B,DNAH14,-0.09075032
ADPGK,DNAH14,-0.3691692
NUCB1,DNAH17,-0.00943382
ZNF835,DNAH17,-0.037327856
USH1C,DNAH17,-0.017234629
CYP17A1,DNAH17,-0.010396163
ARF3,DNAH17,-0.017635806
ACOXL,DNAH17,-0.2401117
PAAF1,DNAH17,-0.015995504
USP28,DNAH17,-0.083106905
EPN2,DNAH17,-0.0322992
TPH2,DNAH17,-0.031557474
RNF227,DNAH17,-0.05691981
CD163L1,DNAH17,-0.026364898
SHLD3,DNAH17,-0.05032152
RBP4,DNAH17,-0.034343462
SLC39A4,DNAH17,-0.021093216
GFRA3,DNAH17,-0.1021688
RIDA,DNAH17,-0.172151
AL357556.3,DNAH17,-1.2905538
YJEFN3,DNAH17,-0.06825523
SFTA2,DNAH17,-0.06531952
STARD4,DNAH17,-0.056858446
ERLIN2,DNAH17,-0.08931302
KCNQ2,DNAH17,-0.057296563
ABHD11,DNAH17,-0.07617269
ACBD5,DNAH17,-0.060296603
LANCL2,DNAH17,-0.06620333
NPSR1,DNAH17,-0.082772434
SUGCT,DNAH17,4.1891617e-05
ACSM4,DNAH17,-0.026118454
SLC20A2,DNAH17,-0.053147
UCHL3,DNAH17,-0.20122443
DNAJC30,DNAH17,-0.09285322
GNG3,DNAH17,-0.11852206
CEBPB,DNAH17,-0.115223885
MALRD1,DNAH17,-0.11047245
ARL4A,DNAH17,-0.1249867
STPG1,DNAH17,-0.061045855
PLA2G2A,DNAH17,-0.0028881633
H2BC4,DNAH17,-0.039473332
SLC10A1,DNAH2,-0.023408873
MT-CO3,DNAH2,-0.40250984
SH2D1A,DNAH2,-0.034164984
ARSG,DNAH2,-0.025386961
NID1,DNAH2,-0.07859266
ULK2,DNAH2,-0.040005557
AC093512.2,DNAH2,-0.01359538
ITGAD,DNAH2,-0.75585216
PFN4,DNAH2,-0.23587511
SEC24D,DNAH2,-0.40810153
TTC29,DNAH2,-0.22971721
RPS6KA6,DNAH2,-0.051841237
KLHL28,DNAH2,-0.11915633
BCL2L2-PABPN1,DNAH2,-0.8708947
DCK,DNAH2,-0.1288217
DAPL1,DNAH2,-0.08602104
ELOVL3,DNAH2,-0.05729389
ARHGEF40,DNAH2,-0.11232548
KIR3DL3,DNAH2,-0.28441545
ENDOU,DNAH6,-0.04238666
CSDE1,DNAH6,-0.045380566
DTWD1,DNAH6,-0.034245458
ARHGAP42,DNAH6,-0.035538543
GDAP1,DNAH6,-0.13791199
TMEM158,DNAH6,-0.44784826
OTOP1,DNAH6,-0.24626514
PEX11G,DNAH6,-0.10142031
TM9SF1,DNAH6,-0.28009778
STBD1,DNAH6,-0.12019578
COPS2,DNAH6,-0.8821526
VWDE,DNAH6,-0.10082408
GRIN2D,DNAH6,-0.058085863
ICE1,DNAH6,-0.13639462
RPE,DNAH6,-0.69066113
MT-CO1,DNAH6,-0.10689784
SLC35E4,DNAH6,-0.3466485
JRK,DNAH6,-0.042293068
ADAMTS16,DNAH8,-0.017840954
CWC25,DNAH8,-0.111874
PPIC,DNAH8,-0.018959742
SLC6A12,DNAH8,-0.020277213
HK2,DNAH8,-0.5058143
ODR4,DNAH8,-0.01959428
GRIA3,DNAH8,-0.025963672
FLACC1,DNAH8,-0.047498353
F7,DNAH8,-0.07025132
DMRTA2,DNAH8,-0.07382303
P4HA1,DNAH8,-0.16675681
CD207,DNAH8,-0.024529595
DEPDC5,DNAH8,-0.0060556065
ALDOC,DNAH8,-1.8873214
ALDH18A1,DNAH8,-0.06807211
EYA1,DNAH8,-0.06967224
KDM3A,DNAH8,-0.116970874
HMGN5,DNAH8,-0.1895797
USP43,DNAH8,-0.27995622
EGLN3,DNAH8,-0.10660724
AZIN2,DNAH8,-0.082231656
ZNF670,DNAH9,-0.037682083
GCH1,DNAH9,-1.2816111
ECHS1,DNAH9,-0.03741941
HRH2,DNAH9,-0.042430807
SYT8,DNAH9,-0.053559307
PPP1R2,DNAH9,-0.036205247
C12orf75,DNAH9,-0.27216902
SLC30A3,DNAH9,-0.12038742
HMGCS1,DNAH9,-0.024540007
NFATC2IP,DNAH9,-0.26346534
VSTM1,DNAH9,-1.0517354
B9D2,DNAH9,-0.04362206
AGPAT2,DNAH9,-0.09051478
UXS1,DNAH9,-0.11565922
PPP1R9A,DNAH9,-0.29559648
TUBA4A,DNAH9,-0.10279469
FBXO43,DNHD1,-0.72387016
TRPV6,DNHD1,-0.19145694
SNTN,DNHD1,-0.13392703
DHRS12,DNHD1,-0.26998457
LY6G6D,DNHD1,-0.34968415
DNAAF3,DNHD1,-0.37950286
ZP2,DNHD1,-0.14856565
SMIM32,DNHD1,-0.17448887
EXOC4,DNHD1,-0.03892121
XPNPEP2,DNHD1,-0.3529462
C18orf25,DNHD1,-1.2111444
CDH4,DOCK10,-0.021120965
DSC2,DOCK10,-0.047387075
FASLG,DOCK10,-0.01961274
L1TD1,DOCK10,-0.61081815
PRKACA,DOCK10,-0.03360433
LSAMP,DOCK10,-0.014615063
THAP5,DOCK10,-0.048965946
NANP,DOCK10,-0.031101504
SLC17A5,DOCK10,-2.0279198
GDNF,DOCK10,-0.06985578
HDDC2,DOCK10,-0.094347194
RMI1,DOCK10,-0.03904064
DBNDD2,DOCK10,-0.037593376
SPRR2D,DOCK10,-0.23053625
CYB5R4,DOCK10,-0.10084864
TSPAN11,DOCK10,-0.11498118
GDAP1L1,DOCK10,-0.089609586
DSC3,DOCK10,-0.2707321
PGM3,DOCK10,-0.068333365
SYT13,DOCK2,-0.02321017
SHH,DOCK2,-0.054541644
KDELR3,DOCK2,-0.0052073486
ARNTL2,DOCK2,-0.0004260999
MRTFB,DOCK2,-0.02613553
SAE1,DOCK2,-0.030092817
PIKFYVE,DOCK2,-0.10321003
PLGRKT,DOCK2,-0.030048173
APOBEC1,DOCK2,-0.036558248
PCDHGA1,DOCK2,-0.025126597
RAB3GAP2,DOCK2,-0.038886335
SCUBE1,DOCK2,-0.14720197
DBNDD2,DOCK2,-0.1324515
FLT1,DOCK2,-0.3218485
DUOX2,DOCK2,-0.1837624
IVNS1ABP,DOCK2,-0.9324434
MREG,DOCK2,-0.5707446
SIX1,DOCK2,-0.77391386
PI3,DOCK2,-0.13357584
BMP5,DOCK2,-0.121615484
C1orf54,DOCK2,-0.054473344
ZFHX2,DOCK2,-0.21934706
IARS2,DOCK2,-0.11776641
NEURL1,DOCK2,-0.061499443
C19orf53,DOCK3,-0.0028598518
RELN,DOCK3,-0.018313186
TANC2,DOCK3,0.004350834
NUTM1,DOCK3,-0.008847367
EHD3,DOCK3,-0.012059104
SMO,DOCK3,-0.028561622
PSPN,DOCK3,-1.2636701
PLCB3,DOCK3,-0.4131975
SIX5,DOCK3,-1.034742
KLC2,DOCK3,-0.21857676
PRDM13,DOCK3,-0.116449594
AFAP1L2,DOCK3,-0.025771199
WIPI1,DOCK3,-0.10633461
TRABD,DOCK3,-0.49009916
TRAPPC5,DOCK3,-0.103743024
DGLUCY,DOCK3,-0.18237618
TMPRSS3,DOCK3,-0.16867708
STAG1,DOCK4,-0.034867283
CDC34,DOCK4,-0.02917712
THAP4,DOCK4,-0.084457666
SYT7,DOCK4,-0.041375447
C11orf21,DOCK4,-0.11796631
WNT5A,DOCK4,-0.59192216
UCHL1,DOCK4,-0.106954254
SCAMP5,DOCK4,-0.035543695
SPR,DOCK4,-0.22606085
ABCG5,DOCK4,-0.049675208
CD44,DOCK4,-0.083626464
TACC2,DOCK4,-0.10299984
C8orf58,DOCK4,-0.48954225
DNAAF4,DOCK4,-0.051504463
ARHGAP12,DOCK4,-0.081276156
ABCG8,DOCK4,-0.075120606
CRYBB1,DOCK4,-0.048325844
WDR82,DOCK4,-0.0766137
MRPL40,DOCK4,-0.0038292792
CILP2,DOCK4,-0.14895204
APOL1,DOCK4,-0.094482146
PRTG,DOCK4,-0.33334976
WHRN,DOCK4,-0.91503966
MIS18BP1,DOCK5,-0.026370205
SENP3-EIF4A1,DOCK5,-0.05017869
NMRAL1,DOCK5,-0.009915696
EN2,DOCK5,-0.046192504
NCAPG2,DOCK5,-0.021144079
DNAJC16,DOCK5,-0.14924075
PLEKHF2,DOCK5,-0.04036481
MOGAT3,DOCK5,-0.04487309
ALOX15,DOCK5,-0.23027663
RASL10A,DOCK5,-0.025897607
HYOU1,DOCK5,-0.2678445
SEC16A,DOCK5,-0.15466008
MMP24OS,DOCK5,-0.1665704
COLGALT2,DOCK5,-0.5507973
ELOVL7,DOCK5,-0.1674433
ARHGEF40,DOCK5,-0.1483764
TMEM176B,DOCK5,-0.13270175
PPP1R14D,DOCK5,-0.98528475
DDIAS,DOCK5,-0.057739943
CLDN3,DOCK5,-0.12639758
CLDN4,DOCK5,-0.19045658
RPS6KA6,DOCK5,-0.27772245
FBXO43,DOCK5,-0.1011815
C1D,DPP10,-0.022425933
MAPK8IP3,DPP10,-0.20016353
FAM111A,DPP10,-0.02992654
GRID2IP,DPP10,-0.017234074
HIBCH,DPP10,-0.030571844
DHRS4L2,DPP10,-0.17058866
CLDN3,DPP10,-0.16865006
INSL6,DPP10,-0.073823266
HTR3A,DPP10,-0.13024826
PAQR6,DPP10,-0.23379958
BAAT,DPP10,-0.10823457
TMEM14B,DPP10,-0.098031975
GPATCH2,DPP10,-0.10973959
AL049697.1,DPP10,-1.2363933
TMEM68,DPP10,-0.06940649
GATAD2B,DPP10,-0.35668784
TMEM60,DPP10,-0.17661142
ETV3,DPP10,-0.020251064
ABHD12B,DPP10,-0.06977348
ATRAID,DPP10,-0.22219644
TCEA2,DSEL,-0.014803727
GJC1,DSEL,-0.0077754348
PAICS,DSEL,-0.015220653
ZNF451,DSEL,-0.014041055
PBXIP1,DSEL,-0.022358032
GPRC5C,DSEL,-0.062238716
PPIC,DSEL,-0.4145339
ERVV-2,DSEL,-0.05107476
TKTL1,DSEL,-0.058844242
CFAP92,DSEL,-0.029450683
C12orf60,DSEL,-0.09858719
CNDP1,DSEL,-0.20627868
NR6A1,DSEL,-0.08567844
MUC12,DSEL,-0.03806374
CXCL11,DSEL,-0.09298138
OR2I1P,DSEL,-0.09278265
SPEG,DSEL,-0.060540203
CRTAM,DSEL,-0.47756168
GLS,DSEL,-0.049240593
LILRB5,DSEL,-0.4751655
BMP2K,DSEL,-0.13205746
CD300LB,DSEL,-0.076665
PPP3CC,DSEL,-0.067534946
MPL,DSEL,-0.0651158
AL021997.2,DSEL,-0.08127961
EFHD2,DSEL,-0.13960795
IDO1,DSEL,-0.07452143
CD58,DSEL,-0.056641437
CD44,DSEL,-0.5621884
CHCHD6,DYNC1H1,-0.035568833
ARRDC1,DYNC1H1,-0.041635916
SLC20A2,DYNC1H1,-1.6062822
MSH3,DYNC1H1,-0.6700056
C8orf48,DYNC1H1,-0.04475558
CENPBD1,DYNC1H1,-0.06279006
HSD17B12,DYNC1H1,-0.119417466
CDC25C,DYNC1H1,-0.17136532
GDPGP1,DYNC1H1,-0.023048662
ADAP1,DYNC1H1,-0.57662463
ACSF3,DYNC1H1,-0.104800686
SMAD5,DYNC1H1,-0.11072697
TWF1,DYNC1H1,-0.104777865
BAIAP2L1,DYNC1H1,-0.067573644
GAS2L3,DYNC1H1,-0.17406565
PTPRT,DYNC2H1,-0.019584922
TACC3,DYNC2H1,-0.025758184
EN2,DYNC2H1,-0.03432516
LRRC66,DYNC2H1,-0.022402566
SELENOW,DYNC2H1,-0.020077039
DPY19L2,DYNC2H1,-0.020746648
SHC2,DYNC2H1,-0.035336252
SLC7A10,DYNC2H1,-0.058410328
PRKAG2,DYNC2H1,-0.083373845
RAP2C,DYNC2H1,-0.020794353
SLC27A6,DYNC2H1,-0.016506629
AKNAD1,DYNC2H1,-0.548122
C6orf226,DYNC2H1,-0.040728655
PEX11G,DYNC2H1,-0.023551555
CASP5,DYNC2H1,-0.031830985
GCNT3,DYNC2H1,-0.21012996
LYZ,DYNC2H1,-0.12623814
NFU1,DYNC2H1,-0.23775524
CA8,DYNC2H1,-0.14422968
SRGAP2,DYNC2H1,-0.06900962
SNAP23,DYNC2H1,-0.13295516
TYMS,DYNC2H1,-0.06579847
REPS1,DYNC2H1,-0.032172404
MISP3,DYNC2H1,-0.15546994
GPR15,DYNC2H1,-0.0725009
PRR15,DYNC2H1,-0.19480127
MISP,DYNC2H1,-0.0036897282
TM7SF3,DYNC2H1,-0.05958564
TTC13,DYNC2H1,-0.10685275
PRH1,DYNC2H1,-0.12334325
CCDC68,DYNC2H1,-0.218857
REV1,DYNC2H1,-0.29102823
NUP58,DYNC2H1,-0.07304542
GRPR,DYNC2H1,-0.1521306
LHFPL4,DYNC2H1,-0.12536266
PRKG1,EFCAB6,-0.033301666
SIRPG,EFCAB6,-0.032269455
EFNB2,EFCAB6,-0.48022646
DAAM1,EFCAB6,-0.028999602
ZNF891,EFCAB6,-0.2229112
TLE2,EFCAB6,-0.43670005
CDC37L1,EFCAB6,-0.03341839
CHADL,EFCAB6,-0.017088836
GSTM2,EFCAB6,-0.08999546
SLC51B,EFCAB6,-0.2692265
IMPDH2,EFCAB6,-0.4071814
GPBP1L1,EFCAB6,-0.29109454
AZI2,EFCAB6,-1.0065876
NFATC2IP,EFCAB6,-0.014357113
SCNN1G,EFCAB6,-0.12492305
DLL3,EFCAB6,-0.063528456
LYPLA1,EFCAB6,-0.04942176
POGLUT3,EFCAB6,-0.09197259
CLDN23,EFCAB6,-0.09642585
SLC12A8,EFCAB6,-0.10985614
FCER2,EML6,-0.17501764
CLDN14,EML6,-0.16110207
VPS35L,EML6,-0.042585604
MS4A1,EML6,-0.036351185
PWP2,EML6,-0.06506415
REEP5,EML6,-0.09525325
EFHC1,EML6,-0.035580277
HMGCLL1,EML6,-0.11750572
DHRS2,EML6,-0.07549728
MORN4,EML6,-0.78749955
VIL1,EML6,-0.027949072
HERC5,EML6,-0.060975596
COL4A6,EML6,-0.08409544
TTLL2,EML6,-0.08433305
IQCN,EML6,-0.21629557
WNT7B,EML6,-0.08752912
CSF1R,EML6,-0.0027556093
KIAA2012,EML6,-0.43553022
ZFAND3,EML6,-0.46533716
THEM5,EML6,-0.0139318975
PURA,EML6,-0.7424868
AMIGO1,EP400,-0.27361915
ARHGAP12,EP400,0.0032772117
UGT2B17,EP400,-0.04364728
TAOK2,EP400,-0.050808392
GOLGA5,EP400,-2.1881793
HMOX1,EP400,-0.10661523
TCHH,EP400,-0.08055528
SLC9C1,EP400,-0.05475113
TDRD12,EP400,-0.13754845
SIX1,EP400,-0.07624091
SERPINB5,EP400,-0.21131971
MALRD1,EP400,-0.08822195
RFWD3,EP400,-0.026980137
FHDC1,EP400,-0.35204256
PRR9,EP400,-0.131437
FRMPD1,EP400,-0.09880292
BCAS4,EPC2,-0.013460516
COL4A5,EPC2,-0.038268954
UQCRB,EPC2,-0.03161936
HLA-DMA,EPC2,-0.50748354
FAM151B,EPC2,-0.038443238
CD101,EPC2,-0.031441636
RAD51AP2,EPC2,-0.12602003
BRSK2,EPC2,-0.12013615
TCIRG1,EPC2,-0.03572676
PRSS27,EPC2,-0.22666734
NPY4R,EPC2,-0.061505143
NFU1,EPC2,-0.30885088
GALNT7,EPC2,-0.2782042
PANX2,EPC2,-0.3191939
LRRN1,EPC2,-0.20874949
CCDC18,EPC2,-0.9062124
CC2D1A,EPC2,-0.036594395
TCTEX1D2,EPC2,-0.5354546
MGLL,EPC2,-0.09782498
PRDX6,EPHA6,-0.007016525
KLRC2,EPHA6,-0.013653767
KLKB1,EPHA6,-0.013988222
RILPL1,EPHA6,-0.030361205
CRY2,EPHA6,-0.0025235012
EXOC5,EPHA6,-0.028579915
KLHL11,EPHA6,-0.9856973
AL021997.2,EPHA6,-0.11478203
SLC35D2,EPHA6,-0.8676097
STK40,EPHA6,-0.03554864
KIR2DL3,EPHA6,-0.38711938
BCL2,EPHA6,-0.16456088
SPAG6,EPHA6,-0.03134609
ATF6B,EPHA6,-0.17265677
KIR2DL1,EPHA6,-0.9806839
SENP3-EIF4A1,EPHA6,-0.2690048
RNASEH2A,EPHA6,-0.12441951
PTRH1,EPHB1,-0.03766716
ETV7,EPHB1,-0.04338912
MRPS34,EPHB1,-0.026945991
TAS2R31,EPHB1,-0.20176879
PMM1,EPHB1,-0.0019146844
NAGLU,EPHB1,-0.05514908
ATP6V1F,EPHB1,-0.10330482
ABLIM2,EPHB1,-0.082803056
RNF157,EPHB1,-0.9362502
SPTB,EPHB1,-0.0335931
GFI1B,EPHB1,-0.00250501
RAB5IF,EPHB1,-0.077248916
CRYBG2,EPHB1,-0.17714502
PQBP1,EPHB1,-0.0743551
DHX32,EPHB1,-0.087100305
TMEM229B,EPHB1,-0.04572167
TST,EPHB1,-1.785171
GSS,EPHB1,-0.07555537
TEX101,ERBB4,-0.018401885
SLC44A2,ERBB4,-0.0038628143
GDF9,ERBB4,-0.039902527
CSRNP3,ERBB4,-0.014348242
PGLYRP2,ERBB4,-0.04368667
TMEM87B,ERBB4,-0.11753156
RGS10,ERBB4,-0.028238943
DGKQ,ERBB4,-0.013267371
TMEM37,ERBB4,-0.020298172
ALDOC,ERBB4,-0.014581579
RNF149,ERBB4,-0.025019964
P4HTM,ERBB4,-0.10953145
IRF2BP1,ERBB4,-0.4180231
MYORG,ERBB4,-0.08050584
TXNIP,ERBB4,-0.05262919
IFT20,ERBB4,-0.7727535
FAM126B,ERBB4,-0.05128588
TMBIM1,ERBB4,-0.08693297
APOBEC1,ERBB4,-0.063126534
TMDD1,ERBB4,-0.04460063
RHBDD1,ERBB4,-0.09801256
NME3,ERBB4,-0.054247554
KPTN,ERBB4,-0.055871844
RPLP1,ERBB4,-0.031237567
POLR3F,ERBB4,-0.042724896
LYPLA1,ERBB4,-0.047581196
TNFRSF13C,ERBB4,-0.45751742
NUDT3,ERBB4,-0.19945946
MXD4,ERBB4,-0.0637694
IKBKE,ERBB4,-0.0033451144
TSKS,ERBB4,-0.23953772
QRFPR,ERBB4,-0.061889913
COQ7,ERBB4,-0.04356351
RPL12,ERBB4,-0.041991703
MT2A,ERBB4,-0.09715668
CA8,ERCC6L2,-0.01862026
ARSD,ERCC6L2,-0.05194841
ITPR2,ERCC6L2,-0.014294136
METTL7A,ERCC6L2,-0.26584464
TOMM70,ERCC6L2,-0.023392595
C9orf116,ERCC6L2,-0.046042893
CIP2A,ERCC6L2,-0.09287602
TRIP13,ERCC6L2,-0.13091637
PYROXD2,ERCC6L2,-0.46461922
LRRN1,ERCC6L2,-1.0821187
LRRC57,ERCC6L2,-0.056721974
CPOX,ERCC6L2,-0.062682495
PFKFB4,ERCC6L2,-0.7709233
CHMP3,ERCC6L2,-0.31991097
SNX13,ERCC6L2,-0.102151945
RNASEH2A,ERCC6L2,-0.099596426
POLQ,ERCC6L2,-0.23426904
NEU1,ESR1,-0.03370403
GABRE,ESR1,-0.028063295
CDHR5,ESR1,-0.023387864
ZC3H12B,ESR1,-0.023296501
BOLA2B,ESR1,-0.0040896516
BMP6,ESR1,-0.24557082
KCTD18,ESR1,-0.02983695
TCP10L2,ESR1,-0.13334343
PRSS3,ESR1,-0.19784838
N4BP2,ESR1,-0.03773431
DPF1,ESR1,-0.060221255
USP13,ESR1,-1.0679364
RNF170,ESR1,-0.11150075
VPS53,ESR1,-0.31259853
STRN3,ESR1,-0.15954597
ASPHD2,ESR1,-1.2770381
TAX1BP1,ESR1,-0.05449246
ARSB,ESR1,-0.09951906
INPP4B,ESR1,-0.0987133
TSGA10IP,FAM135B,-0.23318774
ENOPH1,FAM135B,-0.052703872
TNFRSF11B,FAM135B,-0.10232546
CP,FAM135B,-0.036705118
PRSS22,FAM135B,-0.049796212
PCDHGA5,FAM135B,-0.027117787
ACSM1,FAM135B,-0.06164097
JRKL,FAM135B,-0.09183105
VPS54,FAM135B,-0.20893213
CFAP251,FAM135B,-0.13493082
UBALD2,FAM135B,-0.04082949
UQCC2,FAM135B,-0.107188545
ZNF610,FAM135B,-0.058241434
TIMM23B,FAM135B,-0.063824885
FAM167A,FAM135B,-0.19246551
MOB1B,FAM135B,-0.09137306
MFSD8,FAM135B,-0.08301073
RGPD3,FAM135B,-1.3552262
TMEM170B,FAM135B,-0.07138133
ATP8B1,FAM135B,-0.06848748
ZC3H13,FAM135B,-0.06777431
CCND3,FAM135B,-0.2855228
TAS2R60,FAM135B,-0.18791802
ARRDC5,FAM135B,-0.04680623
CD46,FASN,-0.028695315
BATF3,FASN,-0.036663838
SPOPL,FASN,-0.036534935
SLC12A8,FASN,-0.031505667
HACL1,FASN,-0.04600476
ABCB1,FASN,-0.28526378
BUD23,FASN,-0.25839803
RASSF6,FASN,-0.03783384
PAFAH2,FASN,-0.07034864
CST6,FASN,-0.18669607
RAB15,FASN,-0.099210136
WWC1,FASN,-0.1365496
TONSL,FASN,-0.10284482
AK4,FASN,-0.45677456
SETD9,FASN,-0.30780905
FCER1A,FASN,-0.056081478
DNAJC2,FASN,-0.6867307
TFG,FASN,-0.11417025
IL23A,FASN,-0.094281845
NCKAP5,FASN,-0.04608715
HSF1,FASN,-0.6782501
TYR,FASN,-0.14041393
MBLAC1,FAT1,-0.09700979
EFR3B,FAT1,-0.017341522
AP3S2,FAT1,-0.026127314
EVA1A,FAT1,-0.20376052
LRRC75B,FAT1,-0.1783552
LAPTM4B,FAT1,-0.0348717
CELSR3,FAT1,-0.044806466
SURF1,FAT1,-0.13776915
KLF5,FAT1,-0.033134975
TYMS,FAT1,-0.3450032
KLHL17,FAT1,-0.015061068
RAB15,FAT1,-0.013853864
REEP4,FAT1,-0.12178673
TEX12,FAT1,-0.15168455
KPNA7,FAT1,-0.12438134
CCDC136,FAT1,-0.020359538
VWC2,FAT1,-0.072736524
PLIN2,FAT1,-0.047718342
GTF2H2,FAT1,-0.028105402
LIN28A,FAT1,-0.99230516
ZNF682,FAT1,-0.1161176
ARRDC1,FAT1,-0.05819944
KBTBD11,FAT1,-0.091388546
UNC5CL,FAT1,-0.01668861
ESCO1,FAT1,-0.3432722
NXF3,FAT1,-0.13223565
SLC44A1,FAT1,-0.14288701
RGS9,FAT1,-0.0029339907
H1-0,FAT1,-0.064568445
RCCD1,FAT1,-0.038149484
TM2D3,FAT1,-0.07044229
FDXACB1,FAT1,-0.0026406941
HEXIM1,FAT1,-0.010928909
FRA10AC1,FAT1,-0.05904422
SULT1A3,FAT4,0.0007203374
TREML1,FAT4,-0.05508818
FAM135B,FAT4,-0.03900578
H3C3,FAT4,-0.0075306967
GPSM2,FAT4,-0.0014198944
TTC39B,FAT4,-0.042304117
NXNL2,FAT4,-0.013794111
CHORDC1,FAT4,-0.07132351
XDH,FAT4,-0.018510714
VWA5B2,FAT4,-0.024576245
CEP152,FAT4,-0.031758428
PRR18,FAT4,-0.113820076
P2RY2,FAT4,-0.007247778
BRWD3,FAT4,-0.019265935
POU3F1,FAT4,-0.0133104315
PFN2,FAT4,-0.12620124
NPEPPS,FAT4,-0.041183054
TMEM40,FAT4,-0.028718205
PEX7,FAT4,-0.015990391
TG,FAT4,-0.0301276
SPATA25,FAT4,-0.03726104
RPS26,FAT4,-0.043898195
COL2A1,FAT4,-0.021976894
MEMO1,FAT4,-0.01969955
SLC25A31,FAT4,-0.027069835
CTSV,FAT4,-0.25953472
CLDN23,FAT4,-0.0020480957
CFAP91,FAT4,-0.09785182
GTF2H1,FAT4,-0.017710082
FAM3D,FAT4,-0.03706883
ZNF286A,FAT4,-0.057903267
KIF21B,FAT4,-0.29141745
PSMC5,FAT4,-0.038417157
FSD2,FAT4,-0.07287326
TRIB1,FAT4,-0.5755714
TAF3,FAT4,-0.1400472
HSPA1B,FAT4,-0.030956255
RDH16,FAT4,-0.323399
AL049844.1,FAT4,-0.0299295
NAXE,FAT4,-0.055349458
CCDC163,FAT4,-0.030817304
PYY,FAT4,-0.0017918454
KDM3A,FAT4,-0.022533258
ATL2,FBN1,-0.043703124
C9orf16,FBN1,-0.015788088
LST1,FBN1,-0.07467654
NPAS2,FBN1,-0.52838534
ARHGEF28,FBN1,-0.03240272
APOBEC3B,FBN1,-0.10124321
B9D1,FBN1,-0.04720456
GLTP,FBN1,-0.030155776
TMEM18,FBN1,-1.1481143
TXNL4B,FBN1,-0.096367374
VASH2,FBN1,-0.04037054
CD200R1,FBN1,-0.09615298
RPL37,FBN1,-0.11520227
FOLR3,FBN1,-0.066741034
IFT43,FBN1,-0.12859923
RUBCNL,FBN1,-0.04376188
SHANK2,FBN1,-0.4727767
OSTC,FBN1,-0.52100486
HLA-G,FBN1,-0.26390147
FAU,FBN1,-0.102598354
PKD1L1,FBN3,-0.02054181
CCNJ,FBN3,-0.017624862
USP43,FBN3,-0.08979436
ACTL6B,FBN3,-0.05069658
CYB5D2,FBN3,-0.08132257
HMGCS1,FBN3,-0.030023484
METTL5,FBN3,-0.12637123
ABHD12B,FBN3,-0.34630263
HOXA1,FBN3,-1.0179486
MGAT5,FBN3,-0.048913117
FAM81A,FBN3,-0.10181481
KLHL30,FBN3,-0.07351578
C1orf127,FBN3,-0.1945243
PCBP3,FBN3,-0.10875044
APCDD1,FBN3,-0.06096601
FGFBP1,FBN3,-1.3830757
INPP5D,FBXW7,-0.0029123744
TMEM164,FBXW7,-0.019637084
ARHGAP44,FBXW7,-0.031943902
CCN3,FBXW7,-0.0448542
FAM133B,FBXW7,-0.04221148
APBA1,FBXW7,-0.012741737
GPAM,FBXW7,-0.03894848
TMEM185B,FBXW7,-0.059256636
IGF2BP2,FBXW7,-0.04178283
H2AC20,FBXW7,-0.037514005
NUGGC,FBXW7,-0.011108146
GGT6,FBXW7,-0.061965816
ZBTB7C,FBXW7,-0.008523171
SPIRE2,FBXW7,-0.051435404
CCDC167,FBXW7,-0.006582648
ZSCAN32,FBXW7,-0.063996054
FOXN1,FBXW7,-0.05695493
CARD8,FBXW7,-0.07500129
FMO5,FBXW7,-0.17291366
ARHGEF35,FBXW7,-0.11175712
SERPINB1,FBXW7,-0.16683847
PLA2G10,FBXW7,-0.5515281
PDZK1IP1,FBXW7,-0.075813465
ABAT,FBXW7,-0.052973162
PNPLA3,FBXW7,-0.1581233
MTHFD2,FBXW7,-0.0893686
MED14,FBXW7,-0.00046971312
STRAP,FBXW7,-0.043691445
PDIA4,FBXW7,-0.057327818
FAM155B,FBXW7,-0.03392424
GLB1L2,FBXW7,-0.16673394
SIDT2,FBXW7,-0.015889341
G2E3,FBXW7,-0.034560367
NEDD4L,FBXW7,-0.045812827
ZDHHC2,FBXW7,-0.031726867
EIF4EBP3,FBXW7,-0.0343739
ZNF423,FBXW7,-0.070576295
P4HA1,FBXW7,-0.045375507
NEU4,FBXW7,-0.02841888
TFRC,FBXW7,-0.03934226
MTIF2,FBXW7,-0.028402422
ATP2C2,FBXW7,-0.038630296
PTP4A3,FBXW7,-0.03472675
PON3,FBXW7,-0.0455208
SMS,FBXW7,-0.04082517
CALM1,FGA,-0.023692532
SYTL4,FGA,-0.01646763
FAM71F1,FGA,-0.04308541
GZMK,FGA,-0.08348777
CNTNAP2,FGA,-0.68068004
TTC30A,FGA,-0.034144774
BLNK,FGA,-0.032092795
OR2B6,FGA,-0.28083482
LRRIQ1,FGA,-0.035075374
KRTAP4-1,FGA,-0.10291476
NDC80,FGA,-1.1179605
HSD17B12,FGA,-0.09156314
TYMS,FGA,-0.13109262
FHDC1,FGA,-0.048753552
ZNF23,FGA,-0.23613645
RPE,FGA,-0.2956685
FSTL4,FGA,-0.30861026
SNRPD1,FGA,-0.33840606
CAMKV,FGF13,-0.09083212
OMG,FGF13,-0.032169834
ABCF3,FGF13,-0.025207967
SPOCK3,FGF13,-0.034297448
TIGD5,FGF13,-0.22855158
FGF8,FGF13,-0.041149285
AXIN2,FGF13,-0.041997768
TNFAIP8L1,FGF13,-0.07702727
KIF9,FGF13,-0.25087312
CCDC38,FGF13,-0.10857828
WDR4,FGF13,-0.09182392
AQP5,FGF13,-0.07117517
PRR11,FGF13,-0.07526428
ASRGL1,FGF13,-0.57958835
PTGES3L,FGF13,-0.07041979
DQX1,FGF13,-0.07233154
KIR3DL1,FGF13,-0.06762035
ANKRD40CL,FGF13,-0.18089838
TBC1D26,FGF13,-0.60228556
ABCA7,FGF13,-0.05020601
USP5,FGF13,-0.061330736
RASA4,FGF13,-0.07504917
GOLGA7B,FGF13,-0.8293569
CA14,FILIP1,-0.22877115
RXFP1,FILIP1,-0.13418266
CDHR5,FILIP1,-0.44238833
SLC51B,FILIP1,-0.16234168
IGSF9B,FILIP1,-0.16891485
SLC39A6,FILIP1,-0.4455274
AP1S3,FILIP1,-0.14389136
KNG1,FILIP1,-0.3736266
GPRIN1,FILIP1,-0.63925374
TMEM82,FILIP1,-0.76018375
ACOX2,FILIP1,-0.55821383
SSU72,FLG,-0.020478537
CFAP54,FLG,-0.006095815
SHANK1,FLG,-0.021014921
TMEM117,FLG,-0.016612574
TANC2,FLG,-0.15438318
OOSP1,FLG,-0.05857501
FOXA1,FLG,-0.072847046
NARS1,FLG,-0.15133376
PTER,FLG,-0.06832299
TBP,FLG,-0.0021164252
NPHP3,FLG,-0.016442971
WNK1,FLG,-0.03869833
AGPS,FLG,-0.018634496
OR5AS1,FLG,-0.045957014
LRIT3,FLG,-0.015173908
CST7,FLG,-0.060318362
MSRA,FLG,-0.02788909
FSBP,FLG,-0.0463632
RPS26,FLG,-0.05462951
MT1X,FLG,-0.014806398
PMEL,FLG,-0.07306948
CDC37L1,FLG,-0.65518594
MPHOSPH10,FLG,-0.08363472
UBE2E3,FLG,-0.17267945
SF3B2,FLG,-0.003559899
GPAT4,FLG,-0.057313185
SCLT1,FLG,-0.13087963
DBNDD1,FLG,-0.041314863
MUC17,FLG,-0.010563877
HNRNPU,FLG,-0.09066561
MYH6,FLG,-0.029254269
SCAMP1,FLG,-0.016379338
TCF3,FLG,-0.56312317
TSPAN8,FLG,-0.043062337
ACAA2,FLG,-0.010749394
UBXN6,FLG,-0.020735957
ZNF780A,FLG,-0.08234838
IER3IP1,FLG,-0.0435246
C18orf54,FLG,-0.049254008
PKD1L1,FLG,-0.01732445
CASP1,FLG,-0.024557527
VAV1,FLRT2,-0.017273802
DUSP22,FLRT2,-0.007164076
TOGARAM1,FLRT2,-0.02023294
CEP41,FLRT2,-0.018114977
AL139353.1,FLRT2,-0.019013809
BEND5,FLRT2,-0.016520128
XRCC3,FLRT2,-0.025276417
SLC25A26,FLRT2,-0.025911622
SGO2,FLRT2,-0.031454347
ALOX12B,FLRT2,-0.03050907
OIT3,FLRT2,-0.21457858
PTCH2,FLRT2,-0.1393614
PAX7,FLRT2,-0.06699206
EFCAB6,FLRT2,-0.036253918
SLC7A4,FLRT2,-0.76313937
CR589904.2,FLRT2,-0.06806082
KSR1,FLRT2,-0.08579749
CCDC117,FLRT2,-0.29985854
MSI1,FLRT2,-0.07218949
GAREM2,FLRT2,-0.013257129
CDNF,FLRT2,-0.10778583
AOX1,FLRT2,-0.11883637
FN3K,FLRT2,0.0002759844
SDR39U1,FLRT2,-0.045090396
ENPP1,FLRT2,-0.06387834
LDHAL6B,FLRT2,-0.020870842
DYRK4,FLRT2,-0.64097834
SCRN2,FLRT2,-0.17757148
PHYKPL,FLRT2,-0.009711691
SPATA17,FLRT2,-0.19640899
GRIN1,FLRT2,-0.21520582
IL27,FLRT2,-0.05885331
AMT,FLRT2,-0.071406804
RAMACL,FLRT2,-0.06141525
SH2D1B,FNDC1,-0.04619772
ATF3,FNDC1,-0.009408624
TMEM59L,FNDC1,-0.029945174
LRFN4,FNDC1,-0.02355993
FTH1,FNDC1,-0.034312677
SLC12A2,FNDC1,-0.014880754
SCARA5,FNDC1,-0.013696924
MYCBPAP,FNDC1,-0.4195351
HGFAC,FNDC1,-0.07734863
SLC25A30,FNDC1,-0.07539294
MTX3,FNDC1,-0.13849013
NSUN2,FNDC1,-0.053352166
AKAP4,FNDC1,-0.18794078
FBXO10,FNDC1,-0.0403403
SFXN1,FNDC1,-1.2418464
PRF1,FNDC1,-0.024619834
SHISA7,FNDC1,-0.088174194
NLN,FNDC1,-0.15433729
AIM2,FNDC1,-0.06330051
PTPRK,FNDC1,-0.10914463
KCTD9,FNDC1,-0.8736359
MYH8,FNDC1,-0.16221394
AQP12A,FRAS1,-0.05284173
TH,FRAS1,-0.053834777
FOXJ2,FRAS1,-0.09220735
PRMT7,FRAS1,-0.014964853
F7,FRAS1,-0.0907484
H3C2,FRAS1,-0.06292693
VWA5A,FRAS1,-1.1378762
REP15,FRAS1,-0.043904416
SLC9A8,FRAS1,-0.02695726
ST6GALNAC4,FRAS1,-0.2973819
TNNC2,FRAS1,-0.07685709
AKR1C3,FRAS1,-0.09055237
ZNF655,FRAS1,-0.104118414
CSNKA2IP,FRAS1,-0.07529933
PPP1R1B,FRAS1,-0.02967329
YBX3,FRAS1,-0.10638485
MMP10,FRAS1,-0.23623912
SLCO1B3,FRAS1,-1.2037463
TOM1L1,FREM2,-0.03293349
RAPGEF4,FREM2,-0.02760706
STXBP5,FREM2,-0.022758953
PPP6C,FREM2,-0.01244192
C7,FREM2,-0.026468545
RPS6KA6,FREM2,-0.04124785
BCL10,FREM2,-0.060341522
DNAAF4,FREM2,-0.06364324
HADH,FREM2,-0.15363753
ERI1,FREM2,-0.05239466
IGSF23,FREM2,-0.17779149
IGSF10,FREM2,-0.020080926
OGN,FREM2,-0.033226825
DAPK2,FREM2,-0.044586983
LRRC75B,FREM2,-0.08313614
SLC7A6,FREM2,-0.01877937
RAB11FIP1,FREM2,-0.03986756
DEUP1,FREM2,-0.03357902
NLN,FREM2,-0.06462369
ANKS1A,FREM2,-0.052714497
TYW3,FREM2,-0.1699525
RER1,FREM2,-0.06424745
TRPM4,FREM2,-0.013590409
RASAL2,FREM2,-0.06161505
GDAP1,FREM2,-0.002557761
EIF4E,FREM2,-0.4254593
RGS14,FREM2,-0.043431327
IGDCC3,FREM2,-0.053179342
LSM12,FREM2,-0.07715135
MYBL1,FREM2,-0.03505917
IKBKG,FREM2,-0.015577596
SLC7A5,FREM2,-0.028697899
LNP1,FREM2,-0.07252804
TMCO4,FREM2,-0.019864658
GDAP1L1,FREM2,-0.23719043
CYP2J2,FREM2,-0.077633776
DNAJB12,FREM2,-0.09841686
KLRG2,FREM2,-0.031054514
UNC13B,FREM2,-0.055179108
CPLX1,FREM2,-0.021435754
MT2A,FREM2,-0.027339114
TM2D2,FREM2,-0.07954298
TMEM11,FREM2,-0.0043181586
MRO,FREM2,-0.100237295
CYP3A7,FREM2,-0.039106477
PLPBP,FREM2,-0.023954619
HOXA9,FREM2,-0.05986211
UCKL1,FREM2,-0.026802285
PDLIM2,FREM2,-0.006260244
AP5Z1,FREM2,-0.07987597
RWDD4,FREM2,-0.08190951
RAI2,FREM2,-0.07178728
COL8A2,FREM2,-0.0024464244
CEP135,FRMPD1,-0.0528867
C9orf64,FRMPD1,-0.011767631
TMEM59,FRMPD1,-0.041043833
SLC44A1,FRMPD1,-0.21997939
CENPK,FRMPD1,-0.19482967
YES1,FRMPD1,-0.5439995
STBD1,FRMPD1,-0.17940311
PEX11G,FRMPD1,-0.58358455
CKMT2,FRMPD1,-0.24674127
HSD17B12,FRMPD1,-0.07185272
ABITRAM,FRMPD1,-0.033354603
PRR15,FRMPD1,-0.7734301
RABGEF1,FRMPD1,-0.07477384
ACP6,FRMPD1,-0.016407814
APOL1,FRMPD1,-0.014418602
APOBEC4,FRMPD1,-0.03100989
LHFPL4,FRMPD1,-0.1906226
TYMS,FRMPD1,-0.334914
KIF18A,FRMPD1,-0.08057936
WDHD1,FRMPD1,-0.11113566
TP73,GABBR2,-0.03746958
CCDC189,GABBR2,-0.0423288
ZBED6CL,GABBR2,-0.30997205
SSBP2,GABBR2,-0.02739169
METTL7A,GABBR2,-0.061499
COLEC10,GABBR2,-0.81322706
UBL3,GABBR2,-0.0495195
DLX6,GABBR2,-0.084657855
ZNF536,GABBR2,-0.10031525
PBX1,GABBR2,-1.0494369
MS4A15,GABBR2,-0.028950952
ADGRL3,GABBR2,-0.11762954
TTC9B,GABBR2,-0.06571869
WRN,GABBR2,-0.18705042
GTF2H2,GABBR2,-0.08650706
UGGT2,GABBR2,-0.7088506
ZNF678,GABRA5,-0.015145406
TICAM1,GABRA5,-0.024772638
PCP4,GABRA5,-0.5864932
OSBPL8,GABRA5,-0.04217058
TBC1D2,GABRA5,-0.023245648
SIGLEC12,GABRA5,-0.092247985
MS4A15,GABRA5,-0.5507421
DNMT3A,GABRA5,-0.09194658
SFR1,GABRA5,-0.070142485
SULT1C3,GABRA5,-1.0450073
AC092718.8,GABRA5,-0.02989333
SHARPIN,GABRA5,-0.104590364
INTS6,GABRA5,-0.060584906
HOXA10,GABRA5,-0.0980107
SLC20A2,GABRA5,-0.10566831
ARRDC1,GABRA5,-0.8225433
NMRAL1,GLI3,-0.041825112
TMEM253,GLI3,-0.02426099
ALDH1A1,GLI3,-0.086365834
ARMCX2,GLI3,-0.20025532
CCL4L2,GLI3,-0.069225594
SPTBN2,GLI3,-0.026730245
GPRC6A,GLI3,-0.027697893
TPR,GLI3,-0.02112235
PFKFB1,GLI3,-0.01853631
PDIA6,GLI3,-0.1507513
FOS,GLI3,-0.01059981
CENPC,GLI3,-0.0068872487
MSL2,GLI3,-0.042847194
MBP,GLI3,-0.21672429
H4C8,GLI3,-0.65863293
SNX2,GLI3,-0.19937302
MYO3A,GLI3,-0.020970134
AASDHPPT,GLI3,-0.2250428
ZSWIM5,GLI3,-0.05763133
G3BP2,GLI3,-0.33801597
DISP3,GLI3,-0.61245215
ONECUT1,GLI3,-0.3300844
STAMBP,GLI3,-0.012587772
FBXO43,GLI3,-0.06657399
TRMT1L,GLI3,-0.07305355
KCNA6,GLI3,-0.0019298991
CACNB1,GLI3,-0.052431434
GNGT1,GLI3,-0.09692769
RPRD1A,GLIS3,-0.047850292
CORO2B,GLIS3,-0.023880592
CENPM,GLIS3,-0.020285279
SSTR3,GLIS3,-0.037239395
TMEM61,GLIS3,-0.024734845
CD274,GLIS3,-0.09524362
MED13,GLIS3,-0.44798583
ATP9A,GLIS3,-0.02219306
IER3IP1,GLIS3,-0.13572052
AMMECR1,GLIS3,-0.04487879
ITGA3,GLIS3,-0.36649215
HAPLN2,GLIS3,-0.038881432
TM6SF2,GLIS3,-0.11269611
TLDC2,GLIS3,-0.0596483
FADS6,GLIS3,-0.27907726
STK38L,GLIS3,-0.09377308
HSD17B12,GLIS3,-0.09788867
CIP2A,GLIS3,-0.055531837
NARS1,GLIS3,-1.781035
PIGN,GLIS3,-0.13698673
BRSK2,GLIS3,-0.0633348
DPY19L3,GPR158,-0.02382815
NOVA1,GPR158,-0.037402958
GDPGP1,GPR158,-0.028258529
LONP1,GPR158,-0.047913436
ZDHHC17,GPR158,-0.24793822
RFLNB,GPR158,-0.033724375
DHRSX,GPR158,-0.037668467
TMEM145,GPR158,-0.114798635
RAD51AP1,GPR158,-0.08022934
GPR146,GPR158,-0.046931393
ZNF597,GPR158,-0.015825244
GPR78,GPR158,-0.052761298
HOXA1,GPR158,-0.21600875
RDX,GPR158,-0.23391692
IQCH,GPR158,-0.47352245
DNAJB1,GPR158,-0.02299804
ZACN,GPR158,-0.16580401
PRDM13,GPR158,-0.1244163
PDCD7,GPR158,-0.18661322
MICU2,GPR158,-0.0597242
XYLB,GPR158,-1.6849198
CTDNEP1,GPR158,-0.09141749
AP003108.2,GREB1,-0.14825843
EXOC8,GREB1,-0.005121112
CXXC5,GREB1,-0.07482542
TPD52,GREB1,-0.23139213
LLGL1,GREB1,-0.07753187
ZNF226,GREB1,-0.044308357
TMPPE,GREB1,-0.037161145
CRABP2,GREB1,-0.04264668
C2orf76,GREB1,-0.0841868
DHX30,GREB1,-0.33097276
MYH7B,GREB1,-0.088847466
TUBA1B,GREB1,-0.14463688
QRICH1,GREB1,-1.1709819
CD27,GREB1,-0.12449749
RNF123,GREB1,-0.59209347
AZI2,GREB1,-0.1456759
FANCD2,GREB1,-0.077321455
NARS1,GREB1,-0.16718575
MUC5AC,GREB1,-0.11039736
FGF19,GREB1,-0.10317091
TFAP2C,GREB1,-0.050239537
NEMP1,GREB1,-0.11281373
ERVMER34-1,GRIN2A,-0.09995946
AGTR1,GRIN2A,-0.023358922
TSLP,GRIN2A,-0.038737155
IVNS1ABP,GRIN2A,-0.10040748
VPS25,GRIN2A,-0.16435543
PPT2,GRIN2A,-0.044024482
ZDHHC16,GRIN2A,-0.012403345
PLA2G4A,GRIN2A,-0.051808998
RPS26,GRIN2A,-0.09307482
KCTD3,GRIN2A,-0.124062486
MMP24OS,GRIN2A,-0.12119303
SPSB2,GRIN2A,-0.2059869
HSPA4L,GRIN2A,-0.27322328
KPNA7,GRIN2A,-0.10475643
PDE4DIP,GRIN2A,-0.57328653
PDZD3,GRIN2A,-0.30478898
SLC49A3,GRIN2A,-0.03027763
PAQR6,GRIN2A,-0.061946634
SLC10A6,GRIN2A,-0.110815346
NIPA1,GRIN2A,-0.46020594
ANP32E,GRIN2A,-0.104695536
ZNF678,GRIN2A,-0.12542884
SLC30A3,GRIN2A,-0.08891333
IARS2,GRIN2A,-0.5245406
CCDC170,GRM7,-0.022871733
EXOC5,GRM7,-0.014942611
URGCP,GRM7,-0.0070796115
MTMR10,GRM7,-0.022621972
PNMT,GRM7,-0.019490492
MT1M,GRM7,-0.024213187
DOCK3,GRM7,-0.038114417
ZNF256,GRM7,-0.020582234
NDEL1,GRM7,-0.2756222
H3-3A,GRM7,-0.015216279
HEPH,GRM7,-0.054774694
C11orf86,GRM7,-0.015053342
GADL1,GRM7,-0.07795397
ZNF286A,GRM7,-0.1878782
LHFPL4,GRM7,-0.018588277
TMEM151A,GRM7,-0.3216166
PNLDC1,GRM7,-0.20643668
LHFPL3,GRM7,-0.043854043
KNDC1,GRM7,-0.08683355
ME1,GRM7,-0.08038689
CWF19L2,GRM7,-0.07171467
SIGLEC12,GRM7,-0.6505655
TRPV6,GRM7,-0.06125484
XBP1,GRM7,-0.020940827
SDS,GRM7,-0.0022614445
EPO,GRM7,-0.12667894
LATS1,GRM7,-0.015942601
ADORA2B,GRM7,-0.08203014
ULK2,GRM7,-0.16230114
MSANTD2,GRM7,-0.035597444
HSD17B1,GRM7,-0.11694885
NFYB,GRM7,-0.011238447
C4orf45,GRM7,-0.055242434
PRB3,GRM7,-0.17140846
MYO1C,GRM7,-0.08173312
ZNF16,GRM7,-0.0013034194
CHORDC1,GRM7,-0.5037242
HOXB13,HECW2,-0.57168657
BDP1,HECW2,-0.025644083
SENP6,HECW2,-0.0036855214
SOX9,HECW2,-0.026370898
SP8,HECW2,-0.033505835
ZNF862,HECW2,-0.020026742
NR2E1,HECW2,-0.033407163
TIGD3,HECW2,-0.029601945
RBBP8NL,HECW2,-0.10419059
H3C10,HECW2,-0.27549878
ANXA4,HECW2,-0.13827518
UGT2B11,HECW2,-0.7791852
PACSIN1,HECW2,-0.19422865
CDKL2,HECW2,-0.56423396
IL18R1,HECW2,-0.42153478
TMPRSS3,HECW2,-0.14945607
PPL,HECW2,-0.15946454
KTN1,HECW2,-0.1773021
GJC3,HECW2,-0.37179944
TCEAL2,HMCN1,-0.017874643
SERPINB5,HMCN1,-0.0449283
FNBP1,HMCN1,-0.41248184
PGC,HMCN1,-0.028776592
RPL36AL,HMCN1,-1.7597065
ZNF844,HMCN1,-0.013571579
GORAB,HMCN1,-0.02267123
PRUNE2,HMCN1,-0.038517073
SOX6,HMCN1,-0.10853785
SRPK3,HMCN1,-0.41062602
RTRAF,HMCN1,-0.1454045
RIC8B,HMCN1,-0.059159026
NECTIN4,HMCN1,-0.09885947
GRID2IP,HMCN1,-0.76187694
POGLUT3,HMCN1,-0.05316432
KCNJ14,HRNR,-0.017207488
TMCC3,HRNR,-0.040242113
EOMES,HRNR,-0.018067447
TRPC4,HRNR,-0.10764318
ZNF85,HRNR,-0.020601703
PIGR,HRNR,-0.027219364
REEP3,HRNR,-0.032572534
NUF2,HRNR,-0.012457961
GRP,HRNR,-0.08616609
SPRN,HRNR,-0.123031996
ZNF696,HRNR,-0.1257385
GSTM3,HRNR,-0.03407654
GATA5,HRNR,-0.050769422
TRIM24,HRNR,-0.22418314
ZNF773,HRNR,-0.07169103
PPP2R2A,HRNR,-0.032144416
NAT8,HRNR,-0.025620809
GPAA1,HRNR,-0.16934775
FSTL5,HRNR,-0.145338
ANGPTL5,HRNR,-0.054658763
TMCC2,HRNR,-0.038727492
ANGPTL7,HRNR,-0.32472298
STC2,HRNR,-0.2913812
NR2C2AP,HRNR,-0.062182225
ABHD8,HRNR,-0.048790384
TECR,HRNR,-0.5747602
LIPC,HRNR,-0.041654326
AGAP2,HRNR,-0.026799824
OR2B6,HRNR,-0.013616628
NUAK2,HRNR,-0.062231306
EGR2,HRNR,-0.09611011
SPINK13,HRNR,-0.1142432
NDUFA7,HRNR,-0.06983879
PLEC,HRNR,-0.051322285
CALCA,HRNR,-0.06041651
TMEM38A,HRNR,-0.21967441
RHBDD2,HRNR,-0.011935499
FNTB,HRNR,-0.029136512
PCDHGA8,HRNR,-0.04616306
SFR1,HRNR,-0.010702759
SCAMP4,HRNR,-0.037459973
MAN2C1,HUWE1,-0.032798734
THAP9,HUWE1,-0.018352335
IL22RA1,HUWE1,-0.01806225
SRSF10,HUWE1,-0.020128494
DAPL1,HUWE1,-0.058092315
EMP1,HUWE1,-0.019476948
EFCAB8,HUWE1,-0.033057716
ZNF670-ZNF695,HUWE1,-0.031308323
RPL36AL,HUWE1,-0.012619357
MAP2K4,HUWE1,-0.07354899
KCTD16,HUWE1,-0.099189475
CMTM6,HUWE1,-0.41358182
DRD1,HUWE1,-1.705336
PBK,HUWE1,-0.09542523
DARS1,HUWE1,-0.08228034
ZNF528,HUWE1,-0.059250537
RP1,HUWE1,-0.38860092
CYP4F11,HUWE1,-0.09929133
SERPINA5,HUWE1,-0.6757715
ASTN1,HYDIN,-0.0076701934
TST,HYDIN,-0.018730685
GPR143,HYDIN,-0.111540206
NAPRT,HYDIN,-0.044112906
AFF3,HYDIN,-0.20201416
LEMD2,HYDIN,-0.021220569
NLK,HYDIN,-0.012101639
TENT5C,HYDIN,-0.009003785
SLC26A4,HYDIN,-0.015741952
CCDC88B,HYDIN,-0.030084372
HOXD12,HYDIN,-0.025337538
GJA5,HYDIN,-0.024433905
DHDH,HYDIN,-0.006410287
CARD9,HYDIN,-0.0012376445
ARHGDIG,HYDIN,-0.22389942
H2AC13,HYDIN,-0.021077057
FBLN1,HYDIN,-0.034996055
CINP,HYDIN,-0.0130681675
GFRA3,HYDIN,-0.033638235
SWI5,HYDIN,-0.0026279287
DPYSL2,HYDIN,-0.039470192
SARAF,HYDIN,-0.0540255
COL9A3,HYDIN,-0.06091668
FGF19,HYDIN,-0.028908055
PSMG3,HYDIN,-0.104844436
SMIM14,HYDIN,-0.07481131
CD70,HYDIN,-0.08180923
CHTF18,HYDIN,-0.2640229
NUPR1,HYDIN,-0.0989879
PLCH2,HYDIN,-0.012797539
VWC2,HYDIN,-0.043255247
CPE,HYDIN,-0.059829794
RRP1,HYDIN,-0.076946676
PNKP,HYDIN,-0.03394222
MTFR2,HYDIN,-0.045819014
TUBA3E,HYDIN,-0.07870613
SMAD9,HYDIN,-0.7604595
ADAMTS18,HYDIN,-0.12307553
DUSP22,HYDIN,-0.106478885
KCNH8,HYDIN,-0.011666082
DMTN,HYDIN,-0.04723748
PPP2CA,HYDIN,-0.03743475
PTN,HYDIN,-0.035802152
SCN5A,HYDIN,-0.015379708
CD248,IGSF1,-0.013604496
AKT3,IGSF1,-0.32354325
TREM2,IGSF1,-2.1254408
SC5D,IGSF1,-0.08752449
GSDME,IGSF1,-0.015133755
FOXD1,IGSF1,-0.11264301
EFCAB9,IGSF1,-0.04806965
SCAMP5,IGSF1,-0.08223817
MYO18B,IGSF1,-0.087030835
USP18,IGSF1,-0.24930413
STAT1,IGSF1,-0.15719919
SHANK2,IGSF1,-0.10048461
BCHE,IGSF1,-0.0017034404
CBR3,IGSF1,-0.2411941
TRIM52,IGSF1,-0.035698283
ATF7IP,IGSF1,-0.050737478
KIF20B,IGSF1,-0.09789436
OTP,IGSF1,-0.0798116
RTN4R,INTS1,-0.039992053
PIGV,INTS1,-0.024402862
RORC,INTS1,-0.07585062
IGSF11,INTS1,-0.12103141
SCD,INTS1,-0.017663937
CRIP3,INTS1,-0.036781956
REM2,INTS1,-0.03327322
MAP2K6,INTS1,-0.5265699
ERVMER34-1,INTS1,-0.03176403
PLK4,INTS1,-0.24692689
MLX,INTS1,-0.39117804
FIBIN,INTS1,-0.009671317
RBKS,INTS1,-0.34703955
KIF18B,INTS1,-1.152432
HNRNPA1,INTS1,-0.33546114
ZNF765,INTS1,-0.27623832
TMEM176B,INTS1,-0.1137154
DKKL1,INTS1,-0.05992115
PAFAH1B2,INTS1,-0.10315132
FKBP1A,IQGAP2,-0.020703182
MAPK14,IQGAP2,-0.014634924
MPV17,IQGAP2,-0.22096172
RPS6KA3,IQGAP2,-0.020001179
POLR1E,IQGAP2,-0.04270413
ANKEF1,IQGAP2,-0.07121562
FHDC1,IQGAP2,-0.03682531
MOGAT3,IQGAP2,-0.04024046
MAZ,IQGAP2,-0.03729146
SERPINB2,IQGAP2,-0.45456788
PSMD7,IQGAP2,-0.06584911
IL18RAP,IQGAP2,-0.14362489
PRF1,IQGAP2,-0.49276024
AKAP10,IQGAP2,-1.2157387
CD300E,IQGAP2,-0.039748568
ALDH3A2,IQGAP2,-0.14886807
CLTRN,IQGAP2,-0.092868805
CKMT2,IQGAP2,-0.045298636
PPT1,IQGAP2,-0.108993374
CTSB,IQGAP2,-0.15192664
RPS2,IQGAP2,-0.16261509
IFI27L1,IQGAP2,-0.12230903
FRMPD1,IQGAP2,-0.24949586
MCM4,KCNH8,-0.027016243
PUM2,KCNH8,-0.148095
ZNF224,KCNH8,-0.03372704
YY2,KCNH8,-0.016092034
MIOX,KCNH8,-0.16097796
RGS11,KCNH8,-0.025651474
STAG2,KCNH8,-0.020050524
CEP126,KCNH8,-0.040874865
PPP1R14D,KCNH8,-0.30487797
IL1A,KCNH8,-0.121598564
RASGEF1A,KCNH8,-0.103284836
PDZD9,KCNH8,-0.24867569
EML2,KCNH8,-0.21586326
MAST1,KCNH8,-0.05103886
ARR3,KCNH8,-0.47559476
SCAI,KCNH8,-0.4653742
HP1BP3,KCNH8,-0.6621004
RIPPLY3,KCNH8,-0.25530705
KREMEN1,KCNH8,-0.38927048
TLCD2,KCNH8,-0.118146904
PARVB,KCNH8,-0.06518402
TMEM89,KCNT2,-0.018044254
PDC,KCNT2,-0.03840197
PTPDC1,KCNT2,-0.019377848
GNL3,KCNT2,-0.4280979
LRCH4,KCNT2,-0.03702242
TPBG,KCNT2,-0.01807732
EZH1,KCNT2,-0.04563483
PTGFR,KCNT2,-0.05056913
LMOD3,KCNT2,-0.22834754
GTPBP3,KCNT2,-0.03626373
OR2M3,KCNT2,-0.09050864
AC013394.1,KCNT2,-0.09710415
UGT2B4,KCNT2,-0.0725175
SLCO1B3-SLCO1B7,KCNT2,-0.46502534
LRRC70,KCNT2,-0.094573274
NRG1,KCNT2,-0.041000802
ATP6V1F,KCNT2,-0.08950505
SLCO1B3,KCNT2,-0.10302412
F2RL2,KCNT2,-1.5376471
SHB,KCNT2,-0.104769476
DCAF4,KCNT2,-0.26752037
ZNF559-ZNF177,KCNT2,-0.07903224
EML5,KIAA0825,-0.120064765
PRX,KIAA0825,-0.38373703
LACTB,KIAA0825,-0.44250998
TRIM45,KIAA0825,-0.23436338
SLC15A1,KIAA0825,-0.12900618
DIABLO,KIAA0825,-0.5431739
ZNF683,KIAA0825,-0.43065652
TUT4,KIAA0825,-0.19113712
IGFL2,KIAA0825,-0.73288625
MALL,KIAA0825,-0.20983979
CXCL14,KIAA0825,-0.42365637
HOXB8,KIAA0825,-0.17451707
ZNF525,KIAA1522,-0.039106354
AGR2,KIAA1522,-0.028144313
ACBD5,KIAA1522,-0.036543168
SOX30,KIAA1522,-0.37542677
AIF1L,KIAA1522,-0.036731843
FBXO33,KIAA1522,-0.1194312
GPC2,KIAA1522,-0.03879021
GAS2L1,KIAA1522,-0.043462392
METTL4,KIAA1522,-0.4611771
CRABP1,KIAA1522,-0.05291143
ITPRIPL1,KIAA1522,-0.68323743
AC092718.3,KIAA1522,-1.017969
KISS1R,KIAA1522,-0.24691902
AGMO,KIAA1522,-0.09030461
RIC8B,KIAA1522,-0.41250145
SLC12A8,KIAA1522,-0.10162128
RAB15,KIAA1522,-0.15846907
NMU,KIAA1522,-0.054302406
PDLIM2,KIF1A,-0.01869817
AVIL,KIF1A,-0.04361235
CCDC150,KIF1A,-0.026530573
RPUSD3,KIF1A,-0.011412073
NPIPB12,KIF1A,-0.02499072
NUDT3,KIF1A,-0.017446246
SPSB2,KIF1A,-1.0582213
HYAL1,KIF1A,-0.020098483
DENND5A,KIF1A,-0.03529853
DNA2,KIF1A,-0.047730934
THBS3,KIF1A,-0.098784044
IZUMO2,KIF1A,-0.08826869
MAL2,KIF1A,-0.4850926
ANKRD24,KIF1A,-0.32764158
ACCSL,KIF1A,-0.24503241
TEKT5,KIF1A,-0.06367838
SLC22A18,KIF1A,-0.08500704
MTUS1,KIF1A,-0.091491945
NAALADL1,KIF1A,-0.0145154605
ZNF706,KIF1A,-0.16837603
CA9,KIF1A,-0.031314973
HNRNPH1,KIF1A,-0.010575267
RASL10B,KIF1A,-0.13289662
SPDYE6,KIF1A,-0.04672968
AL117339.4,KIF1A,-0.048425324
PTGR1,KIF1A,-0.059826955
C20orf202,KIF1A,-0.35789678
ABCG5,KIF1A,-0.0632695
C5orf38,KIF1A,-0.027071185
KL,KLHL4,-0.02237462
ORAI3,KLHL4,-0.025801374
NPL,KLHL4,-0.03717972
SELE,KLHL4,-0.029911343
EPDR1,KLHL4,-0.030123973
PIAS4,KLHL4,-0.16711034
EPB41L1,KLHL4,-0.033689834
MYH15,KLHL4,-0.038223818
ZNF776,KLHL4,-0.2514653
COPG1,KLHL4,-0.01799779
P2RX5-TAX1BP3,KLHL4,-0.036313727
SLC17A5,KLHL4,-0.2757125
IREB2,KLHL4,-0.17370862
AC011448.1,KLHL4,-0.10678759
KIR2DL4,KLHL4,-0.39340836
TTC24,KLHL4,-0.14630228
ZNF618,KLHL4,-0.8796175
AL117339.4,KLHL4,-0.060600884
PCDHGB3,KLHL4,-0.33426788
AC091057.5,KLHL4,-0.34170073
CD244,KLHL4,-0.16991714
TMOD4,KLHL4,-0.33046326
CD27,KLHL4,-0.18677278
C1QTNF9,KMT2D,-0.021266751
IRX3,KMT2D,-0.010384879
RMI2,KMT2D,-0.016605314
NPIPB11,KMT2D,-0.015833797
RPAP2,KMT2D,-0.05741058
SFT2D2,KMT2D,-0.021955952
SPTSSB,KMT2D,-0.017027533
CREG2,KMT2D,-0.12032989
METTL4,KMT2D,-0.041419335
PEX11G,KMT2D,-0.042742
ERP27,KMT2D,-0.16132097
SRC,KMT2D,-0.30933726
CLDN4,KMT2D,-0.26730427
CACFD1,KMT2D,-0.55641466
CAB39L,KMT2D,-0.14480442
PEDS1,KMT2D,-0.16738133
ZNF703,KMT2D,-0.15528671
ESCO1,KMT2D,-0.558484
RALY,KMT2D,-0.6028226
COX17,KMT2D,-0.1031679
FAM3A,KMT2D,-0.65825945
CLDN3,KMT2D,-0.08022968
RBPJ,KRAS,-0.002830959
SON,KRAS,0.012022147
SCFD1,KRAS,-0.008729354
KIF18B,KRAS,-0.0001625814
PITPNB,KRAS,-0.0050450056
DAZAP1,KRAS,0.0026996091
FSIP2,KRAS,-0.0067851776
SPATA6,KRAS,0.0011515316
LYPD1,KRAS,-0.0040756613
HSPA4L,KRAS,-0.010565078
TGFBR3L,KRAS,-0.0035542778
ZNF711,KRAS,-0.006236199
TFAP2A,KRAS,-0.0027195555
SCTR,KRAS,-0.0049819546
MYO10,KRAS,-0.004112115
PLCH2,KRAS,0.0011497209
KRT40,KRAS,-0.0053772465
DOP1B,KRAS,-0.013992402
CALB1,KRAS,-0.018264074
CELSR3,KRAS,-0.0067975754
ETV5,KRAS,-0.00970668
QRFP,KRAS,-0.03380895
TBX4,KRAS,-0.00751658
TAC1,KRAS,-0.005594075
ALDH3B2,KRAS,-0.010421846
UNC5CL,KRAS,-0.0061507225
IL1RL1,KRAS,-0.0042081065
MRPS35,KRAS,-0.0022102287
IER5,KRAS,-0.004565403
FAAH2,KRAS,-0.0046732444
ZNF511,KRAS,-0.008878164
CLEC3A,KRAS,-0.014745267
WNT6,KRAS,-0.0031615896
OBSCN,KRAS,-0.034780037
GDF10,KRAS,-0.010896169
FLYWCH1,KRAS,-0.00973914
KRAS,KRAS,-0.02304404
NTSR1,KRAS,-0.024292417
PRMT1,KRAS,-0.0034270536
PRDM13,KRAS,-0.029995792
MEGF9,KRAS,0.0006067514
BPGM,KRAS,-0.014037735
PIRT,KRAS,-0.014698919
MICA,KRAS,-0.010249309
GOLGA8S,KRAS,-0.0032551833
REN,KRAS,-0.001976391
FOXI1,KRAS,0.005062765
ENOSF1,KRAS,0.0006896758
MAVS,KRAS,-0.0041966704
SMTNL2,KRAS,0.0028847274
SRR,KRAS,-0.001445233
VWA5B1,KRAS,-0.06587494
NWD2,KRAS,0.000825348
KCNIP2,KRAS,-0.063068524
RAB3B,KRAS,-0.0011730439
PGRMC1,KRAS,-0.07443036
SMIM1,KRAS,-0.00056922616
HOXB5,KRAS,-0.0045662974
GLRX,KRAS,-0.010038455
TESC,KRAS,-0.007851581
GPR150,KRAS,-0.0074267564
TMEM170A,KRAS,-0.0023365517
ZC3H11B,KRAS,-0.0049941465
SPSB3,KRAS,0.00088056555
YTHDF3,KRAS,-0.016192392
CCDC91,KRAS,-0.0058458624
LMOD3,KRAS,-0.007677609
AC010422.3,KRAS,-0.013450106
PHLDA1,KRAS,-0.011505575
HDAC4,KRAS,-0.00225735
ENPP1,KRAS,-0.008714487
GON7,KRAS,0.0020752167
CEBPA,KRAS,-0.024163384
FLOT2,LAMA1,-0.018493505
UBE2S,LAMA1,-0.2174536
ZNF415,LAMA1,-0.03539766
CYP27A1,LAMA1,-1.3089591
TFCP2L1,LAMA1,-0.010981935
SMOX,LAMA1,-0.048253812
RELL1,LAMA1,-0.23634453
RELL2,LAMA1,-0.012542675
RNASEH2A,LAMA1,-0.3860391
NUDT7,LAMA1,-1.074116
DTD1,LAMA1,-0.039440297
CHN2,LAMA1,-0.5083088
PIWIL2,LAMA1,-0.115911886
NRG4,LOXHD1,-0.012599659
SMYD3,LOXHD1,-0.35349005
LPIN3,LOXHD1,-0.018611118
CCND3,LOXHD1,-0.109403245
SHOX2,LOXHD1,-0.05839814
ZNF43,LOXHD1,-0.025271084
ABCC2,LOXHD1,-0.014065367
FAM122A,LOXHD1,-0.019258834
RSAD2,LOXHD1,-0.027437815
MAP4K2,LOXHD1,-0.056430664
ZNF628,LOXHD1,-0.026543563
LRRC8E,LOXHD1,-0.07485461
ZBTB38,LOXHD1,-0.35575724
MDH1B,LOXHD1,-0.07272244
NPHP1,LOXHD1,-0.16082533
ETFA,LOXHD1,-0.13771872
NFE2,LOXHD1,-0.009222353
ST6GALNAC4,LOXHD1,-0.01777668
DTD1,LOXHD1,-0.012554829
NDUFAF5,LOXHD1,-0.008634997
SMCO2,LOXHD1,-0.04568196
MARCHF9,LOXHD1,-0.028190568
EXOC3L4,LOXHD1,-0.057001542
ARHGAP21,LOXHD1,-0.08953686
ZSWIM4,LOXHD1,-0.05389127
STK3,LOXHD1,-0.06679526
GPRC5A,LOXHD1,-0.07377542
ZNF721,LOXHD1,-0.054666452
C8G,LOXHD1,-0.06226152
C1orf53,LOXHD1,-0.23315954
DSC2,LOXHD1,-0.087174065
RBMX2,LOXHD1,-0.111437656
AP3D1,LOXHD1,-0.05349231
ESYT3,LOXHD1,-0.082690306
IFI44,LOXHD1,-0.12723452
ZFP62,LOXHD1,-0.09121012
B3GALT6,LOXHD1,-0.0043993583
LCOR,LOXHD1,-0.14757241
KIF21A,LOXHD1,-0.068049274
MT-ND3,LOXHD1,-0.031026553
PLCXD1,LOXHD1,-0.049596086
WNT3,LOXHD1,-0.0689961
RXYLT1,LOXHD1,-0.02369069
RNF123,LOXHD1,-0.041358765
ZNF808,LOXHD1,-0.05166404
PACS1,LPA,-0.054251272
CHMP7,LPA,-0.01657805
XAF1,LPA,-0.005938889
SCTR,LPA,-0.023526838
IRAK1BP1,LPA,-0.029762652
WT1,LPA,-0.03725722
PURB,LPA,-0.021884544
RASGEF1A,LPA,-0.24496521
CTCFL,LPA,-1.1132137
OLFML2A,LPA,-0.018929347
PGBD4,LPA,-0.06971542
RNF14,LPA,-0.0045124874
ANKRD42,LPA,-0.35803178
ZKSCAN5,LPA,-0.15143114
SLC39A8,LPA,-0.1485399
ZBTB10,LPA,-0.025671797
TCAF1,LPA,-0.10868287
REELD1,LPA,-0.068763286
LRRC3,LPA,-0.15045632
MYO7B,LPA,-0.0037247671
FCAMR,LPA,-0.17846681
GFRA3,LPA,-0.3992601
TIMM23B,LPA,-0.48998672
CREB3L2,LPA,-0.08636233
RC3H2,LRP1,-0.023706483
AQP11,LRP1,-0.037847232
IFNLR1,LRP1,-0.22013135
ZFAND4,LRP1,-0.021092795
ANO2,LRP1,-0.07609955
MFHAS1,LRP1,-0.015363367
ENDOU,LRP1,-0.041556202
MARCKSL1,LRP1,-0.117769726
TACSTD2,LRP1,-0.023807602
ANKRD30B,LRP1,-0.03712664
LPIN1,LRP1,-0.03763241
ZNF846,LRP1,-0.26934388
PDC,LRP1,-0.099729836
STARD4,LRP1,-0.052420475
CARD14,LRP1,-0.027052525
FOXO4,LRP1,-0.27570018
SLC28A3,LRP1,-0.10548657
ARSD,LRP1,-0.84711385
CYP4F3,LRP1,-0.15168768
RTEL1-TNFRSF6B,LRP1,-0.06396869
ARMH2,LRP1,-1.3425726
ECE1,LRP1,-0.1801739
IVNS1ABP,LRP2,-0.035004932
POU2F3,LRP2,-0.02609157
SLC25A52,LRP2,-0.03492951
ULBP1,LRP2,-0.23814327
CTTNBP2NL,LRP2,-0.18743776
FCRLA,LRP2,-0.014498478
PNMA5,LRP2,-0.028283214
CXorf38,LRP2,-0.018518794
LY6E,LRP2,-0.09888814
GTF2A2,LRP2,-0.029820412
HDDC2,LRP2,-0.18611984
EGLN3,LRP2,-0.20753361
PAXBP1,LRP2,-0.17773217
SPRR3,LRP2,-0.16151418
EMID1,LRP2,-0.13282041
LSM12,LRP2,-0.16931042
DSC2,LRP2,-0.723989
TLE2,LRP2,-0.17744492
RPS6KL1,LRP2,-0.24919367
AADAC,LRP2,-0.1408828
IAH1,LRP2,-0.1165699
SRBD1,LRP2,-0.1255477
IRS2,LRP2,-0.038526796
FTCD,LRP2,-0.14225814
VPS4B,LRP2,-0.5534484
PRPF40B,LRRC7,-0.012167477
THSD7A,LRRC7,-0.0011027084
PHGDH,LRRC7,-0.02040974
TICAM1,LRRC7,-0.47999898
ITPK1,LRRC7,-0.7760115
DNAJC6,LRRC7,-0.14982973
THOC1,LRRC7,-0.05191224
TMEM190,LRRC7,-0.060933616
SLCO1B1,LRRC7,-0.27243403
RNF186,LRRC7,-0.0017022922
TMEM252,LRRC7,-0.09447019
SYK,LRRC7,-0.055345
SPAG8,LRRC7,-0.014192148
CHCHD2,LRRC7,-0.054362707
RNF170,LRRC7,-0.26875606
HGF,LRRC7,-0.011270107
PROM1,LRRC7,-0.08159924
AC091057.5,LRRC7,-0.05920145
PCGF3,LRRC7,-0.0197906
NXF3,LRRC7,-0.15842177
BTG2,LRRC7,-0.46014175
CGN,LRRC7,-0.19081688
EXOC4,LRRC7,-0.36660683
BTBD8,LRRCC1,-0.011010367
PRDM15,LRRCC1,-0.039999284
SFXN1,LRRCC1,-0.067969665
EHMT1,LRRCC1,-0.029890727
ZNF93,LRRCC1,-0.034633145
REPS2,LRRCC1,-0.022757638
UBAP2L,LRRCC1,-0.0003236347
NEIL3,LRRCC1,-0.18095979
SULT1C3,LRRCC1,-0.03179196
KIAA1549L,LRRCC1,-0.16310221
RBM46,LRRCC1,-0.15008754
TMEM176A,LRRCC1,-0.11775702
GMNC,LRRCC1,-1.1243743
AL136295.5,LRRCC1,-0.5730723
TTC29,LRRCC1,-0.5543297
FOXM1,LRRCC1,-0.14935121
NDNF,LRRCC1,-0.043233585
LILRB5,LRRCC1,-0.17497452
SART3,LRRCC1,-0.5175577
SACS,LRRCC1,-0.14416806
BICDL2,LRRIQ1,-0.025622781
HSPB6,LRRIQ1,-0.09696649
TANC1,LRRIQ1,-0.023345215
LEAP2,LRRIQ1,-0.025652861
EID1,LRRIQ1,-0.026387928
GLT8D1,LRRIQ1,-0.046361864
TACSTD2,LRRIQ1,-0.73259556
TACC3,LRRIQ1,-0.09533682
CIITA,LRRIQ1,-0.09164123
WBP11,LRRIQ1,-0.15143786
CBLIF,LRRIQ1,-0.06449962
PDP1,LRRIQ1,-0.21822451
MINK1,LRRIQ1,-0.49684468
TUBA1B,LRRIQ1,-0.3139689
PLEKHS1,LRRIQ1,-1.4122604
CHAF1A,LRRIQ1,-0.10845566
TRPM8,LRRN3,-0.020200199
PCBP3,LRRN3,-0.027193917
CAPN10,LRRN3,-0.07268618
CPLX1,LRRN3,-0.8165694
CDHR2,LRRN3,-0.7723751
CD200,LRRN3,-0.33651295
BCL2L2-PABPN1,LRRN3,-0.6856077
ERP27,LRRN3,-0.1412444
STBD1,LRRN3,-0.041649938
LYG1,LRRN3,-0.266685
DEFA5,LRRN3,-0.18392415
TMBIM4,LRRN3,-0.10068798
MYO15A,LRRN3,-0.048337277
DLG5,LRRN3,-0.035048284
YOD1,LRRN3,-0.11156761
IGFBPL1,LRRN3,-0.17098619
MIEN1,LRRN3,-0.054635316
MRPL19,MAGEC1,-0.039282233
IDH3G,MAGEC1,-0.018530166
B4GALT1,MAGEC1,-0.033654805
CRYBG1,MAGEC1,-0.021486463
SLC22A18AS,MAGEC1,-0.062223062
WDR92,MAGEC1,-0.04031438
GNPDA1,MAGEC1,-0.04209128
MT1M,MAGEC1,-0.5274317
PRR22,MAGEC1,-0.09990555
LY6G6C,MAGEC1,-0.25676584
YY2,MAGEC1,-0.2946144
NEURL1,MAGEC1,-0.04579034
HSPD1,MAGEC1,-1.3208069
CA13,MAGEC1,-0.040751718
SLC30A4,MAGEC1,-0.094025664
SERP2,MAGEC1,-0.3288234
B3GALT4,MAGEC1,-0.70407975
C9orf116,MAP2,-0.18361387
FAM72D,MAP2,-0.052210294
WNT10A,MAP2,-0.069409974
IL17A,MAP2,-0.069352515
ZNF660,MAP2,-0.040773436
IGFL1,MAP2,-0.1942186
EDAR,MAP2,-0.47782153
DMRTC1B,MAP2,-0.014918499
PEX7,MAP2,-0.06750504
AP1S3,MAP2,-0.4732253
KRTCAP3,MAP2,-0.095621966
CCDC127,MAP2,-0.16445976
RNF14,MAP2,-0.036255706
ABCB8,MAP2,-0.27084583
HSD3B7,MAP2,-0.096938394
GNPAT,MAP2,-0.11423991
FHDC1,MAP2,-0.17678721
C20orf27,MAP2,-0.14460325
VIP,MAP2,-0.05400111
SPRR1A,MAP2,-0.070878394
KIRREL2,MAP2,-0.061478797
AADAC,MAP2,-0.028820619
CEACAM19,MAP2,-0.28050995
PKN3,MAP2,-0.07077029
SRGAP3,MAP2,-0.10526731
PTPRZ1,MAP2,-0.22397013
ANKS6,MAP2,-0.040042788
SLF1,MAP4K3,-4.118881
TGFBI,MDN1,-0.043149266
BRAF,MDN1,-0.037512038
TCF12,MDN1,-0.0064626234
ELMOD1,MDN1,-0.034712106
C1QTNF6,MDN1,-0.039828252
FKBP14,MDN1,-0.4971629
ZBTB9,MDN1,-0.014991614
GBP1,MDN1,-0.049133513
NDUFV2,MDN1,-0.050033048
CEP135,MDN1,-0.112358645
FAM210B,MDN1,-0.054015636
KIF14,MDN1,-0.47970742
CELF1,MDN1,-0.19585451
RBKS,MDN1,-0.06370636
AC013394.1,MDN1,-0.124621965
TP53AIP1,MDN1,-1.6533291
RAD51AP1,MDN1,-0.10549401
FANCG,MDN1,-0.023288867
CDT1,MDN1,-0.114349544
RANBP3L,MDN1,-0.21658106
EHHADH,MEGF6,-0.033080667
SDCBP2,MEGF6,-0.25753132
G3BP2,MEGF6,-0.017753044
RABEP1,MEGF6,-0.012897412
NDUFV2,MEGF6,-0.103897534
ABHD10,MEGF6,-0.031500854
SLC25A20,MEGF6,-0.039701708
EMP1,MEGF6,-0.03876462
GPALPP1,MEGF6,-0.108984254
LY75,MEGF6,-0.14981444
SELENOM,MEGF6,-0.048021328
NFIA,MEGF6,-0.07627204
CHP2,MEGF6,-0.1376928
FMO4,MEGF6,-0.37898153
ATF6B,MEGF6,-0.39284834
FADS6,MEGF6,-0.12405947
PNPLA1,MEGF6,-0.26095608
PEX11G,MEGF6,-0.49340808
JUP,MEGF6,-0.80985284
AMH,MEGF6,-0.332793
PIGT,MEGF6,-0.1266571
DTL,MEGF8,-0.032378964
CNOT6,MEGF8,-0.041496024
ZSWIM1,MEGF8,-0.03784713
GABPB1,MEGF8,-0.015211658
PPP1R36,MEGF8,-0.02198404
PHF6,MEGF8,-0.5283985
NOVA1,MEGF8,-0.09361767
KLHL30,MEGF8,-0.12859993
RPL17,MEGF8,-0.34036493
PIGN,MEGF8,-0.20622468
ZNF280C,MEGF8,-0.024655057
FADS6,MEGF8,-0.8920366
FAM120C,MEGF8,-0.1032189
HMGN3,MEGF8,-0.34415922
SLC18B1,MEGF8,-0.14371419
TNNC2,MEGF8,-0.08127641
TMEM100,MEGF8,-0.15959293
GNRH2,MEGF8,-0.47152963
AP000781.2,MEGF8,-0.065833665
NARS1,MEGF8,-0.08915187
DBR1,MGA,-0.036398012
SMC4,MGA,-0.021215068
CRYM,MGA,-0.527706
CDIN1,MGA,-0.036897372
AC027644.4,MGA,-0.03766021
ARR3,MGA,-0.044019938
DAB2,MGA,-0.119618066
MAPK8IP1,MGA,-0.017188339
SPRR1B,MGA,-0.06608495
DTL,MGA,-0.28362614
TLX1,MGA,-0.25054082
POLR3G,MGA,-1.6030533
CLASP2,MGA,-0.4520007
APOB,MGA,-0.23526011
SLC18B1,MGA,-0.10715807
GABBR1,MMP16,-0.023814002
RARRES1,MMP16,-0.009780527
ZNF665,MMP16,-0.02957072
IFITM5,MMP16,-0.02285177
KLRC4-KLRK1,MMP16,-0.037548576
NYNRIN,MMP16,-0.8666658
GNPTG,MMP16,-0.104344174
BTBD6,MMP16,-0.023850715
ICOSLG,MMP16,-0.08673562
ZNF219,MMP16,-1.934909
ERBB3,MMP16,-0.07496339
GMCL1,MMP16,-0.08339111
HMOX1,MMP16,-0.1832796
REPS2,MMP16,-0.07507232
FRMPD1,MMP16,-0.21896073
HROB,MOS,-0.043191195
ZNF287,MOS,-0.03120342
MYPOP,MOS,-0.028955773
GLOD5,MOS,-0.047785047
TRIM2,MOS,-0.02668147
MSLN,MOS,-0.12567542
SKA1,MOS,-0.15320621
KIAA0319,MOS,-0.37478277
MTARC1,MOS,-0.3807814
ALDOB,MOS,-0.13014477
ZNF251,MOS,-0.96288335
TMEM163,MOS,-0.10000185
ABCC5,MOS,-0.061024595
HRK,MOS,-0.03134857
FHIT,MOS,-0.75729424
FADS1,MOS,-0.29107413
ABTB1,MOS,-0.10221916
FEN1,MOS,-0.062477656
AL357556.3,MOS,-0.111200914
SMYD3,MOS,-0.10473984
CSNK1D,MUC16,-0.004828322
PLCG1,MUC16,-0.0032360207
NDUFAF8,MUC16,-0.02012908
POU3F2,MUC16,-0.010784236
CENPO,MUC16,-0.028373487
FBXW2,MUC16,-0.040231626
KLHL26,MUC16,-0.058602937
SAC3D1,MUC16,0.003198414
SLPI,MUC16,-0.022858104
COLCA2,MUC16,-0.01523188
KIAA0319L,MUC16,-0.0113006355
SAMD4B,MUC16,-0.033838287
SUDS3,MUC16,-0.020119917
NXPH4,MUC16,-0.16656277
ASPHD1,MUC16,-0.02035225
UHRF1,MUC16,-0.025908519
FGA,MUC16,-0.02336092
PHACTR3,MUC16,-0.027977386
SLC6A8,MUC16,-0.03488306
SGTA,MUC16,-0.34961575
SLC6A1,MUC16,-0.015879996
NOVA1,MUC16,-0.0020317612
SOX2,MUC16,-0.02176312
PPFIA4,MUC16,-0.008515529
PIP4P2,MUC16,-0.09087609
TBC1D10A,MUC16,-0.017949687
SIK1B,MUC16,-0.027444746
WDR70,MUC16,-0.023674559
PLAAT2,MUC16,-0.013957198
DCHS2,MUC16,-0.089082554
CYP4V2,MUC16,-0.27348658
STRN4,MUC16,-0.064621106
BSG,MUC16,-0.0886161
TAP2,MUC16,-0.01662187
ICAM2,MUC16,-0.0071128057
SMPDL3B,MUC16,-0.2578992
ITPA,MUC16,-0.021761585
TCF24,MUC16,-0.025843212
CHMP4C,MUC16,-0.018444631
LGR6,MUC16,-0.07321644
TRIP12,MUC16,-0.07055972
UPK3A,MUC16,-0.4397017
SLC4A11,MUC16,-0.009207203
MAD1L1,MUC16,-0.005022648
SELENOF,MXRA5,-0.018214224
B4GAT1,MXRA5,-0.03507907
ZNF410,MXRA5,-0.014279543
CCN3,MXRA5,-0.013971317
CFAP157,MXRA5,-0.019044865
PTPRR,MXRA5,-0.019621275
EMP2,MXRA5,-0.91386956
ATG9A,MXRA5,-0.025188511
TRIM10,MXRA5,-0.29493916
ONECUT2,MXRA5,-0.09046929
LRRC45,MXRA5,0.0009487369
SETD9,MXRA5,-0.0743503
RDH10,MXRA5,-0.020308213
ASPH,MXRA5,-0.057639677
NECTIN3,MXRA5,-0.27064842
TTC29,MXRA5,-0.21932945
CHRNA7,MXRA5,-0.022722557
RNASE1,MXRA5,-0.06828309
NSG1,MXRA5,-0.009301463
SLC38A6,MXRA5,-0.14506437
FAM174B,MXRA5,-0.5317343
RETSAT,MXRA5,-0.03426706
TSPAN15,MXRA5,-0.03535075
ZBTB14,MXRA5,-0.19759151
CREB5,MXRA5,-0.22512314
TXK,MXRA5,-0.058698576
RARG,MXRA5,-0.039300982
GTF2F2,MXRA5,-0.0065663196
TRPV6,MXRA5,-0.05157751
CREB3L4,MXRA5,-0.08630633
GUK1,MXRA5,-0.010136529
JUND,MXRA5,-0.121480614
CFLAR,MYCBP2,-0.0305732
SEPTIN11,MYCBP2,-0.2572535
DEPDC1,MYCBP2,-0.14850745
TMEM88,MYCBP2,-0.54590845
ZFAND5,MYCBP2,-0.0389006
AC004593.2,MYCBP2,-0.044047777
CHD5,MYCBP2,-0.020084778
GAL,MYCBP2,-0.08230456
ACP3,MYCBP2,-0.019303948
GRM8,MYCBP2,-0.024881823
LYZL4,MYCBP2,-0.10459863
SEMA3C,MYCBP2,-0.261472
FAM184B,MYCBP2,-0.089168884
KHDC1,MYCBP2,-0.05301629
PKN2,MYCBP2,-0.51135206
TFAP2A,MYCBP2,-0.44974396
B3GALNT1,MYCBP2,-0.047505587
CYP2C19,MYCBP2,-0.079013735
LONRF2,MYCBP2,-0.09609067
BMX,MYCBP2,-0.06505114
RIC8B,MYCBP2,-0.59818
RANGRF,MYCBP2,-0.30880222
RAE1,MYO3A,-0.02212272
CD70,MYO3A,-0.018316798
PGF,MYO3A,-0.01983981
C1QTNF3,MYO3A,-0.035405193
PLK2,MYO3A,-0.18462883
CCDC87,MYO3A,-0.027334383
CA14,MYO3A,-0.047136262
PPP1R1A,MYO3A,-0.021910528
TOGARAM1,MYO3A,-0.19694734
SLC1A7,MYO3A,-0.09278516
DTNB,MYO3A,-0.04155082
AC013477.1,MYO3A,-0.019703556
DTX3L,MYO3A,-1.1533079
GPRIN1,MYO3A,-1.7327539
TMSB4Y,MYO3A,-0.19402975
RUSC1,MYO3A,-0.06367809
GJB3,MYO3A,-0.08843093
DNAI2,MYOM2,-0.022694767
PINX1,MYOM2,-0.05035218
NAF1,MYOM2,-0.044657025
HMGN5,MYOM2,-0.08589731
PRRG2,MYOM2,-0.0163219
PCDHA12,MYOM2,-0.5448784
LPCAT1,MYOM2,0.002646795
TTI2,MYOM2,-0.07579603
ZNF672,MYOM2,-0.40918508
HLA-A,MYOM2,-0.15150623
CNKSR3,MYOM2,-0.027780307
LMX1A,MYOM2,-0.088697545
PID1,MYOM2,-0.017454486
HSPA1B,MYOM2,-0.077074416
C2CD4D,MYOM2,-0.00052770996
NLRC5,MYOM2,-0.08971566
DNAJC6,MYOM2,-0.12039322
C9orf116,MYOM2,-0.08798132
DUS2,MYOM2,-1.9175373
KDELR3,NALCN,-0.042296484
HOXC12,NALCN,-0.028848583
PRSS8,NALCN,-0.5124172
BCO1,NALCN,-0.097835176
CCL19,NALCN,-0.1867139
ERCC6L,NALCN,-0.36092615
APELA,NALCN,-0.04074227
ARL6IP5,NALCN,-0.03342117
ZNF282,NALCN,-0.06049826
KIF20A,NALCN,-0.45701143
MKI67,NALCN,-1.5925363
ZNF425,NALCN,-0.06764021
DTWD2,NALCN,-0.11161521
ZNF277,NALCN,-0.18647018
DCDC2,NALCN,-0.058826294
SRFBP1,NAV3,-0.12884124
CBFB,NAV3,-0.12703001
CES1,NAV3,-0.05160461
RSBN1,NAV3,-0.0062027355
SLCO2A1,NAV3,-0.05112254
OSM,NAV3,-0.01741043
HBB,NAV3,-0.016030837
ZNF385D,NAV3,-0.11306939
PROM2,NAV3,-0.02435894
MESP1,NAV3,-0.62354326
FCER1A,NAV3,-0.066072986
CACNG4,NAV3,-0.030987402
C1GALT1C1L,NAV3,-0.04076368
MFAP3L,NAV3,-0.04714538
PROZ,NAV3,-0.008756952
CLEC3B,NAV3,-0.48748016
FAM163B,NAV3,-0.41789615
ARHGEF40,NAV3,-0.19599581
ARAP2,NAV3,-0.08760541
TSEN34,NAV3,-0.030037293
NUDT3,NAV3,-0.05404782
TMEM178B,NAV3,-0.045861777
GFRA3,NAV3,-0.08941883
H4C8,NAV3,-0.089858755
SCML2,NAV3,-0.2587156
ALKAL1,NAV3,-0.4568169
TAF7,NBAS,-0.005531943
POLL,NBAS,-0.016199136
SMOC1,NBAS,-0.01942863
DAZL,NBAS,-0.02174568
EIF1AD,NBAS,-0.022072855
GSAP,NBAS,-0.020890081
TRNAU1AP,NBAS,-0.03257586
EIF5AL1,NBAS,-0.02094101
TINCR,NBAS,-0.09662832
PRSS33,NBAS,-0.45979264
ALKAL2,NBAS,-0.032941863
GJD3,NBAS,-0.02224686
PGAP4,NBAS,-0.12647127
HLTF,NBAS,-0.052073155
NELFE,NBAS,-0.068240546
MRGBP,NBAS,-0.06274854
TRIM24,NBAS,-0.19401607
LRP5L,NBAS,0.0021848334
KRTAP5-10,NBAS,-0.37364393
MANEA,NBAS,-0.13157594
MT1E,NBAS,-0.057309438
FCHO1,NBAS,-0.026642699
HSPH1,NBAS,-0.0461269
MLIP,NBAS,-0.0662116
PRDM13,NBAS,-0.031139245
RAB39A,NBAS,-0.07929158
PRSS22,NBAS,-1.3324032
RSPH14,NBAS,-0.047573473
WDSUB1,NBAS,-0.0108663915
AKR1C1,NBAS,-0.26286435
TMEM251,NBEA,-0.027043972
WDR7,NBEA,-0.010533059
SELENOS,NBEA,-0.0057612774
H2BC21,NBEA,-0.11568167
LRRN2,NBEA,-0.2552889
SNRPA,NBEA,-0.08221305
RIPK3,NBEA,-0.026009427
MOCOS,NBEA,-0.024776187
GHR,NBEA,-0.03480978
EMX1,NBEA,-0.046364795
COL17A1,NBEA,-0.03871528
SDF2L1,NBEA,-0.022028547
GIMAP7,NBEA,-0.0038488666
HLA-A,NBEA,-0.045699418
CASP3,NBEA,-0.07132552
GADL1,NBEA,-0.17079306
ORC1,NBEA,-0.09525341
ONECUT2,NBEA,-0.047850735
WDR53,NBEA,-0.005121847
NOVA1,NBEA,-0.3942727
BCAR3,NBEA,-0.06350715
BOLA1,NBEA,-0.024299614
CCDC22,NBEA,-0.027116856
LIPG,NBEA,-0.050736297
RRS1,NBEA,-0.019086394
YY2,NBEA,-0.05454162
LAGE3,NBEA,-0.049352486
SAP30,NBEA,-0.58123064
FAM120AOS,NBEA,-0.1531419
AC068831.6,NBEA,-0.120305255
NKRF,NBEA,-0.05063471
UBE2S,NBEA,-0.079212666
BAK1,NBEA,-0.06966057
IFI6,NBEA,-0.015782174
BCL2L15,NBEA,-0.011747022
ZNF878,NBEA,-0.14198342
DTNA,NBEA,-0.045339506
SLC16A14,NCOR2,-0.04202111
MACROD2,NCOR2,-0.036631502
TUBG2,NCOR2,-0.40911615
ZFPM1,NCOR2,-0.030809233
RNF157,NCOR2,-0.17150554
PRRG2,NCOR2,-0.042050913
RETREG3,NCOR2,-0.03971724
MB21D2,NCOR2,-0.15128341
IGSF22,NCOR2,-0.78758293
ZDHHC13,NCOR2,-0.14125423
TTC30B,NCOR2,-0.032286216
NPSR1,NCOR2,-0.05482721
SLC38A3,NCOR2,-0.2841198
MAP1LC3A,NCOR2,-0.23898616
TNNC2,NCOR2,-0.90602934
DRD1,NCOR2,-0.300964
STOML1,NCOR2,-0.15364522
GJB3,NCOR2,-0.11766925
KHDC1,NCOR2,-0.047182236
ZNF169,NEB,-0.011870416
HEATR5B,NEB,-0.05341321
GIPR,NEB,-0.043557357
UBQLNL,NEB,-0.027963953
FREM3,NEB,-0.005301637
CATSPERG,NEB,-0.07951246
SGK2,NEB,-0.03240546
TP53AIP1,NEB,-0.062431056
CLK2,NEB,-0.09723364
TLDC2,NEB,-0.03393351
POGK,NEB,0.00026118103
NCSTN,NEB,-0.041076552
COX20,NEB,-0.07279414
BCO1,NEB,-0.02329816
MIB2,NEB,-0.03708534
RASL10B,NEB,-0.075278394
SEC31B,NEB,-0.09702449
CHMP3,NEB,-1.9662175
C21orf58,NEB,-0.04480075
AQR,NEB,-0.054452814
MAP3K21,NEB,-0.034619458
LMNTD2,NEB,-0.3485245
FAM72D,NHSL1,-0.46795782
ALG1L,NHSL1,-0.021240184
KLF5,NHSL1,-0.028483072
OR10Q1,NHSL1,-0.03689551
PIGN,NHSL1,-0.040749036
RAB21,NHSL1,-0.08647148
KRT23,NHSL1,-1.5698589
ZNF80,NHSL1,-0.030487524
GNLY,NHSL1,-0.10605231
AC068831.6,NHSL1,-0.13334586
ME1,NHSL1,-0.313316
CCDC117,NHSL1,-0.046074964
TAP2,NHSL1,-0.51589984
FAM111A,NHSL1,-0.30491486
DTL,NHSL1,-0.28602406
BTG2,NID2,-0.026416074
RMDN1,NID2,-0.027957974
ZNF841,NID2,-0.21265975
AL021997.2,NID2,-0.018088866
DDX42,NID2,-0.038055543
SNAP91,NID2,-0.031696618
SPTLC2,NID2,-0.049674973
NAT10,NID2,-0.03111242
XYLB,NID2,-0.041403834
FAM166B,NID2,-0.38590136
LRIG2,NID2,-0.47053632
ZBTB25,NID2,-0.60722935
OXER1,NID2,-0.11729543
KCNQ5,NID2,-0.33335173
PRPF39,NID2,-0.30015773
ESR2,NID2,-0.46111122
HSBP1L1,NID2,-0.13229404
KLHL29,NID2,-0.036115285
MALL,NID2,-0.16364506
ARHGEF10,NID2,-0.29746816
SLC26A11,NID2,-0.31824198
NDFIP2,NID2,-0.0680884
IFT43,NINL,-0.031731717
CDRT1,NINL,-0.04282041
NHEJ1,NINL,-0.031197153
GDNF,NINL,-0.03892925
YPEL5,NINL,-0.50423926
TBX20,NINL,-0.36439154
UBE2K,NINL,-0.041481096
COL17A1,NINL,-0.11021352
LIN7C,NINL,-1.1070651
POLR3G,NINL,-0.31433102
ONECUT2,NINL,-0.28730574
DUSP6,NINL,-0.03838576
CCL15,NINL,-0.2545418
NOTUM,NINL,-0.15283328
RASL10A,NINL,-0.053847026
ZNF471,NINL,-0.075612985
SOS2,NINL,-0.11676524
MSLN,NINL,-0.28411677
ITGAL,NPY5R,-0.039445378
SOCS3,NPY5R,-0.057054345
MINK1,NPY5R,-0.034542542
LARP1B,NPY5R,-0.47628298
AC015802.6,NPY5R,-0.033360995
FBXO25,NPY5R,-0.060205657
COL27A1,NPY5R,-0.033701144
SCCPDH,NPY5R,-0.043796055
PPDPF,NPY5R,-0.26024902
SMC4,NPY5R,-0.0582403
GJB1,NPY5R,-0.14879592
RASL10A,NPY5R,-0.10948542
LHFPL4,NPY5R,-0.103193834
XCL1,NPY5R,-0.21495004
NCR1,NPY5R,-0.38032532
METTL7B,NPY5R,-1.3377068
IL18RAP,NPY5R,-0.39005828
AL110118.1,NPY5R,-0.1341965
CCDC163,NRAS,-0.008049247
TAMALIN,NRAS,-0.020572692
CHRNA1,NRAS,-0.016951036
OGFOD1,NRAS,-0.0073122354
SLC22A15,NRAS,-0.0673034
PPFIA1,NRAS,-0.073257
ACP6,NRAS,-0.091336556
CCNA1,NRAS,-0.04929599
ZNF678,NRAS,-0.027238637
MED6,NRAS,-0.027486457
ALDH1A1,NRAS,-0.111866504
ZDHHC14,NRAS,-0.043058425
TXNDC16,NRAS,-0.020963391
CHTF8,NRAS,-0.030264417
CD200R1L,NRAS,-0.049065884
DOCK6,NRAS,-0.00871658
H1-8,NRAS,-0.026712999
HNF4G,NRAS,-0.04062401
IGSF1,NRAS,-0.029983008
CILP2,NRAS,-0.0054021855
LAD1,NRAS,-0.021645216
JUNB,NRAS,-0.013130669
PNPLA1,NRAS,-0.71655047
NBPF3,NRAS,-0.026325509
H3C13,NRAS,-0.01488478
CDH17,NRAS,-0.039478716
LDHC,NRAS,-0.03699747
ADAM32,NRAS,-0.041763972
CFAP97,NRAS,-0.016448958
RPS4X,NRAS,-0.07918972
RAD51AP2,NRAS,-0.27960217
NRTN,NRAS,-0.036459763
GPR137,NRAS,-0.36475602
SLC16A13,NRAS,-0.031301036
ASPHD2,NRAS,-0.066745505
RSL24D1,NRAS,-0.021551633
LRRC73,NRAS,-0.0946344
TSPAN3,NRAS,-0.07336582
DEDD,NRAS,-0.03060823
TNFRSF11B,NRAS,-0.059734672
PAX7,NRAS,-0.029064527
KPNA5,NRAS,-0.034282
GPR146,NRAS,-0.067486875
OTX1,NRAS,-0.24577364
ERP44,NRK,-0.03807145
IBSP,NRK,-0.045685418
CLDN3,NRK,-0.042730555
HES6,NRK,-0.03732642
OTX1,NRK,-0.0878641
TEX10,NRK,-0.52055764
KRTAP12-1,NRK,-0.22025384
KRTAP3-2,NRK,-0.022325236
PARM1,NRK,-0.13645297
TXN,NRK,-0.11518776
SLC39A1,NRK,-0.04600225
DFFB,NRK,-0.082996525
H4-16,NRK,-0.55210537
MMP24OS,NRK,-0.1898799
IFITM10,NRK,-0.27781123
SLC25A30,NRK,-0.09602344
CFAP20DC,NRK,-0.06173043
RPS6KA6,NRK,-1.2885307
PUS10,NRXN1,-0.024830788
PIGT,NRXN1,-0.026854124
C19orf81,NRXN1,-0.023037203
ZNF395,NRXN1,-0.031145032
GJC3,NRXN1,-0.5553135
CWF19L2,NRXN1,-0.0738257
USP28,NRXN1,-0.10396019
PRSS21,NRXN1,-0.07966452
IFNG,NRXN1,-0.076125406
RESF1,NRXN1,-0.18283035
FOXL1,NRXN1,-0.04876044
FAM153B,NRXN1,-1.0416098
NPSR1,NRXN1,-0.3641988
ARFGEF1,NRXN1,-0.28754777
FSTL4,NRXN1,-0.060361527
NBPF6,NRXN1,-0.5625364
SYT7,NRXN1,-0.23100092
KLHL33,OBSCN,-0.024975473
AIM2,OBSCN,-0.027033653
BMPR1A,OBSCN,-0.018801428
ZFP28,OBSCN,-0.007226838
IL36G,OBSCN,-0.025475612
LCN15,OBSCN,-0.01825923
CXCL17,OBSCN,-0.07724393
RUFY1,OBSCN,-0.014393475
NACC1,OBSCN,-0.022159098
RUFY2,OBSCN,-0.05233181
ZBED2,OBSCN,-0.18593708
SECTM1,OBSCN,-0.025484584
FOLR1,OBSCN,-0.23407951
TTLL2,OBSCN,-0.16212104
BTBD17,OBSCN,-0.16299881
RPS4Y1,OBSCN,-0.03734001
GDF5,OBSCN,-0.031501766
ZBTB33,OBSCN,-0.10773963
TRPC1,OBSCN,-0.030221537
UBE2D2,OBSCN,-0.11061447
WSCD2,OBSCN,-0.054869257
ENDOG,OBSCN,-0.04822766
CENPK,OBSCN,-0.9375421
TGIF1,OBSCN,-0.03650952
RNF180,OBSCN,-0.6795695
C21orf91,OBSCN,-0.025461951
SLC2A12,OBSCN,-0.009363691
DYNC1I2,OBSCN,-0.021032836
RNF138,OBSCN,-0.18832426
MOAP1,OR1G1,-0.118348725
SLC22A18,OR1G1,-0.028725762
DIPK2B,OR1G1,-0.016255474
DENND2C,OR1G1,-0.03622873
COX11,OR1G1,-0.039034527
HBB,OR1G1,-0.07259232
ITGB6,OR1G1,-0.08269624
C10orf95,OR1G1,-0.049697235
GLRX5,OR1G1,-0.7395662
HLA-G,OR1G1,-0.043205313
SLIRP,OR1G1,-0.5785562
PTK6,OR1G1,-0.05594434
AQP7,OR1G1,-0.47408563
MRPL44,OR1G1,-0.47588915
MACROH2A2,OR1G1,-0.4015753
NPIPB15,OR1G1,-0.35167098
LY6G6C,OR1G1,-0.2781936
METTL27,OR1G1,-0.12191337
IGFBPL1,OR1G1,-0.08432789
FAM227A,OTOGL,-0.018173838
ITGA1,OTOGL,-0.014689304
DNAH11,OTOGL,-0.02027662
DNAAF3,OTOGL,-0.034681864
AGXT,OTOGL,-0.8731589
SIGLEC8,OTOGL,-0.28984147
SNX33,OTOGL,-0.042738218
FAM189A2,OTOGL,-0.037714586
MAMSTR,OTOGL,-0.23790933
TSLP,OTOGL,-0.4049208
OPCML,OTOGL,-0.02229723
MFSD14B,OTOGL,-0.07331661
MTHFR,OTOGL,-0.21629982
UBALD2,OTOGL,-0.07242237
PRKACB,OTOGL,-0.059900656
CHN2,OTOGL,-0.0719439
CHODL,OTOGL,-1.3054222
ITGA3,PAH,-0.10823517
SLC27A5,PAH,-0.13446549
DNASE2B,PAH,-0.030433258
CA13,PAH,-0.4931879
PLAAT3,PAH,-0.027884595
MBNL2,PAH,-0.032321353
GNE,PAH,-0.10851634
GYG2,PAH,-0.040872954
POP7,PAH,-0.041591372
FAXDC2,PAH,-0.13077153
ARSD,PAH,-1.0123862
RPL24,PAH,-0.35702544
HYAL1,PAH,-0.05531653
CA7,PAH,-0.09255511
FAM162A,PAH,-0.037559118
EPAS1,PAH,-0.13926229
WFDC3,PAH,-0.09851666
SDR16C5,PAH,-0.27861592
NOP16,PAH,-0.37401727
EIF3I,PAH,-0.23814712
DPCD,PAH,-0.14489594
HAUS4,PAPOLB,-0.02730927
SFI1,PAPOLB,-0.049081847
BNIP5,PAPOLB,-0.029757245
PARP9,PAPOLB,-0.022402471
SHISA8,PAPOLB,-0.039065894
SRSF5,PAPOLB,-0.032638207
AC233723.1,PAPOLB,-0.022478968
IL17RC,PAPOLB,-0.10427022
P2RX5-TAX1BP3,PAPOLB,-0.14434335
THBS3,PAPOLB,-0.03752086
ZNF596,PAPOLB,-0.036341853
IL3RA,PAPOLB,-0.08851862
LEPR,PAPOLB,-0.3248046
DGCR6L,PAPOLB,-0.1774872
TMEM178B,PAPOLB,-0.12016776
HESX1,PAPOLB,-0.27950937
STOML2,PAPOLB,-0.044350892
TMC8,PAPOLB,-0.1421571
PHETA1,PAPOLB,-0.029341314
EGR4,PAPOLB,-0.46538004
MAP3K19,PAPOLB,-0.89471394
NFKBID,PAPOLB,-0.13581191
TGFBR3,PAPOLB,-0.7465377
DNAL4,PAPOLB,-0.13672756
ELAVL2,PAPPA2,-0.022006145
SLC40A1,PAPPA2,-0.04983347
PTCH1,PAPPA2,-0.030332012
H2AL1RP,PAPPA2,-0.07532376
SERPINC1,PAPPA2,-0.04835206
GDPD2,PAPPA2,-0.5115971
HSPA2,PAPPA2,-0.13542023
BIRC5,PAPPA2,-0.04826511
ACRV1,PAPPA2,-0.302505
DYNLT1,PAPPA2,-0.02547892
WFIKKN1,PAPPA2,-0.13646199
FAM200A,PAPPA2,-0.14421347
LRP5L,PAPPA2,-0.8562038
SNRPA1,PAPPA2,-0.021472448
KLHDC7A,PAPPA2,-0.0717371
MFSD4A,PAPPA2,-0.17710295
LRRN1,PAPPA2,-0.9203564
TRMU,PAPPA2,-0.07557773
ZNF248,PAPPA2,-0.03117184
STAM2,PAPPA2,-0.10918807
MAGT1,PAPPA2,-0.032501154
ZC2HC1C,PCBP1,-0.025219306
C12orf29,PCBP1,-0.035746112
NEDD4,PCBP1,-0.011478436
WDR45,PCBP1,-0.13049576
ZNF423,PCBP1,-0.08331658
COX6A1,PCBP1,-0.0152184535
AGPAT5,PCBP1,-0.5099262
FGD3,PCBP1,-0.11836852
SNRPB2,PCBP1,-0.026964914
HSPA1B,PCBP1,-0.20976304
METTL27,PCBP1,-0.23461123
CRYBA1,PCBP1,-0.16399765
R3HDM2,PCBP1,-0.511438
SNORC,PCBP1,-0.36765847
GUF1,PCBP1,-0.94133735
DTNA,PCBP1,-0.076044776
SYT1,PCBP1,-0.022415088
RGS16,PCBP1,-0.019835243
TROAP,PCBP1,-0.004189523
C6,PCBP1,-0.06486634
HLA-A,PCBP1,-0.18217698
MARCKSL1,PCDH11X,0.0013216201
ARC,PCDH11X,-0.027662685
SAXO1,PCDH11X,-0.07000532
OLFM1,PCDH11X,-0.023369724
RFX5,PCDH11X,-0.014038549
ZIC5,PCDH11X,-0.021253483
BRSK2,PCDH11X,-0.17632362
TNNI3,PCDH11X,-0.16089958
TLE6,PCDH11X,-0.030179692
SLC38A6,PCDH11X,-0.07211088
PVR,PCDH11X,-0.3000782
ERN2,PCDH11X,-0.18534423
INCA1,PCDH11X,-0.3011318
EIF2S3B,PCDH11X,-0.04066135
EPN1,PCDH11X,-0.040970363
GOLGA5,PCDH11X,-0.037372872
IL34,PCDH11X,-0.033668283
CAMKMT,PCDH11X,-0.5015029
COL28A1,PCDH11X,-0.046022378
XPO5,PCDH11X,-0.019395787
FCAMR,PCDH11X,-0.068010174
CPTP,PCDH11X,-0.08767971
IQCK,PCDH11X,-0.05543659
TIGD2,PCDH11X,-0.058915507
TXNDC11,PCDH11X,-0.01843436
MACC1,PCDH11X,-0.25026068
ANAPC13,PCDH11X,0.0009104675
STK40,PCDH11X,-0.9356898
OLFM4,PCDH11X,-0.06880196
MPZL3,PCDH11X,-0.11404594
PARM1,PCDH15,-0.039742492
PLK1,PCDH15,-0.034342516
FGF13,PCDH15,-0.035989024
SYT2,PCDH15,-0.019792745
SYK,PCDH15,-0.016798941
IZUMO2,PCDH15,-0.03722876
PNPLA1,PCDH15,-0.23455386
H3C10,PCDH15,-0.07238717
CHMP4C,PCDH15,-0.12638044
CHN2,PCDH15,-0.07160794
NPBWR1,PCDH15,-0.117954515
TEX19,PCDH15,-0.8023694
TSPAN11,PCDH15,-0.31236687
CCDC194,PCDH15,-0.14230831
UBAC1,PCDH15,-0.23978806
TTC9B,PCDH15,-0.13739331
WNT7B,PCDH15,-0.37297443
BST2,PCDH15,-0.3704029
SNRPD1,PCDH15,-0.14589521
EEA1,PCDH15,-0.10741432
LY6G6F-LY6G6D,PCDH15,-0.48560604
TNFRSF18,PCDH17,-0.08414093
FAM78B,PCDH17,-0.08603854
CEBPD,PCDH17,-0.038681034
MKX,PCDH17,-0.032377325
CYP4F3,PCDH17,-0.06488136
ADPRM,PCDH17,-0.015160753
CD160,PCDH17,-0.35642892
C5orf24,PCDH17,-1.5136659
SEZ6L,PCDH17,-0.09843475
ZNF81,PCDH17,-0.23655184
DDX17,PCDH17,-0.10015621
OSBPL10,PCDH17,-0.13498631
IFI30,PCDH17,-0.03741142
SMPX,PCDH17,-0.025239537
SLC27A6,PCDH17,-0.040286984
AC013477.1,PCDH17,-0.07829636
PPP4R4,PCDH17,-0.41115865
ZNF117,PCDH17,-0.20553546
RSBN1L,PCDH17,-0.10828425
ARL15,PCDH17,-0.102727525
GZMA,PCDH19,-0.043239664
KLF3,PCDH19,-0.029777527
CSGALNACT1,PCDH19,-0.02512711
PLPP3,PCDH19,-0.018687846
XCR1,PCDH19,-0.0403276
FCER2,PCDH19,-0.301724
YWHAZ,PCDH19,-0.11568828
SHANK2,PCDH19,-0.2921529
CRTC2,PCDH19,-0.027689802
CCL8,PCDH19,-0.29961002
NPC2,PCDH19,-0.06692437
CCL5,PCDH19,-0.18180256
ANGPTL4,PCDH19,-0.24328578
BLOC1S2,PCDH19,-0.7531774
ELAC1,PCDH19,-0.42108518
DPP7,PCDH19,-0.10232353
ZFY,PCDH19,-0.30633357
IFI27L1,PCDH19,-0.14137311
CD8A,PCDH19,-0.512511
RNFT2,PCDHA11,-0.023810918
LYRM1,PCDHA11,-0.008444137
FAF2,PCDHA11,0.00056890975
OR4E1,PCDHA11,-0.015152198
ITCH,PCDHA11,-0.01871736
MCFD2,PCDHA11,-0.014369747
MPC1,PCDHA11,-0.020565128
ABHD11,PCDHA11,-0.03354816
KCNK17,PCDHA11,-0.013029926
THAP12,PCDHA11,-0.5089424
PRKACB,PCDHA11,-0.44806504
UBALD2,PCDHA11,-0.33357844
MFHAS1,PCDHA11,-0.004112721
DACT2,PCDHA11,-0.12351348
ALOX15,PCDHA11,-0.33695522
PGBD4,PCDHA11,-0.021663368
FAM221A,PCDHA11,-0.07001814
ZNF433,PCDHA11,-0.055916462
FTCDNL1,PCDHA11,-0.36767453
MESP1,PCDHA11,-0.004048948
DYNC2I1,PCDHA11,-0.18318251
DSC2,PCDHA11,-0.13433765
H4C11,PCDHA11,-0.32549143
LIMD1,PCDHA11,-0.028595673
CASP2,PCDHA11,-0.07731213
NUP210,PCDHA11,-0.06646516
HYOU1,PCDHA11,-0.077262186
CHD1,PCDHA11,-0.07609801
METTL7A,PCDHA11,-0.07098685
RSBN1,PCDHA11,-0.13210477
SWSAP1,PCDHA11,-0.062166493
DYM,PCDHA12,-0.042736955
PTGR1,PCDHA12,-0.040517796
DISP3,PCDHA12,-0.034618806
FKBPL,PCDHA12,-0.022258937
MAP2K4,PCDHA12,-0.03726396
CMTM2,PCDHA12,-0.016087784
PRSS54,PCDHA12,-0.08648133
EFHC2,PCDHA12,-0.09644062
CCND3,PCDHA12,-0.3055963
METTL15,PCDHA12,-0.53561497
SLPI,PCDHA12,-0.08940526
LRRN1,PCDHA12,-0.07912306
KIF3A,PCDHA12,-0.030386692
ARSG,PCDHA12,-0.10155774
SEMA4F,PCDHA12,-0.021345224
PPDPF,PCDHA12,-0.08328786
RDH14,PCDHA12,-0.049126826
MAP7D2,PCDHA12,-0.09380806
SMTNL1,PCDHA12,-0.049076583
SMIM32,PCDHA12,-1.731149
ZNF706,PCDHA12,-0.39440203
SMAD9,PCDHA13,-0.042257544
IYD,PCDHA13,-0.047944624
NFU1,PCDHA13,-0.054012354
VTI1B,PCDHA13,-0.039800048
ELOVL7,PCDHA13,-0.5663291
DCAF11,PCDHA13,-0.0004990273
CLIC6,PCDHA13,-0.02230512
EXOC4,PCDHA13,-0.109189644
APPL2,PCDHA13,-0.23351361
MOCOS,PCDHA13,-0.81012106
RBPMS,PCDHA13,-0.17578992
NEURL3,PCDHA13,-0.020702811
TRIM45,PCDHA13,-0.062438253
BMP3,PCDHA13,-0.09241194
ZNF714,PCDHA13,-0.11698846
TFAP2E,PCDHA13,-0.32367486
RIBC2,PCDHA13,-0.98315054
MALRD1,PCDHA13,-0.13284576
SYT12,PCDHA4,-0.04125212
PDE4DIP,PCDHA4,-0.65141255
GRM3,PCDHA4,-0.26099542
TMEM18,PCDHA4,-0.046262648
SMIM30,PCDHA4,-0.029097086
SPINDOC,PCDHA4,-0.03407352
FBXO43,PCDHA4,-0.33477697
ARRDC3,PCDHA4,-0.024263773
N4BP2,PCDHA4,-0.066748954
ANGPTL3,PCDHA4,-0.40260932
IL22RA1,PCDHA4,-0.11914309
SPATA6L,PCDHA4,-0.10148986
CD58,PCDHA4,-0.7279954
SLC35E4,PCDHA4,-0.10188784
CD44,PCDHA4,-0.82075673
KDM5D,PCDHA4,-0.14857215
TMC6,PCDHB8,-0.027893463
TBCB,PCDHB8,-0.029693667
DISP3,PCDHB8,-0.04471538
SMARCA2,PCDHB8,-0.023228437
ZNF43,PCDHB8,-0.116759256
UPK1A,PCDHB8,-0.014161909
SHANK2,PCDHB8,-0.07319107
CRYAB,PCDHB8,-0.07301325
TSNAXIP1,PCDHB8,-0.12751475
TAS1R1,PCDHB8,-0.029031435
EDAR,PCDHB8,-0.2900895
PPWD1,PCDHB8,-0.15451309
CCDC194,PCDHB8,-0.1409639
UBE2I,PCDHB8,-0.022680609
SERP2,PCDHB8,-0.05194922
NEIL2,PCDHB8,-0.25373727
RNF224,PCDHB8,-0.04876295
ZNF683,PCDHB8,-0.54586107
BCL2L2-PABPN1,PCDHB8,-0.94243765
CD83,PCDHB8,-0.5247021
CDKN2A,PCDHB8,-0.09903682
MANBA,PCDHB8,-0.36711282
NR1D1,PCDHGA8,-0.04478795
VRK1,PCDHGA8,-0.059015527
FAM174B,PCDHGA8,-0.03494717
ECM1,PCDHGA8,-0.04776286
LRRC8E,PCDHGA8,-0.088848144
TMC4,PCDHGA8,-0.22032309
INTS10,PCDHGA8,-0.38350675
GTF2H2,PCDHGA8,-0.045400955
HPF1,PCDHGA8,-1.2932594
CMPK1,PCDHGA8,-0.02168835
CRABP1,PCDHGA8,-0.792851
SOD3,PCDHGA8,-0.059626672
NCR3,PCDHGA8,-0.021360494
SUMO1,PCDHGA8,-0.21170487
ARSG,PCDHGA8,-0.096499495
C2CD4D,PCDHGA8,-0.09896109
GTF2H2C,PCDHGA8,-0.07132817
CPEB4,PCDHGA8,-0.20797028
ZNF518B,PCLO,-0.033468034
MICALL2,PCLO,-0.098724246
KLHDC2,PCLO,-0.018750593
PCGF1,PCLO,-0.07311463
PKN3,PCLO,-0.05083409
NRG1,PCLO,-0.044631787
MED8,PCLO,-0.17300792
TSC1,PCLO,-0.2090622
ZNF841,PCLO,-0.18065037
CACNA2D4,PCLO,-0.025261488
GSTM2,PCLO,-0.33975452
HCST,PCLO,-0.041919068
NOTCH4,PCLO,-0.026913475
ACOT9,PCLO,-0.469365
DLGAP1,PCLO,-0.010327416
SLC30A3,PCLO,-0.409087
LRCH4,PCLO,-0.079545215
HPS1,PCLO,-0.08171092
FLCN,PCLO,-1.1291426
PIK3R2,PCLO,-0.11974481
FAM24B,PCLO,-0.096177936
TRPV6,PDE4DIP,-0.19145477
ZP2,PDE4DIP,-0.14854589
LY6G6D,PDE4DIP,-0.22197162
GPRIN1,PDE4DIP,-0.11205101
DNAAF3,PDE4DIP,-0.40464783
SMIM32,PDE4DIP,-0.17450392
SNTN,PDE4DIP,-0.13394696
DHRS12,PDE4DIP,-0.3983435
TSPAN11,PDE4DIP,-0.038893413
XPNPEP2,PDE4DIP,-0.20913115
FBXO43,PDE4DIP,-0.723892
C18orf25,PDE4DIP,-1.2111444
SEMA3C,PDZRN4,-0.045960434
CLEC16A,PDZRN4,-0.041739598
STPG4,PDZRN4,-0.041815117
BAZ2A,PDZRN4,-0.28073886
YWHAZ,PDZRN4,-0.19193314
NMBR,PDZRN4,-0.038146183
MAP3K6,PDZRN4,-0.12866859
EPB41L3,PDZRN4,-0.10703339
NSMF,PDZRN4,-0.12700464
MTSS1,PDZRN4,-0.187254
BRINP2,PDZRN4,-0.14059742
MAEA,PDZRN4,-0.24346519
KIF14,PDZRN4,-0.23812474
KLRC1,PDZRN4,-0.4360423
SHH,PDZRN4,-0.14086688
VAX1,PDZRN4,-0.113400064
LAPTM4A,PDZRN4,-0.040357914
SYAP1,PDZRN4,-0.060509168
B3GAT1,PDZRN4,-0.45722958
KRTAP4-1,PDZRN4,-0.4477339
NFU1,PDZRN4,-0.35969839
ZW10,PHACTR3,-0.037219025
MMP3,PHACTR3,-0.029444303
KAT7,PHACTR3,-0.024559643
KSR1,PHACTR3,-0.34306893
GPI,PHACTR3,-0.03891827
TRNT1,PHACTR3,-0.04070391
TDRKH,PHACTR3,-0.09701576
AC108941.3,PHACTR3,-0.04532272
GALNTL6,PHACTR3,-0.24167973
H2AC16,PHACTR3,-0.11991747
MTRR,PHACTR3,-0.45409653
CTNNB1,PHACTR3,-0.06872873
CEACAM1,PHACTR3,-0.12381849
DNAAF2,PHACTR3,-0.16661696
H1-0,PHACTR3,-0.13720134
ZNF100,PHACTR3,-1.5737208
MMP23B,PHACTR3,-0.09224531
WIPI1,PHACTR3,-0.15516552
VAMP4,PHACTR3,-0.048600044
RGPD8,PHACTR3,-0.12425426
CCR1,PHIP,-0.03872977
BLOC1S3,PHIP,-0.004419645
PPARGC1A,PHIP,-0.031068536
SLC45A3,PHIP,-0.032853995
A4GALT,PHIP,-0.009604895
ZNF655,PHIP,-0.064977266
AMH,PHIP,-0.021140056
KDM1A,PHIP,-0.68139213
MTSS2,PHIP,-0.03541252
CPA2,PHIP,-0.059776224
ERVW-1,PHIP,-0.048686437
TF,PHIP,-0.32754314
C2CD4D,PHIP,-0.061933365
KCNF1,PHIP,-0.22164923
KLHL42,PHIP,-0.015907263
MSL3,PHIP,-0.2490376
RBPMS,PHIP,-0.9282472
ODF2L,PHIP,-0.30375487
PIR,PHIP,-0.07045897
SLC22A15,PHIP,-0.03623543
SGPL1,PHIP,-0.0735148
HIPK2,PHIP,-0.0074401163
GINS3,PHIP,0.00043939037
SMAD9,PHIP,-0.06341077
ERCC6L,PHIP,-0.35829115
STXBP2,PIK3CA,-0.017891172
R3HDM1,PIK3CA,-0.012737351
CEMIP,PIK3CA,-0.5274241
HELLS,PIK3CA,-0.06047484
TCF19,PIK3CA,-0.012485671
COL11A2,PIK3CA,-0.041633528
LPXN,PIK3CA,-0.041821063
RUBCNL,PIK3CA,-0.11466443
CCDC169,PIK3CA,-0.19419256
CNTN2,PIK3CA,-0.058106363
RAET1G,PIK3CA,-0.022722408
CLCN1,PIK3CA,-0.061067592
PCNT,PIK3CA,-0.14501674
SCD,PIK3CA,-0.34849033
RAB37,PIK3CA,-0.03872291
DCTN2,PIK3CA,-0.12792519
TRIQK,PIK3CA,-0.037701074
NOLC1,PIK3CA,-0.05021727
PLPBP,PIK3CA,-0.052568857
TMEM63C,PIK3CA,-0.055095635
DAPL1,PIK3CA,-0.25761732
SRMS,PIK3CA,-0.05198422
GALNT8,PIK3CA,-0.31627694
HMGCS1,PIK3CA,-0.058379386
F2RL2,PIK3CA,-0.0021326449
DUSP10,PIK3CA,-0.057758436
STXBP5L,PIK3CA,-0.047296766
PKIA,PIK3CA,-0.051126145
FOXC2,PIK3CA,-0.0340253
RTN2,PIK3CA,-0.3637465
HSPA4,PIK3CA,-0.07705463
ZNF165,PIK3CA,-0.043701354
TNMD,PIK3CA,-0.017676609
ANKRD13D,PIK3R1,-0.032773305
TANGO6,PIK3R1,-0.49987552
LY6G6D,PIK3R1,-0.04532212
VPS53,PIK3R1,-0.037904218
ABCC1,PIK3R1,-0.01636409
SKAP1,PIK3R1,-1.1589105
AC108941.3,PIK3R1,-0.040744644
CCNB2,PIK3R1,-0.06468831
PSMA6,PIK3R1,-0.574311
METTL7A,PIK3R1,-0.81953204
DKKL1,PIK3R1,-0.02719943
MICALL2,PIK3R1,-0.08513112
GBP3,PIK3R1,-0.021016741
ABHD14B,PIK3R1,-0.10156346
KPTN,PIK3R1,-0.26306042
MESP1,PIK3R1,-0.100165576
FAM174B,PITRM1,-0.043598082
AC090004.1,PITRM1,-0.09096317
CXCL14,PITRM1,-0.13818103
ROPN1,PITRM1,-0.37688065
KIAA0895L,PITRM1,-0.20303927
ZNF169,PITRM1,-0.029977752
RETN,PITRM1,-0.022745265
SBF1,PITRM1,-0.018961458
MICALL2,PITRM1,-0.10376272
ANKFN1,PITRM1,-0.08328394
TMEM158,PITRM1,-0.08934138
TNNI2,PITRM1,-0.11331918
PER3,PITRM1,-0.22372638
TDRD10,PITRM1,-0.40393448
OSBPL7,PITRM1,-0.07995453
NRG1,PITRM1,-0.52953064
TREM2,PITRM1,-0.08183489
NFU1,PITRM1,-0.040801138
SLC2A14,PITRM1,-0.064813316
BMX,PITRM1,-0.10993432
NMNAT2,PITRM1,-0.036606245
ANKHD1,PITRM1,-0.09168409
JMJD7-PLA2G4B,PITRM1,-0.7121416
ZNF141,PITRM1,-0.097197436
IMP4,PKD1L1,-0.048910223
HDAC8,PKD1L1,-0.022202706
DRAM2,PKD1L1,-0.16536134
CKAP2L,PKD1L1,-0.04778961
UCN,PKD1L1,-0.048459865
LONRF1,PKD1L1,-0.1785558
HLA-DQB2,PKD1L1,-0.06483268
PCM1,PKD1L1,-0.17197204
CD9,PKD1L1,-0.19865459
RAPGEFL1,PKD1L1,-0.036019463
CDKL2,PKD1L1,-0.09412858
C4orf46,PKD1L1,-0.14889759
FBXO16,PKD1L1,-0.24721347
DLX6,PKD1L1,-0.33664748
AGMO,PKD1L1,-0.09696265
GCOM1,PKD1L1,-0.55690926
UBE2D2,PKD1L1,-0.019465989
CXCL2,PKD1L1,-0.39270598
CCDC9B,PKD1L1,-0.052191325
HIGD2B,PKD1L1,-0.232606
RFESD,PKD1L1,-0.7356905
TRIM10,PKDREJ,-0.009901904
MACROH2A1,PKDREJ,-0.19825569
TRIM22,PKDREJ,-0.025510026
KIR3DL2,PKDREJ,-0.028545251
ZIK1,PKDREJ,-0.0298587
CCDC58,PKDREJ,-0.025047664
FHDC1,PKDREJ,-0.22228405
SNX24,PKDREJ,-0.16518675
PLA2G2A,PKDREJ,-0.14644687
AADAC,PKDREJ,-0.1755468
FLACC1,PKDREJ,-0.023027625
CXCL14,PKDREJ,-0.20198897
IGDCC4,PKDREJ,-0.12646571
SLCO1B3,PKDREJ,-0.28497252
PKIA,PKDREJ,-0.04030392
ZNF844,PKDREJ,-0.2730999
DBNDD2,PKDREJ,-0.6756662
UGT8,PKDREJ,-1.09038
EMID1,PKDREJ,-0.17029293
SPRR3,PKDREJ,-0.131766
NT5C3B,PLEKHG4B,-0.036601823
CD5,PLEKHG4B,-0.08990161
DCST2,PLEKHG4B,-0.03577835
PIGM,PLEKHG4B,-0.118842565
TFF3,PLEKHG4B,-0.07668225
WASL,PLEKHG4B,-0.6255762
RPL21,PLEKHG4B,-0.061369244
EOGT,PLEKHG4B,-0.03296087
GPHN,PLEKHG4B,-0.083019994
ELAVL2,PLEKHG4B,-0.027278654
BET1,PLEKHG4B,-0.09096167
PAX8,PLEKHG4B,-0.546885
CDHR3,PLEKHG4B,-0.2956813
RASA4,PLEKHG4B,-0.104894236
HOXA1,PLEKHG4B,-0.3159824
MPIG6B,PLEKHG4B,-0.0930439
STXBP6,PLEKHG4B,-1.015729
AK3,PLEKHG4B,-0.101839
SLFN5,PLEKHG4B,-0.111025386
ABHD18,PLG,-0.041325357
KANSL2,PLG,-0.037538845
CCDC69,PLG,-0.023930356
HLA-F,PLG,-0.02260865
TSC22D4,PLG,-0.033183966
ABCE1,PLG,-0.21346377
HLA-E,PLG,-0.048247606
PCGF1,PLG,-1.0373582
TDRD5,PLG,-0.060639117
KCNH2,PLG,-0.48943302
ATL2,PLG,-0.1234308
BRSK2,PLG,-0.017971786
BTN3A1,PLG,-0.122977905
XCL2,PLG,-0.091602825
PHF1,PLG,-0.211148
HLA-G,PLG,-0.42381698
RPS6KA1,PLG,-0.09810159
KDF1,PLG,-0.1263311
ACTR3C,PLG,-0.079502024
HPF1,PLG,-0.10460819
SF3B6,PLG,-0.48988935
HGSNAT,PLXND1,-0.2097567
MMS19,PLXND1,-0.0036260225
SMKR1,PLXND1,-0.0339712
CHST9,PLXND1,-0.03654151
LEO1,PLXND1,-0.0444733
MPV17L2,PLXND1,-0.033532564
APOBR,PLXND1,-0.036936887
SOX15,PLXND1,-0.08942193
RAB28,PLXND1,-0.6889221
TYRP1,PLXND1,-0.38091946
AC010325.1,PLXND1,-0.11750124
TMEM170B,PLXND1,-0.11931141
ABI2,PLXND1,-0.040542103
PRKACA,PLXND1,-0.023834223
SF3A2,PLXND1,-0.41450098
MAGEB2,PLXND1,-0.08596977
RPS6,PLXND1,-0.04190091
GNPDA2,PLXND1,-0.100884244
COL27A1,PLXND1,-0.08648337
CCNY,PLXND1,-0.8799636
C19orf81,PLXND1,-0.067049325
HNRNPH3,PLXND1,-0.496159
MRPL46,PNLDC1,-0.013508084
GON4L,PNLDC1,-0.0032606744
DEFB1,PNLDC1,-0.044685815
WDR43,PNLDC1,-0.029158946
UQCC1,PNLDC1,-0.11572921
MOK,PNLDC1,-0.09628865
NOL10,PNLDC1,-0.07775897
ST3GAL2,PNLDC1,-0.036603425
GPR45,PNLDC1,-0.94801706
MAS1L,PNLDC1,-0.04388847
TMC5,PNLDC1,-0.10824827
NHP2,PNLDC1,-0.060848467
TTC38,PNLDC1,-0.3179694
CHIC2,PNLDC1,-0.047283147
KRT36,PNLDC1,-0.4532691
MAVS,PNLDC1,-1.3893129
RHBDL1,PNLDC1,-0.115296975
MT-CO3,PNLIPRP3,-0.034173742
TREM1,PNLIPRP3,-0.18067797
NTM,PNLIPRP3,-0.028357808
FTCD,PNLIPRP3,-0.10434893
CLDN12,PNLIPRP3,-0.039623987
ARRDC4,PNLIPRP3,-0.0369806
TMEM176B,PNLIPRP3,-0.28878555
LMOD3,PNLIPRP3,-0.03729349
MLNR,PNLIPRP3,-0.028418647
SOD3,PNLIPRP3,-0.10547889
VSIG10L,PNLIPRP3,-0.821811
STC2,PNLIPRP3,-0.16087812
XIRP1,PNLIPRP3,-0.120198876
NKX2-1,PNLIPRP3,-0.2590214
NKX2-8,PNLIPRP3,-0.34227592
ALDH1A1,PNLIPRP3,-0.7115587
TMEM145,PNLIPRP3,-0.13275057
RPS6KA6,PNLIPRP3,-0.041548703
ALKAL2,PNLIPRP3,-0.1455774
VWA5A,PNLIPRP3,-0.12478771
PFKFB4,PNLIPRP3,-0.15549372
FAM53C,PREX1,-0.3673535
MDM4,PREX1,-0.034156438
NEURL1,PREX1,-0.038417708
OTULIN,PREX1,-0.039438426
PUDP,PREX1,-0.02630433
EIF6,PREX1,-0.24320686
PPP1R3G,PREX1,-0.03369305
LGALSL,PREX1,-0.041555278
ACTR3C,PREX1,-0.042820603
ESPN,PREX1,-0.28699937
ATP1B1,PREX1,-0.25615233
ISL1,PREX1,-0.10217269
JADE2,PREX1,-0.31145996
HSPA4L,PREX1,-0.16655298
RANBP6,PREX1,-0.6602908
MYO15B,PREX1,-1.1244699
TKTL1,PREX1,-0.14643484
SUV39H1,PREX2,-0.0268242
MRPL21,PREX2,-0.062139753
NAXD,PREX2,-0.031852245
BICDL2,PREX2,-0.043254964
ZAR1,PREX2,-0.02713917
RNF208,PREX2,-0.053438723
ASB6,PREX2,-0.33493698
EXD3,PREX2,-0.025913982
CILK1,PREX2,-0.0143236965
AP3B1,PREX2,-0.05236107
TCP10L2,PREX2,-0.1284872
SPICE1,PREX2,-0.10289088
EXO1,PREX2,-0.024800016
CEP128,PREX2,-0.09972111
AL357556.3,PREX2,-1.8788935
FBXL3,PREX2,-0.24296653
TANC2,PREX2,-0.11381945
ARRDC1,PREX2,-0.064139366
PRAME,PREX2,-0.038133834
DPF1,PREX2,-0.13595112
PRR15,PREX2,-0.1141186
MTHFR,PREX2,-0.26710576
CDC42SE2,PRKCB,-0.04636027
M1AP,PRKCB,-0.01796377
USP48,PRKCB,-0.041430146
RPL23,PRKCB,-0.028967235
BZW1,PRKCB,-0.037737943
PWWP3B,PRKCB,-0.017409869
KLRC4-KLRK1,PRKCB,-0.034341097
PLCB3,PRKCB,-0.53378177
DYM,PRKCB,-0.2537893
GPRC5D,PRKCB,-0.11757595
KMT2B,PRKCB,-0.3905444
RMND1,PRKCB,-0.66970044
MAGIX,PRKCB,-0.049340133
KIF13A,PRKCB,-0.70585215
DLG5,PRKCB,-0.85133684
MIIP,PRKCB,-0.10024963
CCN5,PRKCB,-0.03961431
ADAM19,PRKCB,-0.11958162
KRT5,PRKCB,-0.1620661
SFTPA2,PRKDC,-0.017128393
METTL22,PRKDC,-0.035009358
ELOF1,PRKDC,-0.031132063
POLM,PRKDC,-0.061047073
ARHGAP23,PRKDC,-0.015617582
NINJ1,PRKDC,-0.01176481
SMAP2,PRKDC,-0.014800462
ANKS3,PRKDC,-0.041641977
IGSF9B,PRKDC,-0.16933139
FLRT1,PRKDC,-0.867061
MLLT1,PRKDC,-0.6335932
LY6G5B,PRKDC,-0.5671373
FGF9,PRKDC,-0.09802634
TSSK4,PRKDC,-0.36325485
SLC39A2,PRKDC,-0.18097027
SRRM5,PRKDC,-0.42717317
SLC39A4,PRKDC,-0.053916745
IRX2,PRKDC,-0.4553986
FAM155B,PRKDC,-0.10731149
RIDA,PTPN13,-0.05418208
CHMP4A,PTPN13,-0.015004611
GATAD2B,PTPN13,-0.7364146
HOGA1,PTPN13,-0.10896723
PRAP1,PTPN13,-0.295344
INPP5J,PTPN13,-0.12584017
ZNF706,PTPN13,-0.8017284
ACTR3C,PTPN13,-0.12880874
GDF15,PTPN13,-0.109525934
ARID4B,PTPN13,-0.14040342
LRRC63,PTPN13,-0.084104255
RSPH14,PTPN13,-0.072992794
CSPG5,PTPN13,-0.07321573
TVP23B,PTPN13,-0.08991702
LRCH4,PTPN13,-0.019963212
FAM111A,PTPN13,-0.06940576
SP140L,PTPN13,-0.023289653
MAPK13,PTPN13,-0.016635742
ESYT3,PTPN13,-0.34630185
PLA2G4B,PTPN13,-0.07049137
RNF168,PTPN13,-0.25516447
SHANK2,PTPN13,-0.07990272
CNPPD1,PTPN14,-0.024267865
SLC22A23,PTPN14,-0.017004475
AC013477.1,PTPN14,-0.033476863
TBX18,PTPN14,-0.035178382
ZNF784,PTPN14,-0.06614693
TIFA,PTPN14,-0.75153613
SGO1,PTPN14,-0.35801238
CCR9,PTPN14,-0.035626255
EXPH5,PTPN14,-0.0350875
CELA1,PTPN14,-0.26705092
ZNF687,PTPN14,-0.16129199
GTSE1,PTPN14,-0.16874896
ZNF507,PTPN14,-0.040367406
AP3B1,PTPN14,-0.34680074
KIF23,PTPN14,-0.34849238
C16orf95,PTPN14,-0.09486454
UBFD1,PTPN14,-0.0954971
ONECUT1,PTPN14,-0.08205976
TAPBP,PTPN14,-0.068966985
FAM111A,PTPN14,-0.87091327
PIF1,PTPN14,-0.13184224
JPT1,PTPRC,-0.015919704
LLCFC1,PTPRC,-0.06473445
C19orf81,PTPRC,-0.34044537
F2RL2,PTPRC,-0.022471022
NUDT1,PTPRC,-0.03564686
F2RL3,PTPRC,-0.025767086
DMAC2L,PTPRC,-0.02955889
EPGN,PTPRC,-0.21587236
PLEKHO1,PTPRC,-0.046550754
GKAP1,PTPRC,-0.90246844
TPD52L1,PTPRC,-0.068479635
C5orf46,PTPRC,-0.15164742
GNG3,PTPRC,-0.28426298
MDGA2,PTPRC,-1.1164125
SYF2,PTPRC,-0.14767903
SLC7A6OS,PTPRC,-0.13792962
ZNF879,PTPRC,-0.29921162
PCDHGA6,PTPRC,-0.1653533
DAZAP1,PTPRM,-0.028245395
TNFRSF13C,PTPRM,-0.05017342
FUZ,PTPRM,-0.19129041
FOXB1,PTPRM,-0.12267219
TRIM16,PTPRM,-0.016945003
NPBWR1,PTPRM,-0.05830504
RYK,PTPRM,-0.062025532
TAPT1,PTPRM,-0.11955982
PHF1,PTPRM,-0.09695528
STK36,PTPRM,-0.018641977
AMH,PTPRM,-0.041644465
NPIPB6,PTPRM,-0.5223839
RSBN1,PTPRM,-0.036482215
TDRD15,PTPRM,-0.05863963
FAAH2,PTPRM,-0.10023706
SLC25A1,PTPRM,-0.018401999
RRAGD,PTPRM,-0.12232327
ZNF280D,PTPRM,-0.6328871
CHN2,PTPRM,-0.066883944
GSDMB,PTPRM,-0.10077434
FRMPD1,PTPRM,-0.09733349
RAB33B,PTPRM,-0.9885983
FAM71F2,PTPRM,-0.097319596
ULK3,PTPRM,-0.13801493
WDR87,PTPRM,-0.087629884
ADH6,PTPRQ,-0.01623856
UBE3B,PTPRQ,-0.021597765
RHBDD2,PTPRQ,-0.012672611
PIWIL2,PTPRQ,-0.037105046
SELENOT,PTPRQ,-0.008761716
CNTN6,PTPRQ,-0.050643504
MOCOS,PTPRQ,-0.28959233
HOXC11,PTPRQ,-0.070598185
TAF4B,PTPRQ,-1.7321517
ZNF317,PTPRQ,-0.029535824
FIS1,PTPRQ,-0.015187863
TIMM21,PTPRQ,-0.13266148
PDE9A,PTPRQ,-0.054604057
IRAK1BP1,PTPRQ,-0.07286846
AZI2,PTPRQ,-0.09551437
LINGO3,PTPRQ,-0.8619474
IL6,PTPRQ,-0.055298015
PDIA3,PTPRQ,-0.017451592
PARD6A,PTPRQ,-0.07898786
TAC4,PTPRQ,-0.033383448
KIF3A,PTPRT,-0.061315347
SOCS1,PTPRT,-0.030307444
ATP5ME,PTPRT,-0.026941774
SLC1A7,PTPRT,-0.028773412
C11orf86,PTPRT,-0.013908066
SFMBT1,PTPRT,-0.015453153
USP30,PTPRT,-0.1008322
EIF4EBP2,PTPRT,-0.14959462
GIMAP5,PTPRT,-0.13237013
VPREB3,PTPRT,-0.12446603
PADI2,PTPRT,-0.36235097
FAM114A1,PTPRT,-0.20026143
TSC22D1,PTPRT,-0.032493312
CCDC60,PTPRT,-0.1004888
TIMM9,PTPRT,-0.15842874
CFAP20DC,PTPRT,-0.5120872
FOXJ1,PTPRT,-0.5331465
UNC13D,PTPRT,-0.2084328
MYO7A,PTPRT,-0.6720454
AFF3,PTPRT,-0.14924169
ADGRB2,PTPRT,-0.2884496
TMEM92,PTPRT,-0.17452309
C2orf83,PUM1,-0.030148882
SYNGR4,PUM1,-0.023264468
ABI1,PUM1,-0.03043149
AL928654.3,PUM1,-0.033039957
CHRNB1,PUM1,-1.0812588
FSBP,PUM1,-0.010894867
RHPN2,PUM1,-0.025039079
ARHGEF3,PUM1,-0.03977174
IER5L,PUM1,-0.05358287
LPXN,PUM1,-0.15203872
DPH1,PUM1,-0.13680086
NDST4,PUM1,-1.67883
ZSWIM5,PUM1,-0.13831085
VENTX,PUM1,-0.03545106
PTCD1,PUM1,-0.032585908
CPNE8,PUM1,-0.12198024
ART1,PUM1,-0.106353834
MAGT1,PUM1,-0.111980185
ANKRD30B,PUM1,-0.23739125
MAPK7,PXDN,-0.014689381
NATD1,PXDN,-0.018627802
SMTNL1,PXDN,-0.038528267
MFSD6,PXDN,-0.11179116
ZFAND3,PXDN,-0.5058145
TRMT1,PXDN,-0.06535278
LTO1,PXDN,-0.041294098
PPP1R3F,PXDN,-0.039903615
PNPLA1,PXDN,-0.20973535
NLRP2,PXDN,-0.07042885
RPL36AL,PXDN,-0.048256155
TH,PXDN,-0.0148416795
CNTN3,PXDN,-0.29329917
CCDC74A,PXDN,-0.2482069
SLC22A14,PXDN,-1.54164
ZNF560,PXDN,-0.112568386
ATF6B,PXDN,-0.13517284
ZGLP1,PXDN,-0.20093486
PLD6,PXDN,-0.08230086
FAR2,PXDN,-0.098543935
FLAD1,PXDN,-0.036439992
TFR2,PZP,-0.054042038
NUB1,PZP,-0.057348162
PTPRO,PZP,-0.02045981
YAE1,PZP,-0.021615209
ZNF774,PZP,-0.081301525
LOXL4,PZP,-0.028699923
ALDH3B2,PZP,-0.65254617
SDAD1,PZP,-1.0254556
CLTB,PZP,-0.021527141
H4-16,PZP,-0.10009772
ZNF385D,PZP,-0.04010737
AC010422.8,PZP,-0.08402591
DNAJA1,PZP,-0.07765375
POLE3,PZP,-0.24015957
PTPA,PZP,-0.10889954
FBXO10,PZP,-0.51830345
PMPCA,PZP,-0.10397301
RPP14,PZP,-0.12009721
ZNF101,PZP,-0.12841402
SLC25A30,PZP,-0.12197352
ZNF431,PZP,-0.09955335
RHBDD3,PZP,-0.09697687
CSF2,RB1CC1,-0.052018177
API5,RB1CC1,-0.13502562
LGI2,RB1CC1,-0.011478353
SGSM3,RB1CC1,-0.039320033
VPS33B,RB1CC1,-0.01822772
KIAA0753,RB1CC1,-0.08523536
C1orf87,RB1CC1,-0.031216308
ZNF583,RB1CC1,-0.1166305
USF1,RB1CC1,-0.03468398
FRRS1,RB1CC1,-1.5394338
SLC35F4,RB1CC1,-0.053565424
STAMBPL1,RB1CC1,-0.092316866
RHO,RB1CC1,-1.5633314
ZFAND3,RB1CC1,-0.036737308
LRATD2,RB1CC1,-0.013816606
CD1B,RB1CC1,-0.08522183
ITGAX,RBP3,-0.36149836
ST8SIA4,RBP3,-0.002140278
EGLN2,RBP3,-0.030923318
CPSF7,RBP3,-0.043967783
TBC1D10A,RBP3,-0.024253745
KRT23,RBP3,-0.6784043
TFR2,RBP3,-0.4419633
RNASEK,RBP3,-0.16232182
AC118553.2,RBP3,-0.46266633
LAG3,RBP3,-0.21923172
IFNG,RBP3,-0.11720636
MMS22L,RBP3,-1.2290934
SLC18B1,RBP3,-0.12908609
PAX3,RELN,-0.11077221
ESRRG,RELN,-0.029103795
FNDC11,RELN,-0.035434727
CTNND2,RELN,-0.041726016
TGFB1,RELN,-0.020571748
ERBB4,RELN,-0.23192714
AAAS,RELN,-0.038985036
YARS2,RELN,-0.022163747
MARK4,RELN,-0.016659027
DPY19L3,RELN,-0.057933353
ABCC11,RELN,-0.02023959
JAG2,RELN,-0.0115821045
FKBP9,RELN,-0.026353074
NELL1,RELN,-0.03162634
AZIN2,RELN,-0.073655844
SLC8B1,RELN,-0.17068247
OIT3,RELN,-0.6091806
AK4,RELN,-0.053030364
FAM81A,RELN,-0.010582152
NPDC1,RELN,-0.0027045922
NRG1,RELN,-0.036526386
ADGRF1,RELN,-0.0029251713
JCHAIN,RELN,-0.088967554
KRT23,RELN,-0.060794212
ADPRM,RELN,-0.13103782
MAPK7,RELN,-0.18056695
RPS25,RELN,-0.0343034
RILP,RELN,-0.70370644
PCDHB14,RELN,-0.22815011
CCDC12,RELN,-0.0100067435
MAPRE1,RELN,-0.11321156
E4F1,RELN,-0.07277542
ALKBH5,RELN,-0.35851663
MX2,RELN,-0.045270924
STMN1,RET,-0.025536584
TCEA3,RET,-0.021801071
NEURL1B,RET,-0.059447438
ARHGAP33,RET,-0.75403917
SIAH1,RET,-0.025297677
KCNK15,RET,-0.6018394
TMED6,RET,-0.19863434
ECE1,RET,-0.060323656
RAPGEF6,RET,-0.11221246
ATP6V0C,RET,-0.05109625
TMEM145,RET,-0.050199404
EXOSC6,RET,-0.11145962
CD14,RET,-0.06667593
AC007906.2,RET,-0.06666176
TTC19,RET,-0.56245625
ALDH1B1,RET,-0.18299808
OPRK1,RET,-0.042988207
RGPD2,RET,-0.500563
CALY,RET,-0.22033271
SLC11A2,RET,-0.09063405
MAFK,RET,-0.083175674
MED28,RIMS1,-0.0046052276
CEP72,RIMS1,-0.029251587
BMP2,RIMS1,-0.03234985
CXADR,RIMS1,-0.012436887
SNCAIP,RIMS1,-0.00086685363
DDO,RIMS1,-0.037748024
CD19,RIMS1,-0.013742878
RIN1,RIMS1,-0.036034163
SULT2A1,RIMS1,-0.021932863
C11orf54,RIMS1,-0.03669262
TMEM8B,RIMS1,-0.084718846
ARMCX4,RIMS1,-0.6592876
NCLN,RIMS1,-0.026216883
BTBD3,RIMS1,-0.048959047
ESRP2,RIMS1,-0.13784717
LRRC34,RIMS1,-0.062912285
TMEM253,RIMS1,-0.8059143
ATP5F1B,RIMS1,-0.016717194
RTN4R,RIMS1,-0.19214657
DLG3,RIMS1,-0.063961305
H2AC14,RIMS1,-0.060690366
C9orf78,RIMS1,-0.19218174
LMO4,RIMS1,-0.065441735
FAM122A,RIMS1,-0.021183457
CNTFR,RIMS1,-0.091512464
STIMATE,RIMS1,-0.07680962
CEACAM6,RIMS1,-0.05041883
PRMT6,RIMS1,-0.1382763
MRPL21,RIMS1,-0.057251956
KYAT3,RIMS1,-0.037508503
HSP90AA1,RIMS1,-0.029496402
RAPGEF3,RIMS1,-0.09204174
CPSF2,RIMS1,-0.07763965
FAM90A1,RIMS1,-0.07056615
PJA1,RIMS1,-0.07143641
MVP,RIMS1,-0.12364981
TBCCD1,RIMS1,-0.061869822
RNPS1,RIMS1,-0.006418403
STK33,RNF213,-0.16758932
LYSMD3,RNF213,-0.031309113
ZNF396,RNF213,-0.052155297
UGGT2,RNF213,-0.036486417
GCSAM,RNF213,-0.02444655
NUDT3,RNF213,-0.2664641
MCM5,RNF213,-0.098881915
CTNNA1,RNF213,-0.060778048
FAM72D,RNF213,-0.03719914
CCDC3,RNF213,-0.016639307
SLC22A3,RNF213,-0.09345596
TYW3,RNF213,-0.0825625
TMC6,RNF213,-0.06722165
KL,RNF213,-0.12493461
ZBTB12,RNF213,-0.15112045
LACTB,RNF213,-0.29966998
BRD2,RNF213,-0.2723217
RNF4,RNF213,-0.41909835
ZNF654,RNF213,-0.08666465
FOXA1,RNF213,-0.092244335
PRPF38B,RNF213,-0.584534
PLAG1,RNF213,-0.051683113
PRUNE2,RNF213,-0.27749726
FUBP1,RNF213,-0.21084705
CCDC163,RNF213,-0.080773056
TMEM144,ROBO1,-0.19641335
CEP78,ROBO1,-0.18857308
CACNA1D,ROBO1,-0.019316675
LSM6,ROBO1,-0.03890969
ZDHHC13,ROBO1,-0.036857866
HOXC6,ROBO1,-0.027162597
KIF20A,ROBO1,-0.3221852
EDN3,ROBO1,-0.0955328
EXOC5,ROBO1,-0.11022287
CEP70,ROBO1,-0.06674159
WDR41,ROBO1,-0.61372864
FAM3B,ROBO1,-0.10555113
IKZF5,ROBO1,-0.075505346
EFHC1,ROBO1,-0.3648621
DEPDC1B,ROBO1,-0.3505236
CREB3L3,ROBO1,-0.031888727
PLA2R1,ROBO1,-0.21036121
KNG1,ROBO1,-0.53969425
FOXD1,ROBO1,-0.26064685
KCNK9,ROBO1,-0.09351353
GGPS1,ROBO2,-0.11155741
HSPBP1,ROBO2,-0.033472314
MUC4,ROBO2,-0.024175642
GJA3,ROBO2,-0.037798006
TSPAN5,ROBO2,-0.19576584
MLANA,ROBO2,-0.042505223
SPHK2,ROBO2,-0.060487956
VWA5B2,ROBO2,-0.50633544
PAQR4,ROBO2,-0.03494457
CRIP2,ROBO2,-0.014412857
SRA1,ROBO2,-0.0055751977
RAB5B,ROBO2,-0.1032694
C12orf60,ROBO2,-0.04523002
PRKCE,ROBO2,-0.07528228
ST3GAL3,ROBO2,-0.027043156
RETSAT,ROBO2,-0.43609682
PITPNM3,ROBO2,-0.03336111
KCNK9,ROBO2,-0.9487011
KLK10,ROBO2,-0.025640896
TMEM106B,ROBO2,-0.28004566
SLC25A48,ROBO2,-0.19210054
PRELID3A,ROBO2,-0.20326804
FIBCD1,ROBO2,-0.1565456
MARCKS,ROBO2,-0.01635894
TAS2R14,ROBO2,-0.19191538
TMX4,RYR2,-0.00978979
NUDT14,RYR2,-0.0059846756
ACP1,RYR2,-0.01542667
PNLDC1,RYR2,-0.0116235865
ISOC1,RYR2,-0.03119259
CNNM4,RYR2,-0.08210537
PSORS1C1,RYR2,-0.028766029
ARHGEF38,RYR2,-0.03131868
FAM86B1,RYR2,-0.0872668
PIK3CB,RYR2,-0.031308375
GTF2H2,RYR2,-0.0124852
AKR7A2,RYR2,-0.02022012
UTY,RYR2,-0.020868303
NTHL1,RYR2,-0.015578481
PLCH1,RYR2,-0.07038218
PMEPA1,RYR2,-0.012837806
LRP12,RYR2,-0.070494644
SMC4,RYR2,-0.023359358
SCML2,RYR2,-0.019847313
MUC12,RYR2,-0.023018679
LRG1,RYR2,-0.102065556
TEPP,RYR2,-0.06721096
NOP14,RYR2,-0.0037339285
LY6G6C,RYR2,-0.028442657
PLEKHH3,RYR2,-0.060979526
FUNDC1,RYR2,-0.030958222
GLB1L,RYR2,-0.14144175
FBRSL1,RYR2,-0.05053754
CCDC102B,RYR2,-0.006847376
SLC35A5,RYR2,-0.025816573
TP53TG5,RYR2,-0.010143851
MICB,RYR2,-0.01701252
RHOB,RYR2,-0.016065452
WNT11,RYR2,-0.056844268
TMEM181,RYR2,-0.015037301
PSMA8,RYR2,-0.0077056056
RBM4,RYR2,-0.03657798
PPP1R36,RYR2,-0.03611779
CNNM2,RYR2,-0.021079838
B3GAT3,RYR2,-0.037424926
CST3,RYR2,-0.01222759
P3H4,RYR2,-0.016962774
OXR1,RYR2,-0.0026124627
ESRRG,RYR2,-0.05929001
DKK1,RYR2,-0.013654451
SLC9C1,RYR2,-0.027271833
KIAA1549L,RYR2,-0.018381331
RRS1,RYR2,-0.049940493
BAG2,RYR2,-0.22170672
PKIB,RYR2,-0.02116405
ACE2,RYR2,-0.50850207
MCCC1,RYR2,-0.016046729
SLC29A1,RYR2,-0.020349173
WWC1,RYR2,-0.026418922
PROS1,RYR2,-0.035875656
EIF1AY,RYR2,-0.025354687
AKAP5,RYR3,-0.03663949
PAPOLA,RYR3,-0.0036781388
PREX2,RYR3,-0.01196619
KIAA1109,RYR3,-0.008306661
WNT5B,RYR3,-0.041508477
NEMP1,RYR3,-0.0406056
GPM6B,RYR3,-0.021838047
PCDHGA7,RYR3,-0.02817164
AC068831.6,RYR3,-0.43635094
ZNF490,RYR3,-0.0063398494
ASAH2B,RYR3,-0.05675564
ABCG1,RYR3,-0.14722465
PER3,RYR3,-0.01944591
PPP4C,RYR3,-0.051954154
C11orf68,RYR3,-0.03009663
MMP19,RYR3,-0.005865963
RETSAT,RYR3,-0.04168367
C11orf98,RYR3,-0.385159
NPNT,RYR3,-0.30859873
RHBDD1,RYR3,-0.2783142
SULT1C2,RYR3,-0.02689465
SLC48A1,RYR3,-0.014667683
TMEM11,RYR3,-0.2970795
LHFPL5,RYR3,-0.01472678
FOLR3,RYR3,-0.1003649
HDAC11,RYR3,-0.043599855
PNLDC1,RYR3,-0.046653423
PGPEP1,RYR3,-0.061644923
PRDM13,RYR3,-0.037182968
LMX1A,RYR3,-0.038273588
AC092718.3,RYR3,-0.9382078
HERC5,RYR3,-0.059364747
YWHAB,SACS,-0.011652078
SCARA3,SACS,-0.023712363
COX20,SACS,-0.054541312
ADRA2B,SACS,-0.12725766
RBKS,SACS,-0.053809453
ZFHX3,SACS,-0.04054932
BCL2L15,SACS,-0.045657195
RBM14,SACS,-0.019910425
POLR3K,SACS,-0.028112888
LGR5,SACS,-0.053162925
ZNF564,SACS,-0.08141805
PFN2,SACS,-0.06434519
TIMM17B,SACS,-0.1070105
CCDC110,SACS,-0.040603444
IFT43,SACS,-0.039791536
PAM,SACS,-0.01984105
KDM3A,SACS,-0.0615619
HIBCH,SACS,-0.06627642
BPTF,SACS,-0.56092584
PLPP3,SACS,-0.11623366
SPDYC,SACS,-0.029494258
DAO,SACS,-0.03846314
RSAD1,SACS,-0.025707258
C5AR2,SACS,-0.06573539
NEURL1,SACS,-0.04280465
SEMA3D,SACS,-0.067989156
NUFIP2,SACS,-0.5723427
DCTN3,SACS,-0.0013099121
OR6T1,SACS,-0.25934443
GTF2B,SACS,-0.016119305
BLMH,SACS,-0.120665394
IL1RN,SACS,-0.05817666
TTLL4,SACS,-0.09949172
FAM241A,SACS,-0.028935498
TSKU,SACS,-0.1397425
ZNF648,SACS,-0.13566065
GPX6,SACS,-0.04531447
SMIM22,SASH1,-0.039858174
MS4A14,SASH1,-0.026967077
ADAMTSL4,SASH1,-0.015483135
C2orf69,SASH1,-0.009627798
APOBR,SASH1,-0.037281025
ZNF845,SASH1,-0.042551823
RHBDL1,SASH1,-0.025003618
LRRC17,SASH1,-0.20401153
BLACAT1,SASH1,-0.031707946
ATIC,SASH1,-0.20531984
FCER1A,SASH1,-0.23912941
AC068946.1,SASH1,-0.10620403
QSER1,SASH1,-0.96466196
C18orf32,SASH1,-0.33096275
RPS6KA5,SASH1,-0.022351116
TAS2R42,SASH1,-0.14869188
TIGD3,SASH1,-0.17181419
ULK4,SASH1,-0.12983087
ZNF286A,SASH1,-0.7727922
NECTIN4,SASH1,-0.120849974
CDC14B,SASH1,-0.15471058
MKRN3,SASH1,-0.31643558
BTC,SCN11A,-0.02329831
PRR18,SCN11A,-0.043538887
GABRE,SCN11A,-0.033049963
PLPPR2,SCN11A,-0.0098168
MYO1G,SCN11A,-0.04888381
MICALL2,SCN11A,-0.88065344
AOPEP,SCN11A,-0.013206622
HK3,SCN11A,-0.46389
ZBTB26,SCN11A,-0.01742109
FAM3A,SCN11A,-0.511652
PPM1N,SCN11A,-0.08733784
CD14,SCN11A,-0.023023318
ACTR3C,SCN11A,-0.06622556
PRPF18,SCN11A,-0.0749635
GPM6B,SCN11A,-0.074217275
ALOX12,SCN11A,-0.28687754
WASHC2C,SCN11A,-0.3838055
USF1,SCN11A,-0.07503297
PLAA,SCN11A,-0.44502556
KHDC4,SCN11A,-0.07458607
DNAI3,SCN11A,-0.028013797
ABHD3,SCN9A,-0.029924363
TAOK3,SCN9A,-0.021053778
ATF2,SCN9A,-0.013666802
HAUS7,SCN9A,-0.015894445
MED8,SCN9A,-0.081247926
PRR15L,SCN9A,-0.018593129
CCDC27,SCN9A,-0.016989617
PFKFB3,SCN9A,-0.04297773
DMXL1,SCN9A,-0.015498493
CAMTA2,SCN9A,-0.18972705
SETX,SCN9A,-0.29079103
AIDA,SCN9A,-0.2287485
KLHL2,SCN9A,-0.47053632
RAP2B,SCN9A,-0.5060993
DTX3,SCN9A,-0.04180384
HLTF,SCN9A,-0.17775206
ABHD5,SCN9A,-0.12811142
RILPL2,SCN9A,-0.36769333
ATL3,SCN9A,-0.13422245
CAMSAP1,SCN9A,-0.34788424
NUP188,SCN9A,-0.3935201
SEC16A,SCN9A,-0.27763247
FAM149A,SCN9A,-0.34625822
SPRING1,SDK1,-0.008651864
MLF2,SDK1,-0.0009578628
C2CD3,SDK1,-0.015846416
MAEL,SDK1,-0.021468554
CCN3,SDK1,-0.03222562
PDIK1L,SDK1,-0.10151109
PDIA3,SDK1,-0.02210941
TBCD,SDK1,-0.01611091
OPN4,SDK1,-0.071202114
MAN1A2,SDK1,-0.01273392
STK17B,SDK1,-0.025271747
TCTEX1D2,SDK1,-0.063361
DNAJB13,SDK1,-0.05444235
CPD,SDK1,-0.23677039
THTPA,SDK1,-0.042816736
POU2F3,SDK1,-0.046038814
SUZ12,SDK1,-0.0881493
YY2,SDK1,-0.27075478
CISD2,SDK1,-0.061157007
EFNA1,SDK1,-0.07040972
GALK1,SDK1,-0.07598876
HPF1,SDK1,-0.8562805
TAF1,SDK1,-0.26475406
BBC3,SDK1,-0.076556094
C6orf132,SDK1,-0.09217813
OXLD1,SDK1,-0.069158345
NEK3,SDK1,-0.18270968
AP1S3,SDK1,-0.08115203
PIR,SDK1,-0.13310091
KCNMB4,SDK1,-0.24806339
RADX,SDK1,-0.2986507
RPS6KA4,SEMA3E,-0.038505893
USB1,SEMA3E,-0.034969788
FBXW7,SEMA3E,-0.031486142
AC079447.1,SEMA3E,-1.3840692
SCYL2,SEMA3E,-0.102634154
RAB15,SEMA3E,-0.019092798
DNAJC28,SEMA3E,-0.06806897
TECR,SEMA3E,-0.08410332
MTMR4,SEMA3E,-0.09118481
OXCT1,SEMA3E,-0.11187719
USP32,SEMA3E,-0.022751298
EEF2K,SEMA3E,-0.06885488
FTCD,SEMA3E,-0.07439552
NSRP1,SEMA3E,-0.6003948
PAGR1,SEMA3E,-0.03785908
TRAPPC1,SEMA3E,-0.06149051
DCTN3,SEMA3E,-0.7961297
RPS26,SEMA3E,-0.058949944
CTNNBIP1,SEMA3E,-0.10464686
TMEM270,SEMA3E,-0.07998536
BAG2,SETD2,-0.3864201
DNAAF3,SETD2,-0.3157368
CDCA2,SETD2,-0.4337042
DROSHA,SETD2,-0.29653314
EXOSC9,SETD2,-0.27618027
PAPSS1,SETD2,-0.24601042
TAP1,SETD2,-0.31254026
BUB1,SETD2,-1.37746
RNGTT,SETD2,-0.3502987
CORO1A,SETD2,-0.04146919
NR2F6,SHPRH,-0.055188153
PRPS1,SHPRH,-0.039417747
GNLY,SHPRH,-0.058866207
MYO7B,SHPRH,-0.49716306
HSD11B2,SHPRH,-0.021474116
TMEM249,SHPRH,-0.09858997
KIR2DL4,SHPRH,-1.7916275
UBA3,SHPRH,-0.04287508
WARS1,SHPRH,-0.119141415
WNK4,SHPRH,-0.33452088
LAMP1,SHPRH,-0.0032069979
OSTC,SHPRH,-0.07164889
BCAT1,SHPRH,-0.04297079
PYCARD,SHPRH,-0.06055178
SOD3,SHPRH,-0.070077814
AIFM3,SHPRH,-0.2380826
TMIGD3,SHPRH,-0.11287587
CLDN23,SHPRH,-0.24104145
NOD1,SHROOM2,-0.02452947
RPL7L1,SHROOM2,-0.0319633
MMP2,SHROOM2,-0.024385167
MSR1,SHROOM2,-0.021446388
TINAG,SHROOM2,-0.053115662
ZNF678,SHROOM2,-0.02331834
CCDC183,SHROOM2,-0.036907304
VIPR1,SHROOM2,-0.008842368
INPPL1,SHROOM2,-0.16631764
ADAM11,SHROOM2,-0.05501669
LCNL1,SHROOM2,-0.09944292
RAB4B,SHROOM2,-0.31459174
MOGS,SHROOM2,-0.29839772
SMG9,SHROOM2,-0.24684389
GABRB1,SHROOM2,-0.2871843
ELMOD3,SHROOM2,-0.4047228
ALG1L,SHROOM2,-0.36978254
SHKBP1,SHROOM2,-0.1890598
MSL1,SHROOM2,-0.69947714
AL365205.1,SHROOM2,-0.6146249
TMED1,SHROOM2,-0.16396433
MSLNL,SIGLEC1,-0.016613834
LGALS7B,SIGLEC1,-0.0061239945
IGF2BP1,SIGLEC1,-0.023241652
NLRP4,SIGLEC1,-0.021272043
TPO,SIGLEC1,-0.018157782
NAGK,SIGLEC1,-0.027611075
CLDN12,SIGLEC1,-0.085424244
ARHGEF37,SIGLEC1,-0.13886927
PARD3,SIGLEC1,-0.0027978022
ZC3H18,SIGLEC1,-0.028311765
DSEL,SIGLEC1,-0.028324755
SEMA5B,SIGLEC1,-0.15075007
MED21,SIGLEC1,-0.15854974
CYP4V2,SIGLEC1,-0.046081807
CYP1A1,SIGLEC1,-1.3427218
DCT,SIGLEC1,-0.111937195
TXNL4B,SIGLEC1,-0.5071055
ELAC1,SIGLEC1,-0.44359684
AP006621.6,SIGLEC1,-0.12552467
FAU,SIGLEC1,-0.14277431
CLEC11A,SIGLEC1,-0.041131172
HEXA,SIGLEC1,-0.19088979
PHF1,SIGLEC1,-0.113322265
CARD16,SIGLEC1,-0.4199334
VCPKMT,SLC16A7,-0.024915526
AKNAD1,SLC16A7,-0.14345855
CPNE7,SLC16A7,-0.010025134
FAM111B,SLC16A7,-0.05879581
TWF1,SLC16A7,-0.010675845
CLPX,SLC16A7,-0.008337744
DCDC2C,SLC16A7,-0.10186499
GK3P,SLC16A7,-0.031804774
GPKOW,SLC16A7,-0.83541715
ARHGAP12,SLC16A7,-0.030462962
ZNF575,SLC16A7,-0.59935206
LPAR5,SLC16A7,-0.44803664
AFAP1,SLC16A7,-0.028598664
EXOC3L4,SLC16A7,-0.10854054
TMC4,SLC16A7,-0.51297045
B3GNT8,SLC16A7,-0.142793
GLRA2,SLC16A7,-0.12696949
PCDHA9,SLC16A7,-0.13799433
IKBKG,SLC16A7,-0.5553283
SLC4A10,SLC16A7,-0.113075145
SDR16C5,SLC16A7,-0.15260981
JOSD1,SLCO6A1,-0.024554115
USP41,SLCO6A1,-0.007976607
TNNI3K,SLCO6A1,-0.00830604
RPS6KA3,SLCO6A1,-0.07029019
HHAT,SLCO6A1,-0.1618316
MAT1A,SLCO6A1,-0.01571628
ABLIM1,SLCO6A1,-0.02546895
ZNF670,SLCO6A1,-0.09169629
UBE2D4,SLCO6A1,-0.0024507942
TNNI3,SLCO6A1,-0.051199272
ITGAD,SLCO6A1,-0.047785774
TF,SLCO6A1,-0.111679815
PCDHGA10,SLCO6A1,-0.087267615
GPRC5D,SLCO6A1,-0.03370889
SFTPA2,SLCO6A1,-0.044067748
CCL20,SLCO6A1,-0.25267202
ACBD5,SLCO6A1,-0.53548205
BTC,SLCO6A1,-0.027895771
SENP3-EIF4A1,SLCO6A1,-0.072946705
HPCA,SLCO6A1,-0.043973956
CACUL1,SLCO6A1,-0.20621754
LTF,SLCO6A1,-0.059101287
RGS14,SLCO6A1,-0.537891
NUP50,SLCO6A1,-0.6947155
NLRC5,SLCO6A1,-0.14216018
MS4A15,SLCO6A1,-0.04761407
CDHR3,SLCO6A1,-0.05446931
NPHP4,SLCO6A1,-0.19064644
ACAP2,SLCO6A1,-0.05936432
ERGIC1,SLIT2,-0.014277747
HNRNPC,SLIT2,-0.023995835
DHRS9,SLIT2,-0.077799015
ZHX3,SLIT2,-0.011070224
LBP,SLIT2,-0.2841117
TAS2R20,SLIT2,-0.027609233
MYO1D,SLIT2,-0.23341832
MANBAL,SLIT2,-0.024102105
PSPC1,SLIT2,-0.17774716
ANP32B,SLIT2,-0.71068895
CCDC194,SLIT2,-0.1357553
TAS2R8,SLIT2,-0.33558708
NLRP9,SLIT2,-0.12682518
MRPS5,SLIT2,-0.2677855
RPL41,SLIT2,-0.18682382
FAM24B,SLIT2,-1.0970527
AC068946.1,SLIT2,-0.33782324
PRPF4B,SLITRK1,-0.026685024
SGO2,SLITRK1,-0.10883119
MYCT1,SLITRK1,-0.046344686
PSTPIP2,SLITRK1,-0.00909055
CAMK2N1,SLITRK1,-0.015624157
FAM135B,SLITRK1,-0.019166684
PLEKHA5,SLITRK1,-0.12794435
ADCY2,SLITRK1,-0.026690982
TOLLIP,SLITRK1,-0.054285664
SLC2A13,SLITRK1,-0.14673723
SERPINB1,SLITRK1,-1.1408881
STRIP2,SLITRK1,-0.21604921
KLK10,SLITRK1,-0.18810862
LSMEM1,SLITRK1,-0.026053632
ZNF853,SLITRK1,-0.15562283
SERPINB3,SLITRK1,-0.3995671
MAGEB17,SLITRK1,-0.6577736
ZNF569,SLITRK1,-0.2666321
SMIM24,SLITRK1,-0.0382436
TG,SLITRK1,-0.1244287
MAP3K6,SLITRK1,-0.370505
CEP126,SMAD4,-0.014521125
VIP,SMAD4,-0.0163266
CHCHD10,SMAD4,-0.0116175115
ANKRD9,SMAD4,-0.03794743
PTPN7,SMAD4,-0.047890987
CPA4,SMAD4,-0.0126650855
PLAC8,SMAD4,-0.037713908
MTARC2,SMAD4,-0.046577178
ADCY6,SMAD4,-0.011304784
ISL1,SMAD4,-0.025798261
VSNL1,SMAD4,-0.047850724
USP49,SMAD4,-0.022073762
ENOSF1,SMAD4,-0.28342277
MARCHF3,SMAD4,-0.11338441
ZSWIM7,SMAD4,-0.077173226
RABGAP1L,SMAD4,-0.026515024
ASGR1,SMAD4,-0.0028593182
SH3GL2,SMAD4,-0.025630562
B4GALT7,SMAD4,-0.007848412
C5orf49,SMAD4,-0.0217443
DPY19L1,SMAD4,-0.1325413
PTX4,SMAD4,-0.024561232
ALDH1A1,SMAD4,-0.056518298
CABP1,SMAD4,-0.0292692
PCMT1,SMAD4,-0.06526165
ABCG2,SMAD4,-0.015892738
MAN2C1,SMAD4,-0.051032998
MMP7,SMAD4,-0.04332024
ALDH1A2,SMAD4,-0.043998174
TGFBR3L,SMAD4,-0.09751855
CSPG5,SMAD4,-0.10886855
TM4SF4,SMAD4,-0.12672731
ARMH1,SMAD4,-0.18261844
MUC17,SMAD4,-0.049316373
BTNL9,SMAD4,-0.55622256
DEAF1,SMAD4,-0.09004007
DOCK11,SMAD4,-0.033531435
ITGBL1,SMAD4,-0.018831747
ABCB9,SMAD4,-0.02400155
CACNB2,SMAD4,-0.12509777
SERTAD3,SMAD4,-0.040763196
IL13RA1,SMAD4,-0.042552218
MMP13,SMAD4,-0.18016924
LAPTM4A,SMAD4,-0.020737106
TKTL2,SMAD4,-0.039548732
ACTA1,SMAD4,-0.100036085
NME1,SMARCA1,-0.009554551
CCDC122,SMARCA1,-0.047568265
RPL8,SMARCA1,-0.01754892
GZF1,SMARCA1,-0.2414374
C17orf97,SMARCA1,-0.019213144
CCDC137,SMARCA1,-0.026312323
CLDN10,SMARCA1,-0.02550238
C20orf204,SMARCA1,-0.010907848
SYNPR,SMARCA1,-0.4212643
GSTA4,SMARCA1,-0.065469794
NUP98,SMARCA1,-0.026055718
OR2I1P,SMARCA1,-0.06448989
KLRK1,SMARCA1,-0.15161645
NAA30,SMARCA1,-0.29948163
PPP3R1,SMARCA1,-0.030032782
HCRT,SMARCA1,-0.062283833
HSPA12A,SMARCA1,-0.098350644
ARMC4,SMARCA1,-0.1736306
IFNGR1,SMARCA1,-0.093361646
AC008676.3,SMARCA1,-0.53446555
NPIPB15,SMARCA1,-0.06839144
ELMOD2,SMARCA1,-0.027302312
LRRN1,SMARCA1,-0.052775454
SVIL,SMARCA1,-0.08274676
ARMT1,SMARCA1,-0.4123347
ERICH6,SMARCA1,-0.03250815
ESPNL,SMARCA1,-0.043999877
ZNF114,SMARCA1,-0.052769054
HOMER1,SMARCA1,-0.06795249
CYP2S1,SMARCA1,-0.024136806
SULT1B1,SMARCA1,-0.19300385
RAB2B,SMARCA1,-0.12560923
CLCNKA,SMARCA1,-0.027777415
FZD7,SMARCA1,-0.05658244
PCMTD2,SMARCA4,-0.043200605
CCDC152,SMARCA4,-0.630322
TNRC6A,SMARCA4,-0.046167564
ZNF587,SMARCA4,-0.03527255
HOXC6,SMARCA4,-0.10426579
CCDC6,SMARCA4,-0.027392864
SNX27,SMARCA4,-0.1228337
JUND,SMARCA4,-0.098345175
MX2,SMARCA4,-0.12654024
PPP2R3C,SMARCA4,-0.03820615
TNRC6B,SMARCA4,-0.98789954
CSNK1G1,SMARCA4,-0.30845198
NPSR1,SMARCA4,-0.117481604
AC006254.1,SMARCA4,-0.12044862
TNFRSF21,SMARCA4,-0.06706498
PIBF1,SMARCA4,-0.107171714
TRIB2,SMARCA4,-0.16999239
IL2RG,SMARCA4,-0.12465646
KCNK1,SMARCA4,-0.05817022
HOXA3,SMARCA4,-0.36844167
PIF1,SMARCA4,-0.13697161
GFOD1,SORCS1,-0.17045927
CKAP2L,SORCS1,-0.0018086103
OLAH,SORCS1,-0.01696185
NEBL,SORCS1,-0.0062742303
TTC34,SORCS1,-0.01972988
FBXL16,SORCS1,-0.012881058
PLPP5,SORCS1,-0.01894401
C11orf65,SORCS1,-0.06392364
BBS7,SORCS1,-0.03370099
MUC5AC,SORCS1,-0.024121441
NLRP14,SORCS1,-0.023720589
TPCN1,SORCS1,-0.3219527
COPB1,SORCS1,-0.05054653
USP33,SORCS1,-0.02297925
CCR9,SORCS1,-0.05526458
MALRD1,SORCS1,-0.016045839
IL1RL2,SORCS1,-0.039355237
MT-ND2,SORCS1,-0.043182515
ARCN1,SORCS1,-0.04062401
CETN3,SORCS1,-0.25436878
CADM4,SORCS1,-0.057262283
ABCG8,SORCS1,-0.03200808
SPRYD4,SORCS1,-0.04845639
KLHL13,SORCS1,-0.26452795
IGFBPL1,SORCS1,-0.027559081
DEUP1,SORCS1,-0.13765818
METTL7A,SORCS1,-0.20498942
MT-ND3,SORCS1,-0.18697093
EML5,SORCS1,-0.78424495
LHX2,SORCS1,-0.07470607
MED9,SORCS1,-0.20099673
HACD1,SORCS1,-0.058634337
COL9A1,SORCS1,-0.06963759
IRS2,SORCS1,-0.007705036
RBM7,SORCS1,-0.19431998
KIR2DL3,SORCS1,-0.057226405
RHOF,SOX9,-0.02683843
SLC27A3,SOX9,-0.047002885
EIF4E,SOX9,-0.084203996
HSBP1L1,SOX9,-0.032930017
POU2F3,SOX9,-0.5583953
RBM38,SOX9,-0.08440597
NEURL1,SOX9,-0.042838745
ERP27,SOX9,-0.08031772
PPIB,SOX9,-0.021013696
SCOC,SOX9,-0.04804447
MMEL1,SOX9,-0.18578556
BLOC1S4,SOX9,-0.13769276
GLCE,SOX9,-1.4684659
PLA2G12B,SOX9,-0.26947397
NEU4,SOX9,-0.19445299
RPS27L,SOX9,-0.0762434
SH3BP1,SOX9,-0.23986417
PLAGL2,SOX9,-0.026724704
IL36RN,SOX9,-0.07641987
BIN2,SPEG,-0.0100296205
CSNK1G3,SPEG,-0.03263923
RFC5,SPEG,-0.019953897
RUBCNL,SPEG,-0.11865951
GDAP2,SPEG,-0.32940644
TPP2,SPEG,-0.0867538
KLRF2,SPEG,-0.5815716
MECR,SPEG,-0.03768813
RAD23A,SPEG,-0.068181254
ZNF282,SPEG,-0.026478356
EMX2,SPEG,-0.05111306
AGR3,SPEG,-0.2931442
PFDN4,SPEG,-0.14010441
ART3,SPEG,-0.04381722
OSBPL2,SPEG,-0.25048247
GRM8,SPEG,-0.18429951
EEA1,SPEG,-1.3908466
FHAD1,SPEG,-0.14868212
NMI,SPEG,-0.099989355
HPD,SPHKAP,-0.04932934
PADI1,SPHKAP,-0.019432994
TMEM221,SPHKAP,-0.069897674
IGFBP2,SPHKAP,-0.11577173
LONP2,SPHKAP,-0.02882684
H2BC4,SPHKAP,-0.24784781
AHNAK2,SPHKAP,-0.39402443
HBZ,SPHKAP,-0.025941141
H2BC5,SPHKAP,-0.9256761
DCSTAMP,SPHKAP,-0.10042688
PROM2,SPHKAP,-0.046330836
CHIT1,SPHKAP,-0.11369272
DENND2A,SPHKAP,-0.51434946
GP1BA,SPHKAP,-0.4264383
CWH43,SPHKAP,-0.08596494
CLEC12A,SPHKAP,-0.20062138
H4C9,SPHKAP,-0.11629701
NCAM2,SPHKAP,-0.058021486
LRRC46,SPHKAP,-0.08027273
CHRM4,SPHKAP,-0.10594651
RAPGEF6,SPHKAP,-0.043461155
KCND2,SPTA1,-0.042723607
CTNS,SPTA1,-0.026785593
PSAP,SPTA1,-0.07906378
CECR2,SPTA1,-0.0117679015
SBK1,SPTA1,-0.29850715
EPHB1,SPTA1,-0.03193498
PHF7,SPTA1,-0.025796635
ABHD5,SPTA1,-0.15324885
TCF24,SPTA1,-0.088593334
PAFAH1B1,SPTA1,-0.16941828
FGF22,SPTA1,-0.13179812
MICB,SPTA1,-0.46052414
NEIL3,SPTA1,-0.54778564
DOCK1,SPTA1,-0.005224256
USB1,SPTA1,-0.03017568
MCOLN1,SPTA1,-0.024148896
SPANXN3,SPTA1,-0.04016882
B3GLCT,SPTA1,-0.058349796
ZNF197,SPTA1,-0.0022788246
REXO2,SPTA1,-0.1273221
ZNF805,SPTA1,-0.59881496
SIRPG,SPTA1,-0.056990962
SAR1A,SPTA1,-0.5485421
VAC14,SPTA1,-0.06144413
MAN1C1,SPTB,-0.086972654
CCDC34,SPTB,-0.06574261
ZBTB16,SPTB,-0.044887047
TMEM60,SPTB,-0.023915289
PRDX3,SPTB,-0.023421422
THOC6,SPTB,-0.03713021
AL031777.2,SPTB,-0.03341164
MST1R,SPTB,-0.29192448
RIN2,SPTB,-0.48281202
DNALI1,SPTB,-0.07297341
SYNPO2,SPTB,-0.01672532
CACNG4,SPTB,-1.0433208
ZDHHC2,SPTB,-0.07608396
RTL8C,SPTB,-0.67929447
MCIDAS,SPTB,-0.07649671
PBRM1,SPTB,-0.1163387
XPNPEP2,SPTB,-0.09147894
FANCD2,SPTB,-0.42372262
CRYBG3,SPTB,-0.10987396
RTN4R,SRCAP,-0.03616138
ADGRD1,SRCAP,-0.03306986
BTN3A1,SRCAP,-0.4084279
GNAZ,SRCAP,-0.03895434
E2F2,SRCAP,-0.3952085
PLAAT2,SRCAP,-0.04929788
WIPF3,SRCAP,-0.1144195
XPNPEP1,SRCAP,-0.13343474
BTN3A2,SRCAP,-0.27274895
TSSK3,SRCAP,-0.31226206
SUPT3H,SRCAP,-0.06487273
KLK13,SRCAP,-0.09240066
HLA-DQB2,SRCAP,-0.03864807
FAM118A,SRCAP,-0.10994241
SLC4A10,SRCAP,-0.5913959
UTS2,SRCAP,-0.07270978
QPCT,SRCAP,-0.029437844
ZNF813,SRCAP,-0.3216049
ZNF614,SRCAP,-0.36544088
AIPL1,SRCAP,-0.3394922
GNE,SRCAP,-0.061348494
ITPRIPL1,SRCAP,-0.05528934
MED13L,SYNE1,-0.0048760707
CCL13,SYNE1,-0.013885237
FSCN3,SYNE1,-0.013439376
SP5,SYNE1,-0.015348625
CARTPT,SYNE1,-0.0150559675
SP4,SYNE1,-0.0018182993
C16orf86,SYNE1,-0.013479471
ADGRE3,SYNE1,-0.0021364726
VSTM1,SYNE1,-0.085692436
OPLAH,SYNE1,-0.08048951
FBXW4,SYNE1,-0.00885473
UBXN2A,SYNE1,-0.013166337
NAT2,SYNE1,-0.027307939
GSAP,SYNE1,-0.014290502
HINT2,SYNE1,-0.012843899
SETD4,SYNE1,-0.032311607
IYD,SYNE1,-0.025054052
STAG3,SYNE1,-0.02792189
CHMP1B,SYNE1,-0.034294244
DUS3L,SYNE1,-0.021691758
GLRX3,SYNE1,-0.014769275
C1QL3,SYNE1,-0.011761022
ATP5MD,SYNE1,-0.019556068
SSTR5,SYNE1,9.5478335e-06
CYB561D1,SYNE1,-0.02164951
MAGEB2,SYNE1,-0.015217785
BRINP2,SYNE1,-0.02299953
ST6GALNAC2,SYNE1,-0.029505467
SDCBP,SYNE1,-0.047176033
CNDP1,SYNE1,-0.012373054
AC093512.2,SYNE1,-0.029468887
SCARB2,SYNE1,-0.013342381
RAC3,SYNE1,-0.015727635
GRK2,SYNE1,-0.008475668
OCEL1,SYNE1,-0.03397188
OTX1,SYNE1,-0.03566991
AIM2,SYNE1,-0.023361335
VIP,SYNE1,-0.023692625
TPR,SYNE1,-0.009950038
TSEN34,SYNE1,-0.005792116
FAM83B,SYNE1,-0.02449774
FAM81A,SYNE1,-0.0053017167
KIFBP,SYNE1,-0.00078188605
PCNX3,SYNE1,-0.013269732
ASPHD2,SYNE1,-0.0112174945
TP53RK,SYNE1,-0.05581107
RASL10A,SYNE1,-0.028077578
USE1,SYNE1,-0.23510441
ZBTB40,SYNE1,-0.0047925203
SLC43A1,SYNE1,-0.011375394
PPP1R3B,SYNE1,-0.022512795
SEMA3F,SYNE1,-0.011695767
TAS2R42,SYNE1,-0.11730575
RBM48,SYNE1,-0.012428254
CYB561A3,SYNE1,-0.066681996
CYP2J2,SYNE1,-6.707764e-05
SLC35C1,SYNE1,-0.006342984
CLTA,SYNE1,-0.01566371
RASD2,SYNE1,-0.010840294
EOLA1,SYNE1,-0.018645255
U2AF1,SYNE1,-0.015473275
FAM126B,SYNE1,-0.012797875
STRAP,SYNE1,-0.009543656
RAB32,SYNE1,-0.037224196
SPSB3,SYNE1,-0.01467069
MAP3K21,SYNE1,-0.02781494
CEP76,SYNE1,-0.03343102
SLC35F5,SYNE1,-0.013196575
CPA6,SYNE1,-0.011745903
DPF2,SYNE1,-0.014071222
VDAC2,SYNE1,-0.010224188
CDHR2,SYNE1,-0.0369913
PPP1R14C,SYNE2,-0.02534729
RNF165,SYNE2,-0.034353603
TNFRSF21,SYNE2,-0.045532852
CWC25,SYNE2,-0.019344315
GPX8,SYNE2,-0.14142515
ADM,SYNE2,-0.018448172
TIFA,SYNE2,-0.28302366
CELSR2,SYNE2,-0.16410585
BRD8,SYNE2,-0.20324926
WFDC3,SYNE2,-0.007417807
TYK2,SYNE2,-0.07023695
TUBB2A,SYNE2,-0.12267987
PIF1,SYNE2,-0.8228404
KDM3B,SYNE2,-0.16506149
GPR19,SYNE2,-0.02429622
CELA1,SYNE2,-0.1506473
FAM111A,SYNE2,-0.06445661
AC068831.6,SYNE2,-0.075275235
PRDM13,SYNE2,-0.028139684
LINGO3,SYNE2,-0.06705796
UCP2,SYNE2,-0.03063462
CLTRN,SYNE2,-0.19033389
PCDHB13,SYNE2,-0.07304259
CITED4,SYNE2,-0.08050638
BBS7,SYNE2,-0.7379845
JADE1,SYNE2,-0.080622226
NAT10,SYNE2,0.0021903028
SUPT5H,TAF1L,-0.021268664
MTX3,TAF1L,-0.052790236
NPHS2,TAF1L,-0.06514149
ZFP36L1,TAF1L,-0.03219009
WFDC3,TAF1L,-0.029018244
ANKRD18A,TAF1L,-0.0816202
PRSS12,TAF1L,-0.22694662
VWA1,TAF1L,-0.3299286
FAM95C,TAF1L,-0.051934093
SLCO1A2,TAF1L,-0.432775
ADRA2C,TAF1L,-0.033774108
RNF170,TAF1L,-0.07798755
ZNF23,TAF1L,-0.20157832
TASOR2,TAF1L,-0.14849558
HGSNAT,TAF1L,-0.2633752
MYB,TAF1L,-0.2498474
GP6,TAF1L,-0.49054107
RDH10,TAF1L,-0.534467
EPX,TAF1L,-0.20795932
MMS22L,TAF1L,-0.1891046
H2BC5,TAF1L,-0.009329857
KNL1,TAF4,-0.04586915
CTF1,TAF4,-0.025507793
OSER1,TAF4,-0.038476128
REM2,TAF4,-0.13875839
SESN3,TAF4,-0.028453536
CCDC68,TAF4,-0.28426346
MYO1B,TAF4,-0.033941366
RICTOR,TAF4,-0.15619896
SLC35A5,TAF4,-0.030966764
RELCH,TAF4,-0.14977379
SFTA2,TAF4,-0.9782621
PPP1R14D,TAF4,-0.051964536
ME2,TAF4,-0.5546262
GRID2IP,TAF4,-0.27687725
TVP23B,TAF4,-0.76790243
AMZ2,TAF4,-0.04435218
YAE1,TAF4,-0.13637403
EXOC4,TAF4,-0.25223354
RAB7A,TENM3,-0.008150045
PLA2G12B,TENM3,-0.016300388
TCF15,TENM3,-0.13250798
CD207,TENM3,-0.044966415
CD163L1,TENM3,-0.07249705
HACE1,TENM3,-0.12445054
AC009879.3,TENM3,-0.037868112
WDR38,TENM3,-0.06283879
TYW3,TENM3,-0.27676105
TM7SF3,TENM3,-0.090604976
POFUT2,TENM3,-0.19101167
ANKFY1,TENM3,-1.5881847
FHOD1,TENM3,-0.060764503
HYOU1,TENM3,-0.27953696
SESTD1,TENM3,-0.3939647
MYO1C,TENM3,-0.24054615
LMAN1,TENM3,-0.117054164
PSMC4,TENM4,-0.018831799
HAUS1,TENM4,-0.09905747
IPO5,TENM4,-0.017083393
ASAH2,TENM4,-0.12944911
CRYBB2,TENM4,-0.049666196
ATP5MF-PTCD1,TENM4,-0.050581887
POLR2J2,TENM4,-0.21178381
COA5,TENM4,-0.01288096
KCNK10,TENM4,-0.04101466
CCDC68,TENM4,-0.5307197
ARHGEF4,TENM4,-0.01614226
DNAJC11,TENM4,-0.16922656
OGFOD2,TENM4,-0.03299971
FANCA,TENM4,-0.19313939
OTUD1,TENM4,-0.021687519
MYRFL,TENM4,-0.032779884
NEU4,TENM4,-0.062289577
CRLS1,TENM4,-0.001079783
RAMP2,TENM4,-0.04790977
DUSP5,TENM4,-0.05556345
PIGP,TENM4,-0.03184574
OXT,TENM4,-0.09805158
KRT23,TENM4,-0.029438773
TREML2,TENM4,-0.11693414
CFAP92,TENM4,-0.023439826
RSPH10B,TENM4,-0.12959579
MUC20,TENM4,-0.037976194
SLC30A1,TENM4,-0.05006088
DNASE2B,TENM4,-0.022016238
SAMD12,TENM4,-0.13864908
MRPL51,TENM4,-0.016915226
H3C7,TENM4,-0.16181795
C20orf202,TENM4,-0.14677273
TTC29,TENM4,-0.040121738
CHMP3,TENM4,-0.17613891
SOD3,TENM4,-0.038537513
FSTL4,TENM4,-0.2543599
OGT,TENM4,-0.004350362
FANCB,TENM4,-0.058316104
STAT5A,TENM4,-0.024732664
ST8SIA5,TENM4,-0.051497277
TALDO1,TEX14,-0.009028159
CCL11,TEX14,-0.4080111
UFSP2,TEX14,-0.012627095
SMIM30,TEX14,-0.017652376
CIDEC,TEX14,-0.04941122
ORAI3,TEX14,-0.0234422
SAT2,TEX14,-0.03920166
AC011448.1,TEX14,-0.05180037
COX7C,TEX14,-1.0888232
MTRNR2L8,TEX14,-0.27100793
SRGAP2C,TEX14,-0.022167716
SMIM14,TEX14,-0.08285152
ECSIT,TEX14,-0.22775535
SCNN1G,TEX14,-0.08073275
ELAC1,TEX14,-0.054840215
C3orf70,TEX14,-0.2036339
MRPS22,TEX14,-0.9990572
AKR1C3,TEX14,-0.07085334
ZNF239,TEX14,-0.10076532
NKX2-8,TEX14,-0.07432995
CLIC6,TG,-0.023484206
SPRED2,TG,-0.026912272
METTL23,TG,-0.26703218
NFAT5,TG,-0.030506803
ADAMTS8,TG,-0.030321408
KYAT1,TG,-0.03425579
WDR97,TG,-0.11453096
TMED6,TG,-0.09193935
JHY,TG,-0.09153326
PRRG3,TG,-0.2126564
KCNV1,TG,-0.29198062
ALDH3A2,TG,-0.14521699
NMBR,TG,-0.094256036
MYH3,TG,-0.017420134
ENOSF1,TG,-0.5037679
VWA5B2,TG,-0.13366203
EIF4A1,TG,-0.70751184
VMA21,TG,-0.06639237
CDK3,TG,-1.0270238
LRCH2,THOC2,-0.021607082
RBM14-RBM4,THOC2,-0.03756634
ENPP6,THOC2,-0.5756268
MAGEL2,THOC2,-0.08268375
MME,THOC2,-0.048991956
DSG3,THOC2,-0.025009096
JMJD7-PLA2G4B,THOC2,-0.034273215
RNFT1,THOC2,-0.035424683
SLCO1B3-SLCO1B7,THOC2,-0.29762837
ATF7-NPFF,THOC2,-1.1140858
PLEKHH3,THOC2,-0.1015011
SLCO1B3,THOC2,-0.035306666
FGF9,THOC2,-0.12315482
MROH1,THOC2,-0.14056402
CACNA1G,THOC2,-0.12362238
SSBP2,THOC2,-0.12600836
DAXX,THOC2,-0.0615106
WASHC5,THOC2,-0.04422848
IMP3,THOC2,-0.113222845
PCSK4,THOC2,-0.5075451
AC097625.1,THOC2,-0.1444196
MED17,THOC2,-0.14378846
KIF13B,TIAM1,-0.0369697
CELA1,TIAM1,-0.057436515
H2AC14,TIAM1,-0.060109533
GAMT,TIAM1,-0.04068622
GLB1L,TIAM1,-0.028780174
FBXO39,TIAM1,-0.18495029
MYO15B,TIAM1,-0.15536787
KYAT1,TIAM1,-0.24305758
AKAP14,TIAM1,-1.0384487
RNF39,TIAM1,-0.10668366
ZGLP1,TIAM1,-0.09525051
SPATA18,TIAM1,-0.021689033
HTRA3,TIAM1,-0.090196125
RBMX2,TIAM1,-0.09409514
PCMTD1,TIAM1,-0.12399022
SLC30A1,TIAM1,-0.21340376
COL2A1,TIAM1,-0.006298737
POLR2L,TIAM1,-0.06295227
ALOX15,TIAM1,-0.08822162
HIKESHI,TIAM1,-0.08724597
SLC12A1,TIAM1,-0.85495687
TMEM150C,TIAM1,-0.06401237
TTLL5,TNIK,-0.03181984
CCNK,TNIK,-0.11032047
RAB36,TNIK,-0.036166903
PPP2R3A,TNIK,-0.026555795
WNT5A,TNIK,-0.044648893
CCR5,TNIK,-0.42929545
NPHS1,TNIK,-0.07726986
MPV17,TNIK,-0.10895334
C11orf45,TNIK,-0.4413204
IFI27L1,TNIK,-0.45005083
WNT5B,TNIK,-0.04076512
KRT23,TNIK,-0.11758085
RNF168,TNIK,-0.052576438
INSC,TNIK,-0.10000947
XPNPEP2,TNIK,-0.97150624
SLC15A1,TNIK,-0.5156869
NTRK2,TNIK,-0.13310282
POLR2A,TNIK,-0.26701087
ATP6V1D,TNRC6A,-0.034643188
CDC7,TNRC6A,-0.045756187
SST,TNRC6A,-0.036196474
TSNAXIP1,TNRC6A,-0.033245016
AL021997.2,TNRC6A,-0.5504614
MNS1,TNRC6A,-0.09556784
SYNDIG1L,TNRC6A,-0.05488239
KRTAP5-9,TNRC6A,-0.19030483
VPREB3,TNRC6A,-0.21683739
UBAP1L,TNRC6A,-0.118692264
BTBD1,TNRC6A,-0.76573867
PAQR3,TNRC6A,-0.14804165
ICE2,TNRC6A,-0.1414828
TDRD9,TNRC6A,-0.021455918
CALU,TNRC6A,-0.25111914
ISCU,TNRC6A,-0.09632983
LRRC37A,TNRC6A,-0.3066223
OR10G4,TNRC6A,-0.12600067
PLA2G2A,TNRC6A,-0.68165034
LRP10,TP53,0.028370975
GTF3C6,TP53,0.112618975
PPP1CB,TP53,0.003864689
DCUN1D4,TP53,0.032056823
SLC43A2,TP53,0.19462487
AK1,TP53,0.22180274
MCM4,TP53,0.025956875
MOGS,TP53,0.017078806
AC007906.2,TP53,0.052024566
RPS27L,TP53,0.06175668
FBXO22,TP53,0.17350319
C20orf85,TP53,0.120409265
PAQR5,TP53,0.040078495
HTR6,TP53,0.059295982
SPATA18,TP53,0.39123124
EPSTI1,TP53,0.058643095
RGPD8,TP53,0.025204657
ASTN2,TP53,0.03414062
TP73,TP53,0.04336462
KLHL3,TP53,0.04667724
TXNL4B,TP53,0.031696696
RRM2B,TPO,-0.19415542
HSFX4,TPO,-0.06007777
SERPINE2,TPO,-0.1563084
ZNF121,TPO,-0.27341267
COPS7B,TPO,-0.09298746
AMY1A,TPO,-0.023753304
MRPL58,TPO,-0.0303635
TMEM230,TPO,-0.14383787
SEPTIN9,TPO,-0.3001251
PDE6C,TPO,-0.077432714
MYH4,TPO,-0.050791737
KCNH1,TPO,-0.02977534
FAM228B,TPO,-0.54607457
LRFN4,TPO,-0.03449175
MCM8,TPO,-0.07526623
LAMTOR4,TPO,-0.06807177
BTBD2,TPO,-0.43253115
ZDHHC17,TPO,-0.005023278
ZNF215,TPO,-0.14334482
HOXB7,TPO,-0.07098496
SKAP2,TPO,-0.1842809
KIF7,TPO,-0.2663696
CKS1B,TPO,-0.2361788
TMEM170B,TPO,-0.07025978
C11orf91,TPO,-0.11592399
UNC93A,TPO,-0.059331127
PCYOX1L,TPO,-0.08866633
MRPS12,TRIP11,-0.0043423986
SPTY2D1,TRIP11,-0.015936967
TMEM98,TRIP11,-0.03581919
H4C8,TRIP11,-0.027547248
FGF13,TRIP11,-0.04072097
SHANK2,TRIP11,-0.032722354
AC091057.5,TRIP11,-0.042258777
NADK2,TRIP11,-0.06932709
CPOX,TRIP11,-1.3080705
C10orf82,TRIP11,-0.037314393
APOB,TRIP11,-0.10216969
SSUH2,TRIP11,-0.1544618
ARHGEF40,TRIP11,-0.28315443
SERPINE2,TRIP11,-0.3894901
NKX2-8,TRIP11,-0.5441025
KRT23,TRIP11,-0.35081527
IGSF22,TRIP11,-0.049117148
ARSD,TRIP11,-0.59545624
ALDOC,TRPC6,-0.044234835
MEGF11,TRPC6,-0.016437156
RAB3IL1,TRPC6,-0.015919693
LGALS3,TRPC6,-0.028035676
ZNF23,TRPC6,-0.15485436
TRPV6,TRPC6,-0.11435369
VWA2,TRPC6,-0.028227584
YES1,TRPC6,-0.35789827
RBM3,TRPC6,-0.019523252
PPP1R14A,TRPC6,-0.01667595
AL110118.1,TRPC6,-0.630516
KATNBL1,TRPC6,-0.32791615
METTL17,TRPC6,-0.19374219
ZNF417,TRPC6,-0.60427797
SLC25A21,TRPC6,-0.18789169
TRIM16L,TRPC6,-0.8387474
SLC7A11,TRPC6,-0.3775152
SNRPD1,TRPC6,-0.18047123
CYP27A1,TRPC6,-0.024514856
PPP2CA,TRPM8,-0.039263908
ZNF608,TRPM8,-0.10943918
ADGRB2,TRPM8,-0.01656126
CACUL1,TRPM8,-0.03757449
CCNB1,TRPM8,-0.20139308
STK32A,TRPM8,-0.020055173
SOD2,TRPM8,-0.024925748
ZNF433,TRPM8,-0.117207035
CD58,TRPM8,-0.048809025
UBE2T,TRPM8,-0.23914495
APOB,TRPM8,-0.11031481
ARSD,TRPM8,-0.7639592
GJC3,TRPM8,-0.49205628
DTX3L,TRPM8,-0.83139634
WFDC3,TRPM8,-0.111056834
RAI2,TRPM8,-0.09761687
MNS1,TRPM8,-0.094160244
MTMR8,TRPM8,-0.44083816
KRT40,TRPM8,-0.069599725
GHITM,TRPS1,-0.035101157
MANBAL,TRPS1,-0.44965392
MYO18B,TRPS1,-0.78194124
MED31,TRPS1,-0.024483776
KIF18A,TRPS1,-0.030032536
RNF224,TRPS1,-0.01867236
ZNF747,TRPS1,-0.032779973
AKAP7,TRPS1,-0.059643243
PHB2,TRPS1,-0.03974472
NKAIN3,TRPS1,-0.2503558
PCSK1N,TRPS1,-0.25475448
ARHGAP11B,TRPS1,-0.99415714
POU2F3,TRPS1,-0.40829363
SMIM14,TRPS1,-0.38338003
LIPG,TRPS1,-0.11066958
SLC8A2,TRPS1,-0.06399772
APOL4,TTC3,-0.023247387
KLRC4-KLRK1,TTC3,-0.034861
NOVA1,TTC3,-0.22061506
CGN,TTC3,-0.26394245
VWA3A,TTC3,-0.048637625
FOSL1,TTC3,-0.27898014
GEMIN8,TTC3,-0.050516862
CCNO,TTC3,-0.052111987
SSR3,TTC3,-0.122264706
ALDH1A1,TTC3,-0.6132331
TNNT1,TTC3,-0.15251696
FRMD8,TTC3,-0.13051239
PLA2G4F,TTC3,-1.4347152
NKX2-8,TTC3,-0.4818833
PPIF,TTC3,-0.09669602
RIPK3,TTC3,-0.0659376
TMEM270,TTN,-0.0020429045
SOX9,TTN,-0.003996193
LAMA3,TTN,-0.0054049976
TSPAN2,TTN,-0.0013243923
B4GALT7,TTN,-0.007463089
HLA-DOB,TTN,0.0004473402
TRIM2,TTN,-0.0011642232
NENF,TTN,-0.0042528063
MRS2,TTN,0.0034442723
PARD3,TTN,-0.00083608285
KCNJ6,TTN,-0.0033184988
KCNJ12,TTN,-0.000854893
HSF4,TTN,-0.0052121645
RBP5,TTN,-0.00079933903
MS4A8,TTN,0.0013692313
RHBDD3,TTN,0.007996159
PRELID2,TTN,-0.0065780296
PACC1,TTN,0.0037313865
PARD6A,TTN,-0.012704701
ACOT1,TTN,0.00011397898
NUDCD2,TTN,0.0052898712
SMC1A,TTN,-0.005831232
HPDL,TTN,0.00017726667
DNAJC14,TTN,-0.0073085846
MIOX,TTN,-0.0048963935
ANXA13,TTN,-0.01082295
SPACA9,TTN,-0.012917419
REXO5,TTN,-0.002114045
USP4,TTN,-0.015141101
DRG2,TTN,-0.031333607
OR2A1,TTN,-0.0014233746
VPS29,TTN,-0.0062731253
MAMSTR,TTN,-0.009122395
OVGP1,TTN,0.0037849485
NEMP1,TTN,-0.004013133
MTMR8,TTN,-0.01503706
FAM72B,TTN,0.00046406686
ATP6V1G1,TTN,-0.0036145614
PIF1,TTN,-0.0071885814
KCNT1,TTN,-0.020354545
PDIA5,TTN,0.0018228291
SLC1A7,TTN,-0.0027171823
CPA5,TTN,-0.0036943539
CLDN10,TTN,-0.00560126
TSPEAR,TTN,-0.0026250454
EME2,TTN,-0.015654523
SGK2,TTN,0.001523039
GLOD4,TTN,-0.00016567184
SMIM7,TTN,-0.003782845
ANKRD20A1,TTN,-0.0036900502
NCL,TTN,0.0003294248
HUS1,TTN,0.00442154
ZNF488,TTN,-0.007331842
VWCE,TTN,-0.0058486117
SPATA6L,TTN,-0.0077233473
ST7L,TTN,-0.0033008535
NTS,TTN,-0.004149512
ATP1B2,TTN,0.0008478045
NCAPH2,TTN,0.0047562155
CAMK2N2,TTN,-0.0022908566
NGRN,TTN,-0.0030281828
LRP2BP,TTN,-0.013856643
TMPRSS9,TTN,-0.0021581848
ARPC3,TTN,-0.004354651
TCF7L1,TTN,-0.0033113991
EMC6,TTN,-0.0035559395
SUSD4,TTN,0.0019903313
CFAP300,TTN,-0.008606056
P2RX3,TTN,-0.0015860933
TCAIM,TTN,-0.004267832
H2AZ1,TTN,0.0011498755
ZDHHC11,TTN,-0.003582215
PAX8,TTN,-0.0076582725
GALK1,TTN,-0.033805985
CCDC192,TTN,-0.00072346005
SLC7A11,TTN,-0.016346792
BCL2L14,TTN,-0.013020595
LIMK2,TTN,-0.012635019
ALDH1L2,TTN,-0.011983319
NEURL1,TTN,-0.0011687692
PBXIP1,TTN,-0.0042578764
RGS14,TTN,-0.0009131512
TREX2,TTN,-0.00013424653
STK33,TTN,-0.00042529302
RBBP8,TTN,-0.0025473153
CBFB,TTN,0.009594113
FAM163B,TTN,0.0005163965
USE1,TTN,-0.002467245
SPOUT1,UBQLNL,-0.44325507
EME1,UBQLNL,-0.11240626
COL10A1,UBQLNL,-0.039547734
PARP3,UBQLNL,-0.5702074
FPGS,UBQLNL,-0.034958974
CPSF1,UBQLNL,-0.059938896
MEIOB,UBQLNL,-0.048222262
C8orf82,UBQLNL,-0.44311982
GRM8,UBQLNL,-0.13121805
EXO1,UBQLNL,-0.046154886
MTUS1,UBQLNL,-0.08866504
C5,UBQLNL,-0.11944233
TRUB2,UBQLNL,-0.030661682
PPP1R1B,UBQLNL,-0.38100806
TEKT5,UBQLNL,-1.0469596
CBLN2,UBQLNL,-0.061077215
AMMECR1,UBQLNL,-0.11889877
RNF208,UBQLNL,-0.14189526
ITLN2,UBQLNL,-0.047773432
XCL2,ULK4,-0.051644962
LRRTM1,ULK4,-0.052691672
LILRB1,ULK4,-0.020300841
TCIM,ULK4,-0.03321442
BTLA,ULK4,-0.12846725
ESPNL,ULK4,-0.441408
SYTL5,ULK4,-0.09225732
CX3CL1,ULK4,-0.7461151
EGLN3,ULK4,-0.2608986
MYADML2,ULK4,-0.023584742
LY6G5C,ULK4,-0.10440415
ATAD3C,ULK4,-0.09051119
SLC37A2,ULK4,-0.31668153
CARD16,ULK4,-0.06504115
SGPP2,ULK4,-0.36681893
KL,ULK4,-0.09579311
ZNF219,ULK4,-0.10720246
IFNG,ULK4,-0.08935735
WDR45B,ULK4,-0.111399926
ITGB7,ULK4,-0.18363672
SEC11C,ULK4,-0.09799606
PRSS33,ULK4,-0.11183408
SYNGR3,ULK4,-0.045485944
SLC44A1,ULK4,-0.23507364
DMRT2,UNC13C,-0.029455382
MLEC,UNC13C,-0.033721574
C5orf38,UNC13C,-0.016126843
HOPX,UNC13C,-0.025201384
ITM2B,UNC13C,-0.01393399
SMIM27,UNC13C,-0.02327487
THAP9,UNC13C,-0.03620655
PBK,UNC13C,-0.061562188
PSD2,UNC13C,-0.0126750525
SREK1IP1,UNC13C,-0.078853
SCCPDH,UNC13C,-0.03016587
TACSTD2,UNC13C,-0.057603333
UNC93A,UNC13C,-0.049450025
PPTC7,UNC13C,-0.019129891
TYRO3,UNC13C,-0.03294954
ZNF112,UNC13C,-0.026430955
KCNK15,UNC13C,-0.9292061
LRG1,UNC13C,-0.11136315
PROX1,UNC13C,-0.17105094
CLSTN2,UNC13C,-0.08009095
PLK5,UNC13C,-0.037494853
CYP4F11,UNC13C,-0.17641528
ERAS,UNC13C,-0.10241971
AHSP,UNC13C,-0.13835755
HEATR4,UNC13C,-0.084461845
ALLC,UNC13C,-0.2822918
DNAJC25,UNC13C,-0.12993598
TMEM178B,UNC13C,-0.23859647
RP1,UNC13C,-0.044425406
CABP1,UNC13C,-0.093969
STYXL2,UNC13C,-0.30716187
AIRE,UNC13C,-0.0131572345
DCP1A,UNC13C,-0.051041253
CEBPZ,UNC13C,-0.05256417
CTDSPL,UNC13C,-0.060621843
DLK1,UNC80,-0.0064625535
LFNG,UNC80,-0.03043074
ZNF774,UNC80,-0.13540046
PNPO,UNC80,-0.06984523
PHLDA2,UNC80,-0.021420242
TBX2,UNC80,-0.01739324
CCN2,UNC80,-0.007443584
TMEM86B,UNC80,-0.014700744
RPL14,UNC80,-0.04452911
PROSER3,UNC80,-0.027448272
TMEM268,UNC80,-0.04628286
CSF2RA,UNC80,-0.07809647
CXCL10,UNC80,-0.044123918
GAS1,UNC80,-0.007816604
GTF2A1,UNC80,-0.19291523
ICAM2,UNC80,-0.014871189
CD1B,UNC80,-0.046934973
RRAGD,UNC80,-0.048817817
BRMS1L,UNC80,-0.35867423
EPS8L3,UNC80,-0.042296097
NPC2,UNC80,-0.3060034
PRPS2,UNC80,-0.013604816
H3C6,UNC80,-0.006218202
ERBB2,UNC80,-0.019032957
DRAM2,UNC80,-0.007981995
CXCL11,UNC80,-0.08353792
SECTM1,UNC80,-0.43854502
FZD5,UNC80,-0.045425877
ANGPTL6,UNC80,-0.022457665
IDO1,UNC80,-0.32928973
H2BC12,UNC80,-0.0030587488
SEPTIN3,UNC80,-0.035892244
PLAAT4,UNC80,-0.16626541
NXPE2,UNC80,-0.0331032
VPS4A,UNC80,-0.009443537
RNASEH2A,UNC80,-0.189093
C14orf119,UNC80,-0.041733492
GNG5,UNC80,-0.044785924
EML2,UNC80,-0.041048635
MAVS,UNC80,-0.038671955
BTC,UNC80,-0.029193344
KDM4C,VCAN,-0.024558173
SERPIND1,VCAN,-0.08252785
SLC35E4,VCAN,-0.032812156
PRDM13,VCAN,-0.04856199
SH3D19,VCAN,-0.009295662
HOXA3,VCAN,-0.122257344
IRGM,VCAN,-0.014669546
LMX1A,VCAN,-0.09008193
DNAJA1,VCAN,-0.05375796
HMGCR,VCAN,-0.56804067
TM4SF5,VCAN,-0.31959555
NDFIP2,VCAN,-1.7681067
CCL20,VCAN,-0.038169377
MMP23B,VCAN,-0.10583608
ESPN,VCAN,-0.10781693
SLC39A12,VCAN,-0.10423944
SLC6A7,VCAN,-0.06727352
CLTRN,VCAN,-0.10908534
CA9,VCAN,-0.041076556
CXCL14,VCAN,-0.13267246
FAM118A,VCAN,-0.08181503
MCM2,VWA3A,-4.008868
MKRN2,WDHD1,0.0047924975
ACAA1,WDHD1,-0.029566398
TMEM139,WDHD1,-0.02166913
GPR141,WDHD1,-0.021344943
ERMN,WDHD1,-0.015068345
ZNRD2,WDHD1,-0.028869122
SIGLEC8,WDHD1,-0.026218547
ASAH2,WDHD1,-0.012979812
P3H2,WDHD1,-0.12153095
DENND10,WDHD1,-0.65258527
RHOT2,WDHD1,-0.2400576
TAP1,WDHD1,-1.1162177
U2AF1L4,WDHD1,-0.12613758
SHLD2,WDHD1,-0.1950793
H3-4,WDHD1,-0.6990195
ERLIN1,WDHD1,-0.15487747
CARHSP1,WDHD1,-0.020688344
SEPTIN1,WDHD1,-0.15357573
ZNF23,WDHD1,-0.15926841
PSPC1,WDHD1,-0.4323143
PALD1,WDR33,-0.008784821
PDGFD,WDR33,-0.022036752
KLHL35,WDR33,-0.006944745
MYEF2,WDR33,-0.22290713
PMF1,WDR33,-0.105330765
NDST3,WDR33,-0.45582756
BCO1,WDR33,-0.04489877
ZNF718,WDR33,-0.050533507
CHMP4C,WDR33,-0.7495387
ME1,WDR33,-0.050735023
H2BC5,WDR33,-0.022096174
MT-CYB,WDR33,-0.054368116
METTL7A,WDR33,-0.15931433
AFP,WDR33,-0.022194225
PSMD10,WDR33,-0.0044475617
RABIF,WDR33,-0.064949065
ACOD1,WDR33,-0.061395474
DNPH1,WDR33,-0.27475363
IGSF1,WDR33,-0.027328515
CORT,WDR33,-0.5114117
SRGAP1,WDR33,-0.07394505
TVP23B,WDR33,-0.14108717
FOXO4,WDR33,-0.049860545
TOMM40L,WDR33,-0.035653286
S100A13,WDR33,-0.08271204
GJC3,WDR33,-0.22387934
GEMIN7,WDR33,-0.058010966
R3HDM2,WDR33,-0.0703756
NEK1,WEE2,-0.0076678167
ARHGEF35,WEE2,-0.014677578
HACL1,WEE2,-0.029042302
RPS3A,WEE2,-0.030668264
TNPO1,WEE2,-0.03831348
CRNKL1,WEE2,-0.018660689
PCDHA8,WEE2,-0.036991872
CYBRD1,WEE2,-0.03625979
ADGRE1,WEE2,-0.03683937
BTG1,WEE2,-0.09739581
ARID3B,WEE2,-0.034833893
CELA1,WEE2,-0.1551783
RNF213,WEE2,-0.3715253
ANKRD53,WEE2,-0.1708254
AL357556.3,WEE2,-0.46302742
TACR2,WEE2,-0.03191251
PIBF1,WEE2,-0.0499581
KIF18A,WEE2,-0.35532165
ITPRIPL1,WEE2,-0.8665981
FOXG1,WEE2,-1.399977
CHMP3,XRN1,-0.053118225
YJU2,XRN1,-0.023360427
PAK4,XRN1,-0.018844651
RAB19,XRN1,-0.88362604
AC091057.5,XRN1,-0.17229591
PTPN3,XRN1,-0.08502905
PPP1R3G,XRN1,-0.07893982
CDCA7L,XRN1,-0.024779959
PSME2,XRN1,-0.058101803
TMCO3,XRN1,-0.058580305
NFIA,XRN1,-0.27597752
FBXO6,XRN1,-0.049006622
CDKN2A,XRN1,-0.26143104
IDH3A,XRN1,-0.0037393386
EMX1,XRN1,-0.09624823
RUBCNL,XRN1,-1.5416726
NMNAT2,XRN1,-0.07156907
CARHSP1,ZEB2,-0.022309534
C11orf80,ZEB2,-0.025239423
WBP4,ZEB2,-0.025078263
RELCH,ZEB2,-0.2827464
SFTA2,ZEB2,-0.07616663
KIAA2012,ZEB2,-0.055597946
POU3F3,ZEB2,-0.02792495
WDR55,ZEB2,-0.15948348
SYNJ2BP,ZEB2,-0.16544618
ERO1A,ZEB2,-0.12996098
ARNT2,ZEB2,-0.0060104164
EXOC5,ZEB2,-0.1923711
LIF,ZEB2,-0.022385322
SRPK3,ZEB2,-0.27426454
GPALPP1,ZEB2,-0.07097991
CNDP2,ZEB2,-0.10645071
ZNF655,ZEB2,-0.13973118
EPG5,ZEB2,-0.10503513
BCO1,ZEB2,-0.15833426
MACROD1,ZEB2,-0.06066582
PIAS2,ZEB2,-0.056194402
NDFIP2,ZEB2,-0.09212096
S100A13,ZEB2,-0.07346184
MCMDC2,ZEB2,-0.105137505
NETO2,ZEB2,-0.16205278
UGT8,ZEB2,-0.057417367
CCDC122,ZEB2,-0.109974906
PDGFA,ZEB2,-1.0118552
PTPN7,ZFPM2,-0.06802885
TMEM164,ZFPM2,-0.02534273
ZDHHC11B,ZFPM2,-0.027666045
ZNF329,ZFPM2,-0.009927036
SLC14A1,ZFPM2,-0.08833855
ROS1,ZFPM2,-0.08613839
ADGRE5,ZFPM2,-0.06960873
MAP1S,ZFPM2,-0.312667
IQCD,ZFPM2,-0.0018534668
GDF15,ZFPM2,-0.015023289
FBXO39,ZFPM2,-0.42925346
PDE11A,ZFPM2,-0.029264472
LRRC8E,ZFPM2,-0.15475135
IL32,ZFPM2,-0.15716732
HSD3B7,ZFPM2,-0.07449219
GPBP1,ZFPM2,-0.28111818
IFNL2,ZFPM2,-0.05463406
NR2C2AP,ZFPM2,-0.060648922
KCNH4,ZFPM2,-0.030602653
PTPRZ1,ZFPM2,-0.03508562
HSPH1,ZFPM2,-0.016683275
ASPG,ZFPM2,-0.0064435513
MYBPHL,ZFPM2,-0.07452841
EIF4EBP2,ZFPM2,-0.004746786
MCOLN1,ZFPM2,-0.061457865
FYB2,ZFPM2,-0.072101414
RIPK2,ZFPM2,-0.18530133
FOXJ1,ZFPM2,-0.051649697
CAVIN4,ZFPM2,-0.48846316
ORMDL2,ZFPM2,-0.028703481
TOMM40,ZFPM2,-0.15964514
THAP4,ZFPM2,-0.07116085
TMEM176B,ZFPM2,-0.3836312
N4BP2L1,ZNF292,-0.043680392
COPS6,ZNF292,-0.03354651
EIF3K,ZNF292,-0.020606874
CACNA1I,ZNF292,-0.028367268
HDGFL3,ZNF292,-0.033528354
IFT88,ZNF292,-0.051477443
CFD,ZNF292,-0.036297746
RPS9,ZNF292,-0.03517966
PLA2G4E,ZNF292,-0.2778122
RPL26,ZNF292,-1.2732408
CEACAM6,ZNF292,-0.7695335
LCN1,ZNF292,-0.59963095
OIT3,ZNF292,-0.14451358
IQCC,ZNF292,-0.28371066
CHODL,ZNF292,-0.4955997
TXNDC12,ZNF462,0.00030727137
PBK,ZNF462,-0.027503135
C17orf100,ZNF462,-0.010009695
WDR70,ZNF462,-0.015871232
KLHL11,ZNF462,-0.24137808
METTL4,ZNF462,-0.28573143
ZNF618,ZNF462,-0.87291104
HYOU1,ZNF462,-0.13089618
SLC35D2,ZNF462,-0.29361176
N4BP2,ZNF462,-0.13631944
LMAN1,ZNF462,-0.58788484
SLC30A3,ZNF462,-0.6014004
FBXO43,ZNF462,-0.8958143
EXOSC6,ZNF469,-0.075071566
RUNDC3B,ZNF469,-0.020035332
QRFP,ZNF469,-0.010822465
PRIM2,ZNF469,-0.030472001
LIMS2,ZNF469,-0.006458251
C11orf94,ZNF469,-0.06050766
CCZ1B,ZNF469,-0.023522127
BMP3,ZNF469,-0.07722786
ARHGAP44,ZNF469,-0.016916811
CDKL4,ZNF469,-0.12884113
SLC2A4,ZNF469,-0.14989033
ZNF695,ZNF469,-0.040418725
TVP23B,ZNF469,-0.14232127
NT5DC1,ZNF469,-0.07723274
NUP43,ZNF469,-0.100933746
RAI2,ZNF469,-0.044439327
TSACC,ZNF469,-0.0050970167
CCL25,ZNF469,-0.06759929
ANLN,ZNF469,-0.45447463
PCDHAC2,ZNF469,-0.12751009
TBX18,ZNF469,-0.15762116
TWIST1,ZNF469,-0.023708355
MMS22L,ZNF469,-0.33180335
AKAP14,ZNF469,-0.095194146
PRDM13,ZNF469,-0.0676143
NUS1,ZNF469,-0.19732593
ALOX15,ZNF469,-0.4338874
H4C3,ZNF469,-0.049152285
SMC6,ZNF469,-0.08124149
ECD,ZNF469,-0.036691945
SEMA4A,ZNF469,-0.04392127
CARNMT1,ZNF469,-0.25963515
ZNF711,ZNF469,-0.04743991
PRSS22,ZNF469,-0.10486031
CDH8,ZNF512B,-0.016071305
KRT6A,ZNF512B,-0.013759906
IKZF2,ZNF512B,-0.031214016
PRSS22,ZNF512B,-0.043299686
JADE2,ZNF512B,-0.0764141
TMEM161B,ZNF512B,-0.04192881
SETD2,ZNF512B,-0.046576776
TPI1,ZNF512B,-0.045453656
ZNF664,ZNF512B,-0.029719122
H2AC14,ZNF512B,-0.043148912
NEMP1,ZNF512B,-0.15670656
KRT23,ZNF512B,-0.42989367
TUBA1B,ZNF512B,-0.14738752
POP5,ZNF512B,-0.45296106
SEC22C,ZNF512B,-1.1632954
ITIH5,ZNF512B,-0.04911423
ECT2,ZNF512B,-0.43841302
TRIM41,ZNF512B,-0.071254425
YEATS2,ZNF512B,-0.45929888
NOVA1,ZNF512B,-0.09101954
FADS6,ZNF512B,-0.16152193
HMGN3,ZNF512B,-0.1280886
GPRIN1,ZNF638,-1.0912806
ZNF701,ZNF638,-0.039372686
APEX1,ZNF638,-0.0398352
ABCC9,ZNF638,-0.036160525
CYP2W1,ZNF638,-0.07511307
ETF1,ZNF638,-0.34723708
PLGLB2,ZNF638,-0.029431222
DOCK11,ZNF638,-0.055742122
MPL,ZNF638,-0.02129687
MITF,ZNF638,-0.08546007
GTF3C4,ZNF638,-0.11218324
MTPAP,ZNF638,-0.29370904
AL357556.3,ZNF638,-0.30411994
DAND5,ZNF638,-0.014960925
HNRNPA0,ZNF638,-0.11816674
HAS2,ZNF638,-0.11347106
METTL27,ZNF638,-0.10474575
CCAR1,ZNF638,-0.13553038
CDC45,ZNF638,-0.08168385
KRT37,ZNF638,-0.08556508
BEND3,ZNF638,-0.643891
DIO2,ZNF646,-0.014968869
C19orf81,ZNF646,-0.026045164
PSMD6,ZNF646,-0.026887124
MED7,ZNF646,-0.018713048
TRANK1,ZNF646,-0.14171559
PSTK,ZNF646,-0.11766745
HES4,ZNF646,-0.03447975
KIR3DL3,ZNF646,-0.02847971
NBR1,ZNF646,-0.022769963
LILRA4,ZNF646,-0.020001777
MIB2,ZNF646,-0.35201982
PSMD9,ZNF646,-0.45677856
DBNDD1,ZNF646,-0.17151773
DDO,ZNF646,-0.13731296
TAS2R42,ZNF646,-0.12062673
LGSN,ZNF646,-0.042127497
KLHL17,ZNF646,-0.89140165
SLC38A7,ZNF646,-0.117678426
GPX4,ZNF646,-0.35423508
ZNF586,ZNF646,-0.16778214
CEP72,ZNF646,-0.73297083
L3MBTL4,ZNF646,-0.031165425
NUSAP1,ZNF646,-0.18695016
PRR16,ZNF716,-0.012277314
CDK15,ZNF716,-0.018886877
AC093323.1,ZNF716,-0.028528782
CLDN4,ZNF716,-0.04577401
THAP12,ZNF716,-0.033312656
TMEM154,ZNF716,-0.043136224
BPI,ZNF716,-0.025842637
HERPUD1,ZNF716,-0.025635904
ATMIN,ZNF716,-0.028814143
LHFPL4,ZNF716,-0.05250416
NGEF,ZNF716,-0.1952478
GTSE1,ZNF716,-0.16139264
METTL7A,ZNF716,-0.6948276
HYOU1,ZNF716,-0.37784168
CHODL,ZNF716,-0.13887607
METTL4,ZNF716,-0.13683034
ARSD,ZNF716,-0.4056386
CBY2,ZNF716,-0.27094328
AGPAT2,ZNF716,-0.09981595
ELOVL7,ZNF716,-1.284641
ODF2L,ZNF804B,-0.012317803
GRK4,ZNF804B,-0.020802546
CCDC115,ZNF804B,-0.024640363
BFSP1,ZNF804B,-0.011517018
KIFBP,ZNF804B,-0.03965255
SHB,ZNF804B,-0.5081514
TSPAN11,ZNF804B,-0.0048440895
XPNPEP1,ZNF804B,-0.026845356
CASP1,ZNF804B,-0.045664262
ESM1,ZNF804B,-0.061569024
ORC3,ZNF804B,-0.05501873
UHRF1,ZNF804B,-0.003994148
CENPQ,ZNF804B,-0.08926866
EIF1AX,ZNF804B,-0.02711255
HHIPL1,ZNF804B,-0.09802905
TAF8,ZNF804B,-0.01575466
NUDT5,ZNF804B,-0.28789562
MYO1D,ZNF804B,-0.069633186
ZNF544,ZNF804B,-0.043791536
MLLT11,ZNF804B,-0.108766526
GFOD1,ZNF804B,-0.046196364
ZNF718,ZNF804B,-0.12256155
MYL12A,ZNF804B,-0.029478952
PRSS22,ZNF804B,-0.038657203
PSIP1,ZNF804B,-0.39442042
CCL20,ZNF804B,-0.035286985
NUCB2,ZNF804B,-0.05190698
H3C6,ZNF804B,-0.085852884
GKAP1,ZNF804B,-0.055674016
PDE3B,ZNF804B,-0.04140272
POLA1,ZNF804B,-0.049268004
ACBD7,ZNF804B,-0.052639145
PCDHGA1,ZNF804B,-0.06966867
MISP3,ZNF804B,-0.061298184
DCTN2,ZNF804B,-0.016035192
FAXDC2,ZNF804B,-0.09321378
SPDYE2,ZNF804B,-0.11544836
LAMC1,ZNF804B,-0.059139777
ATXN10,ZNF804B,-0.062355053
CDKN1A,ZNF804B,-0.08941436
SYT1,ZNF804B,-0.027461816
MAPK15,ZNF804B,-0.04775125
CIRBP,ZNF804B,-0.0493009
WNT10A,ZNF804B,-0.011177052
IER3,ZNF804B,-0.046744127
HOXC8,ZNF804B,-0.04038476
SLC6A8,ZNF878,-0.05234004
DMAC2L,ZNF878,-0.020059915
TMEM267,ZNF878,-0.1598059
WDSUB1,ZNF878,-0.023440855
SMIM22,ZNF878,-0.04144128
TMOD3,ZNF878,-0.035771124
LRRC66,ZNF878,-0.016891835
AP5M1,ZNF878,-0.032272685
YAE1,ZNF878,-0.039025985
NR1I2,ZNF878,-0.408937
ZNF345,ZNF878,-0.10076036
OGFRL1,ZNF878,-0.18260829
WFDC2,ZNF878,-0.04604427
PLA2G4A,ZNF878,-0.12324179
DSC2,ZNF878,-0.30905226
TTLL2,ZNF878,-0.11008623
LIPG,ZNF878,-0.8957601
TFAP2E,ZNF878,-0.038513217
INPP5J,ZNF878,-0.66454667
TLE2,ZNF878,-0.372875
VPS4B,ZNF878,-0.2646803
PGPEP1,ZNF878,-0.14240852
