feature,target,mean_shap
HINT1,ABCA12,-0.10433426
SPATA33,ABCA12,-0.016254902
BOD1,ABCA12,-0.046294913
ENOPH1,ABCA12,-0.0049698353
GDPD4,ABCA12,-0.032742247
MYO7A,ABCA12,-0.0930361
ADGRV1,ABCA12,-0.06711276
SLC38A11,ABCA12,-0.054250866
PKD1L3,ABCA12,-0.05000336
MUC5AC,ABCA12,-0.8689926
RACK1,ABCA12,-0.1594116
CCDC68,ABCA12,-0.22757207
ANKUB1,ABCA12,-0.012907329
WNT6,ABCA12,-0.07131173
RGS6,ABCA12,-0.08347629
VGF,ABCA12,-0.020744676
NHP2,ABCA12,-0.04761276
MLEC,ABCA12,-0.02613691
CBY2,ABCA12,-0.059823126
HMGA2,ABCA12,-0.07658231
ALPI,ABCA12,-0.27818486
CAPN8,ABCA12,-0.14297284
LARS1,ABCA12,-0.057989094
TUSC1,ABCA12,-0.053529263
CHST5,ABCA12,-0.20468497
RICTOR,ABCA12,-0.031823244
MICAL1,ABCA12,-0.062027626
CMYA5,ABCA12,-0.0033506418
C5orf49,ABCA12,-0.14181499
GMIP,ABCA12,-0.058364365
CETN3,ABCA12,-0.18313804
DOC2A,ABCA12,-0.024251059
ANKRD18A,ABCA12,-0.011160623
MRPS15,ABCA12,-0.019187246
KCTD15,ABCA12,-0.2009855
TAS2R20,ABCA12,-0.6374977
GRK6,ABCA12,-0.05751677
CDKN2AIPNL,ABCA12,-0.056554433
ANKRD10,ABCA12,-0.1663406
NME9,ABCA12,-0.070351765
CYB561D2,ABCA12,-0.00743707
AK1,ANK3,-0.011982569
IGF2BP2,ANK3,-0.015892968
EIF5A2,ANK3,-0.02933752
CRYL1,ANK3,-0.09114237
USF1,ANK3,-0.005586339
PCED1B,ANK3,-0.024444954
ULK2,ANK3,-0.04943884
ERN1,ANK3,-0.06749707
TEX101,ANK3,-0.02434109
GTPBP2,ANK3,-0.059327997
GPR89B,ANK3,-0.16355604
CCDC91,ANK3,-0.37886465
FKRP,ANK3,-0.15091825
ZMPSTE24,ANK3,-0.20454325
CCL24,ANK3,-0.043720722
WNT10A,ANK3,-0.10228706
EGFLAM,ANK3,-0.3052122
RAB41,ANK3,-0.086624585
POLM,ANK3,-0.036888193
HINT2,ANK3,-0.041581675
KCNC3,ANK3,-0.14651638
NUTM2B,ANK3,-0.06108972
CTSC,ANK3,-0.0041157943
MATK,ANK3,-0.11103751
PDE6B,ANK3,-0.029303085
ZNF562,ANK3,-0.08923287
BTNL2,ANK3,-0.14690524
CLCN2,ANK3,-0.04707434
SLC26A11,ANK3,-0.08436394
MFSD4A,ANK3,-0.04289725
GNG5,ANK3,-0.03579307
TDRD1,ANK3,-0.062120095
GDF3,ANK3,-0.037140876
CCL3,ANK3,-0.35002288
MYLPF,ANK3,-0.11434591
SLC31A1,ANK3,-0.01628076
LCN2,ANK3,-0.25632805
GRK7,ANK3,-0.048704486
SPINK14,ANK3,-0.017679727
XKR6,ANK3,-0.17703894
CTSL,ANK3,-0.46003884
PKN3,ANK3,-0.040188238
SLC18B1,ANK3,-0.018723605
NPIPB7,ANK3,-0.10881208
RAP1B,ANK3,-0.18901885
MS4A4A,ANK3,0.00039486616
GRAMD4,ARID1A,-0.019961225
TMEM182,ARID1A,-0.024386583
DOP1B,ARID1A,-0.019735403
PRKAG2,ARID1A,-0.034130767
ANO4,ARID1A,-0.03953025
HLA-F,ARID1A,-0.17530395
NME7,ARID1A,-0.024689352
SLC25A45,ARID1A,-0.034222618
KCNS1,ARID1A,-0.026680827
RGPD3,ARID1A,-0.02897821
PCCB,ARID1A,-0.020331277
C1QL1,ARID1A,-0.19645447
MIPEP,ARID1A,-0.028758286
SYCE1L,ARID1A,-0.37773678
RAPGEF5,ARID1A,-0.07509979
IQCJ-SCHIP1,ARID1A,-0.005936275
CCDC77,ARID1A,-0.018110516
ZNF487,ARID1A,-0.03929817
ZCWPW1,ARID1A,-0.033209242
HNRNPLL,ARID1A,-0.024657171
MLANA,ARID1A,-0.032369174
GABRR1,ARID1A,-0.030826777
KCNH8,ARID1A,-0.08762009
FXYD4,ARID1A,-0.08060234
AC010325.1,ARID1A,-0.03972555
PIPOX,ARID1A,-0.3121044
IL23A,ARID1A,-0.10744771
EIF3CL,ARID1A,-0.02521637
NLRP6,ARID1A,-0.014801863
SLC22A13,ARID1A,-0.021302817
GPR19,ARID1A,-0.0709895
NPIPB9,ARID1A,-0.078511804
C8G,ARID1A,0.00053555577
NANOS1,ARID1A,-0.4503548
ENO2,ARID1A,-0.08379029
PCDHGB1,ARID1A,-0.18783051
AGBL1,ARID1A,-0.04037019
SAA4,ARID1A,-0.077213384
MAP3K19,ARID1A,-0.12992544
CALCR,ARID1A,-0.07663749
KY,ARID1A,-0.50480646
RGL2,ARID1A,-0.0407886
ZDHHC11,ARID1A,-0.023748135
HYAL1,ARID1A,-0.05624978
HNRNPH3,ARID1A,-0.110501885
GCGR,ARID1A,-0.014616458
ATF5,ARID1A,-0.19039191
KCTD16,ARID1A,-0.0708673
NMNAT2,ARID1A,-0.050631728
TNNC1,ARID1A,-0.059834484
KRBA2,ARID1A,-0.009749218
LDHC,ARID1A,-0.036431234
ZC3H12A,ARID1A,-0.032633256
CASP14,ARID1A,-0.055819057
CEP295NL,CNTNAP5,-0.010877716
CCDC163,CNTNAP5,-0.04207125
ABHD16A,CNTNAP5,-0.0058902362
ZBTB32,CNTNAP5,-0.050413504
CHMP2A,CNTNAP5,-0.0148711745
RIDA,CNTNAP5,-0.021698283
ABHD17C,CNTNAP5,-0.014619452
SAV1,CNTNAP5,-0.016688695
TAF3,CNTNAP5,-0.029609336
PFKP,CNTNAP5,-0.03805195
PPP2R1A,CNTNAP5,-0.0136281345
SERTAD1,CNTNAP5,-0.121727675
EBAG9,CNTNAP5,-0.04657102
CD164L2,CNTNAP5,-0.022081498
ZNF541,CNTNAP5,-0.018591465
ANPEP,CNTNAP5,-0.003968231
BEAN1,CNTNAP5,-0.009450562
NENF,CNTNAP5,-0.05514928
RPN1,CNTNAP5,-0.16539498
REEP1,CNTNAP5,-0.0289698
PTMA,CNTNAP5,-0.022739239
TSPAN31,CNTNAP5,-0.18925531
TATDN1,CNTNAP5,-0.019056275
ZFAT,CNTNAP5,-0.022231707
EVPL,CNTNAP5,-0.072713144
TRABD2A,CNTNAP5,-0.029453466
TMEM68,CNTNAP5,-0.04875512
KCNA4,CNTNAP5,-0.032336164
CARNMT1,CNTNAP5,-0.012937228
EIF4G1,CNTNAP5,-0.020282544
RYBP,CNTNAP5,-0.0055067646
ERI2,CNTNAP5,-0.0363101
BRI3,CNTNAP5,-0.017392058
SPATA21,CNTNAP5,-0.013158017
RDH11,CNTNAP5,-0.009581179
INTS9,CNTNAP5,-0.10191765
HBA1,CNTNAP5,-0.06619474
DGAT2L6,CNTNAP5,-0.027319606
ECEL1,CNTNAP5,-0.041031063
RHPN2,CNTNAP5,-0.004184741
PCDHGB2,CNTNAP5,-0.030354844
ADAMTS2,CNTNAP5,-0.044506665
CMC2,CNTNAP5,-0.020444512
TBX20,CNTNAP5,-0.03591618
ANTXRL,CNTNAP5,-0.0055574444
ANO10,CNTNAP5,-0.0046896017
SHISAL2B,CNTNAP5,-0.024138412
HTATIP2,CNTNAP5,-0.04459713
ITFG2,CNTNAP5,-0.009972787
CBX4,CNTNAP5,-0.07243267
SYN2,CNTNAP5,-0.025249993
GALNT2,CNTNAP5,-0.028047066
NOL8,CNTNAP5,-0.3456151
ACTL8,CNTNAP5,-0.02386523
ATL2,CNTNAP5,-0.08147243
RAB41,CNTNAP5,-0.034810524
ST7,CNTNAP5,-0.045931593
ZNF251,CNTNAP5,-0.08830462
AC107871.1,CNTNAP5,-0.14750004
AGPAT1,CNTNAP5,-0.033990856
CYBA,CNTNAP5,-0.028034052
GORAB,CNTNAP5,-0.018441647
GIMAP2,CNTNAP5,-0.028317152
POMT1,CNTNAP5,-0.033356875
EHHADH,CNTNAP5,-0.34430602
EPHB4,CNTNAP5,-0.026195975
RMDN1,CNTNAP5,-0.09799119
GFI1,CNTNAP5,-0.02726335
WIPI1,CNTNAP5,-0.042294737
HSBP1,CNTNAP5,-0.021407427
RIC1,CNTNAP5,-0.01801525
P2RY6,CNTNAP5,-0.016776346
ZNF586,CNTNAP5,-0.01600104
UCN,CNTNAP5,-0.047312714
MUC4,CNTNAP5,-0.041927245
NDUFA5,CNTNAP5,-0.017497411
DERL1,CNTNAP5,-0.11610785
CMAS,CNTNAP5,-0.0509299
CREG1,CNTNAP5,-0.048393317
BEX2,CNTNAP5,-0.11567468
F11R,CNTNAP5,-0.034630075
RPS5,CNTNAP5,-0.03179424
DNAH2,CNTNAP5,-0.062045656
C1QTNF8,CNTNAP5,-0.069137104
CABS1,COL11A1,-0.0076291193
IDH3B,COL11A1,-0.07557344
PAG1,COL11A1,-0.009636173
STX17,COL11A1,-0.062097948
H2BC10,COL11A1,-0.051572666
RCCD1,COL11A1,-0.024181524
PCDHGA5,COL11A1,-0.026259983
NDUFAF5,COL11A1,-0.4769688
RP1,COL11A1,-0.07532115
MAGEC1,COL11A1,-0.01976355
RNF214,COL11A1,-0.0061967457
POLR3GL,COL11A1,-0.0051223817
TGFBR2,COL11A1,-0.024480967
LRRC20,COL11A1,-0.0853262
SIRT7,COL11A1,-0.013090949
MPV17L,COL11A1,-0.03579652
TRHR,COL11A1,-0.26100323
STX8,COL11A1,-0.023703638
PPP1R12B,COL11A1,-0.0071458034
UQCRB,COL11A1,-0.102032095
TBC1D2B,COL11A1,-0.019731188
DNAJC28,COL11A1,-0.020421654
WSB1,COL11A1,-0.020302556
STK19,COL11A1,-0.020370213
TMX4,COL11A1,-0.094299205
GUCA1B,COL11A1,-0.019361665
SAT2,COL11A1,-0.0056809857
NIPA1,COL11A1,-0.008212549
TMEM155,COL11A1,-0.08155826
EBF2,COL11A1,-0.031306803
VSTM2L,COL11A1,-0.37143782
ZNF518B,COL11A1,-0.04534782
OXT,COL11A1,-0.024821991
ITGAM,COL11A1,-0.01892345
LORICRIN,COL11A1,-0.034002386
WASF3,COL11A1,-0.08429398
GPX6,COL11A1,-0.035963092
GTPBP2,COL11A1,-0.012122424
EDA,COL11A1,-0.023065083
HOXC10,COL11A1,-0.064489536
NFIX,COL11A1,-0.4512672
SENP5,COL11A1,-0.012809339
ATP5MF,COL11A1,-0.058256954
B4GALNT2,COL11A1,-0.0166752
SNAP25,COL11A1,-0.031763323
CHFR,COL11A1,-0.2923827
IRF8,COL11A1,0.0013073888
ZNF503,COL11A1,-0.014611201
PLPP6,COL11A1,-0.058482185
CCDC158,COL11A1,-0.02020988
GLB1L2,COL11A1,-0.018758448
NXNL2,COL11A1,-0.025684804
ROBO3,COL11A1,-0.0134291705
F13A1,COL11A1,-0.012405523
CLCN5,COL11A1,-0.03158429
GARRE1,COL11A1,-0.11427076
MRM2,COL11A1,-0.02898882
TAF1D,COL11A1,-0.02464026
FAM156A,COL11A1,-0.02993478
SNRPB2,COL11A1,-0.05835471
ZSCAN30,COL11A1,-0.02384489
CTC1,COL11A1,-0.14796357
CD177,COL11A1,-0.018323543
SOCS2,COL11A1,-0.07591853
FLNA,COL11A1,-0.022032827
SLC35B3,COL11A1,-0.014276244
ATP6V1F,COL12A1,-0.018525513
PDLIM1,COL12A1,-0.23786817
SNX18,COL12A1,-0.0027539823
CFAP73,COL12A1,-0.051680792
GPR179,COL12A1,-0.01950708
FBXO31,COL12A1,-0.019296223
PSENEN,COL12A1,-0.06969871
ABHD6,COL12A1,-0.05524936
TMEM258,COL12A1,-0.07760726
SLC33A1,COL12A1,-0.049673058
SERPINA6,COL12A1,-0.30828255
STOX1,COL12A1,-0.03826375
FKBP1A,COL12A1,-0.4646157
COX6B1,COL12A1,-0.19697171
YDJC,COL12A1,-0.010073185
PFDN4,COL12A1,-0.13741365
SRP19,COL12A1,-0.02991914
CHD2,COL12A1,-0.023144696
SLBP,COL12A1,-0.0027904604
FOXO4,COL12A1,-0.040548384
ALDH7A1,COL12A1,-0.05835986
XRCC1,COL12A1,-0.022020673
GRSF1,COL12A1,-0.03422231
THAP8,COL12A1,-0.123693556
CDC42EP4,COL12A1,-0.11950066
SPAG16,COL12A1,-0.15447727
S100A9,COL12A1,-0.10750687
HRCT1,COL12A1,-0.017345278
UCHL3,COL12A1,-0.05723078
ANO8,COL12A1,-0.02242793
ZFP36L2,COL12A1,-0.05617018
CCDC167,COL12A1,-0.036868174
TNKS,COL12A1,-0.080805756
FAM8A1,COL12A1,-0.03042178
YPEL5,COL12A1,-0.0025199412
OGDH,COL12A1,-0.08822194
FKRP,COL12A1,-0.27165902
HLA-G,COL12A1,-0.03844712
PRB3,COL12A1,-0.19071311
KIAA1109,COL12A1,-0.029078366
POMZP3,COL12A1,-0.049245175
SPATA46,COL12A1,-0.14563407
WSB1,COL12A1,-0.022805871
KPNA4,COL12A1,-0.16639647
POU5F1B,COL12A1,-0.25315997
ASF1A,COL12A1,-0.09326535
VKORC1,COL12A1,-0.12105272
PROSER3,COL12A1,-0.03958633
PTX3,COL12A1,-0.030710118
OR2A1,COL12A1,-0.034642536
UBA6,COL6A3,-0.07492563
RASA3,COL6A3,-0.036086652
CTPS1,COL6A3,-0.014218771
LYPLAL1,COL6A3,-0.43732688
GJA4,COL6A3,-0.1468857
SHLD1,COL6A3,-0.06516301
ATP6V0D2,COL6A3,-0.10455156
NHLRC3,COL6A3,-0.022038436
LZTS3,COL6A3,-0.10008498
SPINT4,COL6A3,-0.22360139
IFITM2,COL6A3,-0.054332834
MKX,COL6A3,-0.18746759
TBCC,COL6A3,-0.029436683
TMEM74,COL6A3,-0.018714441
TDGF1,COL6A3,-0.09063392
SFR1,COL6A3,-0.028565817
EPM2A,COL6A3,-0.47366062
RIPOR3,COL6A3,-0.03164941
RPL21,COL6A3,-0.05390315
LZIC,COL6A3,-0.033359133
PPP2R5D,COL6A3,-0.05973755
CFHR3,COL6A3,-0.43496475
VWCE,COL6A3,-0.1254795
HEATR9,COL6A3,-0.054958414
CFP,COL6A3,-0.28436014
DCAF16,COL6A3,-0.012762424
CELF4,COL6A3,-0.09235589
CCNO,COL6A3,-0.17399974
PPM1B,COL6A3,-0.071834095
TCAIM,COL6A3,-0.05614029
CPLANE1,COL6A3,-0.0047687856
STRIP1,COL6A3,-0.07996714
GPCPD1,COL6A3,-0.01324378
SNRPB2,COL6A3,-0.16546762
KCTD2,COL6A3,-0.04527083
ZNF658,COL6A3,-0.0036260807
TMEM123,COL6A3,-0.07824407
LAMP5,COL6A3,-0.032854304
DQX1,COL6A3,-0.21434753
CYP39A1,COL6A3,-0.38774183
PCDHB1,CSMD1,-0.009863644
EFNB2,CSMD1,-0.031092923
EPOR,CSMD1,-0.024320459
LGALS14,CSMD1,-0.023250572
SEMA3C,CSMD1,-0.01763831
ANGPT2,CSMD1,-0.059598856
SLC2A11,CSMD1,-0.13764504
CORO7,CSMD1,-0.016618727
CIRBP,CSMD1,-0.036507938
IMP4,CSMD1,-0.006061174
HS3ST3B1,CSMD1,-0.018478412
PRKY,CSMD1,-0.02947251
RHEB,CSMD1,-0.03816849
PBDC1,CSMD1,-0.07432803
RRS1,CSMD1,-0.0113266455
LPP,CSMD1,-0.0051449453
STX19,CSMD1,-0.028773846
SLC6A9,CSMD1,-0.010528449
ASPRV1,CSMD1,-0.026108604
CEP63,CSMD1,-0.09230545
NUP210L,CSMD1,-0.120856375
ARVCF,CSMD1,-0.011366191
STXBP6,CSMD1,-0.033727683
TMEM170A,CSMD1,-0.029872306
UQCR11,CSMD1,-0.09623869
CXCR3,CSMD1,-0.036437456
DUSP18,CSMD1,-0.057075135
GSC,CSMD1,-0.025543178
C15orf65,CSMD1,-0.035254862
GSTM4,CSMD1,-0.008524099
PLGLB1,CSMD1,-0.005032597
DERL2,CSMD1,-0.018956818
CDC42SE1,CSMD1,-0.019519677
TEX14,CSMD1,-0.025869807
ATG9B,CSMD1,-0.02547243
EML6,CSMD1,-0.083024144
ACSL4,CSMD1,-0.006692238
CPA3,CSMD1,-0.028803997
AMBRA1,CSMD1,-0.0057566673
LYST,CSMD1,-0.023976697
CLTCL1,CSMD1,-0.00819939
YWHAH,CSMD1,-0.019393824
PTH2,CSMD1,-0.037237488
C4orf46,CSMD1,-0.012636072
MYCL,CSMD1,-0.009729182
TCF19,CSMD1,-0.028317444
HMGN5,CSMD1,-0.16534096
LYZ,CSMD1,-0.08263484
DGUOK,CSMD1,-0.04065745
FANCD2,CSMD1,-0.018099023
SLC26A1,CSMD1,-0.012624409
HPGD,CSMD1,-0.019923603
GSDMA,CSMD1,-0.033373754
THOC3,CSMD1,-0.040523894
RAB38,CSMD1,-0.022075677
THOC7,CSMD1,-0.046575323
RPUSD3,CSMD1,-0.035736013
IFNG,CSMD1,-0.06348018
DPY30,CSMD1,-0.025944205
ARHGAP15,CSMD1,-0.042172898
DEGS1,CSMD1,-0.032807577
SLC17A5,CSMD1,-0.060152795
FAM177B,CSMD1,-0.017720878
SNAP47,CSMD1,-0.017813457
LIME1,CSMD1,-0.013353981
TPSB2,CSMD1,-0.0384115
NREP,CSMD1,-0.004589404
GJD3,CSMD1,-0.019064901
UQCC1,CSMD1,-0.011838402
RPRM,CSMD1,-0.062411126
HLA-B,CSMD1,-0.5951825
E4F1,CSMD1,-0.013563813
MARVELD3,CSMD1,-0.07340607
IDH3G,CSMD1,-0.04436747
CCL24,CSMD1,-0.037249863
TRIB2,CSMD1,-0.011207005
PCDHGA8,CSMD1,-0.030180959
JPT1,CSMD1,-0.028120825
NBPF15,CSMD1,-0.012580758
UQCRB,CSMD1,-0.14983684
FBXO4,CSMD1,-0.019155724
LAMTOR4,CSMD1,-0.041804515
ARL14EP,CSMD1,-0.054752555
PCDHGB4,CSMD1,-0.034732994
C1QTNF1,CSMD1,-0.017088193
CD8A,CSMD1,-0.20546263
ADGRE2,CSMD1,-0.034454945
NXPH1,CSMD1,-0.1354848
STEAP1,CSMD1,-0.019684162
RGS10,DCC,-0.012531379
CPTP,DCC,-0.023754694
BLZF1,DCC,-0.06434338
ASB9,DCC,-0.086170495
HIF3A,DCC,-0.01666659
DTL,DCC,-0.18599309
ENPP5,DCC,-0.12876977
DDX51,DCC,-0.032580562
MROH6,DCC,-0.06902573
FRA10AC1,DCC,-0.057142068
PDE4C,DCC,-0.53347
AADAT,DCC,-0.025867037
SLC7A2,DCC,-0.048379753
DBF4,DCC,-0.078700796
TIPIN,DCC,-0.08444876
SMIM30,DCC,-0.021688258
TPBGL,DCC,-0.048214357
MAGEA1,DCC,-0.046718873
TIFA,DCC,-0.17287542
CCDC152,DCC,-0.012098818
ZSCAN5C,DCC,-0.05938343
SCART1,DCC,-0.12682211
TRIB2,DCC,-0.37441745
NBL1,DCC,-0.18266161
SH2D4B,DCC,-0.015723836
MYB,DCC,-0.08649119
GSTA1,DCC,-0.026617305
NAAA,DCC,-0.025564091
FOXI2,DCC,-0.0432844
SNAP23,DCC,-0.064094275
HPF1,DCC,-0.040664237
ATP1B1,DCC,-0.07095517
GINS4,DCC,-0.11317641
PAGE2,DCC,-0.020814605
TMPO,DCC,-0.058820613
SAV1,DCC,-0.118484795
GTF2A2,DCC,-0.03541493
SLC25A22,DCC,-0.04047693
CD8A,DCC,-0.28560892
PGM2L1,DCC,-0.05921473
TMEM51,DCC,-0.11914963
ME1,DCC,-0.030774878
TMEM37,DCC,-0.09235493
ASB4,DCC,-0.03572401
PPP2R5B,DCC,-0.041280005
PROKR1,DCC,-0.027848203
MAGOHB,DCC,-0.15713876
HERC5,DCC,-0.05680585
SYT3,DCC,-0.046914876
MAST1,DCC,-0.03640311
IRF1,DCC,-0.018357774
CREG2,DCC,-0.037268817
TMEM222,DCC,-0.021437528
CASP1,DCC,-0.21208555
SCO2,DCC,-0.007744068
AL139353.1,DMD,-0.06533518
HPS6,DMD,-0.020719528
LIN37,DMD,-0.04381909
UBE2E3,DMD,-0.09269618
DMRTA1,DMD,-0.2547992
TNFSF10,DMD,-0.10179625
KCTD14,DMD,-0.013125511
ZFPM1,DMD,-0.027796052
SAP30,DMD,-0.031384416
ZBED9,DMD,-0.061758827
WDR45B,DMD,-0.03158987
FAM124B,DMD,-0.102436386
ADGRB3,DMD,-0.0029130804
SAP130,DMD,-0.060989287
CALM2,DMD,-0.030760573
BICRAL,DMD,-0.014703262
FAM214B,DMD,-0.14167498
LAMTOR5,DMD,-0.032698236
CSTF3,DMD,-0.020407306
RBKS,DMD,-0.009445093
SLC6A2,DMD,-0.017978104
ZNF280D,DMD,-0.16677682
DNAJB6,DMD,-0.008182981
MPP5,DMD,-0.0627698
TSR2,DMD,-0.037668608
CCDC81,DMD,-0.056531847
AC099489.1,DMD,-0.059256542
ZNF132,DMD,-0.06814797
SDF2L1,DMD,-0.031925324
POLR2F,DMD,-0.015823053
ITIH6,DMD,-0.040062554
ZBTB49,DMD,-0.033956464
STRIT1,DMD,-0.028231189
NODAL,DMD,-0.028714208
SCIN,DMD,-0.015012576
CENPM,DMD,-0.03677877
AP002373.1,DMD,-0.049455248
FAM185A,DMD,-0.24636286
KCNK9,DMD,-0.060527742
RBM43,DMD,-0.007671744
ABCG2,DMD,-0.03480227
ZNF534,DMD,-0.3833035
CILK1,DMD,-0.058824927
TMEM131,DMD,-0.032601297
IL6,DMD,-0.03258393
NR5A1,DMD,-0.5787168
PRR12,DMD,-0.2774068
SPIN4,DMD,-0.19777739
GABPB2,DMD,-0.053388346
DGKK,DMD,-0.034930214
BCL2L2-PABPN1,DMD,-0.044346415
HCN2,DMD,-0.020154482
C4orf48,DMD,-0.06296037
CEP104,DMD,-0.031209702
GET4,DMD,-0.048418105
SCOC,DMD,-0.044788122
CD200R1L,DMD,-0.060680196
AGAP9,DMD,-0.11017131
AGPAT3,DNAH11,-0.015132149
LIMS1,DNAH11,-0.071479104
KDM5C,DNAH11,-0.02426195
RAPGEF1,DNAH11,-0.083770104
DDX20,DNAH11,-0.015105767
PAM,DNAH11,-0.08513027
TMEM250,DNAH11,-0.0064933253
TRIM66,DNAH11,-0.041693214
MSTO1,DNAH11,-0.043803424
WDR27,DNAH11,-0.04076932
CSNK1E,DNAH11,-0.61259687
C19orf18,DNAH11,-0.13689099
SMIM10L2B,DNAH11,-0.26005065
RELL2,DNAH11,-0.0021658211
SDHC,DNAH11,-0.47327262
CDA,DNAH11,-0.16471678
EME2,DNAH11,-0.06355217
BLVRB,DNAH11,-0.02553555
AKIRIN2,DNAH11,-0.09911597
FAM13A,DNAH11,-0.010832826
ANGPTL6,DNAH11,-0.022612855
KITLG,DNAH11,-0.03953831
SIN3B,DNAH11,-0.13788806
DENND1A,DNAH11,-0.0647874
RALGPS2,DNAH11,-0.08982903
BTNL2,DNAH11,-0.06398391
C11orf49,DNAH11,-0.013322648
ATF6B,DNAH11,-0.05016579
NUP93,DNAH11,-0.0012503915
DEGS1,DNAH11,-0.033547852
PEA15,DNAH11,-0.17740326
CELA1,DNAH11,-0.03624803
PPT2-EGFL8,DNAH11,-0.06954076
RNF26,DNAH11,-0.024457002
AVPI1,DNAH11,-0.040479463
CHSY3,DNAH11,-0.0056041493
ZFP41,DNAH11,-0.049111456
KYAT3,DNAH11,-0.04039476
SATB2,DNAH11,-0.024363909
GEMIN7,DNAH11,-0.06882678
COL5A2,DNAH11,-0.019370567
ZSCAN9,DNAH11,-0.0371589
SCAMP5,DNAH11,-0.041432407
PRR7,DNAH11,-0.03519113
VWDE,DNAH11,-0.54295963
GLDC,DNAH11,-0.10120494
JMJD1C,DNAH11,-0.026637128
ZNF433,DNAH11,-0.022024581
CENPM,DNAH11,-0.094912276
FBRSL1,DNAH11,-0.014956511
MIPEP,DNAH11,-0.018732585
LIMCH1,DNAH11,-0.010634972
MARCKS,DNAH11,-0.07495388
CA2,DNAH11,-0.047687814
GCN1,DNAH3,-0.17835215
USP6,DNAH3,-0.011671492
SNAPC3,DNAH3,-0.011721812
TPSAB1,DNAH3,-0.014599029
MAP2K6,DNAH3,-0.01845026
ZDHHC21,DNAH3,-0.02291656
CP,DNAH3,-0.027381921
SMIM20,DNAH3,-0.041455198
AC233723.1,DNAH3,-0.035768252
ADGRB2,DNAH3,-0.033934012
CCP110,DNAH3,-0.1362826
GGT7,DNAH3,-0.041816033
KMT5B,DNAH3,-0.048857216
NAPEPLD,DNAH3,-0.018444248
AC136428.1,DNAH3,-0.13989826
ARL4A,DNAH3,-0.05309905
MON1B,DNAH3,-0.028108675
OR8S1,DNAH3,-0.13234007
CRY1,DNAH3,-0.066157915
KITLG,DNAH3,-0.014682799
ALDOC,DNAH3,-0.04610665
LGALS3,DNAH3,-0.050180018
THPO,DNAH3,-0.051400635
KIF4B,DNAH3,-0.06527143
TXN,DNAH3,-0.04205327
TLE6,DNAH3,-0.09288795
ZNF148,DNAH3,-0.051662423
CFAP161,DNAH3,-0.05436066
THOC2,DNAH3,-0.09269987
PGLS,DNAH3,-0.031533215
CNGA1,DNAH3,-0.03282605
TK1,DNAH3,-0.024158508
AMY1B,DNAH3,-0.051007763
MACO1,DNAH3,-0.09417931
THEM5,DNAH3,-0.44753003
PRDM1,DNAH3,-0.0205335
HAPLN3,DNAH3,-0.0366463
GAREM1,DNAH3,-0.044043794
EPYC,DNAH3,-0.04161854
SEC63,DNAH3,-0.27164045
ASB1,DNAH3,-0.031037496
FGF23,DNAH3,-0.08961939
MAPKAPK2,DNAH3,-0.029365057
TECPR1,DNAH3,-0.39797086
FAM149B1,DNAH3,-0.075175546
WDR11,DNAH3,-0.049248118
LRCH4,DNAH3,-0.05406551
SLC10A3,DNAH3,-0.042427823
CLEC14A,DNAH3,-0.037045818
METTL21A,DNAH3,-0.32658067
EP400,DNAH3,-0.082062654
SPATA46,DNAH3,-0.051655862
LEPR,DNAH3,-0.104669616
GOLGA3,DNAH3,-0.08954103
SLC16A5,DNAH3,-0.15361477
DOCK1,DNAH3,-0.03274971
UNC5C,DNAH7,-0.0015719576
AC010132.3,DNAH7,-0.039883446
CDK5RAP3,DNAH7,-0.006303183
MRGPRX2,DNAH7,-0.009279959
GPR85,DNAH7,-0.012719751
POTEJ,DNAH7,-0.017031401
CAMK2G,DNAH7,-0.20524265
RHOV,DNAH7,-0.01630997
PDC,DNAH7,-0.08529428
SLC19A1,DNAH7,-0.030033067
PTDSS1,DNAH7,-0.03434411
RAB9B,DNAH7,-0.052777372
RASD1,DNAH7,-0.022926599
SPEF1,DNAH7,-0.022251142
FARSB,DNAH7,-0.0083858585
IQCD,DNAH7,-0.08415024
VSNL1,DNAH7,-0.025024569
RNF144A,DNAH7,-0.010796304
ZNF302,DNAH7,-0.01970479
LINC00672,DNAH7,-0.07630124
PRRC2A,DNAH7,-0.030216383
TCF23,DNAH7,-0.22638467
ASCL2,DNAH7,-0.042945944
TKT,DNAH7,-0.053308893
SHQ1,DNAH7,-0.04880275
PRSS35,DNAH7,-0.17256968
CHP2,DNAH7,-0.054914404
MS4A6E,DNAH7,-0.045324404
MAP1S,DNAH7,-0.06437213
FBXO30,DNAH7,-0.11252753
RBBP8,DNAH7,-0.059430987
UBE2D3,DNAH7,-0.028522696
ZSCAN22,DNAH7,-0.057751395
ADAP2,DNAH7,-0.026945176
CEP192,DNAH7,-1.2013217
ABRA,DNAH7,-0.07591301
RAB15,DNAH7,-0.062084164
NREP,DNAH7,-0.13523401
ACLY,DNAH7,-0.04839539
TRPV1,DNAH7,-0.06417452
TST,DNAH7,-0.0821427
SLC9A4,DNAH7,-0.019439356
WIPF2,DNAH7,-0.025093488
FHAD1,DNAH7,-0.021567611
FAR1,DNAH7,-0.1927071
TSPAN18,DNAH7,-0.13108733
SLC7A9,DNAH7,-0.039441347
TRIM29,DNAH7,-0.049855847
AKAIN1,DNAH7,-0.27965024
VWCE,DNAH7,-0.087604016
PSMC3IP,DNAH7,-0.0030193415
SHISA4,DNAH7,-0.045303423
PRDM6,DNAH7,-0.06386253
EMD,DNAH7,-0.03551893
BTN3A2,DNAH7,-0.010473767
CEP104,DNAH7,-0.023984652
ERICH5,DNAH8,-0.018515505
ETF1,DNAH8,-0.0051823882
KCTD13,DNAH8,-0.009514126
SRP54,DNAH8,-0.05362411
SCGB3A2,DNAH8,-0.046169993
CTTN,DNAH8,-0.04066942
MRPL22,DNAH8,-0.028573377
INPP5E,DNAH8,-0.015921893
ASPH,DNAH8,-0.042033635
PSCA,DNAH8,-0.044994116
H2BC6,DNAH8,-0.021142704
SLC22A17,DNAH8,-0.02896325
CUX2,DNAH8,-0.24160634
APOL4,DNAH8,-0.14390826
AGXT,DNAH8,-0.07229211
FGF2,DNAH8,-0.05384126
ROR1,DNAH8,-0.016120646
KIF26B,DNAH8,-0.05204355
KLHDC7B,DNAH8,-0.03127571
SETD1A,DNAH8,-0.036306873
C16orf71,DNAH8,-0.15921776
SNAP47,DNAH8,-0.04030455
HBEGF,DNAH8,-0.017456248
MMP25,DNAH8,-0.052958533
SERTAD4,DNAH8,-0.428418
PCDHGA9,DNAH8,-0.055409875
NAV2,DNAH8,-0.3636609
PTK6,DNAH8,-0.010984624
C15orf39,DNAH8,-0.012464568
IQCF1,DNAH8,-0.027850514
ZNF496,DNAH8,-0.03650754
RNF39,DNAH8,-0.24686886
USP44,DNAH8,-0.0673031
SOX11,DNAH8,-0.17524642
TRIM46,DNAH8,-0.0040061697
IL17RD,DNAH8,-0.06491561
ANO1,DNAH8,-0.03855348
STX1A,DNAH8,-0.24992494
KDM3A,DNAH8,-0.06795442
SMG6,DNAH8,-0.0136159
TRIM73,DNAH8,-0.06140206
PROM1,DNAH8,-0.003614398
CDK5,DNAH8,-0.027755465
FAM163B,DNAH8,-0.26175153
H4C12,DNAH8,-0.025706846
IGSF8,DNAH8,-0.0074845967
CEP20,DNAH8,-0.035791535
ALG5,DNAH8,-0.08436213
SLC25A2,DNAH8,-0.49206305
THEMIS,DNAH8,-0.31704512
MARK3,DNAH9,-0.026549283
KDM1A,DNAH9,-0.017271673
SRRM2,DNAH9,-0.21266478
IL1RL1,DNAH9,-0.024410129
C7orf25,DNAH9,-0.06816724
ADAMTS13,DNAH9,-0.02471342
HHEX,DNAH9,-0.01049319
TMED8,DNAH9,-0.057125703
ZC3H11B,DNAH9,-0.24930774
BPNT2,DNAH9,-0.04371842
MTA1,DNAH9,-0.123463765
MRPL28,DNAH9,-0.5201482
MCTP2,DNAH9,-0.12883575
CTHRC1,DNAH9,-0.014545682
IRAK2,DNAH9,-0.006214945
PCDHGA2,DNAH9,-0.03908319
ZBTB22,DNAH9,-0.06897184
PDCD5,DNAH9,-0.038523246
SLC16A6,DNAH9,-0.037401237
PARP4,DNAH9,-0.068458796
CBWD1,DNAH9,-0.0067718253
H2AC11,DNAH9,-0.07826924
B4GALNT2,DNAH9,-0.09638673
PATL2,DNAH9,-0.018861873
HAT1,DNAH9,-0.029934095
CUL4A,DNAH9,-0.026949836
ITPR2,DNAH9,-0.39573398
ZNF512B,DNAH9,0.0012514816
AC011448.1,DNAH9,-0.07876349
RHNO1,DNAH9,-0.75044227
PZP,DNAH9,-0.061391305
SLC5A1,DNAH9,-0.109764695
STRADB,DNAH9,-0.10192846
FAM178B,DNAH9,-0.044434976
PCCB,DNAH9,-0.06849804
BTN3A2,DNAH9,-0.110211425
TAS1R3,DNAH9,-0.032858036
ITGA6,DNAH9,-0.026896836
CTAGE15,DNAH9,-0.0369782
MT-CO2,DNAH9,-0.040419154
UTRN,DNAH9,-0.05679517
ESYT1,DNAH9,-0.05920956
VAV2,DNAH9,-0.072833925
RASL11B,DNAH9,-0.061994214
GNG5,DNAH9,-0.048054673
ZNF91,DNAH9,-0.05758922
NDE1,DNAH9,-0.060065225
BBOX1,DNAH9,-0.074845485
CADPS,DNAH9,-0.039917007
OR2L13,DOCK2,-0.16392593
TMEM14A,DOCK2,-0.037017293
TBK1,DOCK2,-0.00941934
GATA1,DOCK2,-0.027807485
C6orf136,DOCK2,-0.036825746
SPX,DOCK2,-0.05441548
FNDC11,DOCK2,-0.04938598
PSKH1,DOCK2,-0.22742885
ZNF691,DOCK2,-0.059940495
ZC3H18,DOCK2,-0.1466646
SYCE1L,DOCK2,-0.039211627
ZNF358,DOCK2,-0.117728144
RBM38,DOCK2,-0.01031121
CYP2E1,DOCK2,-0.18873386
ZNF91,DOCK2,-0.015374727
EDC4,DOCK2,-0.057407763
HYDIN,DOCK2,-0.115643844
CKAP4,DOCK2,-0.079914615
TOB1,DOCK2,-0.04442895
TEAD2,DOCK2,-0.15765812
USP40,DOCK2,-0.08372034
AC022335.1,DOCK2,-0.25802436
AVPI1,DOCK2,-0.33928576
ZNF654,DOCK2,-0.03457539
TMEM151B,DOCK2,-0.074127726
VGLL3,DOCK2,-0.010933226
VGLL1,DOCK2,-0.022847548
FAM237B,DOCK2,-0.04453542
KANSL2,DOCK2,-0.05484085
RPL27,DOCK2,-0.061969925
MCUR1,DOCK2,-0.10851116
CCDC198,DOCK2,-0.052423045
NCBP3,DOCK2,-0.005129834
NKX3-1,DOCK2,-0.0063984185
GRM6,DOCK2,-0.17170411
PIGO,DOCK2,-0.028668085
SLC6A12,DOCK2,-0.054581583
ATF4,DOCK2,-0.123836674
POU2F2,DOCK2,-0.011035046
ZNF534,DOCK2,-0.038345885
MAP2K4,DOCK2,-0.015727447
C17orf80,DOCK2,-0.049119838
NOL7,DOCK2,-0.14003238
MUC16,DOCK2,-0.063980065
ZNF844,DOCK2,-0.030099394
MINDY2,DOCK2,-0.029056402
FGF18,DOCK2,-0.7950241
TMEM81,DOCK2,-0.0696302
OR1E1,DOCK3,-0.01595571
EIF5AL1,DOCK3,-0.012863015
RNF20,DOCK3,-0.07029489
IGSF11,DOCK3,-0.08316052
OBSCN,DOCK3,-0.042393982
NHLRC4,DOCK3,-0.02536927
AC004706.3,DOCK3,-0.31005666
GNB1,DOCK3,-0.044432152
SERPINH1,DOCK3,-0.010420378
MYBPHL,DOCK3,-0.028822301
RWDD3,DOCK3,-0.015733171
HOXB5,DOCK3,-0.59869677
ODC1,DOCK3,-0.009890125
RPL37,DOCK3,-0.013190571
ANKRD10,DOCK3,-0.053611793
SIAH1,DOCK3,-0.18554926
HTRA3,DOCK3,-0.048741955
ERICH1,DOCK3,-0.00589909
PIWIL1,DOCK3,-0.14773378
CFAP46,DOCK3,-0.110646605
TRIM40,DOCK3,-0.069109015
CYP39A1,DOCK3,-0.053323783
SPG11,DOCK3,-0.04703793
FBXO33,DOCK3,-0.03271823
DDX19A,DOCK3,-0.14750394
BCL2L10,DOCK3,-0.24450105
FXYD4,DOCK3,-0.28492883
IFNL1,DOCK3,-0.02459093
VANGL2,DOCK3,-0.81087315
MAFG,DOCK3,-0.0556227
FOXD4L3,DOCK3,-0.025638664
CC2D2A,DOCK3,-0.10576341
HOXB9,DOCK3,-0.026491938
ZNF101,DOCK3,-0.15642342
STON2,DOCK3,-0.14088076
SPAG16,DOCK3,-0.013590628
ADAL,DOCK3,-0.19478771
COL4A5,DOCK3,-0.13028169
GLB1,DOCK3,-0.054378483
SLC2A4RG,DOCK3,-0.09115966
BIN3,DOCK3,-0.027177894
UBXN1,DYNC2H1,-0.060798213
CMTR2,DYNC2H1,-0.05263385
SLC39A4,DYNC2H1,-0.005875335
MAPK15,DYNC2H1,-0.017211596
CELF2,DYNC2H1,-0.016558895
COL9A3,DYNC2H1,-0.02145567
PPM1E,DYNC2H1,-0.050202187
RGS6,DYNC2H1,-0.08962785
WDR91,DYNC2H1,-0.0043260567
RAB40A,DYNC2H1,-0.1474334
CCM2,DYNC2H1,-0.027847376
HOXC9,DYNC2H1,-0.015969247
TSTD3,DYNC2H1,-0.0067813937
CD7,DYNC2H1,-0.04714558
NWD2,DYNC2H1,-0.007535428
PMFBP1,DYNC2H1,-0.004060571
FASLG,DYNC2H1,-0.005012679
ERCC1,DYNC2H1,-0.013916953
FSD1,DYNC2H1,-0.013360941
GAA,DYNC2H1,-0.5836163
PYY,DYNC2H1,-0.06631584
AMH,DYNC2H1,-0.039340846
SMCR8,DYNC2H1,-0.009501266
MAPRE2,DYNC2H1,-0.026969707
TMEM117,DYNC2H1,-0.013543819
CARD16,DYNC2H1,-0.011133475
C15orf62,DYNC2H1,-0.03654746
CAMK1D,DYNC2H1,-0.11776091
PADI1,DYNC2H1,-0.012284776
C19orf12,DYNC2H1,-0.014997218
FZD8,DYNC2H1,-0.021858947
MPPED2,DYNC2H1,-0.38287035
AHRR,DYNC2H1,-0.0041386248
ST6GALNAC6,DYNC2H1,-0.013970968
PIRT,DYNC2H1,-0.027924221
RASD2,DYNC2H1,-0.023597684
RTKN,DYNC2H1,-0.05284702
DNAJB2,DYNC2H1,-0.0105078025
PFKP,DYNC2H1,-0.033444323
PTTG2,DYNC2H1,-0.07276313
H6PD,DYNC2H1,-0.01745231
RNF43,DYNC2H1,-0.174601
CCL24,DYNC2H1,-0.020861441
SLC25A27,DYNC2H1,-0.08203581
CYP2W1,DYNC2H1,-0.031967208
VAV2,DYNC2H1,-0.04636569
DEFB108B,DYNC2H1,-0.03239821
BTN3A2,DYNC2H1,-0.054282594
TDP1,DYNC2H1,-0.02393669
HNF4A,DYNC2H1,-0.06975112
AC093512.2,DYNC2H1,-0.052289624
PRICKLE1,DYNC2H1,0.00061999954
WNT9A,DYNC2H1,-0.03924175
FBXO2,DYNC2H1,-0.019584164
SLC25A39,DYNC2H1,-0.24137503
CASP4,DYNC2H1,-0.036754597
NDUFA3,DYNC2H1,-0.027644584
FBH1,DYNC2H1,-0.02148506
KCNK12,DYNC2H1,-0.06880181
DNAJC11,DYNC2H1,-0.073927805
EFNA1,DYNC2H1,-0.024011726
WNT7A,DYNC2H1,-0.032455094
OR5K1,DYNC2H1,-0.043736
MEIG1,DYNC2H1,-0.017299004
GAPDH,DYNC2H1,-0.018922029
RCN3,DYNC2H1,-0.021467006
MSX1,DYNC2H1,-0.03770482
ZNF296,DYNC2H1,-0.013373369
H2BC3,DYNC2H1,-0.018874703
OGFR,DYNC2H1,-0.04402161
NINJ1,DYNC2H1,-0.033570416
PRSS16,DYNC2H1,-0.013460869
RUBCNL,DYNC2H1,-0.025829637
TEAD4,DYNC2H1,-0.15067974
NFYC,DYNC2H1,-0.019049175
FANCA,DYNC2H1,-0.052284766
STX3,DYNC2H1,-0.051106893
FRRS1L,DYNC2H1,-0.064520516
CDC34,DYNC2H1,-0.034050252
GOLT1A,DYNC2H1,-0.09593657
STPG3,ERBB2,-0.023039918
KHDRBS3,ERBB2,-0.163569
UPF1,ERBB2,-0.021531539
FER,ERBB2,-0.031249002
SHROOM2,ERBB2,-0.06532386
TMEM134,ERBB2,-0.061524186
SOX7,ERBB2,-0.085753314
CMTM6,ERBB2,-0.4897392
HSD11B1L,ERBB2,-0.018464308
ZDHHC13,ERBB2,-0.059266217
JUP,ERBB2,-0.024927355
ERI3,ERBB2,-0.3441819
KLRC2,ERBB2,-0.016756868
UBE2QL1,ERBB2,-0.06780432
ARL6IP5,ERBB2,-0.06062552
TNNI3,ERBB2,-0.038294557
CAPZB,ERBB2,-0.0672208
COX8A,ERBB2,-0.08440413
PRKCG,ERBB2,-0.088218346
FZD10,ERBB2,-0.09045632
LINC00514,ERBB2,-0.02960988
SLF2,ERBB2,-0.025417555
F8,ERBB2,-0.021415355
CACNA2D4,ERBB2,-0.15883279
DDAH1,ERBB2,-0.028442763
ZDHHC14,ERBB2,-0.06130256
FAU,ERBB2,-0.19677468
GSTCD,ERBB2,-0.08272779
KCNA1,ERBB2,-0.08356094
MAP2K7,ERBB2,-0.07507199
GNAI1,ERBB2,-0.24921857
FBLIM1,ERBB2,-0.1070655
PTCHD4,ERBB2,-0.83020294
SRPX,ERBB2,-0.002783594
BNIP3,ERBB2,-0.43211037
DNAJC4,ERBB2,-0.10283581
PPWD1,ERBB2,-0.01599704
NREP,ERBB2,-0.005716013
LMNTD2,ERBB2,-0.082933806
RAB5A,ERBB2,-0.03376462
PLA2G2A,ERBB2,-0.066696376
AGBL1,ERBB4,-0.12285169
TC2N,ERBB4,-0.019150438
FLOT1,ERBB4,-0.008073883
ARMCX4,ERBB4,-0.008320513
EPS8L1,ERBB4,-0.02665782
FAU,ERBB4,-0.05290868
PPP2R5C,ERBB4,-0.007922119
PRRG1,ERBB4,-0.07344604
MANEAL,ERBB4,-0.015203496
LFNG,ERBB4,-0.007894769
C6orf226,ERBB4,-0.22883716
PAN3,ERBB4,-0.024042578
DRD1,ERBB4,-0.08147399
HCFC1R1,ERBB4,-0.03987053
OR2B6,ERBB4,-0.17082345
PCDHGB3,ERBB4,-0.055080358
IL13RA1,ERBB4,-0.023260303
DDX49,ERBB4,-0.1052307
FOXRED2,ERBB4,-0.038121928
SLC9A4,ERBB4,-0.025231594
TNFSF9,ERBB4,-0.05704185
SREK1IP1,ERBB4,-0.068259336
EIF2B3,ERBB4,-0.049856924
FOLH1,ERBB4,-0.12158864
ITGB6,ERBB4,-0.048240535
LRP10,ERBB4,-0.10134252
SPOCK3,ERBB4,-0.0047772154
PRPF6,ERBB4,-0.12590557
USP53,ERBB4,-0.07762036
MRPS11,ERBB4,-0.08424984
DHDH,ERBB4,-0.031175353
HOOK1,ERBB4,-0.002071742
ZFYVE28,ERBB4,-0.05098345
H2BC12,ERBB4,-0.11588878
SNX24,ERBB4,-0.011720839
THEG,ERBB4,-0.08787193
PRRG4,ERBB4,-0.00466668
NFE2L3,ERBB4,-0.45385817
MPHOSPH10,ERBB4,-0.31669185
C16orf71,ERBB4,-0.059376396
BLOC1S2,ERBB4,-0.052918423
TEKT3,ERBB4,-0.044825338
CD46,ERBB4,-0.069002904
HOXB5,ERBB4,-0.20088668
ABCA4,ERBB4,-0.08183329
NUBP2,ERBB4,-0.049918424
H4C8,ERBB4,-0.13511501
GRK5,ERBB4,-0.04198509
RILP,ERBB4,-0.06269712
CCL25,ERBB4,-0.04673773
CIBAR1,ERBB4,-0.041148417
MR1,ERBB4,-0.025910389
STK17B,ERBB4,-0.17910977
ZNF512B,ERBB4,-0.1526072
ERCC4,ERBB4,-0.047048192
H4C5,ERBB4,-0.078335635
COP1,ERBB4,-0.021784768
TELO2,ERBB4,-0.013884794
TRIM40,ERBB4,-0.036413573
H4C12,ERBB4,-0.036815863
ZNF346,FAM135B,-0.036549415
HDHD3,FAM135B,-0.013678227
BX276092.9,FAM135B,-0.087203555
CYP4F2,FAM135B,-0.020774338
MACIR,FAM135B,-0.18901262
TP53,FAM135B,-0.030226685
MPP4,FAM135B,-0.25764972
OR7D2,FAM135B,-0.21701476
TPD52,FAM135B,-0.14943554
RTL1,FAM135B,-0.19386965
EPS8,FAM135B,-0.060754254
FAM167A,FAM135B,-0.015951013
DSG2,FAM135B,-0.48980168
MYBPC1,FAM135B,-0.08270338
ACOT1,FAM135B,-0.32779282
UGT2B17,FAM135B,-0.06776297
ZNF704,FAM135B,-0.043102793
ANAPC2,FAM135B,-0.019706331
SERINC3,FAM135B,-0.045613848
RAD54L2,FAM135B,-0.035807148
PBDC1,FAM135B,-0.10738196
SORL1,FAM135B,-1.190749
DNAH8,FAM135B,-0.1565703
RPS4X,FAM135B,-0.02784389
HES1,FAM135B,-0.17960659
NRTN,FAM135B,-0.02754777
CWC22,FAM135B,-0.15547453
CDCA7L,FAM135B,-0.015029955
GMFG,FAM135B,-0.08980294
CENPBD1,FAM135B,-0.34824738
MST1R,FAT3,-0.01225811
RSRC1,FAT3,-0.015703138
EIF4EBP2,FAT3,-0.029710881
VAT1L,FAT3,-0.005036952
UPK3B,FAT3,-0.06850158
SPANXA1,FAT3,-0.011973377
KIF1C,FAT3,-0.005184761
CUEDC2,FAT3,-0.0060066576
PPT1,FAT3,-0.008297671
CCDC96,FAT3,-0.019720972
MBTPS1,FAT3,-0.09277861
HINT1,FAT3,-0.11436753
CD164L2,FAT3,-0.02998896
BPNT2,FAT3,-0.023637392
HSD17B8,FAT3,-0.0036945178
NBPF9,FAT3,-0.02427704
ITM2A,FAT3,-0.03200767
TXNL4A,FAT3,-0.012924071
IL27RA,FAT3,-0.0049043475
DOC2B,FAT3,-0.04614679
GNA12,FAT3,-0.0088853305
ETNK2,FAT3,-0.074705675
DNAJC15,FAT3,-0.024201524
LMAN2,FAT3,-0.017677914
FGF19,FAT3,-0.008214931
SCYL3,FAT3,-0.036397398
TYW1,FAT3,-0.015811084
OR2A5,FAT3,-0.014549039
PRSS56,FAT3,-0.03809235
ATM,FAT3,-0.031374633
C5orf34,FAT3,-0.054090515
CCDC127,FAT3,-0.00040336724
FBF1,FAT3,-0.083550334
ARG2,FAT3,-0.040051103
LAMA3,FAT3,-0.0186736
LCN1,FAT3,-0.031626523
CA10,FAT3,-0.025849579
DYRK1B,FAT3,-0.055695772
CRYBA1,FAT3,-0.020608168
GLS,FAT3,-0.030467214
ABCA1,FAT3,-0.09261037
GOLIM4,FAT3,-0.021467574
IGSF9,FAT3,-0.101347834
HR,FAT3,-0.045558427
UBL7,FAT3,-0.036037292
UPK2,FAT3,-0.03353944
NUTM2D,FAT3,-0.1047517
RNF216,FAT3,-0.16946773
IGFBPL1,FAT3,-0.040884808
MRLN,FAT3,-0.015943768
SQSTM1,FAT3,-0.021340407
SPACA3,FAT3,-0.020637466
ERGIC1,FAT3,-0.022514135
TMBIM6,FAT3,-0.03245898
NBPF1,FAT3,-0.05539935
ACAD11,FAT3,-0.21699442
LRRC28,FAT3,-0.019739248
FZD7,FAT3,0.002285079
LIMK1,FAT3,-0.12857825
ATP6V1E2,FAT3,-0.032540955
TESK1,FAT3,-0.07105215
MYOCOS,FAT3,-0.059968997
TRIML2,FAT3,-0.022329366
BCOR,FAT3,-0.0576869
SLC25A41,FAT3,-0.043215256
RAB3IP,FAT3,-0.020128492
NUCB1,FAT3,-0.018305989
MERTK,FAT3,-0.0814068
OR52E6,FAT3,-0.02472744
ACTA1,FAT3,-0.016141405
NYAP2,FAT3,-0.032470476
ANKRD26,FAT3,-0.1266168
BICRA,FAT3,-0.02715423
FBXO41,FAT3,-0.12027847
MAP3K7CL,FAT3,-0.045683652
DBNDD2,FAT3,-0.09093228
LIMD2,FAT3,-0.19437109
LYPD8,FAT3,-0.019948298
RCN2,FAT3,-0.02034076
NXF3,FAT3,-0.018060142
TMEM205,FAT3,-0.011227989
IFT27,FAT3,-0.059498265
MT1HL1,FAT3,-0.020167746
IFNA5,FAT3,-0.007904747
CAT,FAT3,-0.016613524
PPP4R1,FAT3,-0.16336386
AMPD3,FAT3,-0.023221988
PRKAG2,FAT3,-0.013474263
LOXHD1,FAT3,-0.020602427
LARS2,FAT3,-0.00837886
ARL6,FAT3,-0.00901273
RNF144A,FAT3,-0.029589908
CCNG1,FAT3,-0.0076121916
SLC7A4,FAT3,-0.026514554
CAMKV,FAT3,-0.10880916
WT1,FOXG1,-0.03147129
ZBED6CL,FOXG1,-0.020215467
PRR18,FOXG1,-0.031351008
ZCCHC2,FOXG1,-0.0151764145
AQP5,FOXG1,-0.072010644
AGPAT1,FOXG1,-0.011420977
RSAD2,FOXG1,-0.097053185
ODAM,FOXG1,-0.06007364
MUC5B,FOXG1,-0.060157664
ZNF696,FOXG1,-0.38969296
MOB3A,FOXG1,-0.08288157
COA8,FOXG1,-0.12430348
VCL,FOXG1,-0.031216344
PLLP,FOXG1,-0.01280219
BRD4,FOXG1,-0.055573348
RAPGEF1,FOXG1,-0.22240567
CRTC1,FOXG1,-0.14592406
WASH6P,FOXG1,-0.044266358
FAM110A,FOXG1,-0.093971565
ANGPT2,FOXG1,-0.035631154
ARHGEF9,FOXG1,-1.1502223
RDH14,FOXG1,-0.11091047
RMND5B,FOXG1,-0.0570787
ZNF623,FOXG1,-0.3177599
CCDC34,FOXG1,-0.04146631
ANKRD2,FOXG1,-0.002004235
KBTBD4,FOXG1,-0.024667954
QRFP,FOXG1,-0.047566142
MED4,FOXG1,-0.07483475
LPCAT2,FOXG1,-0.010082793
HYKK,FOXG1,-0.054879226
NOL12,FOXG1,-0.25142342
GALNT10,FOXG1,-0.10078726
GALNT12,FOXG1,-0.23893283
OTUD7B,FOXG1,-0.106337205
ZNF300,FOXG1,-0.09476604
TRAPPC2L,FOXG1,-0.016592428
EHMT1,FOXG1,-0.118344985
BCLAF3,HERC2,-0.038413152
AC068896.1,HERC2,-0.042763054
ZNF280C,HERC2,-0.071131945
MLN,HERC2,-0.029137896
ERAL1,HERC2,-0.0036454527
BCL2L10,HERC2,-0.0706493
PCOLCE2,HERC2,-0.14622366
LRATD1,HERC2,-0.056880895
RBIS,HERC2,-0.35847872
C5,HERC2,-0.017877288
ESF1,HERC2,-0.110989824
ZFX,HERC2,-0.021840742
C1QL4,HERC2,-0.423193
NKAIN4,HERC2,-0.048060257
H3-2,HERC2,-0.02029466
RERGL,HERC2,-0.08874315
C2orf92,HERC2,-0.072451346
LEMD1,HERC2,-0.061773174
P4HA2,HERC2,-0.011812403
AKAP10,HERC2,-0.54409796
ART5,HERC2,-0.027790371
CARD17,HERC2,-0.004329396
ISCA1,HERC2,-0.31412187
TNNC2,HERC2,-0.034441907
KRBOX4,HERC2,-0.100514315
SLFN14,HERC2,-0.06363532
CHMP1A,HERC2,-0.016592538
TMPRSS6,HERC2,-0.055462055
FGF22,HERC2,-0.05074048
KIAA0513,HERC2,-0.03956132
ATP5MF,HERC2,-0.049834833
BET1,HERC2,-0.10122914
CSRP1,HERC2,-0.13404049
FARSB,HERC2,-0.031148179
GAL,HERC2,-0.08794452
RMDN1,HERC2,-0.055095017
RSPH10B,HERC2,-0.0071333586
AC010547.4,HERC2,-0.04017308
NDUFAF1,HERC2,-0.15704721
TRPV3,HERC2,-0.41448796
CCNQ,HERC2,-0.1183532
TAF9B,HERC2,-0.31740186
TAF3,HERC2,-0.08208807
ZFYVE9,HERC2,-0.07368717
KRT83,HERC2,-0.09075817
ANKZF1,HMCN1,0.0012289024
POGLUT3,HMCN1,-0.011362142
COL4A4,HMCN1,-0.011134041
AIFM1,HMCN1,-0.019291306
OLFML1,HMCN1,-0.019401807
CDC123,HMCN1,-0.012122164
HSD17B13,HMCN1,-0.0033149093
TAS2R19,HMCN1,-0.008874125
CLPSL1,HMCN1,-0.006136386
ALDH7A1,HMCN1,-0.020026583
TSPAN6,HMCN1,-0.014420995
CRIPT,HMCN1,-0.012369077
ASH2L,HMCN1,-0.014115354
TTPA,HMCN1,-0.06096456
ADAMDEC1,HMCN1,-0.026272116
ANKRD42,HMCN1,-0.17229834
RGS14,HMCN1,-0.01933689
PSMD10,HMCN1,-0.0008594287
MIEF2,HMCN1,-0.009065516
SLC25A28,HMCN1,-0.020460045
DYNLT1,HMCN1,-0.004658013
ZNF165,HMCN1,-0.028573716
HIF1A,HMCN1,-0.100181736
FOXK2,HMCN1,-0.021944217
SNX2,HMCN1,-0.014157794
NIFK,HMCN1,-0.011334418
C1orf167,HMCN1,-0.022906773
TNN,HMCN1,-0.02764235
PCDHA6,HMCN1,-0.009205653
FFAR4,HMCN1,-0.0039906767
EVC,HMCN1,-0.038570765
DMRTA1,HMCN1,-0.02883655
MYO1A,HMCN1,-0.3687448
N4BP2L1,HMCN1,-0.011564563
TP53TG3,HMCN1,-0.0649512
LENG9,HMCN1,-0.023534361
CFAP36,HMCN1,-0.0024100938
TMEM61,HMCN1,-0.025581742
ACKR4,HMCN1,-0.023446178
LAMB1,HMCN1,-0.025942001
BAMBI,HMCN1,-0.018647961
RPP25L,HMCN1,-0.069649965
NDUFC2,HMCN1,-0.042623755
ABCB7,HMCN1,-0.024805995
ARHGEF35,HMCN1,-0.034246314
TM6SF2,HMCN1,-0.02961598
EMX1,HMCN1,-0.043545045
OR52N4,HMCN1,-0.0036727695
IGLL5,HMCN1,-0.014659805
UGT2A3,HMCN1,-0.1298998
CDK12,HMCN1,-0.0073657366
PSMG4,HMCN1,-0.03408597
APELA,HMCN1,-0.03114193
RSPH6A,HMCN1,-0.017157752
GATD3A,HMCN1,-0.01759856
FOXO3,HMCN1,-0.040905297
MYBPHL,HMCN1,-0.026244665
ATP5F1C,HMCN1,-0.002634149
TMEM68,HMCN1,-0.023665404
FBXL16,HMCN1,-0.006080852
CASQ2,HMCN1,-0.0043375026
SCNN1A,HMCN1,-0.012011384
PDHA1,HMCN1,-0.018655082
ALG13,HMCN1,-0.058697045
REPS1,HMCN1,-0.026395138
GCH1,HMCN1,-0.012860193
MYLK4,HMCN1,-0.23459159
BCL2L11,HMCN1,-0.020792274
TMEM220,HMCN1,-0.013964227
STX19,HMCN1,-0.068811834
GABRB3,HMCN1,-0.032068994
CYP4F2,HMCN1,-0.02604296
CEP170,HMCN1,-0.062980935
C1orf127,HMCN1,-0.009606222
MICOS13,HMCN1,-0.013292917
SAP130,HMCN1,-0.036797456
SLC6A8,HMCN1,-0.013647304
LRRC42,HMCN1,-0.04174013
SEC16B,HMCN1,-0.015624285
C3,HMCN1,-0.01268071
CTR9,HMCN1,-0.012315007
LAMP5,HMCN1,-0.13767049
ARRDC4,HMCN1,-0.012538982
XAGE3,HMCN1,-0.060759064
TNNI3,HMCN1,-0.05606328
MRPS17,HMCN1,-0.02316183
FAM185A,HMCN1,-0.024470879
PLD6,HMCN1,-0.027214162
MITF,HMCN1,-0.012773357
CHST2,HMCN1,-0.04616324
PTGR1,HMCN1,-0.052661717
TTC9B,HMCN1,-0.22405478
CYB5D2,HMCN1,-0.00742987
COL16A1,HMCN1,-0.024715526
SPSB1,HMCN1,-0.04042974
DHTKD1,HMCN1,-0.026984029
PRICKLE1,HMCN1,-0.031193705
LSM7,HMCN1,-0.03308871
ASCL2,HMCN1,-0.02428502
ULBP2,HMCN1,-0.0046568573
UBTD1,HMCN1,-0.04092944
COPS7B,HMCN1,-0.04016285
CCDC28A,HMCN1,-0.0177654
TOR1B,HYDIN,-0.017114816
TIGIT,HYDIN,-0.004710781
ZNF138,HYDIN,-0.021072853
ACAD8,HYDIN,-0.009008743
GJB4,HYDIN,-0.008226727
ASB16,HYDIN,-0.042151682
C2,HYDIN,-0.09828185
SIGLEC15,HYDIN,-0.06307605
RGPD1,HYDIN,-0.19539666
DHRSX,HYDIN,-0.05034046
IP6K2,HYDIN,-0.008608844
MED25,HYDIN,-0.00394548
FUBP3,HYDIN,-0.08604903
PLEKHA2,HYDIN,-0.039816502
LEP,HYDIN,-0.033193678
CXCL6,HYDIN,-0.030727303
NUS1,HYDIN,-0.029329624
DDX31,HYDIN,-0.17000738
KLHL30,HYDIN,-0.06173849
FOXP4,HYDIN,-0.08031764
DMBT1,HYDIN,-0.01183905
SLC25A34,HYDIN,-0.15527844
RNF111,HYDIN,-0.11551929
NADK2,HYDIN,-0.11635467
PLA2G1B,HYDIN,-0.110604286
SLC28A3,HYDIN,-0.026236814
CAMKK1,HYDIN,-0.0016036439
SEPHS2,HYDIN,-0.054396246
ISCA1,HYDIN,-0.059279986
RPL7L1,HYDIN,-0.1751603
PPP1R3D,HYDIN,-0.009941546
HACD3,HYDIN,-0.022311246
NDUFS8,HYDIN,-0.030481644
MIA2,HYDIN,-0.29008996
DEFB118,HYDIN,-0.07370831
MT-ND4,HYDIN,-0.056501828
RSF1,HYDIN,-0.025965769
PLEKHF2,HYDIN,-0.054867696
CAMTA1,HYDIN,-0.029680906
PLGLB2,HYDIN,-0.016717587
C1QTNF12,HYDIN,-0.22887021
FHL2,HYDIN,-0.056923207
SYTL4,HYDIN,-0.03105049
NIPSNAP3A,HYDIN,-0.59282404
GPX2,HYDIN,-0.022631712
DHCR7,HYDIN,-0.016594524
SFTPA1,HYDIN,-0.031227078
JDP2,HYDIN,-0.11991678
MED31,HYDIN,-0.08241366
RNF4,HYDIN,-0.057838783
TRIP4,HYDIN,-0.055287823
PSAT1,HYDIN,-0.12226071
PCDHB13,HYDIN,-0.025967617
HELT,HYDIN,-0.025410725
MT-ND1,HYDIN,-0.033411324
CBX8,HYDIN,-0.05556871
CAPG,HYDIN,-0.025901683
CCAR2,HYDIN,-0.052475926
DAB2IP,HYDIN,-0.057725225
MASTL,HYDIN,-0.051349785
PSEN2,HYDIN,-0.009950026
POU4F1,HYDIN,-0.023969924
TSPAN17,IVL,-0.017282488
VKORC1,IVL,-0.015385794
SPESP1,IVL,-0.018908517
IQGAP3,IVL,-0.06117921
OR8A1,IVL,-0.014987301
AC008687.4,IVL,-0.029322732
HSPB11,IVL,-0.30946988
ZBED8,IVL,-0.02135934
SPNS3,IVL,-0.030844724
TST,IVL,-0.005063162
WASHC3,IVL,-0.0584451
DRD1,IVL,-0.20989282
LSR,IVL,-0.053832665
NAIP,IVL,-0.12382089
DTD1,IVL,-0.36378258
RAB37,IVL,-0.061249927
RDX,IVL,-0.08854352
BMPR1B,IVL,-0.13542452
DCAKD,IVL,-0.0178494
TREML2,IVL,-0.022863425
STMP1,IVL,-0.32173002
POLR2I,IVL,-0.054295313
MIIP,IVL,-0.019472064
CXXC4,IVL,-0.166785
TRPM5,IVL,-0.55359834
OLAH,IVL,-0.20966068
RPRML,IVL,-0.027688265
FAM171A1,IVL,-0.004764502
SNX15,IVL,-0.12774609
HSPA1B,IVL,-0.043755192
ZNF480,IVL,-0.060828898
PTH2R,IVL,-0.021554852
ADGRG3,IVL,-0.037636396
GRM8,IVL,-0.023884477
CPSF1,IVL,-0.052993197
S100P,IVL,-0.05391549
RNF151,IVL,-0.04043034
SYNE4,IVL,-0.07001133
HOXD1,IVL,-0.04777536
KRT3,IVL,-0.009241121
AKR1C3,IVL,-0.016372034
TRIM15,IVL,-0.18986343
PCK1,IVL,-0.16853395
DPP9,IVL,-0.040107526
SLC52A2,IVL,-0.1344642
AIF1L,IVL,-0.044484045
TUBB1,IVL,-0.12628084
CDCA2,IVL,-0.024765944
ATPSCKMT,IVL,-0.015261841
IBA57,IVL,-0.042201865
ATP6V0A2,KCNT2,-0.0045682173
CIAO2A,KCNT2,-0.00987651
TMCO6,KCNT2,-0.012683005
ATP7B,KCNT2,-0.059918426
FAM110C,KCNT2,-0.009598936
PARP3,KCNT2,-0.07032936
DEFA6,KCNT2,-0.025144031
ENTPD6,KCNT2,-0.07398545
JRK,KCNT2,-0.043260563
ERMAP,KCNT2,-0.012353354
EDEM2,KCNT2,-0.021967782
TM4SF5,KCNT2,-0.019747099
FAR1,KCNT2,-0.050719317
HIGD2A,KCNT2,-0.05663578
CISD2,KCNT2,-0.104453154
C20orf173,KCNT2,-0.12900597
TBC1D28,KCNT2,-0.029722888
KLHDC8B,KCNT2,-0.057317737
CEP43,KCNT2,-0.012456083
ZDHHC11B,KCNT2,-0.043140646
PADI1,KCNT2,-0.04920643
CDK5RAP3,KCNT2,-0.11643219
ZNF501,KCNT2,-0.24739447
THG1L,KCNT2,-0.027310183
CACNA1B,KCNT2,-0.16995244
DYRK3,KCNT2,-0.077859074
TTC9,KCNT2,-0.050953627
DISP3,KCNT2,-0.1232708
SLC9C1,KCNT2,-0.07495081
ACOT1,KCNT2,-0.053658303
NUTM2E,KCNT2,-0.03170246
C11orf49,KCNT2,-0.022466268
CAMK2B,KCNT2,-0.10746315
SLC16A6,KCNT2,-0.11275475
COQ2,KCNT2,-0.00871776
SPATA25,KCNT2,-0.09624038
ARL13A,KCNT2,-0.15599483
TMEM267,KCNT2,-0.03782518
GRIP1,KCNT2,-0.07639932
CWF19L2,KCNT2,-0.27387232
LSMEM1,KCNT2,-0.120249316
AL049629.2,KCNT2,-0.10056785
IFNGR2,KCNT2,-0.05586267
NINJ1,KCNT2,-0.035369452
GFM2,KCNT2,-0.040562417
VTN,KCNT2,-0.033061147
ACTBL2,KCNT2,-0.055565003
ENKUR,KCNT2,-0.047112238
PNMA1,KCNT2,-0.08427604
TMEM219,KCNT2,-0.09308341
MMP8,KCNT2,-0.05060502
TP53TG5,KCNT2,-0.1452902
GRIK1,KCNT2,-0.089888684
THOC6,KCNT2,-0.012554642
HSPB3,KCNT2,-0.21231042
RAB24,KCNT2,-0.039241705
GOLGA8Q,KCNT2,-0.050861053
CACNG1,KCNT2,-0.15529886
NQO2,KCNT2,-0.02785785
RPL22,KCNT2,-0.014072891
SLITRK1,KCNT2,-0.03590487
RGMB,KCNT2,-0.024549102
SRPK3,KCNT2,-0.014778004
FLCN,KCNT2,-0.04174125
NDUFV2,KCNT2,-0.08352263
C7orf31,KCNT2,-0.10319085
KCNS3,KMT2D,-0.015940463
RIBC2,KMT2D,-0.02704876
HPD,KMT2D,-0.0068683145
SMAD1,KMT2D,-0.011511923
LRRC8E,KMT2D,-0.011832129
ASF1B,KMT2D,-0.00080351974
NEURL1,KMT2D,-0.030232113
GM2A,KMT2D,-0.03830594
UBQLNL,KMT2D,-0.014415162
NPRL3,KMT2D,-0.004616474
SOX30,KMT2D,-0.27188218
ASB12,KMT2D,-0.051654927
HIPK1,KMT2D,-0.043987673
CD36,KMT2D,-0.04071524
IER2,KMT2D,-0.07228523
ILF2,KMT2D,-0.018045934
LRRC69,KMT2D,-0.010686432
CCND2,KMT2D,-0.020940194
DHX16,KMT2D,-0.056782346
ENOX2,KMT2D,-0.03874217
ZC3H14,KMT2D,-0.037346996
KLK6,KMT2D,-0.058885764
SYPL2,KMT2D,-0.020434294
SPHK1,KMT2D,-0.008446831
ZYX,KMT2D,-0.0300542
PEBP4,KMT2D,-0.0114856055
TSPAN18,KMT2D,-0.09077268
LIPN,KMT2D,-0.023151968
RXRB,KMT2D,-0.02871007
ADH1C,KMT2D,-0.00791815
FAM166B,KMT2D,-0.11307744
ZNF765,KMT2D,-0.018989725
NCSTN,KMT2D,-0.009271791
PCOLCE2,KMT2D,-0.08863282
ARHGAP40,KMT2D,-0.07104294
ATP6V1B2,KMT2D,-0.01845863
NUP210,KMT2D,-0.1761506
ELL2,KMT2D,-0.04782066
ZNF784,KMT2D,-0.015998594
PDE8B,KMT2D,-0.012582143
NAMPT,KMT2D,-0.14133118
ADH1A,KMT2D,-0.015932502
TMEM151A,KMT2D,-0.024797032
MAOA,KMT2D,-0.017582154
CCDC83,KMT2D,-0.032672454
ENO3,KMT2D,-0.03199686
PDCD6,KMT2D,-0.01782565
CARD17,KMT2D,-0.016707744
RIMKLB,KMT2D,-0.123760864
TRAM2,KMT2D,-0.017018542
EIF2B2,KMT2D,-0.012661162
APOLD1,KMT2D,-0.020152219
SEPTIN10,KMT2D,-0.073837884
MTG2,KMT2D,-0.0011036821
ADNP,KMT2D,-0.06886296
FGF14,KMT2D,-0.012689764
MMGT1,KMT2D,-0.029792946
TEX45,KMT2D,-0.10991784
TFIP11,KMT2D,-0.022880085
CAV1,KMT2D,-0.026962943
HYAL1,KMT2D,-0.015568423
ANGPTL4,KMT2D,-0.032848373
FCHO1,KMT2D,-0.046007168
MATN4,KMT2D,-0.04727122
ATP6V0C,KMT2D,-0.01219139
APOBEC3B,KMT2D,-0.026640229
GEMIN5,KMT2D,-0.022283364
SOX6,KMT2D,-0.06531056
KPNA3,KMT2D,-0.009382696
LETM1,KMT2D,-0.014759377
NAIF1,KMT2D,-0.08097909
PITPNB,KMT2D,-0.05009456
LMBR1L,KMT2D,-0.040745154
ST3GAL5,KMT2D,-0.022716936
RNF141,KMT2D,-0.0313835
PDILT,KMT2D,-0.0663105
KRT5,KMT2D,-0.15278812
LRRC10B,KMT2D,-0.025099233
NUP214,KMT2D,-0.02896374
IL1RL2,KMT2D,-0.04572883
RWDD2B,KMT2D,-0.028605593
CATIP,KMT2D,-0.07496327
AL355312.5,KMT2D,-0.031000514
GSDMA,KMT2D,-0.018044144
ZNF688,KMT2D,-0.009930167
RNF170,KMT2D,-0.019823905
FAM120B,KMT2D,-0.019516123
KLRF1,KMT2D,-0.0042588445
OR2A1,KMT2D,-0.09580789
PNP,KMT2D,-0.009918456
KRT16,KMT2D,-0.06176014
PRRC2B,KMT2D,-0.123904794
AC090004.1,KMT2D,-0.0138309775
ABCC8,KMT2D,-0.045192618
PBX2,KMT2D,-0.020792285
PLA2G4C,KMT2D,-0.017687988
HPS1,KMT2D,-0.014280347
UBE2A,LAMA1,-0.007130282
HS6ST2,LAMA1,-0.015694093
ABCA7,LAMA1,-0.014765445
AFG3L2,LAMA1,-0.0020633778
UQCC3,LAMA1,-0.015806234
CWF19L2,LAMA1,-0.027014567
RPS19BP1,LAMA1,-0.013389215
CPE,LAMA1,-0.0036371679
CASP14,LAMA1,-0.09369503
MYLK,LAMA1,-0.012778819
TIGAR,LAMA1,-0.54153603
CFAP53,LAMA1,-0.009105645
ATP10D,LAMA1,-0.04156302
FFAR4,LAMA1,-0.039661247
SLC38A2,LAMA1,-0.031194689
C20orf194,LAMA1,-0.022532536
C1QL1,LAMA1,-0.05881785
HLA-DRB5,LAMA1,-0.050682593
NLRP11,LAMA1,-0.01822744
MED12L,LAMA1,-1.014219
NXF3,LAMA1,-0.30686882
TNS4,LAMA1,-0.0062556164
PDE4A,LAMA1,-0.14275914
LEMD1,LAMA1,-0.026521804
GPR39,LAMA1,-0.02198352
DNAH2,LAMA1,-0.058370523
LHCGR,LAMA1,-0.08242298
GPR3,LAMA1,-0.13048877
CCDC122,LAMA1,-0.011007198
TMEM222,LAMA1,-0.050416235
DHRS7B,LAMA1,-0.03426204
AL121753.1,LAMA1,-0.043832526
DCBLD2,LAMA1,-0.05701003
PRRT1,LAMA1,-0.033903822
DCDC2,LAMA1,-0.08805691
TP73,LAMA1,-0.4074577
LRP12,LAMA1,-0.0853757
AMH,LAMA1,-0.025966536
SLC4A3,LAMA1,-0.0013447215
SDSL,LAMA1,-0.14177789
LPAR3,LAMA1,-0.04598644
ZNF512B,LAMA1,-0.12766005
AMER1,LAMA1,-0.032397266
UBL5,LAMA1,-0.050525755
TLE5,LAMA1,-0.047650114
SPNS3,LAMA1,-0.2332024
SLC22A18,LAMA1,-0.026865838
LIF,LAMA1,-0.06832922
ZBTB3,LAMA5,-0.1633321
CLIC2,LAMA5,4.425997e-05
ACTR3C,LAMA5,-0.0943987
ATP5IF1,LAMA5,-0.007891897
PSMA6,LAMA5,-0.023918374
ZSCAN31,LAMA5,-0.058435563
PCGF5,LAMA5,-0.017044228
POPDC2,LAMA5,-0.022261865
FAM71E1,LAMA5,-0.17112812
LYNX1,LAMA5,-0.3625529
PHYHD1,LAMA5,-0.035100047
EOLA1,LAMA5,-0.022037417
ATP6AP1L,LAMA5,-0.02860999
TYRO3,LAMA5,-0.032474954
CA12,LAMA5,-0.084342405
PROC,LAMA5,-0.10206416
SERF1A,LAMA5,-0.070693016
STIM1,LAMA5,-0.13975137
TAF10,LAMA5,-0.06171706
FBXW7,LAMA5,-0.012238252
MMACHC,LAMA5,-0.3956503
DOCK3,LAMA5,-0.051469415
SPDYE16,LAMA5,-0.018266132
INTS12,LAMA5,-0.0874343
N4BP2,LAMA5,-0.101742975
PAQR3,LAMA5,-0.10229858
CXXC1,LAMA5,-0.049363945
SLC39A4,LAMA5,-0.005445497
INSYN2B,LAMA5,-0.01755702
TTLL11,LAMA5,-0.019713847
HSPB8,LAMA5,-0.10357175
OR2A42,LAMA5,-0.33553216
NELFB,LAMA5,-0.05602823
CREG2,LAMA5,-0.015033761
SULF1,LAMA5,-0.021298353
UBE2D3,LAMA5,-0.054867778
JOSD2,LAMA5,-0.2078995
IGFL4,LAMA5,-0.12556952
ZNF397,LAMA5,-0.021618228
FAH,LAMA5,-0.15314555
STK33,LAMA5,-0.4280265
HDC,LAMA5,-0.07260447
CDC42EP3,LAMA5,-0.008013065
C1QTNF8,LAMA5,-0.023568425
FTL,LAMA5,-0.2697423
NDUFAF7,LAMA5,-0.054005545
PLA2R1,LAMA5,-0.056935087
TACR1,LAMA5,-0.00417438
RBP1,LAMA5,-0.03643288
ERAL1,LAMA5,-0.013106252
ZNF200,LAMA5,-0.027764253
OCIAD1,LAMA5,-0.048649404
WDR7,LAMA5,-0.011795827
ACTR1B,LAMA5,-0.027997404
ESD,LRP2,-0.054604806
SLC25A23,LRP2,-0.059380144
B3GNT9,LRP2,-0.019237788
AIFM3,LRP2,-0.075241014
OGFR,LRP2,-0.081857115
MTUS2,LRP2,-0.007689975
ZBED6,LRP2,-0.121064715
KATNB1,LRP2,-0.022111343
SLC38A7,LRP2,-0.030822562
NEIL1,LRP2,-0.03153484
VASN,LRP2,-0.034109153
FAM25A,LRP2,-0.015537664
TUBD1,LRP2,-0.11709152
MTERF3,LRP2,-0.018145092
KCNQ3,LRP2,-0.040228307
ARL17B,LRP2,-0.029639566
TAF1A,LRP2,-0.28050473
TBXA2R,LRP2,-0.0052534738
BTN2A1,LRP2,-0.015895825
IL13RA2,LRP2,-0.07030399
NPHP1,LRP2,-0.10512801
COX19,LRP2,-0.057840038
CYP2C18,LRP2,-0.015271259
KDM2B,LRP2,-0.15815192
CHFR,LRP2,-0.086215205
TMED6,LRP2,-0.4744955
REXO5,LRP2,-0.12772916
VWDE,LRP2,-0.06957062
TRAM1,LRP2,-0.08408009
SMIM5,LRP2,-0.003634011
RBMXL1,LRP2,-0.074914575
GJA5,LRP2,-0.02296732
ZNF548,LRP2,-0.0058895247
SFTPD,LRP2,-0.04729046
CKB,LRP2,-0.035640046
SESTD1,LRP2,-0.42001417
ITPR1,LRP2,-0.0048383772
RADX,LRP2,-0.031770505
BCAP29,LRP2,-0.028762115
DCAF4,LRP2,-0.0061197844
VKORC1L1,LRP2,-0.011065365
SRGAP3,LRP2,-0.054814428
ANGPTL7,LRP2,-0.026720468
MIF4GD,LRP2,-0.10956657
UTP20,LRP2,-0.06489231
CTIF,LRP2,-0.11799179
ATXN1L,LRP2,-0.1145127
LYRM9,LRP2,-0.38433683
PTGS1,LRP2,-0.016109794
NXF1,LRP2,-0.030793177
KIF26B,LRP2,-0.043814696
PTPN20,LRP2,-0.3206036
CPXCR1,LRP2,-0.017942585
S100A8,LRP2,-0.032808017
TNFRSF10D,LRP2,-0.052564193
MAP3K13,LRP2,-0.059536308
RAB19,LRRIQ1,-0.20104796
ARSA,LRRIQ1,-0.03379998
EYA1,LRRIQ1,-0.071539834
MAT2A,LRRIQ1,-0.083401196
PIGA,LRRIQ1,-0.025778657
RAB9A,LRRIQ1,-0.07544356
KLF17,LRRIQ1,-0.018385986
CAPSL,LRRIQ1,-0.022450317
TGM2,LRRIQ1,-0.36059347
PRICKLE3,LRRIQ1,-0.14380646
OR6V1,LRRIQ1,-0.039398577
EOLA1,LRRIQ1,-0.0032656682
STOX2,LRRIQ1,-0.05207497
PDE5A,LRRIQ1,-0.047988888
MED21,LRRIQ1,-0.00903939
HAGHL,LRRIQ1,-0.08531788
SCUBE2,LRRIQ1,-0.026847355
BTC,LRRIQ1,-0.025287237
ASPDH,LRRIQ1,-0.056134246
HKDC1,LRRIQ1,-0.024349691
PZP,LRRIQ1,-0.056118526
SDS,LRRIQ1,-0.0155505985
IZUMO4,LRRIQ1,-0.050390698
PCDHA4,LRRIQ1,-0.04915477
HLA-F,LRRIQ1,-0.8462532
CYSLTR2,LRRIQ1,-0.14901045
TTC9,LRRIQ1,-0.032233562
SPTBN4,LRRIQ1,-0.11425609
ZNF622,LRRIQ1,-0.061074086
HAL,LRRIQ1,-0.04575348
CISD1,LRRIQ1,-0.047990695
KREMEN1,LRRIQ1,-0.04486932
PADI3,LRRIQ1,-0.056853395
PPP1R21,LRRIQ1,-0.23587137
TRPC7,LRRIQ1,-0.018236319
CNTN2,LRRIQ1,-0.030807255
RASSF10,LRRIQ1,-0.1243128
SLC25A15,LRRIQ1,-0.8481618
PDHA2,LRRIQ1,-0.04132462
NOL10,LRRIQ1,-0.045836505
PELI2,LRRIQ1,-0.010694773
LDLRAD2,LRRIQ1,-0.01837277
KRTAP5-10,LRRIQ1,-0.18333475
PLEK2,LRRK2,-0.013108433
RASGRP3,LRRK2,-0.021511612
UAP1L1,LRRK2,-0.0060047214
ALAD,LRRK2,-0.015392571
RIN1,LRRK2,-0.08645055
ATP5F1B,LRRK2,-0.006666832
CEACAM18,LRRK2,-0.08700554
PHLDA3,LRRK2,-0.0012216166
CHGA,LRRK2,-0.01662443
PKP2,LRRK2,-0.14106111
PSMG4,LRRK2,-0.019928345
RASL10A,LRRK2,-0.029131135
ORC1,LRRK2,-0.034167036
ARL4A,LRRK2,-0.03755207
GTF2A2,LRRK2,-0.04178912
HOXD9,LRRK2,-0.3467146
VNN2,LRRK2,-0.14344516
KCTD11,LRRK2,-0.01651041
MRPS35,LRRK2,-0.03413724
ZDHHC19,LRRK2,-0.07307008
RPL34,LRRK2,-0.009447483
IGFL4,LRRK2,-0.04023018
C12orf50,LRRK2,-0.035082784
ARMC12,LRRK2,-0.07993607
GRIK3,LRRK2,-0.022353243
APOBEC1,LRRK2,-0.03071933
BTF3,LRRK2,0.00030269608
ZNF596,LRRK2,-0.018981893
TTR,LRRK2,-0.008395376
EPDR1,LRRK2,-0.02284504
CELF4,LRRK2,-0.052243687
ZNF580,LRRK2,-0.02475336
CHRNB2,LRRK2,-0.035234824
ASAP3,LRRK2,-0.03211649
DDX42,LRRK2,-0.044627868
CCDC86,LRRK2,-0.021951307
LIN7B,LRRK2,-0.051048458
UCKL1,LRRK2,-0.013196318
TCTEX1D2,LRRK2,-0.064613365
FEM1A,LRRK2,-0.0025700869
CBX2,LRRK2,-0.031243477
PPDPF,LRRK2,-0.030040145
AK6,LRRK2,-0.009408373
TDG,LRRK2,-0.032459244
RPS4Y2,LRRK2,-0.01919029
CA2,LRRK2,-0.04713575
PSG5,LRRK2,-0.0434953
CXCL1,LRRK2,-0.075271375
CCDC125,LRRK2,-0.0077919792
KLHL35,LRRK2,-0.06895324
ZXDB,LRRK2,-0.04955649
CYP1A1,LRRK2,-0.040261194
CSNK2A3,LRRK2,-0.0490971
GMPR,LRRK2,-0.010014086
BSPRY,LRRK2,-0.05347457
CCDC183,LRRK2,-0.04898606
ZNF605,LRRK2,-0.067137755
STAR,LRRK2,-0.04186881
DIAPH3,LRRK2,-0.022040095
VGLL1,LRRK2,-0.016560428
SNX21,LRRK2,-0.016183097
CFAP61,LRRK2,-0.0053854454
PIGZ,LRRK2,-0.034830093
CTSE,LRRK2,-0.17699057
HDHD3,LRRK2,-0.3846255
SMIM10L2A,LRRK2,-0.1699393
OTUB1,LRRK2,-0.04050342
PTPRR,LRRK2,-0.044857934
TUBD1,LRRK2,-0.03679664
ARL14EPL,LRRK2,-0.024658935
ADRA2A,LRRK2,-0.095188476
OR52A1,LRRK2,-0.036253348
C8A,LRRK2,-0.027801754
PANK1,LRRK2,-0.08277707
TUBB,LRRK2,-0.037644207
SCML4,LRRK2,-0.016413523
MCU,LRRK2,-0.07114453
GABRB1,LRRK2,-0.028141942
NHEJ1,LRRK2,-0.039255682
DNTTIP1,LRRK2,-0.03425075
EED,LRRK2,-0.0068521276
ZNF586,LRRK2,-0.0067436383
ABCG8,LRRK2,-0.2115428
SMN1,LRRK2,-0.049297836
RUSF1,MUC16,-0.0062894598
PLCB1,MUC16,-0.009874172
PACSIN2,MUC16,0.0018200036
GGT6,MUC16,-0.018962536
WARS2,MUC16,-0.019111203
LNPEP,MUC16,-0.01747104
MFSD11,MUC16,-0.015362975
PTPRR,MUC16,-0.03896968
MPHOSPH6,MUC16,-0.008579305
AC005520.1,MUC16,-0.033791535
QRICH2,MUC16,-0.15315661
C8orf74,MUC16,-0.014461308
PRPF18,MUC16,-0.009394544
ARMCX6,MUC16,-0.0048945947
BID,MUC16,-0.00472745
DOCK9,MUC16,-0.005554986
GFAP,MUC16,-0.000626892
BUB3,MUC16,-0.034959342
PAQR9,MUC16,-0.075263515
PCDH7,MUC16,-0.004186949
STAT5A,MUC16,-0.018062906
FOSL1,MUC16,-0.0019362271
LZTR1,MUC16,-0.032030597
NWD1,MUC16,-0.024026802
RAPGEF3,MUC16,-0.013957098
CALM3,MUC16,-0.021303225
SLC15A4,MUC16,-0.022851307
CPOX,MUC16,-0.0032546676
MAFG,MUC16,-0.009245901
RPL14,MUC16,-0.008508224
EMP1,MUC16,-0.0109362975
ATPAF2,MUC16,-0.020176137
ZSCAN4,MUC16,-0.0092366
KIAA1671,MUC16,-0.030972678
MARS2,MUC16,-0.017881963
CERS2,MUC16,-0.020708807
CCDC88B,MUC16,-0.026725793
METAP1,MUC16,-0.018013118
SHOC1,MUC16,-0.004936853
GOPC,MUC16,-0.04019377
C3orf62,MUC16,-0.018212343
AMIGO1,MUC16,0.0007457932
EOMES,MUC16,-0.013368419
TRIP4,MUC16,-0.004698946
CTSW,MUC16,-0.012542037
PGAM1,MUC16,-0.0139104165
TRAPPC11,MUC16,-0.07443783
ANKRD29,MUC16,-0.0031113254
CDC123,MUC16,-0.015642436
ZNF681,MUC16,-0.0589708
ZNF256,MUC16,-0.049419414
OGFR,MUC16,-0.0057659643
HLA-DMB,MUC16,-0.020005727
TRIM9,MUC16,-0.0003925061
MLLT10,MUC16,-0.008710842
NKD2,MUC16,-0.08110793
UGT2B17,MUC16,-0.009938183
SOX5,MUC16,-0.0062507107
SLC5A5,MUC16,-0.008754945
ZCCHC8,MUC16,-0.00621311
RASSF4,MUC16,-0.008586821
SELENOF,MUC16,-0.0041214386
ABCC9,MUC16,-0.007863852
ZBTB12,MUC16,-0.017016811
HIVEP1,MUC16,-0.04463712
CTAGE8,MUC16,-0.020856382
TEX22,MUC16,-0.0051637706
RNF144A,MUC16,-0.010916209
TMA7,MUC16,-0.004320177
DPH7,MUC16,-0.047937233
CCDC197,MUC16,-0.04561478
KIR3DL2,MUC16,-0.013004059
ZNF404,MUC16,-0.017588416
NR2E1,MUC16,-0.0043239384
ZNF502,MUC16,-0.016842611
RBM4,MUC16,-0.0068760454
ASTL,MUC16,-0.013049722
ORC3,MUC16,-0.005312622
STK32B,MUC16,-0.04391581
MPC1L,MUC16,-0.0050695324
CCDC57,MUC16,-0.005362046
CHURC1,MUC16,-0.0014019039
SIM2,MUC16,-0.011177546
TNNT3,MUC16,-0.048657656
SUCLG2,MUC16,-0.009292918
TMEM255B,MUC16,-0.019374007
IL34,MUC16,-0.015526134
MRPL12,MUC16,-0.0041628964
CDIP1,MUC16,-0.016578168
RPGR,MUC16,-0.008030998
PCMT1,MUC16,-0.0077416007
ZIC2,MUC16,-0.0018575093
NOMO3,MUC16,-0.0038387568
COCH,MUC16,-0.0024430146
SLC25A26,MUC16,-0.0065358966
SLC10A4,MUC16,-0.05724538
MAPK8,MUC16,-0.009029088
MMP3,MUC16,-0.008668588
SURF6,MUC16,-0.006832331
GNAL,MUC16,-0.14914475
PHF23,MUC16,-0.031940904
KITLG,MUC16,-0.016535414
TSPAN2,MUC16,-0.015238712
FBH1,MUC16,-0.06705813
PRTG,MUC16,-0.0066077416
VSX1,MUC16,-0.012244597
NPFFR2,MUC16,-0.007908461
MMP7,MUC16,-0.022002049
TUSC1,MUC16,4.800458e-05
GAST,MUC16,-0.009398535
IBSP,MUC16,-0.0077287853
ARHGEF26,MUC16,-0.06532909
MKX,MUC16,-0.1052611
CLECL1,MUC16,-0.011068036
ZNF773,MUC16,-0.03191935
SLC39A14,MUC16,-0.0012402002
MMP23B,MUC16,-0.0037235362
FASLG,MUC16,-0.021248182
FKBPL,MUC16,-0.0046975934
ZNF337,MUC16,-0.020761488
MBIP,MUC16,-0.010489845
SLC7A10,MUC16,-0.10334676
CPEB1,MUC16,-0.016000874
KCTD2,MUC16,-0.076559745
AGAP2,MUC16,-0.0058692833
PEX5,MUC16,-0.015240802
GRSF1,MUC16,-0.01182977
CD1E,MUC16,-0.0040720273
DOC2B,MUC16,-0.031763997
GSR,MUC16,-0.017660415
HOXB2,MUC16,-0.003692977
BIK,MUC16,-0.035480253
NEURL2,MUC16,-0.008256786
THSD8,MUC16,-0.013379197
NANOGNB,MUC16,-0.011406733
TM6SF2,MUC17,-0.009831002
LDHA,MUC17,-0.045914058
ADH1B,MUC17,-0.0067093624
SCGB3A1,MUC17,-0.009459341
MCAM,MUC17,-0.0077404366
MMP23B,MUC17,-0.08826085
GPR3,MUC17,-0.037639752
SPRY4,MUC17,-0.031130105
RP2,MUC17,-0.019948352
NT5DC3,MUC17,-0.21277747
MILR1,MUC17,-0.06496487
BTN1A1,MUC17,-0.05646011
ZNF251,MUC17,-0.038485475
GDAP1,MUC17,-0.0066462555
SAT2,MUC17,-0.051972672
ORAI2,MUC17,-0.04174652
ZNF391,MUC17,-0.009173924
SNCA,MUC17,-0.02792628
FBXO31,MUC17,-0.03703626
DTNA,MUC17,-0.011488493
ZFYVE1,MUC17,-0.009235286
ZSWIM8,MUC17,-0.014991792
LCAT,MUC17,-0.03889042
C16orf86,MUC17,-0.05875753
OSR2,MUC17,-0.27403843
GLS2,MUC17,-0.05390205
ATRAID,MUC17,-0.007962626
AC090360.1,MUC17,-0.013491911
DHPS,MUC17,-0.07253
PAFAH1B2,MUC17,-0.0036002488
ITPRID1,MUC17,-0.046022728
AC010542.3,MUC17,-0.044708055
FRZB,MUC17,-0.06559397
PLCL1,MUC17,-0.15865615
C7orf31,MUC17,-0.03665085
TEKT4,MUC17,-0.02284001
NAV2,MUC17,-0.008622305
AC005833.1,MUC17,-0.032582343
C10orf105,MUC17,-0.037535124
KCNAB2,MUC17,-0.025349436
FBXW10,MUC17,-0.037222024
PAQR6,MUC17,-0.03316
HOXB1,MUC17,-0.03227503
GALNT1,MUC17,-0.07920752
LAMTOR4,MUC17,-0.01891914
ISG15,MUC17,-0.01686123
GNB3,MUC17,-0.17700602
RAPSN,MUC17,-0.031686526
FCGR3A,MUC17,-0.0133672645
TBX2,MUC17,-0.13005017
PARP10,MUC17,-0.027211638
AC233723.1,MUC17,-0.005263001
AC040162.1,MUC17,-0.19364525
EBF1,MUC17,-0.08027437
PRDM12,MUC17,-0.0668348
PRSS36,MUC17,-0.10897906
GPC5,MUC17,-0.06418122
PLK5,MUC17,-0.085274085
CCDC15,MUC17,-0.013978708
GALNT8,MUC17,-0.034982953
USP9Y,MUC17,-0.022830335
FOXN3,MUC17,-0.0236792
HRCT1,MUC17,-0.012246606
IKBKB,MUC17,-0.10549141
TEN1-CDK3,MUC17,-0.07726111
PLB1,MUC17,-0.034735356
PPP1R11,MUC17,-0.033697214
MRPL45,MUC17,-0.025681887
DRG2,MUC17,-0.05113598
C6orf52,MUC17,-0.014822989
FBXO39,MUC17,-0.05103361
C16orf54,MUC17,-0.035071336
FLNC,MUC17,-0.009419956
GRIA2,MUC17,-0.07731781
NPIPB15,MUC17,-0.14390065
IL23A,MUC17,-0.029198805
SCTR,MUC17,-0.043415956
ZNF517,MUC17,-0.052168053
CLCA2,MUC17,-0.03741545
PNMA8A,MUC17,-0.031029401
ASNSD1,MUC17,-0.015386168
CDX4,MUC17,-0.037803452
FBRS,MUC17,-0.08162842
ZNF853,MUC17,-0.004277929
RNF138,MUC17,-0.0110260695
MEN1,NBEA,-0.0020961892
ZFYVE16,NBEA,-0.0134484405
CPNE9,NBEA,-0.012668263
UBQLN2,NBEA,-0.021836177
KAAG1,NBEA,-0.005921684
CLPP,NBEA,-0.013616154
FAM8A1,NBEA,-0.012342481
CUL3,NBEA,-0.039598744
NDUFV3,NBEA,-0.010956052
TTC32,NBEA,-0.14611098
CTDSPL,NBEA,-0.10171393
TRAPPC11,NBEA,-0.0134186605
OXLD1,NBEA,-0.056872018
FAM3D,NBEA,-0.51067746
YDJC,NBEA,-0.044846132
B4GALT2,NBEA,-0.079589754
PRIM2,NBEA,-0.046443082
POU5F1B,NBEA,-0.099848755
SLC29A4,NBEA,-0.53147614
PCDHGB3,NBEA,-0.027967151
KLHL35,NBEA,-0.115253285
H1-4,NBEA,-0.024913633
CFAP52,NBEA,-0.037195183
NPIPA5,NBEA,-1.0618627
UFD1,NBEA,-0.037658915
ZAN,NBEA,-0.11443022
GSTT4,NBEA,-0.034127325
JAML,NBEA,-0.0406285
LGR6,NBEA,-0.0008883322
FAM76A,NBEA,-0.023527015
CHGB,NBEA,-0.06993347
WBP1,NBEA,-0.042254053
LYPD2,NBEA,-0.038399648
ZNF821,NBEA,-0.020686483
DHRS4L2,NBEA,-0.009114374
H2AC21,NBEA,-0.05379429
TNFSF10,NBEA,-0.04464479
C17orf99,NBEA,-0.028047413
SLC12A2,NBEA,-0.114958644
NISCH,NBEA,-0.04360547
TPBG,NBEA,-0.09270514
PMF1,NBEA,-0.052805796
ZMYND12,NBEA,-0.05617889
RPL38,NBEA,-0.03506325
AMDHD1,NBEA,-0.18571267
NME6,NBEA,-0.07187352
CLCN3,NBEA,-0.041042943
NRL,NBEA,-0.109757155
RPL39L,NFE2L2,0.0021140436
SP100,NFE2L2,-0.004065516
ZC3HAV1,NFE2L2,-0.04938163
CNTN5,NFE2L2,-0.08553841
NIT2,NFE2L2,-0.023523744
SUCLG1,NFE2L2,-0.09321498
TRIM16L,NFE2L2,-0.03753176
MAP2,NFE2L2,-0.29486886
SOST,NFE2L2,-0.19727775
CES2,NFE2L2,-0.058511805
NQO1,NFE2L2,-0.036575213
EID3,NFE2L2,-0.22188763
HS3ST3A1,NFE2L2,-0.04729593
CYP4F3,NFE2L2,-2.5045636
TNFRSF10D,NFE2L2,-0.07913204
STRN3,NFE2L2,-0.010053219
TBC1D9,NFE2L2,-0.08807142
NFKB1,NFE2L2,-0.042427704
PANX2,NFE2L2,-0.13511978
SPP1,NFE2L2,-0.18084148
KDSR,NFE2L2,-0.0018168585
DLX5,NFE2L2,-0.041313242
CAP1,NFE2L2,-0.020956196
LRP1B,NFE2L2,-0.020791842
NR0B1,NFE2L2,-0.07957241
CCAR2,NFE2L2,-0.009882719
SLC2A8,NOTCH3,-0.0139045715
SLCO2A1,NOTCH3,-0.026585532
PTPRM,NOTCH3,-0.018778034
NOX5,NOTCH3,-0.14236592
DHRSX,NOTCH3,-0.15305285
SLC12A2,NOTCH3,-0.012426147
PCDHGA8,NOTCH3,-0.07811023
AL441992.2,NOTCH3,-0.035513517
POFUT2,NOTCH3,-0.019883608
EGFL8,NOTCH3,-0.016863855
C6orf58,NOTCH3,-0.05850364
FST,NOTCH3,-0.074463554
DIS3L2,NOTCH3,-0.024953844
GNL3,NOTCH3,-0.05008352
ZNF195,NOTCH3,-0.06859627
SCLY,NOTCH3,-0.062627345
AL365205.1,NOTCH3,-0.04651862
FXYD5,NOTCH3,-0.026141722
BCAR1,NOTCH3,-0.017332524
SFMBT2,NOTCH3,-0.026031112
GJB4,NOTCH3,-0.029114304
ZNF254,NOTCH3,-0.056330603
PAX6,NOTCH3,-0.03443392
RPIA,NOTCH3,-0.0369091
GPR35,NOTCH3,-0.031078942
SLC20A2,NOTCH3,-0.09145163
MAP2K3,NOTCH3,-0.022181403
HNRNPA1,NOTCH3,-0.053869426
RFX2,NOTCH3,-0.050564047
DNAH12,NOTCH3,-0.31791532
CEP72,NOTCH3,-0.036390975
TSPOAP1,NOTCH3,-0.007830269
FOXL2,NOTCH3,-0.023033466
UROS,NOTCH3,-0.020666711
GTF2A1L,NOTCH3,-0.031823356
EXD3,NOTCH3,-0.17780495
HILPDA,NOTCH3,-0.051429577
LINGO4,NOTCH3,-0.77509594
TMPRSS13,NOTCH3,-0.0031686428
PAQR6,NOTCH3,-0.012056905
ABHD18,NOTCH3,-0.064398326
PAK1IP1,NOTCH3,-0.1752061
AC069368.1,NOTCH3,-0.046002626
TUBAL3,NOTCH3,-0.042026483
RTP2,NOTCH3,-0.03268694
GARNL3,NOTCH3,-0.06923389
ZRANB2,NOTCH3,-0.05059051
ISG15,NOTCH3,-0.04170103
CPNE4,NOTCH3,-0.43277395
HNRNPA0,NOTCH3,-0.07286769
DUSP5,NOTCH3,-0.043782882
AK7,NOTCH3,-0.60354626
ASPHD1,PCDH11X,-0.01974572
PPP1R16B,PCDH11X,-0.015421069
BCAP29,PCDH11X,-0.029541748
MELTF,PCDH11X,-0.0023997729
ARRDC1,PCDH11X,-0.07746606
BABAM2,PCDH11X,-0.016409447
SLC18A2,PCDH11X,-0.026035933
MAVS,PCDH11X,-0.036865655
NUP42,PCDH11X,-0.025364848
GPR171,PCDH11X,-0.02344193
LOXHD1,PCDH11X,-0.1574615
SLC2A4,PCDH11X,-0.11168645
CDRT1,PCDH11X,-0.10850359
SELE,PCDH11X,-0.06356374
HIF3A,PCDH11X,-0.019916847
ABCE1,PCDH11X,-0.023722874
EGR1,PCDH11X,-0.031152261
SIGLEC11,PCDH11X,-0.036230564
DDI1,PCDH11X,-0.20015493
CLDN34,PCDH11X,-0.11316524
TMEM132E,PCDH11X,-0.03456438
MICU2,PCDH11X,-0.23132102
SYT12,PCDH11X,-0.080992244
CHRNA3,PCDH11X,-0.06043838
EEF1E1,PCDH11X,-0.045961022
TMEM70,PCDH11X,-0.033830713
AGBL5,PCDH11X,-0.060922053
SMPD1,PCDH11X,-0.036282275
SLC5A7,PCDH11X,-0.31497812
ELOC,PCDH11X,-0.1363726
PPP1R1C,PCDH11X,-0.014091431
LHX1,PCDH11X,-0.046594404
MAT1A,PCDH11X,-0.6524287
DPY30,PCDH11X,-0.1495713
EIF2B3,PCDH11X,-0.046219192
NUBPL,PCDH11X,-0.44010317
GGTLC2,PCDH11X,-0.036989566
RRS1,PCDH11X,-0.2733858
MEAF6,PCDH11X,-0.20510463
ZNF45,PCDH11X,-0.017988257
MRPS28,PCDH11X,-0.13059592
NR6A1,PCDH11X,-0.13144714
MBD6,PCDH11X,-0.07518951
NSUN7,PCDH11X,-0.033502568
SIGLEC14,PCDH11X,-0.04655198
TRIO,PCDH11X,-0.00700509
SNCG,PCDH11X,-0.054755814
CCNDBP1,PCDH11X,-0.03007843
UQCC2,PCDH15,-0.010706079
MGA,PCDH15,-0.027610937
DDX39A,PCDH15,-0.031818505
ALKBH5,PCDH15,-0.012364066
GATA3,PCDH15,-0.038263813
SAMD3,PCDH15,-0.06118855
TTC23,PCDH15,-0.040249713
POLR2M,PCDH15,-0.16249885
DOCK4,PCDH15,-0.051401287
RASD1,PCDH15,-0.04001717
PLEKHH3,PCDH15,-0.22268078
BEGAIN,PCDH15,-0.04629331
H1-6,PCDH15,-0.09591178
LGR6,PCDH15,-0.03660784
EIF5AL1,PCDH15,-0.021789951
EPS15L1,PCDH15,-0.058745008
FAM102B,PCDH15,-0.040069595
ZNF277,PCDH15,-0.065885544
ATP2A1,PCDH15,-0.02095549
TRHR,PCDH15,-0.046559796
SOX10,PCDH15,-0.051057734
AAMDC,PCDH15,-0.023271833
GDF5,PCDH15,-0.01697844
DHRS13,PCDH15,-0.016960405
ARHGAP42,PCDH15,-0.015016463
MRPL20,PCDH15,-0.036161717
DCAF1,PCDH15,-0.092187956
INSM1,PCDH15,-0.19122343
DAG1,PCDH15,-0.044108707
ADGB,PCDH15,-0.037678897
BRI3,PCDH15,-0.115806326
RGPD3,PCDH15,-0.08774808
MTX1,PCDH15,-0.06454999
GCNT1,PCDH15,-0.012650434
AKR1C2,PCDH15,-0.02077331
PRELID2,PCDH15,-0.05911145
TARS2,PCDH15,-0.03612596
SHISA4,PCDH15,-0.09585338
L1CAM,PCDH15,-0.09042211
TMEM179B,PCDH15,-0.021875834
CCNJL,PCDH15,-0.019177113
TP73,PCDH15,-0.002440664
SLC35G1,PCDH15,-0.055405594
BRD9,PCDH15,-0.021074364
PIP5KL1,PCDH15,-0.404533
ID1,PCDH15,-0.046998408
PLCH1,PCDH15,-0.019418474
KIF11,PCDH15,-0.019496987
U2AF1L5,PCDH15,-0.018626008
MTIF3,PCDH15,-0.030372074
YTHDC2,PCDH15,-0.08411911
IFT122,PCDH15,-0.2649606
SMAD5,PCDH15,-0.0040198043
ALDH3A1,PCDH15,-0.15393515
ELOVL7,PCDH15,-0.11696474
CEP72,PCDH15,-0.018769585
HAX1,PCDH15,-0.31562713
H3C12,PCDH15,-0.04010151
ITGB5,PCDH15,-0.045781966
BARX1,PCDH15,-0.052216668
TAF13,PCDH15,-0.04809812
ARHGDIG,PCDH15,-0.03638479
ANKRD9,PCDH15,-0.034124974
PPA2,PCDH15,-0.028924199
C1orf56,PCDH15,-0.05466316
TG,PCDH15,-0.04921728
RUBCNL,PCDH15,-0.028805615
TREM1,PCDH15,-0.009221759
CALCA,PCLO,-0.0028788056
RPS15A,PCLO,-0.019707099
SNX10,PCLO,-0.009097707
PLXNA2,PCLO,-0.032953367
NDUFV2,PCLO,-0.002372085
RAD9B,PCLO,-0.0039061499
EPHB3,PCLO,-0.0030687195
WNT5B,PCLO,-0.054038584
GK3P,PCLO,-0.027158009
PDK1,PCLO,-0.029651728
C9orf116,PCLO,-0.020028785
CTNNAL1,PCLO,-0.0347153
C12orf29,PCLO,-0.12218777
EML5,PCLO,-0.08162753
MC4R,PCLO,-0.06103234
RAET1G,PCLO,-0.050141912
SIPA1L2,PCLO,-0.056361202
NDUFB8,PCLO,-0.063830875
NLRP6,PCLO,-0.023503095
ASCL1,PCLO,-0.027031906
CCL7,PCLO,-0.028921135
AQP3,PCLO,-0.079500526
COMMD1,PCLO,-0.05176806
PRKG2,PCLO,-0.06744024
CCDC163,PCLO,-0.027291792
C18orf25,PCLO,-0.03672189
KRT24,PCLO,-0.025193641
ELMO2,PCLO,-0.01780498
POU3F3,PCLO,-0.19164048
PTPMT1,PCLO,-0.012858216
PIGU,PCLO,-0.043412257
TMEM42,PCLO,-0.010236466
SLC14A2,PCLO,-0.012550589
ITPKC,PCLO,-0.01687824
LRIT3,PCLO,-0.030927237
COX14,PCLO,-0.04249541
CEP55,PCLO,-0.011779376
GNPTG,PCLO,-0.0068843565
GRPEL2,PCLO,-0.04397966
PPP4R3A,PCLO,-0.011878258
TEX12,PCLO,-0.019916242
AP002373.1,PCLO,-0.017308848
GNB1,PCLO,-0.013814197
RAB6C,PCLO,-0.06761238
PDZK1,PCLO,-0.11038403
TDRD7,PCLO,-0.023007557
VGLL3,PCLO,-0.014940761
ADCY9,PCLO,-0.04243714
RAB6A,PCLO,-0.02336983
XRCC6,PCLO,-0.014710228
ZNF793,PCLO,-0.070708446
XKR7,PCLO,-0.01720766
GALP,PCLO,-0.026472256
PCDHB2,PCLO,-0.025243016
SLC18A3,PCLO,-0.070057236
CPLANE2,PCLO,-0.030683635
ZNF488,PCLO,-0.028035887
NUMA1,PCLO,-0.013349063
MRRF,PCLO,-0.010762525
FIZ1,PCLO,-0.014667704
MICOS10,PCLO,-0.015619332
PAK1,PCLO,-0.030081805
FKBP2,PCLO,-0.015025479
OXGR1,PCLO,-0.07227988
CBWD1,PCLO,-0.0036128906
PCDHB1,PCLO,-0.026560767
SPTLC3,PCLO,-0.048262846
FAM227B,PCLO,-0.020914441
STMP1,PCLO,-0.21849892
RTBDN,PCLO,-0.005691025
KATNBL1,PCLO,-0.027773919
PRKD2,PCLO,-0.0145459
PPME1,PCLO,-0.013989228
FAM234A,PCLO,-0.015175502
ITGAV,PCLO,-0.035742104
KLHL6,PCLO,-0.010594833
PLAT,PCLO,-0.029950852
CNOT1,PCLO,-0.004902499
ZBTB48,PCLO,-0.044950265
RASSF7,PCLO,-0.0044165943
NBPF10,PCLO,-0.028706916
TCTN2,PCLO,-0.005379265
CLDN34,PCLO,-0.013827724
FIS1,PCLO,-0.016268857
CNTNAP2,PCLO,-0.009683099
OR2A25,PCLO,-0.0011248483
KIRREL2,PCLO,-0.0072912634
SLC4A7,PCLO,-0.008694935
CCDC194,PCLO,-0.024568984
CDK12,PCLO,-0.06490914
ATP1A1,PCLO,-0.0065197987
TMEM216,PCLO,-0.023240525
KCNJ5,PCLO,-0.05955282
SRGAP3,PCLO,-0.012972313
CCRL2,PCLO,-0.002062416
OOEP,PCLO,-0.03379527
CHRM1,PCLO,-0.021515235
ZSCAN30,PCLO,-0.016711723
MYH15,PCLO,-0.0035738915
CRLF2,PCLO,-0.04594005
COL26A1,PCLO,-0.00593794
TCHP,PCLO,-0.027768463
KDM4C,PCLO,-0.022903794
THEM4,PCLO,-0.017730433
SYT5,PCLO,-0.01988154
ST3GAL1,PCLO,-0.011198988
ME1,PCLO,-0.0109508615
EFNA1,PCLO,-0.010567354
SERHL2,PCLO,-0.030177083
SLC15A4,PCLO,-0.013949009
ADAMTS15,PCLO,-0.014283794
CGB5,PCLO,-0.009576388
SLC35B2,PCLO,-0.015215332
WNK4,PCLO,-0.025308492
ZNF223,PCLO,-0.010065682
U2AF1,PCLO,-0.018595092
SGMS2,PCLO,-0.014464523
PCBP3,PDZD2,-0.018124867
CES5A,PDZD2,-0.017094541
ZNF705B,PDZD2,-0.022500193
B4GALT2,PDZD2,-0.003994198
TAF1L,PDZD2,-0.031530593
BRSK2,PDZD2,-0.008756109
FER,PDZD2,-0.010595614
NANOGNB,PDZD2,-0.028240623
RFC3,PDZD2,-0.0487279
SDC3,PDZD2,-0.0307684
CFHR4,PDZD2,-0.015916929
C2orf80,PDZD2,-0.03697547
KDM5C,PDZD2,-0.018269844
SLC16A11,PDZD2,-0.043455534
LRRC20,PDZD2,-0.05861138
MEF2A,PDZD2,-0.0028262846
STYK1,PDZD2,-0.075303644
MAP3K15,PDZD2,-0.046233762
STX11,PDZD2,-0.10188655
PSMD7,PDZD2,-0.06453862
FEM1A,PDZD2,-0.21943489
HOXB2,PDZD2,-0.17801785
POMGNT2,PDZD2,-0.026649011
TEAD3,PDZD2,-0.050201964
ZSCAN31,PDZD2,-0.5482514
FKBP11,PDZD2,-0.03446019
AP002990.1,PDZD2,-0.04608652
NRN1,PDZD2,-0.044312105
CD99,PDZD2,-0.10760996
NT5C3B,PDZD2,-0.036022205
INPP5E,PDZD2,-0.01883071
SLC7A8,PDZD2,-0.033750135
LIX1,PDZD2,-0.05903356
LIF,PDZD2,-0.25279397
PABPC1L2B,PDZD2,-0.040781915
DENND1B,PDZD2,-0.2605312
ADNP2,PDZD2,-0.046817176
SLC9A3,PDZD2,-0.030224845
SLC25A23,PDZD2,-0.07555119
SERF1B,PDZD2,-0.12423899
SESTD1,PDZD2,-0.02268393
DHDDS,PDZD2,-0.029671572
ANKLE2,PDZD2,-0.043438654
GOSR2,PDZD2,-0.13981266
HOMEZ,PDZD2,-0.5551776
CYP19A1,PDZD2,-0.028707352
ZNF501,PDZD2,-0.10431705
SLIT3,PDZD2,-0.05540563
PHYHD1,PDZD2,-0.04331812
ARMC9,PDZD2,-0.023874668
CCDC51,PDZD2,-0.05166736
TNK2,PDZD2,-0.15821931
PRSS22,PDZD2,-0.20822693
PRND,PDZD2,-0.041895356
ZNF92,PEG3,-0.01300071
CETN2,PEG3,-0.05709822
SMIM10L2B,PEG3,-0.0979711
CXCL3,PEG3,-0.114084534
EFNA2,PEG3,-0.1542574
KRBA2,PEG3,-0.22796373
NUDT7,PEG3,-0.11476067
TMEM63A,PEG3,-0.12112946
FBXL5,PEG3,-0.016144823
MYBPC3,PEG3,-0.86453193
TIMMDC1,PEG3,-0.068112664
MROH7,PEG3,-0.03798971
OLFM4,PEG3,-0.11126604
CC2D2A,PEG3,-0.08258825
MYH8,PEG3,-0.055134967
TIRAP,PEG3,-0.03701797
FAM228B,PEG3,-0.59081745
MT2A,PEG3,-0.050056137
NFU1,PEG3,-0.15023965
NMRK1,PEG3,-0.12140325
SLC44A4,PEG3,-0.29624632
ARHGAP21,PEG3,-0.036611475
MS4A15,PEG3,-0.028814454
GTF2E1,PEG3,-0.07060753
ZFAND6,PEG3,-0.02799675
ALK,PEG3,-0.05137952
SHROOM4,PEG3,-0.0028614572
PFKFB2,PEG3,-0.23251398
XK,PEG3,-0.010659954
TOPAZ1,PEG3,-0.025523566
XKR6,PEG3,-0.04734949
CHGB,PEG3,-0.064765505
STX8,PEG3,-0.01616262
DUOXA2,PEG3,-0.17471877
CLDN8,PEG3,-0.0063211005
HSD17B6,PEG3,-0.09576815
UNC79,PEG3,-0.13262066
PRXL2B,PEG3,-0.07886029
SLC4A11,PEG3,-0.019680744
LDLRAD1,PEG3,-0.013153622
PDZD9,PKHD1L1,-0.005126274
EEF1B2,PKHD1L1,-0.037353065
C9orf85,PKHD1L1,-0.0058425935
ADAM18,PKHD1L1,-0.011803666
POLQ,PKHD1L1,-0.034209877
RGS22,PKHD1L1,-0.016630601
LTN1,PKHD1L1,-0.064652435
TNFRSF25,PKHD1L1,-0.07294875
DNAJB6,PKHD1L1,-0.0021662202
UTS2,PKHD1L1,-0.0062614353
RHOT2,PKHD1L1,-0.019359102
TMEM107,PKHD1L1,-0.107938945
ACTL7B,PKHD1L1,-0.01924944
QTRT1,PKHD1L1,-0.024556989
TBXAS1,PKHD1L1,-0.033050224
BEST4,PKHD1L1,-0.010772727
SUOX,PKHD1L1,-0.042466015
MRPS34,PKHD1L1,-0.017138554
MTUS2,PKHD1L1,-0.008168989
COMT,PKHD1L1,-0.07297482
SIRPB2,PKHD1L1,-0.038521726
MYL3,PKHD1L1,-0.03355902
MEIS3,PKHD1L1,-0.011241306
SHOX,PKHD1L1,-0.021451144
CPNE9,PKHD1L1,-0.024565618
PDE4D,PKHD1L1,-0.028905284
CCND3,PKHD1L1,-0.030909665
SLC22A14,PKHD1L1,-0.020548597
CBS,PKHD1L1,-0.22126503
EFNB2,PKHD1L1,-0.039229233
LMOD3,PKHD1L1,-0.04039388
KCNB2,PKHD1L1,-0.1682136
ADGRG3,PKHD1L1,-0.039326206
CA7,PKHD1L1,-0.02198024
ANKRD30B,PKHD1L1,-0.33055347
NBDY,PKHD1L1,-0.06260586
FLT4,PKHD1L1,-0.02527771
ACSM6,PKHD1L1,-0.06634797
ACSL6,PKHD1L1,-0.016585266
FAIM2,PKHD1L1,-0.03823688
YIF1B,PKHD1L1,-0.018422216
BAG4,PKHD1L1,-0.01968466
PTGER1,PKHD1L1,-0.051444963
TEC,PKHD1L1,-0.10303105
ZNF517,PKHD1L1,-0.08102881
TOR3A,PKHD1L1,-0.036238577
RALGAPA1,PKHD1L1,-0.020204037
UTY,PKHD1L1,-0.020603018
FGL1,PKHD1L1,-0.051317535
VGLL1,PKHD1L1,-0.016664503
NLGN4Y,PKHD1L1,-0.02937128
ZNF888,PKHD1L1,-0.04471867
NTAQ1,PKHD1L1,-0.01913433
NDRG2,PKHD1L1,-0.021431303
MTHFS,PKHD1L1,-0.05259895
IL13,PKHD1L1,-0.018146144
DNALI1,PKHD1L1,-0.023442358
ERGIC3,PKHD1L1,-0.019549215
ASRGL1,PKHD1L1,-0.039769966
EZH2,PKHD1L1,-0.025037073
NFU1,PKHD1L1,-0.015253115
C3orf14,PKHD1L1,-0.10592199
L3MBTL4,PKHD1L1,-0.008631872
SAMD11,PKHD1L1,-0.0072955186
SLC26A9,PKHD1L1,-0.0338721
TNFAIP2,PKHD1L1,-0.05154729
ABHD5,PKHD1L1,-0.03475242
NHEJ1,PKHD1L1,-0.033617057
CEP131,PKHD1L1,-0.023537753
CCL4L2,PKHD1L1,-0.04919347
HOXC13,PKHD1L1,-0.02005327
HSPA13,PKHD1L1,-0.033182904
TEX29,PKHD1L1,-0.019805888
POLH,PKHD1L1,-0.014975307
EIF2A,PKHD1L1,-0.041676637
CSRP1,PKHD1L1,-0.042829305
USP49,PKHD1L1,-0.009165392
IKBKE,PKHD1L1,-0.10416878
COL28A1,PKHD1L1,-0.011131024
IL17C,PKHD1L1,-0.016877161
SERINC2,PKHD1L1,-0.03992492
ZNF16,PKHD1L1,-0.045566924
PCNX4,PKHD1L1,-0.020781888
CCL1,PKHD1L1,-0.040316656
PNPLA1,PKHD1L1,-0.01774271
KLC4,PKHD1L1,-0.030414378
BCAT2,PKHD1L1,-0.043973137
CCDC22,PKHD1L1,-0.036602784
USP9Y,PKHD1L1,-0.066529416
SCART1,PKHD1L1,-0.02595764
TIGD5,PKHD1L1,-0.03371945
SHH,PKHD1L1,-0.028520033
STX3,PKHD1L1,-0.017094325
VIL1,PKHD1L1,-0.012586619
TMCC3,PKHD1L1,-0.031067757
MROH1,PKHD1L1,-0.054481257
TREML1,PKHD1L1,-0.012927708
F2RL1,PKHD1L1,-0.047876302
ESYT2,PKHD1L1,-0.012944553
ARHGDIG,PKHD1L1,-0.0111399535
VPS18,PKHD1L1,-0.042176984
ZNF572,PKHD1L1,-0.01651516
GAS1,PREX2,-0.0557133
ZNF683,PREX2,-0.013467133
CASP9,PREX2,-0.02045502
SOX1,PREX2,-0.0593243
NIBAN1,PREX2,-0.3471205
EIF5B,PREX2,-0.036034703
RPP21,PREX2,-0.29691422
ARHGEF18,PREX2,-0.034500558
RNF39,PREX2,-0.023015507
BASP1,PREX2,-0.0069380924
RAMACL,PREX2,-0.005836396
ZNF30,PREX2,-0.027024344
NLN,PREX2,-0.026292704
RXFP4,PREX2,-0.029573195
ZNF358,PREX2,-0.042784397
NPC1L1,PREX2,-0.020917932
RABL3,PREX2,-0.033876598
CFAP300,PREX2,-0.1703477
HNRNPUL2,PREX2,-0.018452223
C20orf194,PREX2,-0.07142372
CDH23,PREX2,-0.0027888273
NCR1,PREX2,-0.040777892
CCDC136,PREX2,-0.02257284
SLC43A1,PREX2,-0.065996245
MROH8,PREX2,-0.015968652
SLC6A9,PREX2,-0.06795104
MBNL1,PREX2,-0.06716222
WFS1,PREX2,-0.05815826
C1orf54,PREX2,-0.012199456
ZNF35,PREX2,-0.02346841
COL4A5,PREX2,-0.102152966
COX20,PREX2,-0.078332
KRTCAP2,PREX2,-0.039701845
INPP5J,PREX2,-0.009926948
SLC13A3,PREX2,-0.031025218
GRID2IP,PREX2,-0.06763051
ZSWIM7,PREX2,-0.034726325
MLN,PREX2,-0.021995818
INTS7,PREX2,-0.010785307
C11orf49,PREX2,-0.07802901
STOX2,PREX2,-0.0876174
CHRNB1,PREX2,-0.03424253
HSPB11,PREX2,-0.039573956
NTN1,PREX2,-0.05142547
CHTOP,PREX2,-0.08117197
DCAF8,PREX2,-0.04685422
HOXC4,PREX2,-0.009557556
TRIM26,PREX2,-0.16020136
GZMB,PREX2,-0.039367817
NPW,PREX2,-0.010163712
UCKL1,PREX2,-0.08971002
SLC9B2,PREX2,-0.009923396
CRLF1,PREX2,-0.7357249
CEP68,PREX2,-0.0032511503
GLI4,PREX2,-0.05044263
IFNG,PREX2,-0.047677856
L3MBTL3,PREX2,-0.05567832
PPTC7,PREX2,-0.001537839
AMOTL1,PREX2,-0.1621241
UBE3D,PREX2,-0.17827646
ZNF124,PREX2,-0.09153116
AL353588.1,PREX2,-0.05324962
NKX6-1,PREX2,-0.15131839
STX18,PREX2,-0.07359178
DNAH5,PRKDC,-0.049749337
ALS2CL,PRKDC,-0.016375901
GSTM1,PRKDC,-0.016602607
YWHAQ,PRKDC,-0.009258711
EIF1,PRKDC,-0.04639385
OVGP1,PRKDC,-0.023185944
DOHH,PRKDC,-0.016876841
OR51B4,PRKDC,-0.3424585
AFF3,PRKDC,-0.007183314
HSPA6,PRKDC,-0.04109082
TSSC4,PRKDC,-0.023652304
NNT,PRKDC,-0.0874199
HARS2,PRKDC,-0.04703544
TCN1,PRKDC,-0.030728279
PRDX2,PRKDC,-0.06271541
FOXM1,PRKDC,-0.082348585
ZMAT5,PRKDC,-0.029552186
RHPN1,PRKDC,-0.35644868
DGKQ,PRKDC,-0.0517228
PCF11,PRKDC,0.0028614851
TTC9,PRKDC,-0.019593095
SFN,PRKDC,-0.03247663
REG1A,PRKDC,-0.042473085
INMT,PRKDC,-0.0020652693
NXN,PRKDC,-0.044825032
OBSCN,PRKDC,-0.065907076
COL18A1,PRKDC,-0.028312637
MAP2K5,PRKDC,-0.06181742
GRIN2D,PRKDC,-0.03420802
TPD52L2,PRKDC,-0.02831228
DBN1,PRKDC,-0.040382672
GPSM2,PRKDC,-0.027820962
SORL1,PRKDC,-0.9310937
HNRNPAB,PRKDC,-0.044240687
TSACC,PRKDC,-0.010205576
GRIK5,PRKDC,-0.055303268
PALB2,PRKDC,-0.046244886
FAM246A,PRKDC,-0.041310538
INTS8,PRKDC,-0.058068357
TGFBI,PRKDC,-0.02077707
TTC19,PRKDC,-0.32992795
C8orf82,PRKDC,-0.10797787
ADGRG3,PRKDC,-0.12838893
TIMM23,PRKDC,-0.030254858
ING4,PRKDC,-0.044678573
GSDMD,PRKDC,-0.048439518
CHCHD2,PRKDC,-0.020464418
LETM1,PRKDC,-0.065243065
COX6C,PRKDC,-0.03440112
HDAC11,PRKDC,-0.046287302
TLE1,PRKDC,-0.050748736
TIMM23B,PRKDC,-0.021812784
ADCK2,PRKDC,-0.08263884
ACVR2B,PRKDC,-0.23386554
TMEM250,PRKDC,-0.19012092
CD8B,PRKDC,-0.04524405
CALHM5,PTPRD,-0.015142061
CPPED1,PTPRD,-0.0039833947
RAP1A,PTPRD,-0.025832336
HNRNPH1,PTPRD,-0.01793446
POLH,PTPRD,-0.009307272
PXDNL,PTPRD,-0.0113717625
PDZD7,PTPRD,-0.032269213
SMIM5,PTPRD,-0.01154818
SH3RF1,PTPRD,-0.073170535
PIWIL4,PTPRD,-0.02227765
AEBP1,PTPRD,-0.02482801
ALPL,PTPRD,-0.032085966
TAZ,PTPRD,-0.011913802
GPT2,PTPRD,-0.017798273
ADAMTS19,PTPRD,-0.028129494
PTCH1,PTPRD,-0.08381216
THOC1,PTPRD,-0.06447793
NOX5,PTPRD,-0.20362794
NDST2,PTPRD,-0.028683757
SPICE1,PTPRD,-0.03173661
METAP1D,PTPRD,-0.027226971
ADAM20,PTPRD,-0.08150743
ZFP36L2,PTPRD,-0.057078928
BACE1,PTPRD,-0.0046906886
WLS,PTPRD,-0.033224892
DDX3Y,PTPRD,-0.00767922
ARRDC3,PTPRD,-0.0496316
PPFIBP2,PTPRD,-0.022333505
U2AF1L5,PTPRD,-0.030834889
PRR16,PTPRD,-0.08210476
LYSMD2,PTPRD,-0.059416156
UGT1A5,PTPRD,-0.11479135
MUC16,PTPRD,-0.050415687
ARPC3,PTPRD,-0.05322485
MLEC,PTPRD,-0.11578742
GAREM1,PTPRD,-0.0743196
TRIP10,PTPRD,-0.043006435
PPP2R3C,PTPRD,-0.30895266
SOAT1,PTPRD,-0.012437482
HEBP1,PTPRD,-0.07753894
RSAD2,PTPRD,-0.04579842
PUDP,PTPRD,-0.026459808
AHCYL1,PTPRD,-0.11604743
BMT2,PTPRD,-0.09636968
CCDC120,PTPRD,-0.0053611333
TIRAP,PTPRD,-0.034940604
SNX3,PTPRD,-0.033058226
SP140,PTPRD,-0.0145555595
ETV4,PTPRD,-0.027889377
RNF103,PTPRD,-0.037677694
KIAA0319L,PTPRD,-0.022841744
ACTC1,PTPRD,-0.3237139
CLK1,PTPRD,-0.032137547
USP25,PTPRD,-0.3715005
SYVN1,PTPRD,-0.055211507
EID3,PTPRD,-0.070546135
KCNQ4,PTPRD,-0.077365264
PLEKHF1,PTPRD,-0.009565724
FAM177A1,PTPRD,-0.99227047
ARAF,PTPRD,-0.027595213
ATG10,PXDN,-0.017578144
NPLOC4,PXDN,-0.041626737
SLC35D2,PXDN,-0.09452888
ZNF511,PXDN,-0.032982912
CROCC2,PXDN,-0.08875683
DMRTA2,PXDN,-0.091302365
NSMCE3,PXDN,-0.029729487
LRRC23,PXDN,-0.057709727
POLR1D,PXDN,-0.037460383
NEK3,PXDN,-0.412516
RTL8A,PXDN,-0.005497763
COL1A2,PXDN,-0.0047968137
BUB1B-PAK6,PXDN,-0.07263774
AC010255.2,PXDN,-0.29246023
MYH15,PXDN,-0.86949486
TSR3,PXDN,-0.034267373
HGS,PXDN,-0.06263539
AQP11,PXDN,-0.080112115
ADGRG3,PXDN,-0.14840615
ZNF268,PXDN,-0.045445397
QRFPR,PXDN,-0.27251276
CEBPZOS,PXDN,-0.035163596
FAM9A,PXDN,-0.051695168
DUOX1,PXDN,-0.06764469
BNIPL,PXDN,-0.079726666
ALOX12,PXDN,-0.11713782
IL2RG,PXDN,-0.12310494
CD300E,PXDN,-0.045005314
EMP3,PXDN,-0.02347117
HAUS2,PXDN,-0.041099645
AQP9,PXDN,-0.039976217
TRMT61B,PXDN,-0.27341267
IL1B,PXDN,-0.025115859
SAXO2,PXDN,-0.07368004
STK36,PXDN,-0.0096701635
HINT2,PXDN,-0.055593193
ECD,PXDN,-0.3221189
IL13RA1,PXDN,-0.10372879
PLEKHG4B,PXDN,-0.102511294
MAN2A2,PXDN,-0.06495337
PLAUR,PXDN,-0.12976965
TXN2,RIMS1,-0.075481854
SZT2,RIMS1,-0.029330531
GUCD1,RIMS1,-0.00236157
HEATR9,RIMS1,-0.050417755
PKN2,RIMS1,-0.020040227
PCDHGA10,RIMS1,-0.09563557
TAFA5,RIMS1,-0.019068345
LRRC55,RIMS1,-0.048416197
OBSCN,RIMS1,-0.0035484363
KDM4E,RIMS1,-0.032275107
SLCO3A1,RIMS1,-0.061710823
GLT8D1,RIMS1,-0.02060461
TNXB,RIMS1,-0.019817095
SPTLC3,RIMS1,-0.086031504
EGR4,RIMS1,-0.011242921
AC010980.1,RIMS1,-0.022719631
PRRT1B,RIMS1,-0.3839283
RNF139,RIMS1,-0.05423185
IL2RG,RIMS1,-0.03132077
NOSIP,RIMS1,-0.0327934
COLGALT1,RIMS1,-0.022436941
ANKRD13B,RIMS1,-0.049217056
CHST10,RIMS1,-0.14088841
GORASP1,RIMS1,-0.023825822
SNCG,RIMS1,-0.013922776
WNT11,RIMS1,-0.035985366
TCTEX1D4,RIMS1,-0.07444893
IMPACT,RIMS1,-0.028528308
NPHP3,RIMS1,-0.015072339
ACAA1,RIMS1,-0.058594815
ATF7,RIMS1,-0.020912493
UNC13D,RIMS1,-0.3382081
ZNF486,RIMS1,-0.06913717
IGFALS,RIMS1,-0.05577505
CPEB2,RIMS1,-0.037663486
CYP4X1,RIMS1,-0.029914718
SLC22A13,RIMS1,-0.11219177
MIOS,RIMS1,-0.090888835
NEO1,RIMS1,-0.077636115
HBEGF,RIMS1,-0.017547054
HOXC6,RIMS1,-0.2212148
KAAG1,RIMS1,-0.043157995
APBB1IP,RIMS1,-0.038101804
MARCHF4,RIMS1,-0.10146079
CCDC74A,RIMS1,-0.34502986
RD3,RIMS1,-0.16932556
ALS2CL,RIMS1,-0.099130854
CRIP1,RIMS1,-0.041785717
DYRK2,RIMS1,-0.03240047
LHX8,RIMS1,-0.031424914
FOXC1,RIMS1,-0.06992165
MAGI1,RIMS1,-0.39234617
BLVRB,RIMS1,-0.025170775
ELOVL5,RIMS1,-0.34709412
C12orf66,RIMS1,-0.008891581
NALCN,RIMS1,-0.019589601
PRR18,RIMS1,-0.05051724
ASPG,RIMS1,-0.012805128
SSX2IP,ROBO2,-0.017129771
NETO2,ROBO2,-0.014941715
LSM10,ROBO2,-0.041699868
DENND5B,ROBO2,-0.0071076755
LDHAL6B,ROBO2,-0.018700408
NPY5R,ROBO2,-0.024291942
SRD5A2,ROBO2,-0.028604224
UNC93B1,ROBO2,-0.09278949
TNFRSF11B,ROBO2,-0.049990326
DBNDD2,ROBO2,-0.050630003
PENK,ROBO2,-0.017454896
ZNF799,ROBO2,-0.001582599
HTR1D,ROBO2,-0.085480474
ALDH5A1,ROBO2,-0.08974463
TUSC1,ROBO2,-0.5078482
GMCL2,ROBO2,-0.053182434
TM4SF1,ROBO2,-0.04538726
SDC3,ROBO2,-0.03323031
CAP1,ROBO2,-0.006591399
CDC7,ROBO2,-0.045846157
EPDR1,ROBO2,-0.025319396
HR,ROBO2,-0.07504644
PRSS3,ROBO2,-0.087797076
UPRT,ROBO2,-0.054451466
GADD45A,ROBO2,-0.1405944
CRIP1,ROBO2,-1.0463792
ANXA6,ROBO2,-0.060964845
SLC39A10,ROBO2,-0.036397744
ETHE1,ROBO2,-0.0790776
ESRRG,ROBO2,-0.045283984
PPP4R4,ROBO2,-0.13388032
GSDMD,ROBO2,-0.0038586059
USP33,ROBO2,-0.052732352
GJA3,ROBO2,-0.0051299166
RANBP9,ROBO2,-0.0751044
PSMA5,ROBO2,-0.033884726
PLEKHS1,ROBO2,-0.3398275
GLRA2,ROBO2,-0.008560835
C1orf100,ROBO2,-0.059672676
VWA7,ROBO2,-0.24222006
AKR1E2,ROBO2,-0.3110506
HS2ST1,ROBO2,-0.056712925
ACCS,ROBO2,-0.3075991
SEZ6L2,ROBO2,-0.07394298
HINT3,RYR3,-0.01225492
TCF24,RYR3,-0.006194294
TBCB,RYR3,-0.046162527
MAP3K5,RYR3,-0.0040255208
AC008397.1,RYR3,-0.09980216
TTC39C,RYR3,-0.2518387
GPR78,RYR3,-0.052271448
RASSF10,RYR3,-0.029198764
CC2D1B,RYR3,-0.3587685
NHLH2,RYR3,-0.05110158
ZFP82,RYR3,-0.002293173
RNF227,RYR3,-0.052123126
COG1,RYR3,-0.114582136
SMIM30,RYR3,-0.009836826
SLC2A10,RYR3,-0.01932054
LRIT3,RYR3,-0.046179
HLA-DMA,RYR3,-0.043954395
HOXD8,RYR3,-0.032529186
TXNRD2,RYR3,-0.185483
RHOT1,RYR3,-0.013430141
NFE2L1,RYR3,0.0015152718
JPH1,RYR3,-0.025087634
UCP2,RYR3,-0.028876249
SERPINB8,RYR3,-0.044322845
NUDT7,RYR3,-0.013962129
CNIH2,RYR3,-0.040927187
FSBP,RYR3,-0.014648759
ERLIN2,RYR3,-0.020667566
C1orf100,RYR3,-0.024656387
DSC3,RYR3,-0.04605256
CAV2,RYR3,-0.38873237
EMB,RYR3,-0.0172614
ACOD1,RYR3,-0.032657336
TRIM49C,RYR3,-0.0028328102
SWAP70,RYR3,-0.23952852
ELK3,RYR3,-0.039475523
TGFA,RYR3,-0.0895854
AFDN,RYR3,-0.023927644
NEU4,RYR3,-0.11840991
ZNF28,RYR3,-0.091539234
SOCS4,RYR3,-0.0045040245
LMX1A,RYR3,-0.026654892
SYT12,RYR3,-0.039961725
UVRAG,RYR3,-0.012244627
PPP2R2C,RYR3,-0.041628007
CRABP1,RYR3,-0.10575645
CHIT1,RYR3,-0.053257026
DHRS2,RYR3,-0.024821997
AMELX,RYR3,-0.045594122
IFNA1,RYR3,-0.0361665
VLDLR,RYR3,-0.12293827
CD74,RYR3,-0.04885032
ENO3,RYR3,-0.039749794
RPL21,RYR3,-0.0375772
OPTC,RYR3,-0.019977245
TTC9B,RYR3,-0.022292161
CRYBA4,RYR3,-0.2114183
BNC1,RYR3,-0.04658356
C1orf216,RYR3,-0.04184404
CKS2,RYR3,-0.030253403
AMIGO2,RYR3,-0.099450685
PDLIM4,RYR3,-0.1934067
APMAP,RYR3,-0.058616243
CSNK1E,RYR3,-0.02755848
SLC4A7,RYR3,-0.06069679
MTRNR2L8,RYR3,-0.03616305
NKX3-2,SALL1,-0.050460704
TIAM1,SALL1,-0.082053445
CDC25B,SALL1,-0.08713962
ZNF221,SALL1,-0.12512925
COP1,SALL1,-0.016798733
DNAJA4,SALL1,-0.043802567
FNTA,SALL1,-0.034696355
PRR19,SALL1,-0.2357106
ULBP3,SALL1,-0.012711083
CARD9,SALL1,-0.3690145
CNIH2,SALL1,-0.037362564
NSUN6,SALL1,-0.03326921
TCIM,SALL1,-0.043600056
C1QTNF6,SALL1,-0.017543947
B3GAT3,SALL1,-0.05118451
EFHC2,SALL1,-0.044976022
ASPH,SALL1,-0.053229403
ALLC,SALL1,-0.03786138
UTP11,SALL1,-0.011309654
TFAM,SALL1,-0.013138379
DCAF12L2,SALL1,-0.4548588
ADAM15,SALL1,-0.044516362
PPP1R3D,SALL1,-0.031182187
INHBB,SALL1,-0.027632056
OGDH,SALL1,-0.20678353
ESRRA,SALL1,-0.059343517
HMX2,SALL1,-0.011122397
TIGAR,SALL1,-0.038777005
POLR3G,SALL1,-0.05031611
PCDHGB2,SALL1,-0.055561602
C5,SALL1,-0.038987555
RNF151,SALL1,-0.046503697
DPY19L1,SALL1,-0.03786145
ZNF549,SALL1,-0.110523045
ELAVL2,SALL1,-0.23090348
ARHGAP29,SALL1,-0.070422314
ATP2B2,SALL1,-0.042484988
PINLYP,SALL1,-0.026314422
AP3S1,SALL1,-0.17367737
ANO5,SALL1,-0.16046284
B2M,SALL1,-0.025462506
CSNK2B,SALL1,-0.0631888
UPK1B,SALL1,-0.04659649
PPARGC1A,SALL1,-0.3935049
HSPA14,SALL1,-0.09250062
ZNF813,SALL1,-0.0027209036
TULP3,SALL1,-0.016764699
ZC3HAV1L,SALL1,-0.0500876
U2AF1L5,SALL1,-0.15340309
CCDC188,SALL1,-0.018763993
TDRD5,SALL1,-0.042217318
MAST1,SALL1,-0.07976788
EPN3,SALL1,-0.00539319
DMWD,SALL1,-0.070110634
KCNJ9,SALL1,-0.02060006
SH2B2,SALL1,-0.06610535
ARID3A,SAMD9L,-0.012566013
CA4,SAMD9L,-0.1708848
NT5M,SAMD9L,-0.03459721
NABP1,SAMD9L,-0.5986818
TSSK3,SAMD9L,-0.16114892
PGA3,SAMD9L,-0.14454138
STIMATE,SAMD9L,-0.020008903
SNAI1,SAMD9L,-0.66998273
ZNF138,SAMD9L,-0.0194834
MACF1,SAMD9L,-0.07812389
CALML6,SAMD9L,-0.037660148
CMPK2,SAMD9L,-0.25687703
SLC6A11,SAMD9L,-0.04008237
TMEM97,SAMD9L,-0.050772943
C6orf132,SAMD9L,-0.077013806
NKG7,SAMD9L,-0.024061754
TEX9,SAMD9L,-0.035454836
MCF2L2,SAMD9L,-0.092892006
TENM3,SAMD9L,-0.01871229
CHRNA3,SAMD9L,-0.31236923
MBP,SAMD9L,-0.056356654
EIF4A1,SAMD9L,-0.01940292
OSTM1,SAMD9L,-0.0032393946
DNAJC2,SAMD9L,-0.06104323
DNAH14,SAMD9L,-0.101773314
REEP5,SAMD9L,-0.06998942
GUSB,SAMD9L,-0.09911061
STATH,SAMD9L,-0.14411925
EML6,SAMD9L,-0.04832545
DDI2,SAMD9L,-0.039310697
PICK1,SAMD9L,-0.03831897
UBR4,SAMD9L,-0.2806103
MINDY3,SAMD9L,-0.039516132
PEX6,SAMD9L,-0.024066078
HOXA7,SAMD9L,-0.029232219
DNALI1,SAMD9L,-0.054779913
TFR2,SAMD9L,-0.04440746
ZNF524,SAMD9L,-0.050214276
MPL,SAMD9L,-0.06488971
ZNF22,SAMD9L,-0.023504216
TUSC2,SAMD9L,-0.30744198
SLC38A11,SAMD9L,-0.062840156
PNPT1,SAMD9L,-0.05247524
NHLH2,SAMD9L,-0.064312264
MYO1H,SAMD9L,-0.023382537
DCAF8,SCN5A,-0.012930198
GP6,SCN5A,-0.017512374
MEI1,SCN5A,-0.010794664
NCR2,SCN5A,-0.008649057
UBC,SCN5A,-0.25857595
SLC39A7,SCN5A,-0.009809842
VNN2,SCN5A,-0.17203319
KRT75,SCN5A,-0.037151944
PRKCSH,SCN5A,-0.015088137
PBLD,SCN5A,-0.48392498
ABHD14B,SCN5A,-0.07397109
SNN,SCN5A,-0.07071234
MT-CYB,SCN5A,-0.008976992
RPS16,SCN5A,-0.03132581
OR9Q1,SCN5A,-0.019607462
OR10G3,SCN5A,-0.03916356
DLX6,SCN5A,-0.04945276
MCIDAS,SCN5A,-0.23612931
SSBP1,SCN5A,-0.19092378
KIAA1143,SCN5A,-0.014022335
DSC1,SCN5A,-0.058974292
PTPRA,SCN5A,-0.008194867
SPC24,SCN5A,-0.06466562
NPIPB3,SCN5A,-0.05692943
DNAI4,SCN5A,-0.011108749
FGFR4,SCN5A,-1.0287801
MYADML2,SCN5A,-0.09100382
HNRNPUL2,SCN5A,-0.017662581
IRF6,SCN5A,-0.15601811
NPIPB4,SCN5A,-0.052088637
ULK4,SCN5A,-0.048881363
CYP2W1,SCN5A,-0.09200329
MARCKSL1,SCN5A,-0.1932473
RBM34,SCN5A,-0.023447923
GPR82,SCN5A,-0.017616032
PROC,SCN5A,-0.06621093
GINS2,SCN5A,-0.04991437
ARHGEF5,SCN5A,-0.1744523
RPL19,SCN5A,-0.045810256
MEA1,SCN5A,-0.3395049
HSFX1,SCN5A,-0.04388355
APBB2,SCN5A,-0.033600554
ATP7A,SCN5A,-0.051586643
KITLG,SCN5A,-0.06717279
PTPRG,SCN5A,-0.036568742
METTL7B,SCN5A,-0.076699644
CHRM5,SI,-0.07639164
COL22A1,SI,-0.7056872
ACOT4,SI,-0.035772525
OVOL2,SI,-0.033303127
DYNC1LI1,SI,-0.015652746
C18orf21,SI,-0.0426513
PRR22,SI,-0.029290121
C12orf45,SI,-0.5495949
PDZD2,SI,-0.01482903
RIPOR3,SI,-0.02301592
ELF1,SI,-0.07619348
RBM4,SI,-0.10410799
AJM1,SI,-0.0395
HOXD4,SI,-0.06575282
PFN3,SI,-0.027515076
CCL18,SI,-0.009522539
PHLDB2,SI,-0.14862897
AZI2,SI,-0.038368944
OR2A5,SI,-0.010304607
NKX2-3,SI,-0.04195032
DYRK1B,SI,-0.022840513
PLPPR3,SI,-0.034823366
VPS39,SI,-0.08226066
MRPL21,SI,-0.36555272
CANX,SI,-0.0250099
S1PR2,SI,-0.021037955
CDH4,SI,-0.11563578
RRAD,SI,-0.07438989
HDC,SI,-0.049070086
RHOBTB2,SI,-0.08746768
SCAMP4,SI,-0.06725059
GTPBP2,SI,-0.030273061
ZNF211,SI,-0.051376816
AMH,SI,-0.036926266
CLTA,SI,-0.03863544
YDJC,SI,-0.020405447
TPCN2,SI,-0.59789217
GIN1,SI,-0.14619653
MTCH2,SI,-0.01777089
SRF,SI,-0.023635812
BMP7,SI,-0.018086115
FAM184A,SI,-0.012494885
FBXL22,SI,-0.05991469
CMC1,SI,-0.091949016
NMNAT3,SI,-0.050073303
HSD11B1L,SLITRK5,-0.018455911
OSGEP,SLITRK5,-0.09610635
NAA11,SLITRK5,-0.018593138
VMAC,SLITRK5,-0.29915693
DEPDC1B,SLITRK5,-0.26654336
ANKRD30A,SLITRK5,-0.15420829
CHRM4,SLITRK5,-0.06401581
ERICH4,SLITRK5,-0.41279295
BCAT2,SLITRK5,-0.033953186
C2orf42,SLITRK5,-0.038171384
HCN3,SLITRK5,-0.059973218
PMEL,SLITRK5,-0.039084885
NUDT12,SLITRK5,-0.09045579
DLG1,SLITRK5,-0.056360826
SYT5,SLITRK5,-0.065909974
NSG1,SLITRK5,-0.10510651
CRTAP,SLITRK5,-0.3373275
NAT8,SLITRK5,-0.11074381
TBXA2R,SLITRK5,-0.027388938
GPR176,SLITRK5,-0.062401
RAB5IF,SLITRK5,-0.042779773
CHD5,SLITRK5,-0.35644242
CSKMT,SLITRK5,-0.072544284
ITGAD,SLITRK5,-0.017014725
ZBTB47,SLITRK5,-0.16231202
FJX1,SLITRK5,-0.049643792
HMGB2,SLITRK5,-0.05292722
VN1R1,SLITRK5,-0.066114165
MS4A18,SLITRK5,-0.08494609
GIP,SLITRK5,-0.06566696
ACOT13,SLITRK5,-0.05500446
ANKRD24,SLITRK5,-0.05859756
ST6GALNAC4,SLITRK5,-0.0026534456
COX17,SLITRK5,-0.04790743
GGA2,SLITRK5,-0.0116826715
UGT8,SLITRK5,-0.12788428
PAAF1,SLITRK5,-0.19104952
EPB41L1,SLITRK5,-0.03818995
SNX15,SLITRK5,-0.4067421
NCOA1,SLITRK5,-0.0735285
WNT5B,SLITRK5,-0.045025215
CAPN6,SLITRK5,-0.15620972
CERS1,SMAD4,-0.015661914
SNU13,SMAD4,-0.01705506
PILRA,SMAD4,-0.016100014
NACA,SMAD4,-0.014046973
EMX2,SMAD4,-0.15633468
PPIB,SMAD4,-0.048323072
RHBDD2,SMAD4,-0.00906263
TMEM127,SMAD4,-0.016341686
ZAR1L,SMAD4,-0.03858379
INPP5F,SMAD4,-0.01777466
SCRG1,SMAD4,-0.3235072
CAB39,SMAD4,-0.03465473
UNC5A,SMAD4,-0.17195736
CHRNA1,SMAD4,-0.14974256
CHMP4A,SMAD4,-0.1421282
ZNF48,SMAD4,-0.030977732
PSMD6,SMAD4,-0.06660986
OXER1,SMAD4,-0.06326597
AMZ2,SMAD4,-0.046686623
PTCHD1,SMAD4,-0.05800176
CTSF,SMAD4,-0.040855274
TFG,SMAD4,-0.070966914
CDIPT,SMAD4,-0.01943543
SERPINB10,SMAD4,-0.0032746862
SLC2A3,SMAD4,-0.14444466
TFB1M,SMAD4,-0.06825368
GLB1,SMAD4,-0.67542124
ECD,SMAD4,-0.0559789
ANK1,SMAD4,-0.056728326
CXCL2,SMAD4,0.0009252722
PRRG4,SMAD4,-0.015032132
SERF1A,SMAD4,-0.024917968
RAD18,SMAD4,-0.23203954
POLR1C,SMAD4,-0.056561526
NTRK1,SMAD4,-0.016539492
MB21D2,SMAD4,-0.042157296
IGSF3,SMAD4,-0.041237567
TNFRSF9,SMAD4,-0.038645692
TIMM10B,SMAD4,-0.07197839
TOR1B,SMAD4,-1.0945793
WARS2,SMAD4,-0.032480594
PPP2R5B,SMAD4,-0.049031746
MAPK3,SMAD4,-0.059244107
GRIN3B,SMAD4,-0.027632799
KDELR2,SMAD4,-0.047081508
EHD1,SMAD4,-0.16807647
RPS14,SMARCA4,-0.06312429
SLC25A41,SMARCA4,-0.039175414
RABL3,SMARCA4,-0.1165595
COASY,SMARCA4,-0.015785934
VPS11,SMARCA4,-0.06110631
ELAC2,SMARCA4,-0.036548417
ALG13,SMARCA4,-0.04694377
CTSD,SMARCA4,-0.0846204
IRS2,SMARCA4,-0.054914124
TRPS1,SMARCA4,-0.0036726126
LLGL1,SMARCA4,-0.046098508
BRCC3,SMARCA4,-0.059636556
USP43,SMARCA4,-0.038551804
ZSCAN9,SMARCA4,-0.12641996
ZNF132,SMARCA4,-0.012636605
PARM1,SMARCA4,-0.024916885
PTN,SMARCA4,-0.05475036
SH2D3A,SMARCA4,-0.043499388
NDUFA9,SMARCA4,-0.022677835
MAEL,SMARCA4,-0.10647107
JARID2,SMARCA4,-0.016167158
ERI3,SMARCA4,-0.032957323
TARDBP,SMARCA4,-0.061071407
RAB26,SMARCA4,-0.04807967
BMP4,SMARCA4,-0.033851452
SMTN,SMARCA4,-0.020200638
ZSCAN26,SMARCA4,-0.17101303
PCOLCE2,SMARCA4,-0.049290247
SELENOH,SMARCA4,-0.014588867
RPL13,SMARCA4,-0.03942356
PPT1,SMARCA4,-0.06708963
POMC,SMARCA4,-0.03358941
SELENOO,SMARCA4,-0.08947163
ANKRD17,SMARCA4,-0.053902384
GPR143,SMARCA4,-0.021143986
CCDC107,SMARCA4,-0.069403335
TNS4,SMARCA4,-0.010837439
TUBB3,SMARCA4,-0.05541544
PPP6R2,SMARCA4,-0.14147067
CAMKK2,SMARCA4,-0.10479185
EPDR1,SMARCA4,-0.4929165
HS3ST1,SMARCA4,-0.046609517
OXGR1,SMARCA4,-0.20841639
CHRNB4,SMARCA4,-0.010668214
TMEM88,SMARCA4,-0.006342488
ZNF276,SMARCA4,-0.0725347
NRL,SMARCA4,-0.42899948
CDC42BPG,SMARCA4,-0.01952652
NALCN,SMARCA4,-0.006997138
TADA1,SMARCA4,-0.072795086
ZFP57,SMARCA4,-0.013638778
MBLAC2,SMARCA4,-0.026067609
C1QL2,SMARCA4,-0.04903959
PIP4P2,SMARCA4,-0.052198168
TMEM234,SMARCA4,-0.09829641
ZNF292,SMARCA4,-0.052259505
CBFA2T3,SMARCA4,-0.0060848524
CLSTN2,SMARCA4,-0.4391837
APOC1,SMARCA4,-0.022178113
CCDC71,SORCS3,-0.023613494
ADCY4,SORCS3,-0.007344717
USF1,SORCS3,-0.09306269
IRF2,SORCS3,-0.051080897
ST13,SORCS3,7.363264e-05
INTS10,SORCS3,-0.0067783184
LIN37,SORCS3,-0.052808885
SLC26A1,SORCS3,-0.019096198
SLC52A1,SORCS3,-0.0059919744
NUDT6,SORCS3,-0.039011173
PARP9,SORCS3,-0.0562649
CCNG1,SORCS3,-0.06776641
KLHDC10,SORCS3,-0.69078016
KAT6B,SORCS3,-0.07087672
PGAM1,SORCS3,-0.13839468
TUBGCP6,SORCS3,-1.0428767
UBA2,SORCS3,-0.042674683
PLAGL2,SORCS3,-0.09683377
C17orf99,SORCS3,-0.15449856
GGT1,SORCS3,-0.046206463
TNFSF15,SORCS3,-0.09674351
PRSS8,SORCS3,-0.048860524
SUMO2,SORCS3,-0.06616756
PPP1R3G,SORCS3,-0.094513394
RWDD4,SORCS3,-0.18201809
TMEM52,SORCS3,-0.035654992
SCRN2,SORCS3,-0.043174203
ATP5F1E,SORCS3,-0.023968771
PDLIM4,SORCS3,-0.0858159
CTAGE6,SORCS3,-0.062184002
ZNF726,SORCS3,-0.017432421
MED31,SORCS3,-0.007406232
CDT1,SORCS3,-0.009057167
PHIP,SORCS3,-0.029773185
KRBA1,SORCS3,-1.1469666
KCNIP3,SPTA1,-0.010030696
DOK7,SPTA1,-0.018527819
VASH2,SPTA1,-0.014241744
ALPK1,SPTA1,-0.014649142
CCDC88C,SPTA1,-0.010940531
ZC3H8,SPTA1,-0.013780003
DPYSL4,SPTA1,-0.013376912
ETV5,SPTA1,-0.006725646
HPN,SPTA1,-0.021986874
FDCSP,SPTA1,-0.023705386
AL139011.2,SPTA1,-0.01938334
TULP4,SPTA1,-0.020736137
MT1F,SPTA1,-0.027470607
AP3M1,SPTA1,-0.0141283935
LTBP3,SPTA1,-0.0032820115
CYB5A,SPTA1,-0.06664869
EFCAB6,SPTA1,-0.046788003
TBXAS1,SPTA1,-0.016216267
PAG1,SPTA1,-0.03817843
ADCY3,SPTA1,-0.03467326
FSCN1,SPTA1,-0.0034897102
SLC35F2,SPTA1,-0.03635034
GC,SPTA1,-0.031615596
NR1D2,SPTA1,-0.06389668
DGAT2,SPTA1,-0.043228913
MYOM3,SPTA1,-0.035032976
KCNK9,SPTA1,-0.05392539
CAMKK1,SPTA1,-0.0204195
MEX3D,SPTA1,-0.031024614
CUTA,SPTA1,-0.019003876
H2BC17,SPTA1,-0.028632395
KLC4,SPTA1,-0.08264047
CTAGE9,SPTA1,-0.016560178
MAP4K3,SPTA1,-0.015377244
ELAC1,SPTA1,-0.24486814
PNLIP,SPTA1,-0.019270819
PCDHGC4,SPTA1,-0.07019399
MEP1B,SPTA1,-0.035580117
HIVEP1,SPTA1,-0.016388599
KIF1B,SPTA1,-0.032831866
CHADL,SPTA1,-0.01490507
SULT1E1,SPTA1,-0.13001749
GTF2I,SPTA1,-0.014854249
ZMIZ1,SPTA1,-0.04623981
SLC25A41,SPTA1,-0.21701276
PCSK5,SPTA1,-0.2320373
NUP210L,SPTA1,-0.025566705
IL17REL,SPTA1,-0.05552351
WRAP73,SPTA1,-0.017785639
SMCO2,SPTA1,-0.06157204
WNT4,SPTA1,-0.03259447
ZYX,SPTA1,-0.039859083
ZNF680,SPTA1,-0.0073520737
CREG1,SPTA1,-0.019952698
EVI5,SPTA1,-0.014811413
SLC1A1,SPTA1,-0.34639013
ECHDC3,SPTA1,-0.04716461
AL590560.2,SPTA1,-0.035505753
CHFR,SPTA1,-0.02350604
SNTB1,SPTA1,-0.034712497
STK33,SPTA1,-0.024264619
NDRG2,SPTA1,-0.022460746
ZNF836,SPTA1,-0.022998746
CCN6,SPTA1,-0.003137143
CPLANE2,SPTA1,-0.0667322
GNG11,SPTA1,-0.026133288
ANKRD39,SPTA1,-0.03491762
SGSH,SPTA1,-0.022150736
GTF2H2,SPTA1,-0.018717695
CCL15,SPTA1,-0.052811485
DNAJA1,SPTA1,-0.054505963
PTPN7,SPTA1,-0.030277086
GAS7,SPTA1,-0.0011503265
FLRT1,SPTA1,-0.037497297
PCIF1,SPTA1,-0.0070311176
INPPL1,SPTA1,-0.04081106
REXO1,SPTA1,-0.08701421
H3C11,SPTA1,-0.0054787346
WDR73,SPTA1,-0.17215978
FECH,SPTA1,-0.031883918
LGALS2,SPTA1,-0.09618066
SP1,SPTA1,-0.051837444
PET117,SPTA1,-0.04499567
SIM2,SPTA1,-0.009159063
ALG5,SPTA1,-0.12535982
TTC29,SPTA1,-0.07441134
UGT2B17,SPTA1,-0.07835667
SPIDR,SYNE1,-0.016273452
GABPA,SYNE1,0.0019246846
FLT1,SYNE1,-0.008666807
RNF34,SYNE1,-0.0040704412
TMEM11,SYNE1,-0.009076581
ASB10,SYNE1,-0.004965593
THOP1,SYNE1,-0.013011357
TEX14,SYNE1,-0.014386528
ABCA1,SYNE1,-0.011252719
CASP14,SYNE1,-0.004686591
SQSTM1,SYNE1,-0.02072247
SORD,SYNE1,-0.0021633268
TAS1R3,SYNE1,-0.010111132
OSBPL9,SYNE1,-0.0026316347
HADHA,SYNE1,0.0009105848
IL34,SYNE1,-0.0031193702
CX3CR1,SYNE1,-0.00022912012
ZC3H12C,SYNE1,-0.035696268
NAT9,SYNE1,-0.0076755425
VEPH1,SYNE1,-0.01625114
CTSV,SYNE1,-0.010464651
LSS,SYNE1,-0.0112205
PROZ,SYNE1,-0.020805757
ZKSCAN7,SYNE1,-0.028747225
OR10K1,SYNE1,-0.011491696
WDR27,SYNE1,-0.0067147925
TFG,SYNE1,-0.018137567
IMPACT,SYNE1,-0.01613709
CCNH,SYNE1,-0.024509579
ARMC1,SYNE1,-0.01821087
NAA38,SYNE1,-0.013917631
VCPIP1,SYNE1,-0.0066239126
SPINK4,SYNE1,-0.0092961425
RPS12,SYNE1,-0.033537593
SDR39U1,SYNE1,-0.010407286
NOBOX,SYNE1,-0.020336553
NUDT6,SYNE1,-0.011604687
MINPP1,SYNE1,-0.020903563
HMGB3,SYNE1,-0.014364668
CRAMP1,SYNE1,-0.0043293904
CEP112,SYNE1,-0.003526365
MEST,SYNE1,-0.041297283
CDK12,SYNE1,-0.019134851
DDIT3,SYNE1,-0.050568774
IL7,SYNE1,-0.01664407
ABHD6,SYNE1,-0.00068105204
CLDN6,SYNE1,-0.016898163
SCNN1A,SYNE1,-0.013568634
ARHGAP26,SYNE1,-0.008035355
ANO1,SYNE1,-0.043488976
SETD4,SYNE1,-0.006320743
KLK1,SYNE1,-0.28358197
CHIC1,SYNE1,-0.039556995
UBASH3B,SYNE1,-0.008911438
RPS14,SYNE1,-0.021041313
IGFBP3,SYNE1,-0.008156485
FAS,SYNE1,-0.0090966625
TMEM39B,SYNE1,-0.016920844
U2AF1,SYNE1,-0.004643047
ELF1,SYNE1,-0.0254777
MT1M,SYNE1,-0.014065717
RIOK2,SYNE1,-0.0035109883
TMEM232,SYNE1,-0.012755729
DCTN4,SYNE1,-0.04305619
TBX3,SYNE1,0.0018404247
COL23A1,SYNE1,-0.013764822
TMLHE,SYNE1,-0.021281442
SLC36A3,SYNE1,-0.012726364
ZNF134,SYNE1,-0.005699866
BDNF,SYNE1,-0.01124762
PRMT8,SYNE1,-0.009537273
ARMT1,SYNE1,-0.01202684
MRPS36,SYNE1,-0.010365096
KIAA2013,SYNE1,-0.028765399
MANF,SYNE1,-0.03139708
VPS72,SYNE1,-0.009514826
SCML4,SYNE1,-0.013250276
CRAT,SYNE1,-0.025127456
C1orf210,SYNE1,-0.12973589
C17orf58,SYNE1,-0.008286165
CUX2,SYNE1,-0.0031638257
CAB39L,SYNE1,-0.018367765
JMJD7-PLA2G4B,SYNE1,-0.06679683
LGI4,SYNE1,-0.019591615
MTAP,SYNE1,-0.012905143
XKR9,SYNE1,-0.016656654
TSHZ1,SYNE1,-0.013570481
ZNF157,SYNE1,-0.030094242
WWP1,SYNE1,-0.08057192
MRPL16,SYNE1,-0.01377824
PATL1,SYNE1,-0.0033459505
DDRGK1,SYNE1,-0.02439664
ATXN3,SYNE1,-0.009391378
ARFGEF1,SYNE1,-0.048665475
UBA5,SYNE1,-0.013152551
HEXIM1,SYNE1,-0.009648563
RGS14,SYNE1,-0.031818293
ASPG,SYNE1,-0.005548505
PPCDC,SYNE1,-0.003247256
SERTAD4,SYNE1,-0.011204063
FOXD2,SYNE1,-0.0047549475
RAB8A,SYNE1,-0.010000382
TBC1D15,SYNE1,0.003921768
TFPI,SYNE1,-0.15557617
ASMTL,SYNE1,-0.01643366
TET3,SYNE1,-0.02084584
TBC1D12,SYNE1,-0.019436242
DIP2A,SYNE1,-0.010262391
GOLGA5,SYNE1,-0.0053464505
MTMR1,SYNE1,-0.10394932
RBMXL3,SYNE1,-0.00047859733
F12,SYNE1,-0.057124946
KAAG1,SYNE1,-0.0645578
H4C14,SYNE1,-0.04905618
FRG1,SYNE1,-0.027558645
RAD54L2,SYNE1,-0.032667752
SPATA5,SYNE1,-0.010881335
LBX1,SYNE1,-0.011727659
TMEM198,SYNE1,-0.0168038
TSPAN8,SYNE1,-0.04539823
FEZF1,SYNE1,-0.012756524
H2BU1,SYNE1,-0.018551873
TMEM25,SYNE1,-0.025203977
TFAP2E,SYNE1,-0.024078608
DNM1L,SYNE1,0.0017552442
EEF1A2,SYNE1,-0.008772964
CHCHD7,SYNE1,-0.0028967569
LRP11,SYNE1,-0.014895657
FTCDNL1,SYNE1,-0.028611891
KIR3DL1,SYNE1,-0.011787656
MFSD2B,SYNE1,-0.08737175
KIAA1549,SYNE1,-0.03146944
IRGQ,SYNE1,-0.027181415
ENPP1,SYNE1,-0.051370755
COCH,SYNE1,-0.022361502
TOX3,SYNE1,-0.0705868
USP46,SYNE1,-0.060794685
FAM184B,SYNE1,-0.02528067
RAD23A,TENM4,-0.00462784
SP4,TENM4,-0.07944329
KLK13,TENM4,-0.01877808
TRAF3IP3,TENM4,-0.09691643
RNASEH2B,TENM4,-0.022026666
TBC1D8,TENM4,-0.037622415
ST8SIA4,TENM4,-0.009720766
PPM1H,TENM4,-0.009521614
TTC9B,TENM4,-0.045078192
ZNF575,TENM4,-0.13450894
ARSH,TENM4,-0.14479072
CNNM4,TENM4,-0.26323804
HSPB3,TENM4,-0.018458504
GMIP,TENM4,-0.024952007
MOG,TENM4,-0.102817625
ARSJ,TENM4,-0.03379584
OR1Q1,TENM4,-0.04176449
BIRC5,TENM4,-0.07961125
PCSK4,TENM4,-0.042051442
NXT1,TENM4,-0.01894799
TECTB,TENM4,-0.03887094
ALYREF,TENM4,-0.023807745
IRF8,TENM4,-0.0038324893
DISP2,TENM4,-0.045538872
WDR1,TENM4,-0.0912717
ATP1A3,TENM4,-0.12087641
FOXI1,TENM4,-0.01879493
AC003002.2,TENM4,-0.35417193
ATOH1,TENM4,-9.0864116e-05
C3orf33,TENM4,-0.04468344
IL20RA,TENM4,-0.041897193
KRT5,TENM4,-0.0889366
HOXA7,TENM4,-0.066821106
GLRA4,TENM4,-0.06243574
KIAA1671,TENM4,-0.09094324
ROM1,TENM4,-0.043099232
PF4V1,TENM4,-0.057243925
TUBA1B,TENM4,-0.06355886
MPLKIP,TENM4,-0.05737986
CCDC192,TENM4,-0.0301212
SNX15,TENM4,-0.045263007
H1-0,TENM4,-0.044341214
ANKRD42,TENM4,-0.05284431
C16orf95,TENM4,-0.05746092
ADGB,TENM4,-0.05801588
OR5A2,TENM4,-0.03672558
SMS,TENM4,-0.0017891963
PEBP1,TENM4,-0.06338824
OXCT2,TENM4,-0.048024766
MRPL2,TENM4,-0.023092605
CFAP47,TENM4,-0.10108745
CABP1,TENM4,-0.10649418
KCNC1,TENM4,-0.047464587
WDR97,TENM4,-0.27712277
LTBR,TENM4,-0.34325588
KIDINS220,TENM4,-0.02789904
SHROOM1,TENM4,-0.3060295
GAK,TENM4,-0.0679062
GPX2,TENM4,-0.0379268
KPNA2,TENM4,-0.1904272
H3C14,TENM4,-0.02473901
SCRN2,TP53,0.16676866
MDM2,TP53,0.036892094
FAM219A,TP53,0.09757459
TAF6,TP53,0.12256838
GAA,TP53,0.18986306
ZNF707,TP53,0.12183013
DLX4,TP53,0.017357005
UBAC2,TP53,0.04342339
COL28A1,TP53,0.014471028
TRIM3,TP53,0.039971232
TEX26,TP53,0.012786872
CALML5,TP53,0.028208919
HRH1,TP53,0.018102625
KIF7,TP53,0.06992684
ARSJ,TP53,0.02411735
ATP2C1,TP53,0.03649853
GATD1,TP53,0.060829367
CA12,TP53,0.040887315
SIX1,TP53,0.039377883
TBX4,TP53,0.054841723
KIF16B,TP53,0.02856966
FLOT1,TP53,0.03425667
ZNF556,TP53,0.03181988
POLR2K,TP53,0.029484158
COX18,TP53,0.017789794
REPS2,TP53,0.019218244
CASP4,TP53,0.061152518
ZNF17,TP53,0.029733976
ZFAND2A,TP53,0.017764153
LAP3,TP53,0.012373521
TENT2,TP53,0.026586628
YTHDC2,TP53,0.042743277
ZNF175,TP53,0.013310733
PPP2R2A,TP53,0.021019673
ABLIM1,TP53,0.091443405
AL451007.3,TP53,0.044973794
FAM135B,TP53,0.027258947
KIDINS220,TP53,0.012220692
IL17D,TP53,0.034015596
RHBDD2,TP53,0.03733233
GJA3,TP53,0.054677557
CTNNBIP1,TP53,0.03249494
ABCF1,TP53,0.07699137
FAM161A,TP53,0.11508129
ZNF131,TP53,0.026187032
NT5C1B,TP53,0.01963126
CCDC102A,TP53,0.07151802
ZNF215,TP53,0.06343338
SIX4,TP53,0.09716709
C1orf100,TP53,0.02181663
IRF7,TP53,0.05275277
POLE4,TRHDE,-1.8078599
SPRR1B,TRHDE,-0.014651373
TLNRD1,TRHDE,-0.035762895
SOX21,TRHDE,-0.025000395
GLUL,TRHDE,-0.05646483
CCDC181,TRHDE,-0.11474938
CHAD,TRHDE,-0.0203169
SCNN1A,TRHDE,-0.42600578
MGRN1,TRHDE,-0.019196833
DNALI1,TRHDE,-0.035190087
ADGRF4,TRHDE,-0.12898712
C3orf38,TRHDE,-0.123166986
KCNK3,TRHDE,-0.017688734
NDUFAF8,TRHDE,-0.012790587
COX5B,TRHDE,-0.057417292
PINX1,TRHDE,-0.03311372
PKD2L1,TRHDE,-0.17869167
PTRHD1,TRHDE,-0.025579369
PRSS38,TRHDE,-0.012415584
P2RY2,TRHDE,-0.061763085
BARX1,TRHDE,-0.039552435
IRF2BP1,TRHDE,-0.04273241
RALY,TRHDE,-0.008646463
COQ9,TRHDE,-0.025742425
FCHO2,TRHDE,-0.046843946
KLRD1,TRHDE,-0.17395677
CASKIN2,TRHDE,-0.012716336
PDIA4,TRHDE,-0.018105233
TLR2,TRHDE,-0.141888
CEP295NL,TRHDE,-0.04676093
ECH1,TRHDE,-0.042948563
SPTBN2,TRHDE,-0.07962638
ADGRF2,TRHDE,-0.04328016
GAREM1,TRHDE,-0.0506572
SEMA3B,TRHDE,-0.0155399265
ANKRD37,TRHDE,-0.2359239
ZNRD2,TRHDE,-0.096568376
FMOD,TRHDE,-0.04082743
CXorf65,TRHDE,-0.043022655
AOC2,TRHDE,-0.0048687733
ELOC,TRHDE,-0.04930359
IGLL5,TTN,-0.0016327533
MRPS15,TTN,0.003005216
NEMP1,TTN,-0.0024782026
HTR3B,TTN,-0.0022281774
IL4I1,TTN,-0.0009807072
CNOT6L,TTN,-0.0011050641
SERPINI1,TTN,-0.0053892145
RPRD1A,TTN,-0.0102902325
C6orf62,TTN,-0.004563756
DNASE1L2,TTN,-0.0063790483
GGACT,TTN,0.00018053492
SFT2D2,TTN,-0.0006500451
BMP5,TTN,-0.0030808114
APOB,TTN,0.0006206621
SHC4,TTN,-0.0055956906
RRP15,TTN,0.0022898365
SHANK2,TTN,-0.005046738
LAMB4,TTN,-0.0003384441
PAPPA2,TTN,-0.0011285497
MKRN1,TTN,-0.004591251
BUD23,TTN,-0.004390872
GPR143,TTN,-0.00019984703
NPAS4,TTN,0.0005758764
PRPF38A,TTN,0.0028155835
PEX11G,TTN,-0.0020757522
CTAGE8,TTN,-0.000906454
PKM,TTN,0.002197184
ECI2,TTN,-0.0014142303
RAB32,TTN,-0.0019482999
TRAT1,TTN,-0.009747371
NMRAL1,TTN,-0.008062872
RPLP1,TTN,-0.00028522394
ZKSCAN8,TTN,-0.017094256
GAST,TTN,-0.009447768
ARL17B,TTN,-0.0037206453
BIK,TTN,-0.0021942845
XPR1,TTN,-0.02550872
INPP5E,TTN,-0.016389465
ABCB5,TTN,-0.007855628
VPS11,TTN,-0.00107715
PIGR,TTN,-0.0026680885
ZNF425,TTN,-0.004342599
NRROS,TTN,-0.0043008905
FBXL16,TTN,-0.0017632334
CDC25B,TTN,-0.005193147
FLYWCH2,TTN,-0.020839343
ONECUT3,TTN,-0.0068241414
CALU,TTN,-0.011220217
SERP1,TTN,0.00033387615
RNF133,TTN,0.0014341597
SLC25A13,TTN,-0.00031463793
PRR20G,TTN,-0.01863236
ALX1,TTN,0.00018569821
SMYD2,TTN,0.005296423
RASGEF1C,TTN,0.0026790984
LMLN2,TTN,-0.027709138
PLD1,TTN,-0.006005653
NELL2,TTN,-0.008449773
PDE9A,TTN,0.00024989658
NFX1,TTN,-0.008085152
NCR1,TTN,-0.005463874
MRPL23,TTN,-0.0064751958
TSPAN32,TTN,0.0019113612
PLD2,TTN,-0.014340841
CDH10,TTN,-0.0034431824
DGKB,TTN,-0.0048367227
FOXD4L6,TTN,-0.01335546
KLHL26,TTN,-0.0008060938
FGF7,TTN,-0.009349619
PPARGC1A,TTN,-0.0023352122
DKK4,TTN,-0.0031374758
BOP1,TTN,-0.018135631
EPHB1,TTN,-0.0046756794
RPL23A,TTN,-0.008191395
DLK1,TTN,-0.0032986528
ADCY2,TTN,-0.006842591
CIR1,TTN,0.0008479053
TMEM218,TTN,-0.005347984
MRPL52,TTN,0.0008495079
SIM2,TTN,0.0024989175
DDX10,TTN,-0.0045073135
CCDC174,TTN,-0.012745368
MTTP,TTN,-0.0022514567
LMTK3,TTN,-0.013731483
TSPAN33,TTN,-0.006569249
SCN4B,TTN,-0.0019790535
SKAP2,TTN,-0.020883922
DDX56,TTN,-0.0046182787
ARPC1B,TTN,-0.0023839406
SNAPC1,TTN,-0.0048821447
MFSD3,TTN,-0.013394586
STRIT1,TTN,-0.000786313
NUDT17,TTN,-0.007898869
CREB5,TTN,-0.0016281069
TLE6,TTN,-0.0025033643
BAG1,TTN,-0.005634837
ODC1,TTN,-0.0073181875
SEH1L,TTN,0.0006256916
MCEE,TTN,-0.0062512783
FBXO16,TTN,-0.0037770385
GLI1,TTN,0.0018842898
RYR2,TTN,-0.00011719656
CCDC152,TTN,-0.0015011672
CEBPD,TTN,-0.0047857715
RALGAPA1,TTN,-0.0008835732
TPST2,TTN,-0.00034787747
LARGE1,TTN,-0.003856986
SPDYE2B,TTN,-0.010697203
FSD1L,TTN,-0.0031646271
GAL3ST2,TTN,-0.045426223
SMC1B,TTN,0.005290636
CIART,TTN,-0.0011103707
TRIM24,TTN,-0.0015350407
TLCD1,TTN,-0.0024887503
MPLKIP,TTN,0.017919324
CHCHD2,TTN,-0.0016475108
PRCD,TTN,-0.002418467
DLL3,TTN,-0.0035394684
LRWD1,TTN,-0.004247269
SAA1,TTN,-0.0008652001
KLF7,TTN,-0.010495722
VSX1,TTN,-0.0005363754
WDR97,TTN,-0.0025002582
ZNF330,TTN,-0.004602089
NPM2,TTN,-0.00024993913
SIX5,TTN,0.005028662
CLNK,TTN,-0.004572195
CES1,TTN,0.0037651816
HOXD4,TTN,-0.001067914
KLHL17,TTN,-0.0038783762
SNN,TTN,-0.003938187
PSMG2,TTN,-0.0022770124
BRF2,TTN,-0.0019876147
PKIB,TTN,0.0012326807
PDLIM1,TTN,-0.009203276
ADAP2,TTN,-0.0010524405
FBXO32,TTN,-0.008695832
PAQR5,TTN,-0.0007295903
U2AF1L5,TTN,-0.0040761675
POMC,TTN,-0.0034498177
LBHD1,TTN,0.0003351181
MYO15A,TTN,-0.00048617515
ANKZF1,TTN,-0.0039467816
CNTFR,TTN,-0.0043259244
MUCL3,TTN,-0.015028434
TRIM74,TTN,-0.002240862
ADARB1,TTN,-0.0039902115
C1orf226,TTN,-0.00029764423
ETV3,TTN,0.00093217916
ENOSF1,TTN,0.0021972228
CCDC197,TTN,-0.0011395286
COMMD4,TTN,-0.002447639
ZNF846,TTN,-0.0037413063
PCCB,TTN,-0.0007614164
YWHAG,TTN,-0.017995767
RASAL1,TTN,-0.00048509444
CEBPG,TTN,-0.0020061985
C20orf173,TTN,-0.0070411353
HOXA5,TTN,-0.0025387271
NPIPA5,TTN,-0.031163754
CCDC183,TTN,-0.00058916333
ABRA,TTN,-0.0067677954
COL26A1,TTN,-0.0065524234
THNSL2,TTN,0.001615789
LRRC4B,TTN,0.00010206024
LDHC,TTN,-0.0019405327
TMEM223,TTN,-0.006568393
MPDU1,TTN,-0.012246901
SIGLEC15,TTN,0.0006909776
RPL24,TTN,-0.002581311
ALDH5A1,TTN,0.0029467673
SDHAF4,TTN,-0.0008035522
SLCO1B3,TTN,-0.005799532
PTK2B,TTN,-0.004045058
AP5Z1,TTN,0.0014846195
NLRC5,TTN,-0.0073311883
SRGAP1,TTN,-0.007798951
VMP1,TTN,-0.0012090497
CABLES2,TTN,-0.0071326704
RAB5A,TTN,0.0015742743
GATA3,TTN,-0.00029066534
TMEM35A,TTN,-0.0069863666
EEF1B2,TTN,-0.00074424216
CFAP300,TTN,-0.0029037998
STK10,TTN,-0.004568339
BAG4,TTN,-0.001896732
CD276,TTN,-0.01322585
IDO1,TTN,-0.002469278
IFNGR1,UNC13C,-0.0037188323
SMAP2,UNC13C,-0.0049587353
TNPO3,UNC13C,-0.00791524
DNAJC3,UNC13C,-0.0076431506
BTG2,UNC13C,-0.02242014
CCDC85C,UNC13C,-0.0055055623
WFDC2,UNC13C,-0.0050002118
PPP1R16A,UNC13C,-0.0062724906
CCDC62,UNC13C,-0.016430987
CCDC47,UNC13C,-0.05437582
PRKD1,UNC13C,-0.0062708766
EEF1AKMT3,UNC13C,-0.0471167
ZNF66,UNC13C,-0.020252556
ZNF486,UNC13C,-0.025994418
ASAH1,UNC13C,-0.02763571
ATXN2L,UNC13C,-0.035253216
CNNM4,UNC13C,-0.019082991
RRAGA,UNC13C,-0.041838374
SAP30BP,UNC13C,-0.07455081
STK31,UNC13C,-0.017972516
NFKBIA,UNC13C,-0.011065943
ATP8A2,UNC13C,-0.026406497
INSIG1,UNC13C,-0.02419133
NDUFS7,UNC13C,-0.018954521
TLR9,UNC13C,-0.04405962
TBATA,UNC13C,-0.04011365
GREM1,UNC13C,-0.015374802
ZKSCAN8,UNC13C,-0.024893265
NMB,UNC13C,-0.029713813
AP4M1,UNC13C,-0.07320807
TDO2,UNC13C,-0.05146006
TMEM185B,UNC13C,-0.044072125
TMEM121B,UNC13C,-0.17512241
AL627230.1,UNC13C,-0.015317936
TMEM102,UNC13C,-0.044077862
ZMYND8,UNC13C,-0.04659177
ATL1,UNC13C,-0.054745864
SLC25A16,UNC13C,-0.04024304
ALOX5,UNC13C,-0.05923562
PFAS,UNC13C,-0.032687835
STK32B,UNC13C,-0.029618336
CAPNS2,UNC13C,-0.0017312757
STXBP2,UNC13C,-0.013474655
BIK,UNC13C,-0.20599061
A3GALT2,UNC13C,-0.0304394
KLHL4,UNC13C,-0.12651563
UFL1,UNC13C,-0.004030857
ZNF74,UNC13C,-0.057625365
SLC35F2,UNC13C,-0.066924065
RAPGEFL1,UNC13C,-0.066659376
SIGIRR,UNC13C,-0.023204716
ACOT9,UNC13C,-0.039582074
ARHGDIG,UNC13C,-0.087791994
IFT27,UNC13C,-0.029938884
PHKG2,UNC13C,-0.020261094
PYCR1,UNC13C,-0.18018779
CD47,UNC13C,-0.015427686
SPINK5,UNC13C,-0.0019575139
ZBTB32,UNC13C,-0.0282241
PLPP2,UNC13C,-0.06458312
SPATA5,UNC13C,-0.02560314
HOXB8,UNC13C,-0.15033191
MARCHF6,UNC13C,-0.10658803
CLINT1,UNC13C,-0.015574229
FBXO16,UNC13C,-0.020860663
CBWD2,UNC13C,-0.1539875
AC040162.1,UNC13C,-0.020825597
ABCA4,UNC13C,-0.0354895
ETNK2,UNC13C,-0.067249574
EEF2,UNC13C,-0.036069866
CCNL1,UNC13C,-0.027017264
FKBP14,UNC13C,-0.015094331
ACOT7,UNC13C,-0.045193344
CD8A,UNC13C,-0.025998013
MFSD11,UNC13C,-0.01692548
ANXA4,UNC13C,-0.0492461
LNPEP,UNC13C,-0.078596935
SLC19A2,UNC13C,-0.03744372
CEP76,UNC13C,-0.016951976
HTR4,UNC13C,-0.12722929
PNRC1,UNC13C,-0.041926496
SNX8,UNC13C,-0.15797482
MESP1,UNC13C,-0.10816681
KPNA5,UNC13C,-0.010156481
MTAP,UNC13C,-0.088682964
TRPM1,UNC13C,-0.056202073
GMIP,UNC13C,-0.06604859
LETM1,UNC13C,-0.014297971
KRTAP4-4,USH2A,-0.008789229
CLDN9,USH2A,-0.0054699066
LY96,USH2A,-0.004814696
ACADSB,USH2A,-0.16225457
NAALADL1,USH2A,-0.019021586
CD163,USH2A,-0.010762901
FAM227A,USH2A,-0.058056004
NDUFAF1,USH2A,-0.0132362675
CEP164,USH2A,-0.020488685
SEC16B,USH2A,-0.016309375
ZNF354B,USH2A,-0.028973067
CILP2,USH2A,-0.053267397
CUL7,USH2A,-0.037423354
IL12B,USH2A,-0.031552084
POTEI,USH2A,-0.034672357
FUT9,USH2A,-0.05273982
FAM83G,USH2A,-0.025104402
ARR3,USH2A,-0.020494474
RIMKLB,USH2A,-0.15179491
OGDH,USH2A,-0.051163014
JAK3,USH2A,-0.015283809
BRD8,USH2A,-0.052749272
UBAP1,USH2A,-0.048500184
NUDT10,USH2A,-0.04924636
NUDT4B,USH2A,-0.054343544
TPT1,USH2A,-0.20161952
TUBD1,USH2A,-0.23835686
ZSWIM7,USH2A,-0.070544966
ODF2L,USH2A,-0.035123546
CFAP61,USH2A,-0.018065697
SMIM6,USH2A,-0.013857288
RRAS,USH2A,-0.028821984
LACC1,USH2A,-0.11525508
SIGLEC12,USH2A,-0.034372453
PCIF1,USH2A,-0.037216056
KLRC2,USH2A,-0.043308318
ALOX5,USH2A,-0.031913117
COLEC11,USH2A,-0.0119575
RABAC1,USH2A,-0.03372401
SLFN12,USH2A,-0.052578453
POLR2A,USH2A,-0.026965579
PSME2,USH2A,-0.043398526
CHD3,USH2A,-0.016446842
AC006978.2,USH2A,-0.015553717
AC010422.8,USH2A,-0.17551202
SNX18,USH2A,-0.1354497
FASTK,USH2A,-0.02350523
GRM3,USH2A,-0.057674382
ADORA2B,USH2A,-0.17575759
ABHD1,USH2A,-0.01550693
OSCAR,USH2A,-0.022322528
GGN,USH2A,-0.09277193
ALYREF,USH2A,-0.002295008
MKNK2,USH2A,-0.059897408
CD8B,USH2A,-0.03566322
GNPAT,USH2A,-0.024427569
TRIM9,USH2A,-0.016222382
KCNAB3,USH2A,-0.14712685
TMEM178B,USH2A,-0.010354544
PRB4,USH2A,-0.025559776
IL1RAPL1,USH2A,-0.031564258
ABCA10,USH2A,-0.09587921
C11orf45,USH2A,-0.029658673
TRMT13,USH2A,-0.020501023
RFX7,USH2A,-0.09398152
ZNF214,USH2A,-0.03167708
CDADC1,USH2A,-0.019098742
SVOP,USH2A,-0.0352688
GLRX3,USH2A,-0.00922294
KCNH5,USH2A,-0.01069677
LYPD1,USH2A,-0.022510046
LNX1,USH2A,-0.21837892
HLA-A,USH2A,-0.01778446
PCDHGA4,USH2A,-0.032744523
IDS,USH2A,-0.09633662
ATRAID,USH2A,-0.006575675
KDM8,USH2A,-0.004671958
ETV7,USH2A,-0.073818475
CXorf21,USH2A,-0.011605603
ETFDH,USH2A,-0.027554763
PMM1,USH2A,-0.032273266
TMEM240,ZFHX4,-0.008148528
C4orf47,ZFHX4,-0.04384942
TNNC2,ZFHX4,-0.02454954
INTS9,ZFHX4,-0.015463607
TBPL2,ZFHX4,-0.020113325
EXOC3,ZFHX4,-0.030258697
XKR6,ZFHX4,-0.15247074
C12orf56,ZFHX4,-0.35056466
SCCPDH,ZFHX4,-0.019091256
FAM162A,ZFHX4,-0.0016752364
MEPE,ZFHX4,-0.07357066
NUDT7,ZFHX4,-0.022682711
ORMDL2,ZFHX4,-0.045483537
TMEM178B,ZFHX4,-0.10556923
CREB3L4,ZFHX4,-0.042976722
CDH4,ZFHX4,-0.030221991
IFITM3,ZFHX4,-0.028203443
CTNNAL1,ZFHX4,-0.40000597
SLC30A8,ZFHX4,-0.030740334
CYP4F3,ZFHX4,-0.12255092
RBP4,ZFHX4,-0.015402251
CMTM4,ZFHX4,-0.048520256
NFU1,ZFHX4,-0.040791538
ITGAD,ZFHX4,-0.02667096
SDHAF3,ZFHX4,-0.07022786
DMBX1,ZFHX4,-0.10170533
NPIPA1,ZFHX4,-0.009544598
DENND1C,ZFHX4,-0.050046764
KLHDC9,ZFHX4,-0.052329026
RTP5,ZFHX4,-0.024030419
IFITM2,ZFHX4,-0.07141156
PARP6,ZFHX4,-0.019683838
KASH5,ZFHX4,-0.016225638
MMP12,ZFHX4,-0.07818069
PRR36,ZFHX4,-0.15467013
TUBB4A,ZFHX4,-0.08058644
RPS4Y1,ZFHX4,-0.072905876
NRN1,ZFHX4,-0.039445437
TMEM249,ZFHX4,-0.021563983
LRRN2,ZFHX4,-0.010904224
BLOC1S5,ZFHX4,-0.07403936
PRMT6,ZFHX4,-0.06448644
SLC9A3,ZFHX4,-0.20034817
ACSS2,ZFHX4,-0.050698996
DPM3,ZFHX4,-0.012206268
HES5,ZFHX4,-0.10088244
IGSF9,ZFHX4,-0.025532376
DUSP1,ZFHX4,-0.06526436
WDFY2,ZFHX4,-0.051091116
HERC5,ZFHX4,-0.24657087
ALKBH3,ZFHX4,-0.08755171
CHRNE,ZFHX4,-0.052467834
LSM14B,ZFHX4,-0.0023289814
MICAL3,ZFHX4,-0.047944147
CENPH,ZFHX4,-0.0030611376
LRRC42,ZFHX4,-0.74785364
PSMD5,ZFHX4,-0.052240964
NEK9,ZFHX4,-0.03105285
STIP1,ZNF208,-0.025000157
TSNARE1,ZNF208,-0.014645781
SPINK4,ZNF208,-1.2082604
SIX2,ZNF208,-0.018813107
ATP5PD,ZNF208,-0.03229678
SLC52A3,ZNF208,-0.06394227
TMEM8B,ZNF208,-0.03514034
MCMDC2,ZNF208,-0.36450225
PPIF,ZNF208,-0.007193472
RAB40A,ZNF208,-0.0332531
KLF2,ZNF208,-0.03377757
ANXA3,ZNF208,-0.01058369
ANKMY2,ZNF208,-0.07472128
TUBA1C,ZNF208,-0.06035361
DHX32,ZNF208,-0.038717967
TMEM74B,ZNF208,-0.0660187
GNRH1,ZNF208,-0.026359057
GLUD2,ZNF208,-0.016180957
SDK1,ZNF208,-0.013133077
USP25,ZNF208,-0.015142036
AP001931.2,ZNF208,-0.06465162
KCNK3,ZNF208,-0.08686057
LIPT2,ZNF208,-0.10138557
ACOT2,ZNF208,-0.021462755
TMPRSS7,ZNF208,-0.034579325
ARL16,ZNF208,-0.021478422
RBM38,ZNF208,-0.08758544
C2orf74,ZNF208,-0.046780415
H4-16,ZNF208,-0.024614312
PXDN,ZNF208,-0.075730056
C15orf65,ZNF208,-0.23169932
CYP2W1,ZNF208,-0.141548
CALB1,ZNF208,-0.0053381426
SIX1,ZNF208,-0.006406805
CD37,ZNF208,-0.04190545
NECAP2,ZNF208,-0.041672308
LILRA1,ZNF208,-0.033299346
KCNQ3,ZNF208,-0.033650946
TM6SF2,ZNF208,-0.02396986
MED29,ZNF208,-0.022497077
ACSBG1,ZNF208,-0.059511118
ZNF540,ZNF208,-0.019775402
CAMSAP3,ZNF208,-0.06628378
RTBDN,ZNF208,-0.044373974
KANSL1,ZNF208,-0.024038138
CACNA2D4,ZNF208,-0.03130317
EEF1AKMT3,ZNF208,-0.055079494
SDHC,ZNF208,-0.033372417
CDK20,ZNF208,-0.029488672
RHOF,ZNF208,-0.3416832
MT-ND4,ZNF208,-0.025058413
GGT1,ZNF208,-0.22604883
RRP8,ZNF208,-0.016003173
DNAJC4,ZNF208,-0.04821768
SNX12,ZNF208,-0.040045332
RUSC1,ZNF208,-0.03228868
MAPK13,ZNF521,-0.043682538
CLPSL1,ZNF521,-0.01862789
PIK3C2A,ZNF521,-0.01130862
ACTL10,ZNF521,-0.013674392
VGLL2,ZNF521,-0.10118859
TMPRSS2,ZNF521,-0.054855146
PTPDC1,ZNF521,-0.017325187
CACNB1,ZNF521,-0.10448161
AKR1C2,ZNF521,-0.003784611
SMG5,ZNF521,-0.010858739
EBF4,ZNF521,-0.011909426
DDX3Y,ZNF521,-0.025880963
SPTLC3,ZNF521,-0.019999966
SYPL2,ZNF521,-0.08985529
ARMC3,ZNF521,-0.08471786
PTPRH,ZNF521,-0.14928746
RPRD2,ZNF521,-0.12703903
NCF2,ZNF521,-0.13039331
NPFFR1,ZNF521,-0.02365058
CRLF2,ZNF521,-0.068723515
C15orf48,ZNF521,-2.2483997
MZF1,ZNF521,-0.0034470856
RNASE1,ZNF521,-0.06832524
PPP1R9B,ZNF521,-0.068066664
SPOP,ZNF521,-0.019776344
DMPK,ZNF521,-0.066713266
PROKR1,ZNF521,-0.036654186
TTLL11,ZNF521,-0.03591006
LDAH,ZNF521,-0.011486195
ZNF512B,ZNF521,-0.07695135
ARL6,ZNF521,-0.05789652
L3MBTL1,ZNF521,-0.054448392
EXTL2,ZNF521,-0.06407922
TAF12,ZNF521,-0.05275709
KRT8,ZNF521,-0.072293
DCBLD2,ZNF521,-0.022804359
GOLGA8M,ZNF521,-0.05727929
LRRC47,ZNF521,-0.23720686
CZIB,ZNF521,-0.20279254
SHCBP1,ZNF521,-0.066837005
RAB40A,ZNF521,-0.063324764
TAS2R42,ZNF750,-0.01002065
PPARD,ZNF750,-0.0021070293
PLA2G6,ZNF750,-0.04667728
SPRR4,ZNF750,-0.008218289
FZD7,ZNF750,-0.017619273
SCGB1A1,ZNF750,-0.07006293
RPL11,ZNF750,-0.004754364
LY75,ZNF750,-1.2810599
LCE3A,ZNF750,-0.16965474
MAP7D2,ZNF750,-0.042214274
ZNF684,ZNF750,-0.043114327
ZNF45,ZNF750,-0.026612425
GDPD2,ZNF750,-0.03083208
SHB,ZNF750,-0.039356023
PDGFRB,ZNF750,-0.057743017
ZNF600,ZNF750,0.0010058491
KAT6A,ZNF750,-0.020227008
ZNF732,ZNF750,-0.01624274
DST,ZNF750,-0.043938827
MFN2,ZNF750,-0.037810013
RNASE10,ZNF750,-0.08962036
ACP7,ZNF750,-0.025216438
EML5,ZNF750,-0.10237142
CARS1,ZNF750,-0.07051978
CNBP,ZNF750,-0.05397551
FAM181A,ZNF750,-0.02750198
GLI1,ZNF750,-0.22813144
DDX31,ZNF750,-0.11658135
BMP8B,ZNF750,-0.09894837
COLGALT2,ZNF750,-0.077738665
ZNF90,ZNF750,-0.023666842
PMEL,ZNF750,-0.002773468
TRAPPC2L,ZNF750,-0.054038573
TM9SF2,ZNF750,-0.1343153
KIAA0040,ZNF750,-0.0018205618
PELI1,ZNF750,-0.044866785
ARVCF,ZNF750,-0.03259351
CFAP92,ZNF750,-0.21221997
KIAA1958,ZNF750,-0.2573079
KIAA1841,ZNF750,-0.038806584
ALX4,ZNF750,-0.07582286
ZNF256,ZNF750,-0.06783456
CCDC82,ZNF750,-0.018191343
AP1G2,ZNF750,-0.04295613
QSOX2,ZNF750,-0.25568148
RRP15,ZNF750,-0.0491259
RNF212,ZNF750,-0.03719333
RAET1L,ZNF750,-0.039895095
ZNF551,ZNF750,-0.039483268
KREMEN1,ZNF750,-0.004793712
IKBKE,ZNF750,-0.13135332
