feature,target,mean_shap
AAGAB,ADAMTSL3,-0.014314381
PRR14,ADAMTSL3,-0.011583172
CTBP1,ADAMTSL3,-0.0227534
MACIR,ADAMTSL3,-0.013634709
TTC39C,ADAMTSL3,-0.03545559
TRIM73,ADAMTSL3,-0.0020710335
SPESP1,ADAMTSL3,-0.0035950309
INHA,ADAMTSL3,-0.037378665
CRPPA,ADAMTSL3,-0.017694041
KCNMB4,ADAMTSL3,-0.03512717
NPAS3,ADAMTSL3,-0.01042256
MMACHC,ADAMTSL3,-0.0236553
GNG12,ADAMTSL3,-0.02530218
PHLDB2,ADAMTSL3,-0.00983676
CCZ1,ADAMTSL3,-0.024367658
MUCL1,ADAMTSL3,-0.02456432
GOLGA8S,ADAMTSL3,-0.011628668
CYP4F11,ADAMTSL3,-0.015733333
LAMTOR5,ADAMTSL3,-0.024838202
DEFB1,ADAMTSL3,-0.018853744
ACTR1A,ADAMTSL3,-0.018944548
RAB34,ADAMTSL3,-0.03645185
VEGFD,ADAMTSL3,-0.0034580757
STARD3,ADAMTSL3,-0.031203154
HACE1,ADAMTSL3,-0.055382855
PEPD,ADAMTSL3,-0.027040701
ZFYVE26,ADAMTSL3,-0.007910028
AEBP1,ADAMTSL3,-0.027515236
ZNF226,ADAMTSL3,-0.027791953
HMX2,ADAMTSL3,-0.012864039
DHX36,ADAMTSL3,-0.008632435
BARX2,ADAMTSL3,-0.0026714636
PIGV,ADAMTSL3,-0.018516421
ANKRD1,ADAMTSL3,-0.0059949365
TPRG1L,ADAMTSL3,-0.013133576
LAMP3,ADAMTSL3,-0.013556011
TAF5,ADAMTSL3,-0.017929466
ZNF667,ADAMTSL3,-0.023836588
ZBTB10,ADAMTSL3,-0.06167739
CD58,ADAMTSL3,-0.017094731
DNAH3,ADAMTSL3,-0.12503308
ZDHHC16,ADAMTSL3,-0.02794804
EVPLL,ADAMTSL3,-0.009684854
GLDC,ADAMTSL3,-0.02144278
MTARC2,ADAMTSL3,-0.03729498
EML3,ADAMTSL3,-0.13581909
RHCG,ADAMTSL3,-0.004038803
GJB4,ADAMTSL3,-0.023921767
MGST2,ADAMTSL3,-0.040868238
TNKS1BP1,ADAMTSL3,-0.08957381
UNC50,ADAMTSL3,-0.0039728517
ZFYVE27,ADAMTSL3,-0.2525429
ANXA11,ADAMTSL3,-0.05620591
PTH2R,ADAMTSL3,-0.011591317
SLC22A23,ADAMTSL3,-0.014480016
SP4,ADAMTSL3,-0.014038465
FAM110C,ADAMTSL3,-0.02200006
WNT11,ADAMTSL3,-0.014475404
KANSL2,ADAMTSL3,-0.007436879
CBSL,ADAMTSL3,-0.011468903
CDH8,ADAMTSL3,-0.071981445
C5orf58,ADAMTSL3,-0.021145336
SH3GL3,ADAMTSL3,-0.023038419
CHD6,ADAMTSL3,-0.016915044
CTNND1,ADAMTSL3,-0.018348072
TMEM238,ADAMTSL3,-0.02611621
PHETA1,ADAMTSL3,-0.039225034
SH3BGR,ADAMTSL3,-0.05405956
PCDHB2,ADAMTSL3,-0.03116614
ZNF501,ADAMTSL3,-0.024290523
DLGAP3,ADAMTSL3,-0.049826115
JAML,ADAMTSL3,-0.0013216295
FRRS1,ADAMTSL3,-0.017086484
LHB,ADAMTSL3,-0.0135281
PCDHGB1,ADAMTSL3,-0.018523552
ZNF606,ADAMTSL3,-0.011620298
LRATD2,ADAMTSL3,-0.02188778
OR10A6,ADAMTSL3,-0.024043731
SOX1,ADAMTSL3,-0.019164404
MORN4,ADAMTSL3,-0.15593097
PTGFRN,ADAMTSL3,-0.023594154
ARSJ,ADAMTSL3,-0.012719477
GOLGA8R,ADAMTSL3,-0.011922872
ANP32D,ADAMTSL3,-0.011168421
RBMS2,ADAMTSL3,-0.06574627
SLC5A2,ADAMTSL3,-0.048239574
SHFL,ADAMTSL3,-0.024353476
WNK4,ADAMTSL3,-0.0040639522
INKA2,ADAMTSL3,-0.027858488
SOX6,ADAMTSL3,-0.08801995
KLK4,ADAMTSL3,-0.017882396
SCML1,ADAMTSL3,-0.08030535
FOSB,ADAMTSL3,-0.011234105
IRF6,ADAMTSL3,-0.011106964
CAMK2B,ADAMTSL3,-0.025738927
RPS26,ADAMTSL3,-0.014936662
TSPYL5,ADAMTSL3,-0.072551124
HSPB3,ADAMTSL3,-0.08468166
GTPBP6,ADAMTSL3,-0.008094976
DZIP1,ADAMTSL3,-0.00042940443
CD82,ADAMTSL3,-0.010799963
C2orf81,ADAMTSL3,-0.04326665
UBE2H,ADAMTSL3,-0.027500646
CEP55,ADAMTSL3,-0.02340615
NDUFS1,ADAMTSL3,-0.008029919
PSMB9,ADAMTSL3,-0.018323157
SLC46A1,ADAMTSL3,-0.013143374
FOCAD,ADAMTSL3,-0.0326808
PRICKLE2,ADAMTSL3,-0.010647093
PLA2G4F,ADAMTSL3,-0.010006645
BAK1,ADAMTSL3,-0.010353352
TLNRD1,ADAMTSL3,-0.0123017775
GPR176,ADAMTSL3,-0.017136183
KCNJ16,ADAMTSL3,-0.103231005
RPGRIP1L,ADAMTSL3,-0.03149404
IFIT5,ADAMTSL3,-0.013343633
FAIM2,ADAMTSL3,-0.027149478
EDEM1,ADAMTSL3,-0.04097233
PDE11A,ADAMTSL3,-0.021730851
SPOCK3,ADAMTSL3,-0.02012809
CHIC2,ADAMTSL3,-0.013079774
NLRP2B,ADAMTSL3,-0.0155946305
KRT18,ADAMTSL3,-0.11440712
BCL11B,ADAMTSL3,-0.012734356
ANKMY1,ADAMTSL3,-0.006968354
METTL24,ADAMTSL3,-0.017191404
SNX19,ADAMTSL3,-0.004350889
AQP4,ADAMTSL3,-0.00689844
SPATA25,ADAMTSL3,-0.008971015
IGSF5,ADAMTSL3,-0.009758503
C5orf15,ADAMTSL3,-0.035507143
PRR19,ADAMTSL3,-0.013851857
FKBP1A,ADAMTSL3,-0.059243724
ITGA5,ADAMTSL3,-0.009265625
GCGR,ADAMTSL3,-0.013492563
KRT33A,ADAMTSL3,-0.005305705
TRIM15,ADAMTSL3,-0.098187804
SLC47A2,ADAMTSL3,-0.2144335
VSIR,ADAMTSL3,-0.024819812
TFF3,ADAMTSL3,-0.016893579
ENTPD6,ADAMTSL3,-0.037022784
XPNPEP2,ADAMTSL3,-0.022753296
SLC30A10,ADAMTSL3,-0.0055010268
ZNF692,ADAMTSL3,-0.02875382
IQCH,ADAMTSL3,-0.040004976
CACNA1D,ADAMTSL3,-0.010419457
PLPPR2,ADAMTSL3,-0.0030844894
C12orf56,ADAMTSL3,-0.014978392
F2,ADAMTSL3,-0.021620395
C6orf136,ADAMTSL3,-0.0014039883
RIMS2,ADAMTSL3,-0.013763174
NOC3L,ADAMTSL3,-0.028331738
SRF,ADAMTSL3,-0.033734553
TRAF3,ADAMTSL3,-0.005704788
SLC9A2,ADAMTSL3,-0.032354966
SH3GLB1,ADAMTSL3,-0.0554451
TCEAL5,ADAMTSL3,-0.020569213
ICOSLG,ADAMTSL3,-0.021078797
NRIP3,ADAMTSL3,-0.0331665
STX1B,ADAMTSL3,-0.021854319
ZNF208,ADAMTSL3,-0.024510967
TEAD4,ADAMTSL3,-0.03101203
ADGRF4,ADAMTSL3,-0.007741191
UNC93A,ADAMTSL3,-0.0022082748
FAM221A,ADAMTSL3,-0.026362883
H3C11,ADAMTSL3,-0.013243657
HOXB8,ADAMTSL3,-0.13332091
CMC2,ADAMTSL3,-0.02847577
PCDHB7,ADAMTSL3,-0.016061975
ZNF394,ADAMTSL3,-0.024943287
UBR1,ADAMTSL3,-0.01198415
NHLRC4,ADAMTSL3,-0.010098727
BCAS4,ADAMTSL3,-0.041512016
EPHA4,ADAMTSL3,-0.013746078
RNF225,ADAMTSL3,-0.0074558742
DACH2,ADAMTSL3,-0.014986293
TPSD1,ADAMTSL3,-0.029197194
PERP,ADAMTSL3,-0.012863965
POPDC3,ADAMTSL3,-0.13350208
MAPK15,ADAMTSL3,-0.021307418
TEX54,ADAMTSL3,-0.013305339
DNAI4,ADAMTSL3,-0.020263903
HES1,ADAMTSL3,-0.02450683
SAMD15,ADAMTSL3,-0.019823246
RIN1,ADAMTSL3,-0.021755181
GPR19,ADAMTSL3,-0.01762957
GNG7,ANK1,-0.032296848
CMC2,ANK1,-0.009195069
SLC9C1,ANK1,-0.040369216
DYNLT1,ANK1,-0.0052562617
PARD3,ANK1,-0.010439785
NPW,ANK1,-0.012227591
RFC2,ANK1,-0.042061456
CEP19,ANK1,-0.0116657065
KCNG2,ANK1,-0.018035179
TARS3,ANK1,-0.079876155
PLPP5,ANK1,-0.04837994
KCNAB2,ANK1,-0.046118036
TNFRSF10D,ANK1,-0.7904669
SECISBP2L,ANK1,-0.018922493
IFI27L2,ANK1,-0.017293753
RASA4,ANK1,-0.03931528
IPCEF1,ANK1,-0.07357236
HERC5,ANK1,-0.04550405
NOL4,ANK1,-0.011848826
PKP3,ANK1,-0.021377489
MS4A2,ANK1,-0.02916847
B3GNT6,ANK1,-0.028668871
NEK2,ANK1,-0.045203205
HOXB8,ANK1,-0.07595332
FAM160B1,ANK1,-0.016171033
HMBS,ANK1,-0.0057116114
GABRR1,ANK1,-0.055277247
CCT6B,ANK1,-0.019122967
MATN2,ANK1,-0.02213882
PINK1,ANK1,-0.011143487
ASXL1,ANK1,-0.0050341557
AKR1B1,ANK1,-0.024852263
AL139011.2,ANK1,-0.021337397
FSIP2,ANK1,-0.04225311
FCRL5,ANK1,-0.015046346
RFC5,ANK1,-0.061152697
LINS1,ANK1,-0.041839927
LCE1B,ANK1,-0.013404096
JAKMIP3,ANK1,-0.030581638
FHAD1,ANK1,-0.0122546265
TMEM35A,ANK1,-0.01556044
AC104389.5,ANK1,-0.030333964
TM2D2,ANK1,-0.022470556
KHSRP,ANK1,-0.017925976
TWIST1,ANK1,-0.11852087
ZNF808,ANK1,-0.028601676
SIGLEC6,ANK1,-0.04438444
POLR3GL,ANK1,-0.007576267
AC007040.2,ANK1,-0.027820472
IER5L,ANK1,-0.010533963
SDK2,ANK1,-0.046791546
ABCF2,ANK1,-0.0007833457
TTC22,ANK1,-0.014798596
PPP2R5B,ANK1,-0.011563973
SYT7,ANK1,-0.027925676
PCED1B,ANK1,-0.029045774
PTPA,ANK1,-0.012811234
PPIP5K1,ANK1,-0.01035165
ZFP30,ANK1,-0.015521273
LDOC1,ANK1,-0.068945035
TPSAB1,ANK1,-0.011074557
GPAM,ANK1,-0.032635875
C14orf180,ANK1,-0.015257067
SAFB2,ANK1,-0.02842866
TMEM164,ANK1,-0.12269798
HHATL,ANK1,-0.01867795
PTGIS,ANK1,-0.006419009
SNAP25,ANK1,-0.01513521
ADAMTS4,ANK1,-0.0111060655
ATP8A1,ANK1,-0.06079894
RAPGEF2,ANK1,-0.029236214
NSFL1C,ANK1,-0.03432842
TMC1,ANK1,-0.020414552
MRPS27,ANK1,-0.012634017
SLC38A10,ANK1,-0.008199241
ANKRD22,ANK1,-0.010469986
AL049634.2,ANK1,-0.046731822
ACP6,ANK1,-0.015561045
ABCA6,ANK1,-0.01777473
ZNF484,ANK1,-0.040607776
SCN3B,ANK1,-0.07502406
PYHIN1,ANK1,-0.025947267
PDGFA,ANK1,-0.003374037
SVEP1,ANK1,-0.009217448
CYP2A6,ANK1,-0.012585935
ZNF738,ANK1,-0.03993042
CDT1,ANK1,-0.011377993
KLK4,ANK1,-0.011321194
SEC14L4,ANK1,-0.080560796
ZNF718,ANK1,-0.042872187
WDR43,ANK1,-0.012903476
INIP,ANK1,-0.035930034
NDST2,ANK1,-0.010768494
CD300E,ANK1,-0.021803148
DOT1L,ANK1,-0.051476244
DHRS4L2,ANK1,-0.065158576
SEMA4C,ANK1,-0.102806345
MAP7D2,ANK1,-0.04507288
TGFBR1,ANK1,-0.0449162
LIPH,ANK1,-0.020297164
CALHM4,ANK1,-0.05021188
CACNA1B,ANK1,-0.024090819
AKNA,ANK1,-0.02898783
SPRR4,ANK1,-0.021681806
SERPINB12,ANK1,-0.08759862
LONP1,ANK1,-0.033715356
BOD1L1,ANK1,-0.0075254957
RBM14-RBM4,ANK1,-0.011525753
SLC38A1,ANK1,-0.022556119
C3,ANK1,-0.049547672
SIRT5,ANK1,-0.028265387
PSG4,ANK1,-0.047088854
POLE2,ANK1,-0.009145368
CDKL1,ANK1,-0.047776353
KLHL17,ANK1,-0.030769141
MFSD12,ANK1,-0.015781919
ATP2A3,ANK1,-0.027902242
TMEM171,ANK1,-0.010307113
PIGG,ANK1,-0.48783416
DHRS4,ANK1,-0.01760498
FGFR3,ANK1,-0.00882792
GPRIN1,ANK1,-0.0905392
BOLA1,ANK1,-0.022329854
WDTC1,ANK1,-0.012596262
GTPBP8,ANK1,-0.008658968
LRRN4CL,ANK1,-0.008338018
ARL14EP,ANK1,-0.06977329
TRARG1,ANK1,-0.016197847
ADAMTS20,ANK1,-0.020048838
ZNF512B,ANK1,-0.020899478
LRFN4,ANK1,-0.01514569
RAB29,ANK1,-0.0049036746
ZNF175,ANK1,-0.017963639
SPINK7,ANK1,-0.033884343
MFGE8,ANK1,-0.007086693
ALKBH7,ANK1,-0.019476052
H1-0,ANK1,-0.010926311
MYO5C,ANK1,-0.1020426
EREG,ANK1,-0.018666556
FER,ANK1,-0.013710351
PRKCB,ANK1,-0.033531334
NPLOC4,ANK1,-0.017893625
MSANTD3,ANK1,-0.012950878
WFDC10B,ANK1,-0.026148673
CCDC195,ANK1,-0.013709187
MKRN3,CACNA1C,-0.007452649
MTPAP,CACNA1C,-0.0010503116
UBR2,CACNA1C,-0.012516202
OR10A2,CACNA1C,-0.016725507
BTC,CACNA1C,-0.0038436267
CNKSR2,CACNA1C,-0.02344651
CASP8AP2,CACNA1C,-0.009558394
RACGAP1,CACNA1C,-0.034958776
PLIN5,CACNA1C,-0.016993748
H2AC21,CACNA1C,-0.010219501
CENPBD1,CACNA1C,-0.006637071
NOX1,CACNA1C,-0.0072579402
MALL,CACNA1C,-0.0107459
SYNGR2,CACNA1C,-0.061738625
SELENOP,CACNA1C,-0.011655639
MC1R,CACNA1C,-0.0056510493
PFKM,CACNA1C,-0.024655867
CHST3,CACNA1C,0.0004533631
PTTG1,CACNA1C,-0.009371471
ATG16L1,CACNA1C,-0.045600254
CPNE3,CACNA1C,-0.005728783
RPS24,CACNA1C,-0.023371242
CIRBP,CACNA1C,-0.006724703
C16orf46,CACNA1C,-0.022350682
CDK14,CACNA1C,-0.029054942
CFAP92,CACNA1C,-0.038961533
USP46,CACNA1C,-0.02660618
AP1AR,CACNA1C,-0.010867664
IZUMO1,CACNA1C,-0.025868315
ZNF875,CACNA1C,-0.0065053287
RXFP4,CACNA1C,-0.02331214
SPRR5,CACNA1C,-0.021686008
KCNAB1,CACNA1C,-0.017747857
FHDC1,CACNA1C,-0.018308165
INTS10,CACNA1C,-0.024708923
SLC2A1,CACNA1C,-0.033802316
NEFH,CACNA1C,-0.014267214
DNAH2,CACNA1C,-0.00651245
MMP17,CACNA1C,-0.013601369
ZNF821,CACNA1C,-0.013902707
YIPF1,CACNA1C,-0.011226598
FOXN3,CACNA1C,-0.013284983
ZCCHC3,CACNA1C,-0.02173037
ATP1B1,CACNA1C,-0.019733885
CUL1,CACNA1C,-0.022420444
LYPD6,CACNA1C,-0.012108286
ZNF385C,CACNA1C,-0.03028334
FBXO39,CACNA1C,-0.019822786
SLC5A2,CACNA1C,-0.030963939
DUSP23,CACNA1C,-0.018106567
ZBED2,CACNA1C,-0.050663564
IQCA1,CACNA1C,-0.017625181
OR56A4,CACNA1C,-0.01351228
KLRC4-KLRK1,CACNA1C,-0.009814209
GMNC,CACNA1C,-0.005463803
CDC45,CACNA1C,-0.041430946
RPL35A,CACNA1C,-0.024569957
SLC25A1,CACNA1C,-0.014727548
PBLD,CACNA1C,-0.089018196
POLDIP2,CACNA1C,-0.0048463875
TBC1D2B,CACNA1C,-0.004157919
DMC1,CACNA1C,-0.005986013
HSD3B7,CACNA1C,-0.03021007
AHR,CACNA1C,-0.020605331
TH,CACNA1C,-0.016595418
E2F4,CACNA1C,-0.0059447694
FADS6,CACNA1C,-0.02055588
BEST4,CACNA1C,-0.021915087
GC,CACNA1C,-0.014796246
TRIM9,CACNA1C,-0.024959486
COPA,CACNA1C,-0.010561473
ERFL,CACNA1C,-0.043662135
ARRDC4,CACNA1C,-0.050971624
UBE2S,CACNA1C,-0.0055092084
TMEM168,CACNA1C,-0.007845995
NPNT,CACNA1C,-0.017454334
UBE3C,CACNA1C,-0.013080654
AMDHD1,CACNA1C,-0.022490457
H6PD,CACNA1C,0.00090886693
ZNF680,CACNA1C,-0.007531973
ZDHHC13,CACNA1C,-0.009103508
YBX2,CACNA1C,-0.023854274
MANSC1,CACNA1C,-0.011477492
RSPH14,CACNA1C,-0.024762655
PCDHB6,CACNA1C,-0.010238512
EFCAB13,CACNA1C,-0.015714759
LGR4,CACNA1C,-0.010279493
AGMO,CACNA1C,-0.023872549
B3GALNT1,CACNA1C,-0.014786347
PKIA,CACNA1C,-0.009193437
CLEC2D,CACNA1C,-0.019474326
SUSD3,CACNA1C,-0.028907035
BCL2L2,CACNA1C,-0.018948575
RAB5IF,CACNA1C,-0.0021264018
CASQ2,CACNA1C,-0.009821653
GNB3,CACNA1C,-0.020200573
ITPR2,CACNA1C,-0.027668087
PIK3CA,CACNA1C,-0.012581753
PCDHB13,CACNA1C,-0.009501302
TMEM39A,CACNA1C,-0.011350324
KIAA1549L,CACNA1C,-0.02070129
HOXA11,CACNA1C,-0.029913733
MMP3,CACNA1C,-0.01229866
ADAP1,CACNA1C,-0.08691657
CRISP3,CACNA1C,-0.014953155
HINT2,CACNA1C,-0.022862135
RFC4,CACNA1C,-0.02355054
ATP6V1C2,CACNA1C,-0.029307274
SMIM11A,CACNA1C,-0.018692445
DHCR24,CACNA1C,-0.05881215
IGF2BP1,CACNA1C,-0.14491172
FXYD6,CACNA1C,-0.008318636
GPR19,CACNA1C,-0.0136869345
CFD,CACNA1C,-0.012975871
CFAP126,CACNA1C,-0.01577598
CNTN3,CACNA1C,-0.010759368
ZNF518A,CACNA1C,-0.022176936
SMCO2,CACNA1C,-0.039582994
SERPINB3,CACNA1C,-0.03565282
BEND5,CACNA1C,-0.0101949675
FEZ1,CACNA1C,-0.03766197
NEGR1,CACNA1C,-0.015688773
GABRG3,CACNA1C,-0.013774649
TNIK,CACNA1C,-0.015729466
HS3ST5,CACNA1C,-0.0077620787
MEIS1,CACNA1C,-0.030833708
FOXJ1,CACNA1C,-0.1262347
PRMT8,CACNA1C,-0.023423418
ZNF790,CACNA1C,-0.012082718
RBM48,CACNA1C,-0.012736433
PTDSS1,CACNA1C,-0.021670707
C22orf39,CACNA1C,-0.01884587
SCN7A,CACNA1C,-0.0026640482
MAP10,CACNA1C,-0.03996128
TTLL7,CACNA1C,-0.027511237
YBEY,CACNA1C,-0.018502688
LIG3,CACNA1C,-0.006524967
EEFSEC,CACNA1C,-0.002127399
LAMB3,CACNA1C,-0.030125601
CBX4,CACNA1C,-0.045069512
AGL,CACNA1C,-0.038196933
ITGBL1,CACNA1C,-0.020784114
TENT5C,CACNA1C,-0.009762569
C11orf65,CACNA1C,-0.015339977
MEIOB,CACNA1C,-0.016794162
ACRBP,CACNA1C,-0.06544276
GABRA2,CACNA1C,-0.056765053
BIRC7,CACNA1C,-0.0051619946
FAM207A,CACNA1C,-0.019223504
KRT37,CACNA1C,-0.006144209
DEFA3,CACNA1C,-0.01339536
RAPSN,CACNA1C,-0.00869548
TAOK2,CACNA1C,-0.028163202
C12orf75,CACNA1C,-0.022731135
SOX1,CACNA1C,-0.015655782
NCR3,CACNA1C,-0.0152091365
C4orf47,CACNA1C,-0.010156506
SORL1,CACNA1C,-0.055755276
NPFFR2,CACNA1C,-0.018124128
REXO2,CACNA1C,-0.059423763
ITLN2,CACNA1C,-0.011663406
ADRB1,CACNA1C,-0.014274298
SPHKAP,CACNA1C,-0.031150308
LHPP,CACNA1C,-0.052752927
DACT2,CACNA1C,-0.031970903
ASPRV1,CACNA1C,-0.036885377
KAZALD1,CACNA1C,-0.009787135
RPL19,CACNA1C,-0.010232984
CA9,CACNA1C,-0.045502122
PPP2R3B,CACNA1C,-0.03523483
R3HCC1,CACNA1C,-0.02542305
ELAPOR2,CACNA1C,-0.024563108
ARL4C,CACNA1C,-0.011465301
NINJ2,CACNA1C,-0.0167931
SNX32,CACNA1C,-0.018157573
HMGB3,CACNA1C,-0.008941122
CD36,CACNA1C,-0.011540985
FOXA3,CACNA1C,-0.025995892
SEMA5A,CACNA1C,-0.011855949
ZNF114,CACNA1C,-0.03689082
PRKACB,CACNA1C,-0.013203514
FAT3,CACNA1C,-0.009248396
NFATC4,CACNA1C,-0.0239583
MYH4,CACNA1C,-0.008729573
TMSB4Y,CACNA1C,-0.014713813
AMACR,CACNA1C,-0.035667554
TAX1BP1,CACNA1C,-0.017486725
NMRAL1,CACNA1C,-0.056815498
CDON,CACNA1C,-0.033431157
TSPYL5,CACNA1C,-0.011587069
BNC1,CACNA1C,-0.0057107047
HECTD1,CACNA1C,-0.00619154
SGPP1,CACNA1C,-0.060183495
GTF2H3,CACNA1C,-0.009704194
ELMO3,CACNA1C,-0.010855441
CNOT1,CACNA1C,-0.055989683
CX3CL1,CACNA1C,-0.01777099
TMLHE,CACNA1C,-0.020914793
SRMS,CACNA1C,-0.024268104
SERPINF2,CACNA1C,-0.012540198
ANXA2,CACNA1C,-0.0107112285
CLEC12B,CACNA1C,-0.012034621
POMZP3,CACNA1C,-0.01091994
CHAT,CACNA1C,-0.011257164
PUS10,CACNA1C,-0.0091866385
EIF2D,CACNA1C,-0.055151165
NRN1,CACNA1C,-0.009868388
LARGE1,CACNA1C,-0.06172782
ABHD10,CACNA1C,-0.014768152
NLRP12,CACNA1C,-0.017546631
INSM2,CACNA1C,-0.024286889
C17orf99,CACNA1C,-0.070767514
ADAM32,CACNA1C,-0.009353375
LRPAP1,CACNA1C,-0.043316744
MAP1LC3B2,CACNA1C,-0.0065680766
FOXD1,CACNA1C,-0.04139418
NOTCH2NLC,CACNA1C,-0.02200204
CFAP206,CACNA1C,-0.016959192
TLX3,CACNA1C,-0.0061440654
TRABD,CACNA1C,-0.005148432
OR7D2,CACNA1C,-0.011699499
ITGA7,CACNA1C,-0.017530583
CHST8,CACNA1C,-0.02059085
ACKR3,CACNA1C,-0.03714871
FZD1,CACNA1C,-0.003976626
ZNF534,CACNA1C,-0.013386922
HOPX,CACNA1C,-0.031284563
IL37,CACNA1C,-0.0086439205
LTBP1,CACNA1C,-0.034088727
PEX6,CACNA1C,-0.03178768
PDE6B,CACNA1C,-0.009821238
AJUBA,CACNA1C,-0.008693102
GALNT9,CACNA1C,-0.0119723985
SMAD1,CACNA1C,-0.01952764
FAM83E,CACNA1C,-0.015050492
GJB5,CACNA1C,-0.025273435
WASF2,CACNA1C,-0.02909871
TCTN3,CACNA1C,-0.01806859
H2AZ2,CACNA1C,-0.015689787
GSTM1,CNTNAP5,-0.00074516743
PPIA,CNTNAP5,-0.009199091
FITM2,CNTNAP5,-0.002522629
SPRYD3,CNTNAP5,-0.0035948611
ZNF609,CNTNAP5,-0.0016431852
CHP2,CNTNAP5,-0.025317997
LRRC39,CNTNAP5,-0.004221291
TNS4,CNTNAP5,-0.01969664
FNDC1,CNTNAP5,-0.00848377
ZNF512,CNTNAP5,-0.0009977194
CBX4,CNTNAP5,-0.0055644
ACSM5,CNTNAP5,-0.005304586
XIRP2,CNTNAP5,-0.015685929
TUBA1B,CNTNAP5,0.00015600608
GLIS2,CNTNAP5,-0.030738255
PEF1,CNTNAP5,-0.0015944728
ANKRD61,CNTNAP5,-0.0107656345
RNF208,CNTNAP5,-0.008310312
MUC16,CNTNAP5,-0.0071037035
SLC7A5,CNTNAP5,-0.0031071324
ESRRG,CNTNAP5,-0.009130899
C10orf105,CNTNAP5,-0.0040703807
JHY,CNTNAP5,-0.06619073
ZBTB16,CNTNAP5,-0.0045678387
UTP15,CNTNAP5,-0.0013164574
SMIM10L2B,CNTNAP5,-0.0065453784
ROR2,CNTNAP5,-0.018446874
SOAT1,CNTNAP5,-0.0044610905
KCNJ12,CNTNAP5,0.0009840796
PRB3,CNTNAP5,-0.007063401
SH2D6,CNTNAP5,-0.016073491
DDX47,CNTNAP5,-0.008414862
COL21A1,CNTNAP5,-0.007161846
AUH,CNTNAP5,-0.011022686
CASP1,CNTNAP5,-0.0018519955
ZSCAN18,CNTNAP5,-0.009647172
MICALL2,CNTNAP5,-0.0047059753
MOGS,CNTNAP5,-0.0034164677
ZNF670-ZNF695,CNTNAP5,-0.004511135
ZNF474,CNTNAP5,-0.019178173
AMPH,CNTNAP5,-0.012985468
KIRREL2,CNTNAP5,-0.019696342
ALDH16A1,CNTNAP5,-0.011907253
GUCA1B,CNTNAP5,-0.0029612796
HOGA1,CNTNAP5,-0.009711781
MEIOC,CNTNAP5,-0.008320059
TRIM34,CNTNAP5,-0.019689897
WRNIP1,CNTNAP5,-0.004412761
FCGR1B,CNTNAP5,-0.019018484
FBXW9,CNTNAP5,-0.008105875
ABCG2,CNTNAP5,-0.015229106
FAM71E2,CNTNAP5,-0.010127127
MTMR11,CNTNAP5,-0.0075353323
PRSS36,CNTNAP5,-0.010037316
PNKP,CNTNAP5,-0.045018967
POGLUT1,CNTNAP5,-0.025518186
MTRNR2L8,CNTNAP5,-0.0038600022
PRMT8,CNTNAP5,-0.0063389884
BORCS8,CNTNAP5,-0.0004466699
ADAMTS6,CNTNAP5,-0.0016949279
CSF1,CNTNAP5,-0.00044419122
AC092835.1,CNTNAP5,-0.011027161
SULT1E1,CNTNAP5,-0.0050702356
CRABP1,CNTNAP5,-0.00028207753
ING4,CNTNAP5,-0.009431193
MRFAP1,CNTNAP5,-0.032782
LILRA4,CNTNAP5,-0.00063635496
CDC42BPA,CNTNAP5,-0.016829828
CXCL11,CNTNAP5,-0.0052547394
RDH5,CNTNAP5,-0.012251735
CCT6B,CNTNAP5,-0.004163619
C12orf4,CNTNAP5,-0.008849498
CAMK2A,CNTNAP5,-0.009592717
WFDC1,CNTNAP5,0.00023334607
BRI3BP,CNTNAP5,-0.00036539548
SLC35G3,CNTNAP5,-0.0045456868
LRRC7,CNTNAP5,-0.0022710583
PPP1R13B,CNTNAP5,-0.0062850486
CDK11A,CNTNAP5,-0.015925819
CHAD,CNTNAP5,-0.0074292533
DGCR6,CNTNAP5,-0.0032402766
NLRP2,CNTNAP5,-0.016198
H1-6,CNTNAP5,-0.02943173
FGL2,CNTNAP5,-0.014744713
COMMD3,CNTNAP5,-0.009779133
MSRB3,CNTNAP5,0.0005847302
RET,CNTNAP5,-0.006933782
FAM110C,CNTNAP5,-0.008410259
MAK16,CNTNAP5,-0.0072619296
KRT74,CNTNAP5,-0.009741597
ARL9,CNTNAP5,-0.0057662274
FAM117B,CNTNAP5,-0.00766101
S1PR5,CNTNAP5,-0.007649716
MINAR1,CNTNAP5,-0.0039957482
CTAG2,CNTNAP5,-0.01440542
CCDC32,CNTNAP5,-0.004574561
REX1BD,CNTNAP5,-0.031280417
HOXD8,CNTNAP5,-0.004663591
CHGB,CNTNAP5,-0.009141362
MOV10L1,CNTNAP5,-0.012297894
SLC47A1,CNTNAP5,-0.010565421
DTNA,CNTNAP5,-0.013244781
TMEM63C,CNTNAP5,-0.018907946
CNFN,CNTNAP5,-0.0060001877
SLC38A11,CNTNAP5,-0.009582143
IHO1,CNTNAP5,-0.018032791
APBA1,CNTNAP5,-0.015665917
MKX,CNTNAP5,-0.0069558853
INSIG1,CNTNAP5,-0.0070080427
PSMD8,CNTNAP5,-0.005698756
ZNF431,CNTNAP5,-0.0068980884
ITGB6,CNTNAP5,-0.003680986
MUC2,CNTNAP5,-0.0124795055
ASCL2,CNTNAP5,-0.028572878
RASD1,CNTNAP5,-0.013173017
IGSF22,CNTNAP5,-0.0061446833
MITD1,CNTNAP5,-0.021597521
DDT,CNTNAP5,-0.0024980865
RPS14,CNTNAP5,-0.016185218
SYT4,CNTNAP5,-0.003990549
SLC2A12,CNTNAP5,-0.019945487
LIPI,CNTNAP5,-0.00595423
FCER1A,CNTNAP5,-0.009861553
PCDHA10,CNTNAP5,-0.004834076
COL4A6,CNTNAP5,-0.027480323
ANKRD34B,CNTNAP5,-0.00654598
DPP8,CNTNAP5,-0.026155466
TACR3,CNTNAP5,-0.005055065
CAPNS1,CNTNAP5,-0.0015226841
GLB1L3,CNTNAP5,-0.007875072
RNF187,CNTNAP5,-0.0071206335
ST7,CNTNAP5,-0.0018815761
TTC39C,CNTNAP5,-0.009771285
SC5D,CNTNAP5,-0.0018776915
NPTX2,CNTNAP5,-0.019088598
PROSER2,CNTNAP5,-0.022873158
PHEX,CNTNAP5,-0.0020142864
JAKMIP2,CNTNAP5,-0.0025483714
RGS14,CNTNAP5,-0.012226741
SNX24,CNTNAP5,-0.0013701451
KCMF1,CNTNAP5,-0.008881904
DUS2,CNTNAP5,-0.01885015
SALL3,CNTNAP5,-0.024517482
WDR49,CNTNAP5,-0.009180603
NCR3LG1,CNTNAP5,-0.002195889
NR4A1,CNTNAP5,-0.0038268066
C1orf105,CNTNAP5,-0.00352259
CTSZ,CNTNAP5,-0.00025977983
SOCS2,CNTNAP5,-0.0058067557
USP39,CNTNAP5,-0.02280507
WT1,CNTNAP5,-0.0025363248
DAPK2,CNTNAP5,-0.004296509
SLC25A42,CNTNAP5,-0.009221635
SRPX2,CNTNAP5,-0.015539447
TXNDC8,CNTNAP5,-0.019680621
HTR7,CNTNAP5,-0.007046875
SF3A2,CNTNAP5,-0.01757022
C16orf71,CNTNAP5,-0.004024141
USH1C,CNTNAP5,-0.016423231
CDKN2A,CNTNAP5,-0.03284379
SRBD1,CNTNAP5,-0.01048799
EPB41L4B,CNTNAP5,-0.00072361913
ZCCHC14,CNTNAP5,-0.011258307
PCDHGB1,CNTNAP5,-0.0030054592
ABCD1,CNTNAP5,-0.0057559507
TSPAN1,CNTNAP5,-0.009887385
SCHIP1,CNTNAP5,-0.0073969234
BCKDHA,CNTNAP5,-0.01616229
TCHH,CNTNAP5,-0.0034406285
GRM7,CNTNAP5,-0.011305091
TWIST2,CNTNAP5,-0.011907349
UCKL1,CNTNAP5,-0.013326124
TMEM158,CNTNAP5,4.8302627e-05
MTMR3,CNTNAP5,-0.0016715507
ABCC9,CNTNAP5,0.000738966
EXD3,CNTNAP5,-0.0016677412
LGALS9B,CNTNAP5,-0.008428932
CD5L,CNTNAP5,-0.011056382
PPP2R5A,CNTNAP5,-0.004781548
STXBP2,CNTNAP5,-0.009393485
SPATA16,CNTNAP5,-0.0023812882
STARD6,CNTNAP5,-0.018037654
ASGR2,CNTNAP5,-0.0037825836
GLYR1,CNTNAP5,-0.0046066907
KCNG3,CNTNAP5,-0.008468922
FAM181A,CNTNAP5,-0.006164964
ETS2,CNTNAP5,-0.0071439724
SNAPC1,CNTNAP5,-0.0061549842
TIMM23B,CNTNAP5,-0.015526828
NRCAM,CNTNAP5,-0.0020996274
GRIK3,CNTNAP5,-0.012845501
NAA10,CNTNAP5,-0.0032871938
EIF4G3,CNTNAP5,-0.014085853
FTH1,CNTNAP5,-0.0052781496
H4C14,CNTNAP5,-0.0026596286
SLC22A15,CNTNAP5,-0.009062992
PLS1,CNTNAP5,-0.0043677036
CCDC152,CNTNAP5,-0.011870966
LGALS9C,CNTNAP5,-0.015689904
PCDHGA6,CNTNAP5,-0.014803495
GPD2,CNTNAP5,-0.017294867
SLC22A23,CNTNAP5,-0.005425644
AC003002.3,CNTNAP5,-0.013897795
NLRP7,CNTNAP5,-0.010736786
SMOC1,CNTNAP5,-0.001989283
RGMB,CNTNAP5,-0.0019834687
ULK2,CNTNAP5,-0.037344065
CPE,CNTNAP5,-0.008225105
PTP4A3,CNTNAP5,-0.01642011
RSL24D1,CNTNAP5,-0.0032873508
CMPK2,CNTNAP5,-0.012897887
DNAJC6,CNTNAP5,-0.0035457301
CERS2,CNTNAP5,-0.005855363
RNF144A,CNTNAP5,-0.024146302
PTPRQ,CNTNAP5,-0.0072666453
TRDN,CNTNAP5,0.000582178
ZNF662,CNTNAP5,-0.016422808
LANCL3,CNTNAP5,-0.009222412
SDF4,CNTNAP5,-0.006691309
OOEP,CNTNAP5,-0.0051063397
ARL4A,CNTNAP5,-0.0031840063
CPT1B,CNTNAP5,-0.0136906775
STK39,CNTNAP5,-0.008953354
FOXB2,CNTNAP5,-0.01097323
CA8,CNTNAP5,-0.0075010797
ZNF584,CNTNAP5,-0.007649863
PEBP4,CNTNAP5,0.0008577755
BCHE,CNTNAP5,-0.0059267413
S100A7A,CNTNAP5,-0.00348846
ANO7,CNTNAP5,-0.004175687
APELA,CNTNAP5,-0.0068992134
TDRKH,CNTNAP5,-0.0030640264
TMPRSS15,CNTNAP5,-0.021516763
VPS39,CNTNAP5,-0.0064358846
ATP2B2,CNTNAP5,-0.005659707
PDE10A,CNTNAP5,-0.016409226
RPS16,CNTNAP5,-0.014199877
ZNF606,CNTNAP5,-0.006887863
MLF2,CNTNAP5,-0.0024144107
CNTN3,CNTNAP5,-0.050021656
PADI1,CNTNAP5,-0.004817135
TECPR2,CNTNAP5,-0.010067567
CLCNKB,CNTNAP5,0.00021240652
H2BC7,CNTNAP5,-0.013077855
BAZ1B,CNTNAP5,-0.0030430383
HSD11B2,CNTNAP5,-0.005123565
GJB7,CNTNAP5,2.9004968e-05
H2BW2,CNTNAP5,0.00015543884
RTN4R,CNTNAP5,-0.02857764
WFIKKN1,CNTNAP5,-0.024404835
METTL5,CNTNAP5,-0.0051485635
SLC6A3,CNTNAP5,-0.005023135
C1QBP,CNTNAP5,-0.01649032
BICDL1,CNTNAP5,0.00026255508
SYVN1,CNTNAP5,-0.0067196097
ODAPH,CNTNAP5,-0.0021691166
TP53TG3D,CNTNAP5,-0.0041932645
TACC2,CNTNAP5,-0.010287724
TIMM50,CNTNAP5,-0.0029433998
LTBP1,CNTNAP5,-0.009485376
WDR61,CNTNAP5,-0.05445145
MUC21,CNTNAP5,-0.0030076227
PRKD1,CNTNAP5,-0.009780908
ELAVL2,CNTNAP5,-0.0031970295
FAM71E1,CNTNAP5,-0.0062001897
SYT9,CNTNAP5,-0.012673342
CCDC122,CNTNAP5,-0.020695545
REPS2,CNTNAP5,-0.0064950264
FAS,CNTNAP5,-0.049718726
APOBR,CNTNAP5,-0.0011656237
CAVIN4,CNTNAP5,-0.0149786975
CR589904.2,CNTNAP5,-0.009993801
CTXN1,CNTNAP5,-0.0070318915
C1QTNF12,CNTNAP5,-0.0074551743
LEMD3,CNTNAP5,0.0009734201
TRPM7,CNTNAP5,-0.019057352
MAGEH1,CNTNAP5,-0.010955528
LILRA1,CNTNAP5,-0.020223461
TMEM191B,CNTNAP5,-0.007474917
ZYG11A,CNTNAP5,-0.011587353
MASP1,CNTNAP5,-0.002396933
ZNF91,CNTNAP5,-0.007948111
EPS8,CNTNAP5,-0.006825203
PLCH1,CNTNAP5,-0.0034540673
EFHC1,CNTNAP5,-0.028902255
LSP1,CNTNAP5,-0.0088041015
NAV2,CNTNAP5,-0.006316942
FAM180A,CNTNAP5,0.0011782384
NUDT10,CNTNAP5,-0.0093572065
FNDC11,CNTNAP5,-0.003762176
AP003108.2,CNTNAP5,-0.00538533
PIMREG,CNTNAP5,0.0010918895
AMTN,CNTNAP5,-0.007363343
CRACR2B,CNTNAP5,-0.008887655
SEC11C,CNTNAP5,-0.004232361
LCMT2,CNTNAP5,-0.021164926
CPXM2,CNTNAP5,-0.006272523
ZNF154,CNTNAP5,-0.011980423
AFG3L2,CNTNAP5,-0.010098441
NEK9,CNTNAP5,-0.00548739
ZNF439,CNTNAP5,-0.0067278678
PITPNM2,CNTNAP5,-0.000783407
KLHL32,CNTNAP5,-0.006845613
ADPRM,CNTNAP5,-0.0065853996
ADORA2B,CNTNAP5,-0.0045972923
CYS1,CNTNAP5,-0.0033710888
NFX1,CNTNAP5,-0.016523374
ASIC4,CNTNAP5,-0.0040533864
CGB2,CNTNAP5,-0.0034706022
DDHD2,CNTNAP5,-0.0038034
CDC42BPB,CNTNAP5,-0.0055967565
ZNF410,CNTNAP5,-0.007375942
INHA,CNTNAP5,-0.055180635
ESPN,CNTNAP5,-0.005644237
PSTPIP1,CNTNAP5,-0.012931667
PCDHGB2,CNTNAP5,-0.008792887
ZNF433,CNTNAP5,-0.0050341436
PPP1R3F,CNTNAP5,-0.022364423
NKAIN1,CNTNAP5,-0.008365253
WNT1,CNTNAP5,-0.021125903
TRMT61B,CNTNAP5,-0.010582047
FGF1,CNTNAP5,-0.036193963
OTC,CNTNAP5,-0.008364859
DVL3,CNTNAP5,-0.017472195
TRIM22,CNTNAP5,-0.008299484
HMGB3,CNTNAP5,-0.004017877
SP140L,CNTNAP5,-0.003557315
UMAD1,CNTNAP5,-0.0020712642
TM9SF4,CNTNAP5,-0.0055295276
NANS,CNTNAP5,-0.0059654103
CLDN1,CNTNAP5,-0.009138223
CMTM7,CNTNAP5,-0.0045888606
ZNF414,CNTNAP5,-0.0038903824
PCDHB15,CNTNAP5,-0.00915674
CDO1,CNTNAP5,-0.010263547
OPRK1,CNTNAP5,-0.011467747
MOGAT2,CNTNAP5,-0.0106783975
HIPK2,CNTNAP5,-0.0063764495
LRRCC1,CNTNAP5,-0.022684673
SCGB1D2,CNTNAP5,-0.0043220865
TEKT5,CNTNAP5,-0.0033574428
TMEM204,CNTNAP5,-0.0033519056
TRO,CNTNAP5,-0.0042621205
NCAPD3,CNTNAP5,-0.0033521354
TMEM64,CNTNAP5,-0.08416216
PEAR1,CNTNAP5,-0.0029056598
AC015802.6,CNTNAP5,-0.0004481077
VANGL1,CNTNAP5,-0.007427597
RHBDD1,CNTNAP5,-0.00019987718
RPL32,CNTNAP5,-0.002663314
AXIN1,CNTNAP5,-0.006444881
LIPE,CNTNAP5,-0.012723709
LHFPL5,CNTNAP5,-0.012143667
ZNF708,CNTNAP5,-0.009339157
JMY,CNTNAP5,-0.0074660517
EML6,CNTNAP5,-0.002876818
GPR137B,CNTNAP5,-0.0053182617
ZBTB38,CNTNAP5,-0.07568923
GTF2H2,CNTNAP5,-0.0040964684
AFP,CNTNAP5,-0.018802233
KRT80,CNTNAP5,-0.005076678
TMEM151B,CNTNAP5,-0.008650854
SPDL1,CNTNAP5,-0.008085659
TMEM255B,CNTNAP5,-0.014299889
CFH,CNTNAP5,-0.049280554
SPACA6,CNTNAP5,-0.055067528
UBXN11,CNTNAP5,-0.002827218
CRABP2,CNTNAP5,-0.011115449
PRRG3,CNTNAP5,-0.0086012315
SLC9A9,CNTNAP5,-0.025871733
MYH14,CNTNAP5,-0.007306551
ZNF211,CNTNAP5,-0.011042727
C11orf53,CNTNAP5,-0.006115166
UNC5A,CNTNAP5,-0.0051608463
FKTN,CNTNAP5,-0.00432242
KIF26A,CNTNAP5,-0.007899274
IZUMO1,CNTNAP5,-0.008597617
TALDO1,CRB1,-0.016103204
TMEM134,CRB1,-0.008151855
BEX5,CRB1,-0.008734747
PCIF1,CRB1,-0.00949354
SSBP2,CRB1,-1.5284124e-05
CACNB3,CRB1,-0.0042361473
ITFG2,CRB1,-0.0060679517
PSMB10,CRB1,-0.0029897876
APC2,CRB1,-0.002234995
TJP2,CRB1,-0.003323222
TCP1,CRB1,-0.0036155086
BCAS4,CRB1,-0.055129085
FOXO4,CRB1,-0.017425038
WDR86,CRB1,-0.008729533
AHCY,CRB1,-0.010499115
DNAI4,CRB1,-0.008657941
CHD7,CRB1,-0.0011026731
CCDC88B,CRB1,-0.025645934
CRYZ,CRB1,-0.0029725023
TGFA,CRB1,-0.007250985
NIPSNAP1,CRB1,-0.01453999
RALA,CRB1,-0.0051804674
ZBTB18,CRB1,-0.015098231
SAP30L,CRB1,-0.05768004
SC5D,CRB1,-0.012610514
OTX1,CRB1,-0.012648008
ACAP3,CRB1,-0.0041659414
SYVN1,CRB1,-0.015232576
ZSCAN5C,CRB1,-0.010159731
KCNC4,CRB1,-0.0041189264
IL13RA2,CRB1,-0.0074104606
TMEM37,CRB1,-0.011814414
CBLN2,CRB1,-0.01527533
RNF2,CRB1,-0.004522675
SOWAHB,CRB1,-0.017857343
PRICKLE4,CRB1,0.0014433024
GSTT4,CRB1,-0.0112441825
ELFN2,CRB1,-0.005285299
OGN,CRB1,-0.005315532
HECTD2,CRB1,-0.018309519
TLL2,CRB1,-0.0030364883
RTN4RL1,CRB1,-0.013029375
PCOLCE,CRB1,-0.03443201
CHST13,CRB1,-0.00866543
KLRF1,CRB1,-0.0038989934
RMND5A,CRB1,-0.0070234044
PRAME,CRB1,-0.038580876
CFAP70,CRB1,-0.03267058
PLCH2,CRB1,-0.0052755536
CCDC144A,CRB1,-0.020966055
NPW,CRB1,-0.01590707
CCDC169,CRB1,-0.025422629
TRMT1,CRB1,-0.011724791
CD164L2,CRB1,-0.005895519
TARS3,CRB1,-0.0043817717
SLC2A4,CRB1,-0.018856827
NRXN1,CRB1,-0.012781596
AC001226.2,CRB1,-0.013530707
EIF3H,CRB1,-0.0070761014
NAGK,CRB1,-0.0031662278
BASP1,CRB1,-0.016593007
CTHRC1,CRB1,-0.016319413
STRN3,CRB1,-0.029242301
TCHH,CRB1,-0.024192343
TIMM23,CRB1,-0.0016146064
ZNF790,CRB1,-0.011957248
GOPC,CRB1,-0.032300774
RNF225,CRB1,-0.004083122
MT1E,CRB1,-0.0052678827
TMEM25,CRB1,-0.0065614837
CDK9,CRB1,-0.009954164
HPSE,CRB1,-0.011420886
POLR2J3,CRB1,-0.024578188
TAF3,CRB1,-0.014043216
SPRR2F,CRB1,-0.021081535
RAB6B,CRB1,-0.02914641
MX2,CRB1,-0.009875675
PROKR1,CRB1,-0.0119605
GCNT4,CRB1,-0.01700544
CD163,CRB1,-0.009566405
WNT4,CRB1,-0.0047659394
SLC3A2,CRB1,-0.044409867
MAPK3,CRB1,-0.0074569224
DPP10,CRB1,-0.0067873527
PRRT2,CRB1,-0.011671922
SUMO4,CRB1,-0.0068821805
SGIP1,CRB1,-0.02628438
ULBP3,CRB1,-0.012412817
MRPL34,CRB1,-0.043702587
MRPS24,CRB1,-0.08914918
C17orf58,CRB1,-0.0045025484
PCDHB1,CRB1,-0.00839066
MAN2C1,CRB1,-0.0048393738
NADSYN1,CRB1,-0.0102796005
FCN3,CRB1,-0.017643439
RXFP1,CRB1,-0.020325206
IL4R,CRB1,-0.026503924
IFT22,CRB1,-0.061243743
PNMA6E,CRB1,-0.007809975
FAM72D,CRB1,-0.013632806
HYAL3,CRB1,-0.0069389087
ERVH48-1,CRB1,-0.009975137
CD24,CRB1,-0.010327092
ZNF208,CRB1,-0.017435126
ZNF491,CRB1,-0.23428702
GAD1,CRB1,-0.005448837
NUDC,CRB1,-0.0039037892
RNF224,CRB1,-0.0146067245
PIGV,CRB1,-0.022121597
NRG4,CRB1,-0.00545507
ICOSLG,CRB1,-0.06159075
WDR61,CRB1,-0.0037405046
ME1,CRB1,-0.010627659
RET,CRB1,-0.0077504846
PRR3,CRB1,-0.018479243
COL9A3,CRB1,-0.008939378
PCDHGB4,CRB1,-0.014837875
SNURF,CRB1,-0.0049720053
AL355312.5,CRB1,-0.013504286
GP5,CRB1,-0.0067993775
EPHA8,CRB1,-0.0072206804
ATP6V0A1,CRB1,-0.05481424
BMERB1,CRB1,-0.008853877
RNF217,CRB1,-0.02038572
GPR68,CRB1,-0.006906421
FOXH1,CRB1,-0.0095945075
KRT85,CRB1,-0.007551975
PRDX4,CRB1,-0.0031578157
ADK,CRB1,-0.027956227
TEKT4,CRB1,-0.006923897
RPS6KA1,CRB1,-0.007460954
ARMCX1,CRB1,-0.011485071
COX7A2L,CRB1,-0.0022010477
SLC2A11,CRB1,-0.0077444273
SLC24A3,CRB1,-0.019088851
CHAT,CRB1,-0.0059096473
CKAP2,CRB1,-0.0097922655
MYOD1,CRB1,-0.016300824
MAPK8IP3,CRB1,-0.017549658
TCEAL3,CRB1,-0.009965426
SPINK2,CRB1,-0.007037841
BCL2L11,CRB1,-0.0047483244
TMEM200B,CRB1,-0.021697171
PIAS2,CRB1,-0.005498331
MRPL46,CRB1,-0.009034357
IFNLR1,CRB1,-0.006643622
CLDN3,CRB1,-0.0035446226
PI3,CRB1,-0.016900072
HS3ST3A1,CRB1,-0.0062399083
ZFP57,CRB1,-0.019622074
HDAC9,CRB1,-0.024508443
LRPAP1,CRB1,-0.004725273
REEP2,CRB1,-0.008236465
MICA,CRB1,-0.092933394
CASP1,CRB1,-0.04402565
GARNL3,CRB1,-0.03718241
ZNF418,CRB1,-0.010863536
MICAL1,CRB1,-0.0047667064
AP003071.5,CRB1,-0.0059963646
TLE1,CRB1,-0.013013666
HOXA2,CRB1,-0.0064539365
BARX2,CRB1,-0.0056514954
MCRIP2,CRB1,-0.02310332
TTC9,CRB1,-0.015792733
C18orf25,CRB1,-0.0054764342
ADGRL3,CRB1,-0.01641011
PRSS36,CRB1,-0.016976614
HSPB1,CRB1,-0.02013438
SLC24A2,CRB1,-0.016522998
MAD1L1,CRB1,-0.009268736
AIRE,CRB1,-0.013744437
PEG10,CRB1,-0.032841016
ALG5,CRB1,-0.00097331085
NDUFA1,CRB1,-0.0019376876
PLEKHH2,CRB1,-0.0094547765
GABARAPL1,CRB1,-0.014183855
IL15RA,CRB1,-0.008214819
MAG,CRB1,-0.011903401
ZNF280A,CRB1,-0.0085004335
LRAT,CRB1,-0.031158486
POU2AF1,CRB1,-0.025057284
SRRM4,CRB1,-0.017420404
ASCC1,CRB1,-0.0054123458
TRIM4,CRB1,-0.008369437
ZNF257,CRB1,-0.023124112
CAPS2,CRB1,-0.020227654
ANKLE1,CRB1,-0.012353044
NMNAT2,CRB1,-0.0051482497
ATCAY,CRB1,-0.0100233555
CCDC178,CRB1,-0.009003989
CHST6,CRB1,-0.0056645195
SOX10,CRB1,-0.012066589
FBXO2,CRB1,-0.018916974
PPME1,CRB1,-0.025551692
ROBO1,CRB1,-0.0048308363
SNX31,CRB1,-0.010926
MT-ND3,CRB1,-0.008962848
IGFL4,CRB1,-0.006990204
ANKRD65,CRB1,-0.07078098
RAB13,CRB1,-0.01594627
PPM1B,CRB1,-0.019429717
FAM181B,CRB1,-0.01186908
AC139491.7,CRB1,-0.012400811
TTYH1,CRB1,-0.005709068
BEX1,CRB1,-0.013982365
SVEP1,CRB1,-0.0034419033
NAA40,CRB1,-0.011223169
ANO9,CRB1,-0.011351533
SLC41A3,CRB1,-0.012782739
SOSTDC1,CRB1,-0.0076921275
EPB41L3,CRB1,-0.033139914
OR4D9,CRB1,-0.021192553
UBE2E3,CRB1,-0.031377066
G6PD,CRB1,-0.006813345
RSPO3,CRB1,-0.014698932
DNAJA4,CRB1,-0.0151328035
UGT8,CRB1,-0.019113803
HSP90B1,CRB1,-0.055689976
PPP2R3B,CRB1,-0.020193884
LIME1,CRB1,-0.021329498
TTLL7,CRB1,-0.018827053
ZNF667,CRB1,-0.008294161
ZSCAN4,CRB1,-0.0068627545
ESRRA,CRB1,-0.017923921
PDXP,CRB1,-0.0056446884
CRB2,CRB1,-0.009511998
KRT23,CRB1,-0.0079760095
TNFRSF10A,CRB1,-0.049987156
GPR15,CRB1,-0.00832742
WDR1,CRB1,-0.0043192664
CCN1,CRB1,-0.004873451
ESPNL,CRB1,-0.018886872
ADH1A,CRB1,-0.0094627375
MAD2L2,CRB1,-0.01814862
ZNF577,CRB1,-0.025284043
ANGPT2,CRB1,-0.0125314025
TCEA3,CRB1,-0.0071814335
HRNR,CRB1,-0.013067819
SUN3,CRB1,-0.022234665
RTKN,CRB1,-0.009020945
DNAJC22,CRB1,-0.006907041
HES6,CRB1,-0.016705522
RRAGD,CRB1,-0.021875575
TSPYL5,CRB1,-0.037722185
CR2,CRB1,-0.005962853
CTSV,CRB1,-0.008801228
GATAD2A,CRB1,-0.03154782
C12orf45,CRB1,-0.035765428
OR9Q1,CRB1,-0.014532314
AK7,CRB1,-0.0138933305
TSACC,CRB1,-0.100709505
TMIE,CRB1,-0.018317603
CREBZF,CRB1,-0.008531665
TBRG1,CRB1,-0.002730987
ABHD10,CRB1,-0.018012866
FAM133B,CRB1,-0.015530873
ZNF649,CRB1,-0.009442857
ERLIN1,CRB1,-0.012834748
RTP1,CRB1,-0.011660961
FSTL5,CRB1,-0.013458569
CEBPZOS,CRB1,-0.008855081
FNDC10,CRB1,-0.014373174
RCE1,CRB1,-0.04868519
PSD4,CRB1,-0.0020209444
FAM153A,CRB1,-0.06575334
CAND2,CRB1,-0.10260989
MYCBP2,CRB1,-0.019405171
USP2,CRB1,-0.013253049
OR6N1,CRB1,-0.016516749
TRAK1,CRB1,-0.0072241756
ONECUT2,CRB1,-0.02964186
SRSF3,CRB1,-0.08781121
GNA13,CRB1,-0.011658101
HOXA11,CRB1,-0.003872045
PPP1R18,CRB1,-0.023738217
CTPS2,CRB1,-0.009461124
RCCD1,CRB1,-0.015683332
ISL2,CRB1,-0.017773436
LDHB,CRB1,-0.010481687
KCNA1,CRB1,-0.04260011
KCNQ2,CRB1,-0.02720993
RGS10,CRB1,-0.01572675
LGALS7,CRB1,-0.01669811
PIWIL2,CRB1,-0.0067140874
ETV4,CRB1,-0.004517901
LGALS3BP,CRB1,-0.012010408
SLC27A5,CRB1,-0.014929227
B3GNT4,DNAH10,-0.012834082
PRRT4,DNAH10,-0.012228225
MAN2A1,DNAH10,-0.00869163
TMOD2,DNAH10,-0.021937383
IL23A,DNAH10,-0.003442323
KRTAP10-5,DNAH10,-0.011986835
CLDN16,DNAH10,-0.0040104897
NXPH4,DNAH10,-0.003646453
NUDCD1,DNAH10,-0.0054734536
RAB40A,DNAH10,-0.04827394
ATP5MC3,DNAH10,-0.010212945
H2BC12,DNAH10,-0.0012537923
IGIP,DNAH10,-0.03340311
SARS2,DNAH10,-0.0075210407
DIPK2A,DNAH10,-0.002495219
SIK1B,DNAH10,-0.013541439
IL12RB2,DNAH10,-0.023339463
FPR3,DNAH10,-0.014454314
ATM,DNAH10,-0.009382774
MBOAT2,DNAH10,-0.0074363565
WNT4,DNAH10,-0.011817326
ASB11,DNAH10,-0.010182302
SOX7,DNAH10,-0.010782088
DNAJB13,DNAH10,-0.028146714
ADORA1,DNAH10,-0.032875936
TMEM178A,DNAH10,-0.02631859
BMP5,DNAH10,-0.017785741
KLHDC7B,DNAH10,-0.0032754275
RAB40B,DNAH10,-0.005304776
ZC3H12A,DNAH10,-0.014116172
MAP1A,DNAH10,-0.01564049
MAP2K7,DNAH10,-0.048088178
DYSF,DNAH10,-0.028211087
LLGL2,DNAH10,-0.009646043
KCNN1,DNAH10,-0.022553189
MAP2K5,DNAH10,-0.014187703
PCDHGC3,DNAH10,-0.01602954
TEX9,DNAH10,-0.029066855
CLDN5,DNAH10,-0.0031792035
GLDC,DNAH10,-0.036292356
ZHX2,DNAH10,-0.012425975
SLAIN2,DNAH10,-0.022275962
PSIP1,DNAH10,-0.0029230586
IFT20,DNAH10,-0.0042503783
CCDC153,DNAH10,-0.023746531
LCE5A,DNAH10,-0.017324515
PRODH,DNAH10,-0.027621105
PTGS1,DNAH10,-0.017012853
ILF2,DNAH10,-0.0662551
UBE3D,DNAH10,-0.021677746
BCL2L14,DNAH10,-0.02167699
SLC6A15,DNAH10,-0.0061260983
HMCN2,DNAH10,-0.0048727887
SRC,DNAH10,-0.002435639
PIGU,DNAH10,-0.009607951
C5orf24,DNAH10,-0.008725035
SNX15,DNAH10,-0.026099235
EFNB2,DNAH10,-0.04830126
ZNF227,DNAH10,-0.02341474
LYRM7,DNAH10,-0.0304087
SLC6A9,DNAH10,-0.007980838
TOX2,DNAH10,-0.013956339
OLAH,DNAH10,-0.008593563
STEAP1B,DNAH10,-0.03280417
TIGD1,DNAH10,-0.009490233
KLC3,DNAH10,-0.008413132
LAMP3,DNAH10,-0.03674313
RAP2A,DNAH10,-0.015712144
ERICH3,DNAH10,-0.14601628
DUSP6,DNAH10,-0.0073212804
SCNN1D,DNAH10,-0.020624299
RDH12,DNAH10,-0.026824355
ARL10,DNAH10,-0.015448169
IRF7,DNAH10,-0.10289582
TMEM41B,DNAH10,-0.018578436
KCNIP3,DNAH10,-0.0056016673
JADE2,DNAH10,-0.030844018
MTCH1,DNAH10,-0.010832641
HNF4G,DNAH10,-0.014596698
TRIM17,DNAH10,-0.0060734884
IKZF3,DNAH10,-0.013864894
PDE6D,DNAH10,-0.007594936
PADI1,DNAH10,-0.049551405
RNF227,DNAH10,-0.031185966
PLCD4,DNAH10,-0.014283805
STOML3,DNAH10,-0.00960366
TM9SF4,DNAH10,-0.039300427
TMEM132C,DNAH10,-0.041773602
SMARCD3,DNAH10,-0.097015195
GAS6,DNAH10,-0.01751512
EIF4H,DNAH10,-0.047923863
PAGE1,DNAH10,-0.0028650486
FBXO27,DNAH10,-0.041794628
IL11,DNAH10,-0.020164603
RECQL4,DNAH10,-0.036118187
DGCR6,DNAH10,-0.012793929
IL11RA,DNAH10,-0.036512703
PRND,DNAH10,-0.012915357
EXOG,DNAH10,-0.010373397
SMIM13,DNAH10,-0.006385074
HOOK1,DNAH10,-0.0051715854
PLEK,DNAH10,-0.01754397
FMNL1,DNAH10,-0.0064551877
CCBE1,DNAH10,-0.023120685
HECTD2,DNAH10,-0.018052416
OSCP1,DNAH10,-0.014916072
TMEM243,DNAH10,-0.021971097
PLSCR4,DNAH10,-0.0119432295
PKDREJ,DNAH10,-0.012131142
CCND1,DNAH10,-0.00938895
AP3S1,DNAH10,0.00042384487
HMGN5,DNAH10,-0.017264135
TTLL1,DNAH10,-0.009111228
ABCA12,DNAH10,-0.024336154
CTAGE4,DNAH10,-0.01030055
PDZD2,DNAH10,-0.014810326
ADCY2,DNAH10,-0.014217463
KCNAB3,DNAH10,-0.0125629185
TGFBR3L,DNAH10,-0.033455655
ZNF473,DNAH10,-0.014317192
MMRN1,DNAH10,-0.0065688146
SYT7,DNAH10,-0.010386793
SLC45A4,DNAH10,-0.02200711
SHISA8,DNAH10,-0.022273535
ZNF649,DNAH10,-0.008729096
PID1,DNAH10,-0.008039948
EIF2D,DNAH10,-0.009641758
ST14,DNAH10,-0.07521134
MRPL39,DNAH10,-0.049438592
TRAPPC2L,DNAH10,-0.042635024
SPART,DNAH10,-0.02345539
ELK4,DNAH10,-0.012275706
PTS,DNAH10,-0.04550497
KRT85,DNAH10,-0.014130113
HIBADH,DNAH10,-0.010894021
MDH1B,DNAH10,-0.01793916
OPRK1,DNAH10,-0.02172575
MATN2,DNAH10,-0.043915357
LAMC2,DNAH10,-0.017598078
HSF1,DNAH10,-0.021890504
NAT10,DNAH10,-0.03362039
ANPEP,DNAH10,-0.0043432578
RNLS,DNAH10,-0.027718054
FOXI3,DNAH10,-0.02419407
RPS11,DNAH10,-0.076002695
BTBD16,DNAH10,-0.015175489
FBXL22,DNAH10,-0.018262835
ILDR1,DNAH10,-0.02480748
C1orf159,DNAH10,-0.013285517
CLVS2,DNAH10,-0.043679174
HDAC6,DNAH10,-0.02411813
SLC23A3,DNAH10,-0.018895004
GPSM1,DNAH10,-0.028355613
TREML2,DNAH10,-0.008758225
JRK,DNAH10,-0.0034648108
LSR,DNAH10,-0.019919543
NEURL1B,DNAH10,-0.018942013
PHGDH,DNAH10,-0.040509585
ASF1A,DNAH10,-0.016214876
PRORP,DNAH10,-0.011848029
UNC5CL,DNAH10,-0.017862717
PLXNA2,DNAH10,-0.014397208
TEP1,DNAH10,-0.005693842
SCYGR4,DNAH10,-0.007853293
MGAT5,DNAH10,-0.02160429
SINHCAF,DNAH10,-0.00760831
SLCO6A1,DNAH10,-0.01259587
RHBG,DNAH10,-0.01457428
TAS2R5,DNAH10,-0.016995443
JDP2,DNAH10,-0.009535072
LYPD6B,DNAH10,-0.017236304
FASLG,DNAH10,-0.0064769695
SLC35E4,DNAH10,-0.0050636255
ZFAND2B,DNAH10,-0.058092568
C16orf87,DNAH10,-0.028334597
C6orf136,DNAH10,-0.054794934
MARCHF9,DNAH10,-0.0058496404
SLC6A11,DNAH10,-0.06251392
MAGEC3,DNAH10,-0.052376702
SFXN2,DNAH10,-0.010398717
SERPINB13,DNAH10,-0.02244288
ZIK1,DNAH10,-0.017650051
TCEAL9,DNAH10,-0.027437398
TINAGL1,DNAH10,-0.011641694
HSD3B7,DNAH10,-0.008218915
RPL18,DNAH10,-0.022068284
BDKRB2,DNAH10,-0.028277835
MORN5,DNAH10,-0.013984222
ITGB4,DNAH10,-0.0074539236
ZNF43,DNAH10,-0.005442902
ZNF33B,DNAH10,-0.0021841223
ADAMTS5,DNAH10,-0.011970802
PLAC8,DNAH10,-0.0047505777
CBLN2,DNAH10,-0.020825125
PHLDB3,DNAH10,-0.028880633
AXDND1,DNAH10,-0.055030987
RHOV,DNAH10,-0.011091931
SERPINB3,DNAH10,-0.010551486
CRNN,DNAH10,-0.01560712
C6orf141,DNAH10,-0.011378242
CPNE8,DNAH10,-0.013935743
AQP6,DNAH10,-0.022104446
SMPD2,DNAH10,-0.009609899
ELAVL3,DNAH10,-0.02866035
NIPAL4,DNAH10,-0.008559409
ARHGEF3,DNAH10,-0.013903286
TRIL,DNAH10,-0.013905155
ARL5A,DNAH10,-0.0067745983
FCGR3A,DNAH10,-0.010319161
NOX5,DNAH10,-0.009581908
ATAD2,DNAH10,-0.016776055
ZP3,DNAH10,-0.009233427
MROH1,DNAH10,-0.025086131
ATP2C2,DNAH10,-0.015211301
LRP10,DNAH10,-0.050365437
RPLP0,DNAH10,-0.013782085
STARD13,DNAH10,-0.029378342
DUS4L-BCAP29,DNAH10,-0.010066128
TGFB1,DNAH10,-0.017152715
DLGAP2,DNAH10,-0.015189227
KIAA1522,DNAH10,-0.0106547065
CTTN,DNAH10,-0.0093830135
MOB3C,DNAH10,-0.016127517
PCLO,DNAH10,-0.008339016
KCNJ16,DNAH10,-0.019255867
BCS1L,DNAH10,-0.049966563
HPGDS,DNAH10,-0.019554777
AFMID,DNAH10,-0.013919892
NR1I3,DNAH10,-0.018886298
MTMR7,DNAH10,-0.013435974
OXR1,DNAH10,-0.016926615
BMPR1B,DNAH10,-0.023365563
DLL4,DNAH10,-0.009692477
CCL8,DNAH10,-0.009088453
MOK,DNAH10,-0.006642417
BTN3A1,DNAH10,-0.016038463
TMEM38A,DNAH10,-0.011182716
TNNT2,DNAH10,-0.034329087
GPR160,DNAH10,-0.036906384
ARL5C,DNAH10,-0.017664976
CLDN8,DNAH10,-0.007606827
ACOT7,DNAH10,-0.011490332
HLA-A,DNAH10,-0.02979743
ZNF350,DNAH10,-0.016174741
ASS1,DNAH10,-0.13712096
SH3BGR,DNAH10,-0.01623997
PAX9,DNAH10,-0.03866402
HYPK,DOCK10,-0.014420312
TSNAX,DOCK10,-0.02122925
EFNA1,DOCK10,-0.024244703
VASH1,DOCK10,-0.0042408025
FBXL16,DOCK10,-0.010812155
ASPG,DOCK10,-0.016475877
IGFALS,DOCK10,-0.0027763052
POLR2J,DOCK10,-0.017806236
ZXDB,DOCK10,-0.0075840754
ARHGEF33,DOCK10,-0.009690764
LDOC1,DOCK10,-0.0012678909
MAPKAPK3,DOCK10,-0.05812431
CHAD,DOCK10,-0.030786047
SLC28A3,DOCK10,-0.060534734
VLDLR,DOCK10,-0.11227377
PRKAR2B,DOCK10,-0.012316619
CDRT15,DOCK10,-0.0051623266
SLC29A4,DOCK10,-0.008524063
SLFN11,DOCK10,-0.025121348
DSC1,DOCK10,-0.02331569
L3MBTL1,DOCK10,-0.022439709
CDH16,DOCK10,-0.008285269
NCEH1,DOCK10,-0.029694978
MAP7D1,DOCK10,-0.002162124
ZFP2,DOCK10,-0.017610755
KCNIP2,DOCK10,-0.05733959
DEGS2,DOCK10,-0.03466303
RPS19,DOCK10,-0.0119543625
GLB1L2,DOCK10,-0.017639594
ENPP2,DOCK10,-0.039025307
GNG4,DOCK10,-0.016236208
OSM,DOCK10,-0.023510313
B3GNT8,DOCK10,-0.039641034
BARX2,DOCK10,-0.03167409
MVD,DOCK10,-0.009202308
VWDE,DOCK10,-0.0019946957
HERC3,DOCK10,-0.017227676
SGSM2,DOCK10,-0.07695339
ZNF354A,DOCK10,-0.017235372
TCIRG1,DOCK10,-0.044572875
SOCS2,DOCK10,-0.19666904
TMEM230,DOCK10,-0.0668986
TCTEX1D4,DOCK10,-0.0024447727
SAMD4A,DOCK10,-0.007368983
CHPF,DOCK10,-0.007713266
OSR2,DOCK10,-0.026019387
DOCK2,DOCK10,-0.013353924
C11orf1,DOCK10,-0.025317783
MAMDC2,DOCK10,-0.008178114
FOXN1,DOCK10,-0.09276623
S100A14,DOCK10,-0.011793224
ACY1,DOCK10,-0.013442073
DMRTA1,DOCK10,-0.013007258
GMPPA,DOCK10,-0.012227833
ZNF878,DOCK10,-0.009151644
DYNLRB2,DOCK10,-0.009425235
DOCK8,DOCK10,-0.009992527
FGF2,DOCK10,-0.0031389303
MGAT3,DOCK10,-0.001553491
PCCB,DOCK10,-0.026699323
HIPK3,DOCK10,-0.08049749
SLITRK5,DOCK10,-0.20629272
SLC16A1,DOCK10,-0.02157171
ARMC8,DOCK10,-0.0566774
POLG,DOCK10,-0.031842597
MMP24OS,DOCK10,-0.16017492
CALCRL,DOCK10,-0.0065869438
PECR,DOCK10,-0.007482184
CST4,DOCK10,-0.011040591
ARMC9,DOCK10,-0.015130197
PCDHA9,DOCK10,-0.0069785677
TTC32,DOCK10,-0.015299477
CRTAP,DOCK10,-0.023697395
H2BC5,DOCK10,-0.013768701
SERPINB12,DOCK10,-0.01408857
VPS18,DOCK10,-0.03426274
SPDYE4,DOCK10,-0.005816304
IQCN,DOCK10,-0.025441855
FOXA3,DOCK10,-0.021453591
SLC34A3,DOCK10,-0.028187102
PSMD1,DOCK10,-0.020975392
SLA,DOCK10,-0.006498072
NPAS3,DOCK10,-0.06980006
LCE3E,DOCK10,-0.059506994
NXPE4,DOCK10,-0.04105365
ALDH5A1,DOCK10,-0.01014478
MPI,DOCK10,-0.0359204
KRT81,DOCK10,-0.025516523
SIK1B,DOCK10,-0.023056408
KIF26A,DOCK10,-0.009903855
FAM107A,DOCK10,-0.023689894
TRIM72,DOCK10,-0.015489782
ARHGAP44,DOCK10,-0.017340928
SYNM,DOCK10,-0.021969901
ZBTB32,DOCK10,-0.08486725
TRIM71,DOCK10,-0.012476208
USP44,DOCK10,-0.0128283035
LYSMD4,DOCK10,-0.020606868
MAT1A,DOCK10,-0.006925367
PLA2G4B,DOCK10,-0.023900276
AC068946.1,DOCK10,-0.014224044
MAFF,DOCK10,-0.0105818305
RAP1B,DOCK10,-0.020331603
ARHGAP5,DOCK10,-0.009338784
COP1,DOCK10,-0.011401841
IL31RA,DOCK10,-0.06118754
CAPN9,DOCK10,-0.004276427
HSPA1B,DOCK10,-0.0113232145
CYP26C1,DOCK10,-0.011533933
TAS2R13,DOCK10,-0.019672003
GIP,DOCK10,-0.047999877
GALNT11,DOCK10,-0.01625312
KRT36,DOCK10,-0.019945314
TRIM74,DOCK10,-0.03172634
PCDHB6,DOCK10,-0.0119755585
PDE3B,DOCK10,-0.027435277
MKX,DOCK10,-0.010166519
HOOK2,DOCK10,-0.12500837
NPC1L1,DOCK10,-0.020057922
MNAT1,DOCK10,-0.0059208404
RAPGEF5,DOCK10,-0.0010389992
ELP4,DOCK10,-0.007634809
HPS3,DOCK10,-0.04128055
PCDHB7,DOCK10,-0.010049848
DYRK4,DOCK10,-0.013286897
DNER,DOCK10,-0.009738869
LBHD1,DOCK10,-0.056796078
ASB9,DOCK10,-0.02259306
SLC7A8,DOCK10,-0.0062719956
ALOX15,DOCK10,-0.010819434
GRIK2,DOCK10,-0.0053129056
ST8SIA1,DOCK10,-0.004914008
AFF2,DOCK10,-0.0055476194
UBA6,DOCK10,-0.12519574
RFX2,DOCK10,-0.0047884337
ID4,DOCK10,-0.0121147055
PLA2R1,DOCK10,-0.0312872
C19orf54,DOCK10,-0.008098573
GTDC1,DOCK10,-0.004093104
CD72,DOCK10,-0.006015118
CENPC,DOCK10,-0.011470321
FTH1,DOCK10,-0.012064237
ZFP92,DOCK10,-0.0012445091
TMEM104,DOCK10,-0.010734474
RASGRP4,DOCK10,-0.017784255
ERP27,DOCK10,-0.014574809
ANO9,DOCK10,-0.018078052
RAB9A,DOCK10,-0.0084190415
HS3ST2,DOCK10,-0.0066859405
DEGS1,DOCK10,-0.019230742
AUTS2,DOCK10,-0.027048208
CDAN1,DOCK10,-0.01944444
CEP295NL,DOCK10,-0.004175613
SYT3,DOCK10,-0.0027826016
STAC2,DOCK10,-0.015223391
FAM162B,DOCK10,-0.028170958
CP,DOCK10,-0.01014581
CCL2,DOCK10,-0.018563697
ETV4,DOCK10,-0.01626555
CHMP5,DOCK10,-0.022512646
UBAC1,DOCK10,-0.009737482
SPEM3,DOCK10,-0.023408322
ZNF524,DOCK10,-0.009385824
GABRG2,DOCK10,-0.062180337
THEM6,DOCK10,-0.0175199
AATK,DOCK10,-0.028650647
ASPA,DOCK10,-0.063413054
CLDN6,DOCK10,-0.00962513
TRMT10C,DOCK10,-0.027770607
SLC5A12,DOCK10,-0.023964003
EREG,DOCK10,-0.062450085
SERPINB11,DOCK10,-0.03623548
NADSYN1,DOCK10,-0.015997065
DRD1,DOCK10,-0.028916245
NEURL1,DOCK10,-0.013650033
DOK4,DOCK10,-0.0123636685
CST8,DOCK10,-0.04439536
S100A10,DOCK10,-0.012173203
TBC1D15,DOCK10,-0.022081487
CGREF1,DOCK10,-0.013909528
COBLL1,DOCK10,-0.010018256
ONECUT3,DOCK10,-0.036494583
MSI2,DOCK10,-0.014558679
INCA1,DOCK10,-0.033908095
AC006254.1,DOCK10,-0.06822692
HAS2,DOCK10,-0.018120697
CCL13,DOCK10,-0.0300233
TOGARAM1,DOCK10,-0.0019229763
GPRASP2,DOCK10,-0.010660489
ZNF93,DOCK10,-0.011368535
POLR1F,DOCK10,-0.011335377
CNTNAP3,DOCK10,-0.0056143436
PANX1,DOCK10,-0.015473375
BECN2,DOCK10,-0.015527878
GLIS1,DOCK10,-0.01081462
AC119396.1,DOCK10,-0.072352104
HDLBP,DOCK10,-0.009049269
KCNA3,DOCK10,-0.013792554
USP40,DOCK10,-0.03402783
UGT1A4,DOCK10,-0.0042143017
ZCWPW1,DOCK10,-0.01703182
EGFL6,DOCK10,-0.016705858
LY6G6C,DOCK10,-0.023130242
TMC6,DOCK10,-0.058393583
COL6A6,DOCK10,-0.006763284
GPAT2,DOCK10,-0.029248433
LRIF1,DOCK10,-0.01457574
ZNF846,DOCK10,-0.010268875
MROH2A,DOCK10,-0.013345011
ARRB2,DOCK10,-0.027288433
IGSF10,DOCK10,-0.022061713
SPAG4,DOCK10,-0.043435484
PIWIL1,DOCK10,-0.018351967
PTGS2,DOCK10,-0.008214587
SLC38A4,DOCK10,-0.01531634
PLBD2,DOCK10,-0.011234565
PDK1,DOCK10,-0.032834325
SOWAHB,DPP10,-0.00917733
TIMM50,DPP10,-0.0031392998
ITGB7,DPP10,-0.019099277
DMTN,DPP10,-0.008472824
HOXD11,DPP10,-0.011184416
MPO,DPP10,-0.008084691
KCND3,DPP10,-0.0052670953
ATP11A,DPP10,-0.06295512
MATR3,DPP10,-0.0034090872
S100A11,DPP10,1.9775829e-05
FHL1,DPP10,-0.012441013
SGK1,DPP10,-0.017293988
CCDC187,DPP10,-0.14725742
DCHS2,DPP10,-0.013424907
NPBWR1,DPP10,-0.0069452566
C19orf73,DPP10,-0.009193526
AKIRIN2,DPP10,-0.010754678
PSMA7,DPP10,-0.0008836253
C5orf49,DPP10,-0.00051545457
HSD17B1,DPP10,-0.16874558
ZWILCH,DPP10,-0.009855505
C17orf97,DPP10,-0.02311757
IBTK,DPP10,-0.010579652
MED16,DPP10,-0.012173091
DFFB,DPP10,-0.005531884
MALRD1,DPP10,-0.027860647
VAV2,DPP10,-0.027411003
ASH2L,DPP10,-0.008051366
SIGLEC14,DPP10,-0.055954684
UPK1A,DPP10,-0.009658871
CPLANE2,DPP10,-0.019041501
RNF19A,DPP10,-0.01889415
CEP112,DPP10,-0.026019579
SMOC2,DPP10,-0.02696286
CALCR,DPP10,-0.013000069
SMTNL1,DPP10,-0.07244018
LCN2,DPP10,-0.01825413
JAZF1,DPP10,-0.02365539
PLA2G4F,DPP10,-0.011797826
ZNF347,DPP10,-0.026568739
ARL4D,DPP10,-0.030942492
SPATA4,DPP10,-0.044088613
CD164,DPP10,-0.009792766
KCNH5,DPP10,-0.013810707
RBL1,DPP10,-0.014271177
SPDL1,DPP10,-0.0122083705
BTNL3,DPP10,-0.03118722
RTN4IP1,DPP10,-0.0064297304
SIPA1L3,DPP10,-0.020518694
RGPD1,DPP10,-0.017353993
MT1H,DPP10,-0.037846763
MAPK4,DPP10,-0.006629471
IFT88,DPP10,-0.012553377
UEVLD,DPP10,-0.035794064
STX1B,DPP10,-0.022556795
ERFE,DPP10,-0.007255004
ATXN10,DPP10,-0.02591081
AC010132.3,DPP10,-0.0066146133
CNKSR2,DPP10,-0.007905003
OSBP2,DPP10,-0.018347064
PRKCA,DPP10,-0.020862922
NUP93,DPP10,-0.004875865
NDUFA4L2,DPP10,-0.012396602
MUC16,DPP10,-0.06674254
KRT71,DPP10,-0.0023871195
TGFBR1,DPP10,-0.013765185
NUP210,DPP10,-0.022468196
CCDC177,DPP10,-0.011575884
FNDC10,DPP10,-0.014836749
MCF2L,DPP10,-0.012165628
PREP,DPP10,-0.004689649
HRK,DPP10,-0.18136469
TKT,DPP10,-0.011370519
GCLC,DPP10,-0.039988987
FAAP24,DPP10,-0.00893681
LCT,DPP10,-0.009241251
DNAH7,DPP10,-0.03559753
KLHL34,DPP10,-0.015340015
OTX2,DPP10,-0.008410567
KCTD8,DPP10,-0.01009603
BASP1,DPP10,-0.006606404
HBA2,DPP10,-0.27144712
UBE3D,DPP10,-0.032536145
EPOP,DPP10,-0.030613674
LOXL1,DPP10,-0.015597759
ACADSB,DPP10,-0.015988128
SERPINB5,DPP10,-0.017697725
HERC1,DPP10,-0.012356461
NIF3L1,DPP10,-0.0019480927
TUBB2A,DPP10,-0.023958517
CHADL,DPP10,-0.055164404
TSPOAP1,DPP10,-0.013624394
STEAP2,DPP10,-0.0072636865
BMPR1B,DPP10,-0.008801998
C1QTNF12,DPP10,-0.010375931
HSPB9,DPP10,-0.028907344
FOXQ1,DPP10,-0.008932186
CDH12,DPP10,-0.01312801
PRRX2,DPP10,-0.035835113
HOXA2,DPP10,-0.0049597872
FBXO2,DPP10,-0.01242809
CLIP3,DPP10,-0.022164011
DNAAF4,DPP10,-0.042469185
KRT31,DPP10,-0.022601392
RNF128,DPP10,-0.042332947
LRRC73,DPP10,-0.07170639
HSPA12A,DPP10,-0.014871223
GTF2H2,DPP10,-0.0074860705
IMP4,DPP10,-0.014032885
CFAP74,DPP10,-0.024527036
FGF17,DPP10,-0.029946277
TDRD1,DPP10,-0.00740372
FBXO43,DPP10,-0.023906417
SEMA6A,DPP10,-0.014703856
DAB1,DPP10,-0.018265996
MMP12,DPP10,-0.01297542
AQP11,DPP10,-0.02308471
TOP3B,DPP10,-0.017122999
CNGB3,DPP10,-0.009944463
ZNF444,DPP10,-0.0027108365
NECTIN3,DPP10,-0.011082209
ZFHX4,DPP10,-0.009306714
CAP1,DPP10,-0.006736761
SPTBN1,DPP10,-0.018808668
HTRA4,DPP10,-0.00832025
MAN1A2,DPP10,-0.0065428
NPIPB8,DPP10,-0.0064630797
ANKRD9,DPP10,-0.013478318
TMEM63C,DPP10,-0.025122592
ERO1A,DPP10,-0.011965745
LRPAP1,DPP10,-0.00024286254
RP1L1,DPP10,-0.006773418
SLC4A1,DPP10,-0.07772015
ADGRD1,DPP10,-0.028154809
ADARB2,DPP10,-0.017742863
LURAP1L,DPP10,-0.03598379
KCNIP4,DPP10,-0.00852311
ANXA8,DPP10,-0.033334296
HOXA1,DPP10,-0.014189405
STX16,DPP10,-0.023095056
ANKRD10,DPP10,-0.030840328
AP1M2,DPP10,-0.0156244
PNMA6E,DPP10,-0.005969607
SYT13,DPP10,-0.02595198
RAB3D,DPP10,-0.020987563
ATP5MC1,DPP10,-0.002065022
MT1G,DPP10,-0.055068467
DMAP1,DPP10,-0.022803208
RCHY1,DPP10,-0.01703208
AMY2B,DPP10,-0.010314497
BHLHA15,DPP10,-0.0051190564
SLC28A3,DPP10,-0.02117114
PEPD,DPP10,-0.020144986
FAM177A1,DPP10,-0.011501233
AVPI1,DPP10,-0.025260799
PLSCR1,DPP10,-0.0053881835
CARS2,DPP10,-0.032554608
KRT77,DPP10,-0.017691411
AZU1,DPP10,-0.0086568715
C2CD4C,DPP10,-0.048812147
TOMM20,DPP10,-0.033877656
RANGRF,DPP10,-0.020616269
ARHGAP30,DPP10,-0.01610022
FAM90A1,DPP10,-0.011918102
CBSL,DPP10,-0.0155752385
RASA4,DPP10,-0.013756523
TSPAN33,DPP10,-0.0109260585
HTR3B,DPP10,-0.010927559
B3GNT8,DPP10,-0.018875377
CCDC192,DPP10,-0.009718437
VWA2,DPP10,-0.010384675
ZNF565,DPP10,-0.011320631
PRSS8,DPP10,-0.014896702
MYH11,DPP10,-0.016950987
UPK3B,DPP10,-0.027590428
KLHL29,DPP10,-0.007935772
TTC38,DPP10,-0.018856686
CYP2E1,DPP10,-0.068787314
SOX1,DPP10,-0.008964573
MRPS17,DPP10,-0.02958901
LDAH,DPP10,-0.020290468
C11orf97,DPP10,-0.012674408
ZNF705E,DPP10,-0.0128174
UCHL1,DPP10,-0.014432867
IL2RA,DPP10,-0.024965467
TBX18,DPP10,-0.05875084
TCTE1,DPP10,-0.019991096
HIVEP3,DPP10,-0.003734106
TMIE,DPP10,-0.23666456
OXER1,DPP10,-0.008458901
MYT1L,DPP10,-0.010027345
PLA2R1,DPP10,-0.0007831049
GFUS,DPP10,-0.017310075
CDH24,DPP10,-0.056903798
IRX2,DPP10,-0.020089442
LYRM9,DPP10,-0.007931221
C12orf76,DPP10,-0.00019923683
PTCHD4,DPP10,-0.01331665
SMPD2,DPP10,-0.014698015
DBF4,DPP10,-0.011636696
CPB2,DPP10,-0.012866759
ABCC12,DPP10,-0.057747792
LIM2,DPP10,-0.012819901
PAQR7,DPP10,-0.004923831
CLPSL1,DPP10,-0.014725289
GRIA2,DPP10,-0.009580194
FAM71F2,DPP10,-0.014611961
PAAF1,DPP10,-0.048979625
SASH1,DPP10,-0.00540477
ZNF266,DPP10,-0.025510563
RPUSD1,DPP10,-0.02436623
ZNHIT3,DPP10,-0.0037347532
SLCO4A1,DPP10,-0.012349541
CLDN17,DPP10,-0.016130397
ASB9,DPP10,-0.0275011
CBX2,DPP10,-0.015057421
ESYT1,DPP10,-0.010469194
PRDM11,DPP10,-1.2366228e-06
HENMT1,DPP10,-0.009212487
POF1B,DPP10,-0.027643688
LGR6,DPP10,-0.004324542
C15orf61,DPP10,-0.02271073
INF2,DPP10,-7.867182e-05
GNAL,DPP10,-0.019211536
STBD1,DPP10,-0.028504692
ROBO1,DPP10,-0.018430844
RIMBP2,DPP10,-0.011750185
STAG3,DPP10,-0.0069337226
DNAJC4,DPP10,-0.02806209
AP1G1,DPP10,-0.015583351
SMIM10,DPP10,-0.010188901
POLR3H,DPP10,-0.015771192
TENM2,DPP10,-0.010480512
LDHD,DPP10,-0.0016816366
GGT6,EPHA5,-0.010090898
TKT,EPHA5,-0.0045547076
OR2A12,EPHA5,-0.00947011
SMARCAD1,EPHA5,-0.007388629
AFG3L2,EPHA5,-0.0010711493
CES4A,EPHA5,-0.0025507342
HAS2,EPHA5,-0.002918303
NCBP1,EPHA5,-0.013918127
TMEM168,EPHA5,-0.013857952
ANAPC16,EPHA5,-0.00044683242
ATP13A1,EPHA5,-0.009184621
HLA-DQA2,EPHA5,-0.01149508
RAB26,EPHA5,-0.037816685
CCL22,EPHA5,-0.013953855
XCL2,EPHA5,-0.0055013797
SOX5,EPHA5,-0.016041059
TTC27,EPHA5,-0.009030464
CHURC1,EPHA5,-0.004978896
BFAR,EPHA5,-0.020185865
TYROBP,EPHA5,-0.0036964174
TNFSF15,EPHA5,-0.012983232
OPCML,EPHA5,-0.020179525
TRPV6,EPHA5,-0.018960271
GSTM5,EPHA5,-0.0066589806
LACTBL1,EPHA5,-0.009647979
GATA3,EPHA5,-0.00567094
ARVCF,EPHA5,-0.025542779
MAF,EPHA5,-0.008721269
PASD1,EPHA5,-0.01569569
ARHGAP40,EPHA5,-0.004295403
DBF4,EPHA5,-0.009540938
ZNRF2,EPHA5,-0.021709701
MAGEA12,EPHA5,-0.0057488913
AL627230.1,EPHA5,-0.017733665
MTRES1,EPHA5,-0.012988232
BTG2,EPHA5,-0.03843851
C2orf74,EPHA5,-0.007686061
ARL14EP,EPHA5,-0.008575443
NOL9,EPHA5,-0.016936857
ZNF8,EPHA5,-0.010056627
PIK3IP1,EPHA5,-0.07829929
IRF7,EPHA5,-0.01766137
TICRR,EPHA5,-0.009647822
SLC25A17,EPHA5,-0.015627217
ZNF669,EPHA5,-0.0053902967
MED12,EPHA5,-0.007598055
TRPT1,EPHA5,-0.013251904
CAMK1D,EPHA5,-0.01732788
GAL,EPHA5,-0.043516416
TAF13,EPHA5,-0.069559276
CYP19A1,EPHA5,-0.093600266
MSRA,EPHA5,-0.00902632
H2BC5,EPHA5,-0.0171316
GRHPR,EPHA5,-0.005661364
PLCD4,EPHA5,-0.013122206
TVP23C,EPHA5,-0.012090388
MEIOB,EPHA5,-0.009971073
SIX6,EPHA5,-0.016012017
PPFIA1,EPHA5,-0.013829704
IQGAP3,EPHA5,-0.013065335
ERMARD,EPHA5,-0.041095346
ACSL6,EPHA5,-0.0045123994
RNF208,EPHA5,-0.029018262
CACNB3,EPHA5,-0.0070142364
TXNL4B,EPHA5,-0.022691417
H4-16,EPHA5,-0.012058371
FAM177A1,EPHA5,-0.041018486
TPO,EPHA5,-0.01870828
BCL7B,EPHA5,-0.007883947
PREP,EPHA5,-0.0046707946
STK17B,EPHA5,-0.046556283
FBXL2,EPHA5,-0.008800377
PLXDC2,EPHA5,-0.011851539
ENAH,EPHA5,-0.024263032
OR10H5,EPHA5,-0.028955206
TMPRSS2,EPHA5,-0.06777342
CFL2,EPHA5,-0.012002919
NME2,EPHA5,-0.020228807
LOXL1,EPHA5,-0.02429771
ABCC10,EPHA5,-0.008630774
SOX30,EPHA5,-0.008020808
SS18,EPHA5,-0.014035828
CA13,EPHA5,-0.01388946
APH1A,EPHA5,-0.0062057036
OSBPL11,EPHA5,-0.013045061
CFLAR,EPHA5,-0.06189976
GSTCD,EPHA5,-0.007552859
DAGLA,EPHA5,-0.009728855
C8orf82,EPHA5,-0.014649926
ESPNL,EPHA5,-0.010844266
CTSZ,EPHA5,-0.015540199
LRRC6,EPHA5,-0.0025350077
ADIPOR1,EPHA5,-0.003190757
ZNF556,EPHA5,-0.026961336
NMRAL1,EPHA5,-0.003061862
SHISA2,EPHA5,-0.006709292
KLHL2,EPHA5,-0.0036807444
BBS9,EPHA5,-0.028536502
TRPM2,EPHA5,-0.017484572
PPIA,EPHA5,-0.024516026
USF3,EPHA5,-0.0068796906
BCAR3,EPHA5,-0.013542083
SLC25A33,EPHA5,-0.015090484
PACRGL,EPHA5,-0.021320174
NPIPB2,EPHA5,-0.044689767
MYMK,EPHA5,-0.014416309
DYNC2I1,EPHA5,-0.009274736
GPR156,EPHA5,-0.003056601
TONSL,EPHA5,-0.015632879
TNFSF18,EPHA5,-0.015319642
ITGA2,EPHA5,-0.009709031
CBARP,EPHA5,-0.036798175
IFFO1,EPHA5,-0.031646293
TDP2,EPHA5,-0.011897017
C1QB,EPHA5,-0.0012581131
TRAF4,EPHA5,-0.010050382
ING5,EPHA5,-0.0069366014
AL358113.1,EPHA5,-0.019044288
C17orf99,EPHA5,-0.021858392
KCNJ16,EPHA5,-0.005822163
GRK2,EPHA5,-0.007266919
ZFAND5,EPHA5,-0.050020635
PCLO,EPHA5,-0.01911044
KCNJ3,EPHA5,-0.008850449
SERPINC1,EPHA5,-0.01963045
CATSPER2,EPHA5,-0.03893949
SUSD3,EPHA5,-0.20337132
COTL1,EPHA5,-0.036013644
NPR1,EPHA5,-0.004408038
MMP15,EPHA5,-0.0133336615
CAPRIN2,EPHA5,-0.009173233
CPNE8,EPHA5,-0.02464629
S100A3,EPHA5,-0.012957685
RAB33B,EPHA5,-0.007885773
WSCD1,EPHA5,-0.016303714
PSD2,EPHA5,-0.008131412
UPK1A,EPHA5,-0.010384712
ZNF235,EPHA5,-0.030770117
ZFYVE19,EPHA5,-0.009279806
C1orf54,EPHA5,-0.018494496
TDRD5,EPHA5,-0.032126144
NUDT9,EPHA5,-0.008754625
PCDHGA8,EPHA5,-0.0077684317
TRIM67,EPHA5,-0.0058723395
OR13A1,EPHA5,-0.013523546
PUS1,EPHA5,-0.15406477
PCCB,EPHA5,-0.05338171
C5orf38,EPHA5,-0.0073835985
IFI30,EPHA5,-0.014013605
EPHX3,EPHA5,-0.08292624
USP40,EPHA5,-0.011384858
PSMB10,EPHA5,-0.015176781
TOGARAM2,EPHA5,-0.0053477753
TMEM156,EPHA5,-0.0031000315
LEFTY1,EPHA5,-0.014234139
DTX4,EPHA5,-0.025440672
SMIM10L2A,EPHA5,-0.008843619
MPPED2,EPHA5,-0.03211044
PHOSPHO1,EPHA5,-0.008152415
ARMCX2,EPHA5,-0.009526397
DOP1A,EPHA5,-0.010475348
CCDC179,EPHA5,-0.009789061
UGT1A7,EPHA5,-0.02429767
NUP62CL,EPHA5,-0.011500407
LGALS7B,EPHA5,-0.013257002
UFC1,EPHA5,-0.010912425
C16orf74,EPHA5,-0.009251425
C11orf68,EPHA5,-0.0066442294
EFNA4,EPHA5,-0.020304112
EHF,EPHA5,-0.024568275
CDIP1,EPHA5,-0.010223949
ST6GAL2,EPHA5,-0.030072037
BAG3,EPHA5,-0.003854347
ZBTB34,EPHA5,-0.005774515
CA11,EPHA5,-0.014700148
MOB2,EPHA5,-0.010614621
PITPNC1,EPHA5,-0.045733582
TXNDC9,EPHA5,-0.024640642
CEP135,EPHA5,-0.059962384
CTTN,EPHA5,-0.024708943
DIRAS3,EPHA5,-0.006056307
H3C8,EPHA5,-0.014796725
VPS37A,EPHA5,-0.011094974
CHRM4,EPHA5,-0.01887414
RTN4,EPHA5,-0.015350838
TPK1,EPHA5,-0.012654588
SMPD1,EPHA5,-0.02586939
CD59,EPHA5,-0.027224613
KLHL29,EPHA5,-0.0083257975
PTPRM,EPHA5,-0.004095908
KCNQ4,EPHA5,-0.03987793
STAT3,EPHA5,-0.052042358
POU4F3,EPHA5,-0.016655048
HPGD,EPHA5,-0.007985365
ERG,EPHA5,-0.008697769
KRT39,EPHA5,-0.011529149
CLDN3,EPHA5,-0.023283888
MYC,EPHA5,-0.0037049484
E2F8,EPHA5,-0.019291252
CCNC,EPHA5,-0.0031642353
ZNF497,EPHA5,-0.016640676
IGFBP3,EPHA5,-0.0076190964
ACP3,EPHA5,-0.011358183
SLC26A1,EPHA5,-0.03436338
CCL15,EPHA5,-0.005961125
P2RX7,EPHA5,-0.006117892
CYTH2,EPHA5,-0.040463768
PCDHB14,EPHA5,-0.035731133
ELN,EPHA5,-0.017220559
CARD14,EPHA5,-0.008000149
RAMACL,EPHA5,-0.012310319
IFI16,EPHA5,-0.007665781
GCNT3,EPHA5,-0.0011807992
SAYSD1,EPHA5,-0.014647205
BCL3,EPHA5,-0.019453542
YTHDF3,EPHA5,-0.00010067729
CPA6,EPHA5,-0.014988931
GALNT1,EPHA5,-0.013950222
PAX3,EPHA5,-0.0097826645
CCN6,EPHA5,-0.040385846
SLC7A5,EPHA5,-0.03662844
LYZ,EPHA5,-0.0119610615
MAN2C1,EPHA5,-0.037721857
UGT1A6,EPHA5,-0.084992856
C6orf226,EPHA5,-0.018328456
FNDC5,EPHA5,-0.014378927
EFNB2,EPHA5,-0.05520672
ITPKC,EPHA5,-0.021191189
CREBZF,EPHA5,-0.025966175
ACY3,EPHA5,-0.012412624
NDUFS8,EPHA5,-0.022129225
YBX2,EPHA5,-0.06739958
EHMT1,EPHA5,-0.014826009
ADGRE2,EPHA5,-0.00583079
ATL2,EPHA5,-0.03710221
SV2C,EPHA5,-0.03491545
TRPC6,EPHA5,-0.015987469
CARD18,EPHA5,-0.005934447
KCNJ5,EPHA5,-0.016080806
IFI27,EPHA5,-0.011483378
MYO1D,EPHA5,-0.0092619695
H2BC13,EPHA5,-0.007385868
THYN1,EPHA5,-0.018522892
DENND3,EPHA5,-0.01956331
C12orf73,EPHA5,-0.036827847
TFB1M,EPHA5,-0.0077001792
CLDN11,EPHA5,-0.01167864
ECT2L,EPHA5,-0.020477923
ARHGAP5,EPHA5,-0.0021656037
EIF5A2,EPHA5,-0.015726326
RIPK3,EPHA5,-0.013729579
AOC2,EPHA5,-0.016702244
LSR,EPHA5,-0.02173577
TBX15,EPHA5,-0.003800547
GLYCTK,EPHA5,-0.016423827
MIS18BP1,EPHA5,-0.0049608615
PDCD1LG2,EPHA5,-0.021136092
CBLN2,EPHA5,-0.024959907
MMP8,EPHA5,-0.006059649
ZNF101,EPHA5,-0.003277103
TRIAP1,FAM135B,-0.0034136602
SMARCE1,FAM135B,-0.0015273315
ARV1,FAM135B,-0.004085574
AKR1D1,FAM135B,-0.006691394
C19orf54,FAM135B,0.0016623734
PPP1R9A,FAM135B,-0.00036084687
GCFC2,FAM135B,-0.00073540595
SYTL2,FAM135B,-0.0032196783
FAM168B,FAM135B,0.00054772553
DHRS3,FAM135B,-0.0034290685
GPR89B,FAM135B,-0.008915448
GPR4,FAM135B,-0.0017182789
ARAP3,FAM135B,-0.0019907418
H2AX,FAM135B,-0.011936544
SURF1,FAM135B,0.00023988157
DDB2,FAM135B,-0.0031096342
SFRP4,FAM135B,-0.012514868
PLEK2,FAM135B,-0.008757038
LANCL3,FAM135B,-0.0071728
TMEM116,FAM135B,-0.0018735726
FSTL5,FAM135B,-0.0057239807
EIF2AK1,FAM135B,-0.0054664067
FRMD6,FAM135B,-0.003018204
FAM168A,FAM135B,-0.0006477404
NDUFB2,FAM135B,-0.0006720969
KLF7,FAM135B,-0.014548983
GCA,FAM135B,-0.01131088
RNF31,FAM135B,-0.0026368487
KRT34,FAM135B,-0.00072436035
PLAC1,FAM135B,-0.015706891
PPP2R3C,FAM135B,-0.0020413387
TSHR,FAM135B,-0.012843469
MT-ND1,FAM135B,-0.0007711421
ASCL5,FAM135B,-0.0057603177
ABLIM2,FAM135B,-0.003678978
MT-ND4,FAM135B,-0.00041594272
MN1,FAM135B,-0.0027268315
GJA4,FAM135B,-0.0053953743
PLOD1,FAM135B,-0.0037671062
MAFB,FAM135B,-0.0318196
KHDRBS2,FAM135B,-0.006390161
KLHDC8B,FAM135B,-0.008325175
CA3,FAM135B,-0.0036764364
JMY,FAM135B,-0.004481292
PYGM,FAM135B,-0.00847932
ETS2,FAM135B,-0.008625655
ELOVL3,FAM135B,-0.018303849
TLL1,FAM135B,-0.0020693322
IL37,FAM135B,-0.007667496
PPL,FAM135B,-0.005725478
UBE2C,FAM135B,-0.00023556875
TCEA2,FAM135B,-0.01852209
AMTN,FAM135B,-0.0085742045
C1QL3,FAM135B,-0.0015636804
ARFGEF1,FAM135B,-0.001964357
PDP1,FAM135B,-0.0053329426
GIPR,FAM135B,-0.0063023707
GCGR,FAM135B,-0.0025822907
SYT1,FAM135B,-0.0015052741
TIMM23B-AGAP6,FAM135B,-0.0031386907
TMEM191C,FAM135B,-0.00589819
NCOA7,FAM135B,-0.005600605
ATG10,FAM135B,-0.0019501877
LARGE2,FAM135B,-0.0028422396
FOXI1,FAM135B,-0.0051451875
RGS16,FAM135B,-0.0052289125
ODF2L,FAM135B,-0.037475456
LRRC4B,FAM135B,-0.0089754565
NCAN,FAM135B,-0.0074549806
SFRP5,FAM135B,-0.008880857
RAG1,FAM135B,-0.008689954
RSBN1L,FAM135B,-0.0030008745
XCL1,FAM135B,-0.0038948297
PLAG1,FAM135B,-0.005347148
MMP24,FAM135B,-0.006862368
NT5E,FAM135B,-0.0092761405
GOLGA7B,FAM135B,-0.0062204828
CTRC,FAM135B,-0.004227399
ATP10B,FAM135B,-0.0012176788
POLR2F,FAM135B,-0.008230919
LCA5L,FAM135B,-0.0025612586
ERFL,FAM135B,-0.003289452
WFDC1,FAM135B,-0.0062224283
EPHB1,FAM135B,-0.0035755637
HHLA2,FAM135B,0.0018163279
RPS19BP1,FAM135B,-0.006404755
BAG2,FAM135B,-0.0016711385
EPB42,FAM135B,-0.0012257195
INPP4B,FAM135B,-0.0017998578
ARSJ,FAM135B,-0.0028134158
GBA2,FAM135B,-0.0040984144
LITAF,FAM135B,0.00018723695
NBPF11,FAM135B,0.00018446644
MAPK8IP2,FAM135B,-0.003456735
SH2D4A,FAM135B,-0.0040040417
KRT16,FAM135B,-0.015221618
CTF1,FAM135B,-0.0035182384
ACAT1,FAM135B,-0.005795471
CDH8,FAM135B,-0.0008489917
ITPK1,FAM135B,-0.004667288
CRABP2,FAM135B,-0.0021364288
POF1B,FAM135B,-0.014090221
BRINP3,FAM135B,-0.0010487924
ZNF439,FAM135B,-0.0028174168
GNAT2,FAM135B,-0.0027391387
STATH,FAM135B,-0.003689019
CHRNA9,FAM135B,-0.0042051887
CCDC18,FAM135B,-0.0023789068
QDPR,FAM135B,-0.004399928
GRIFIN,FAM135B,-0.005499204
GAS6,FAM135B,0.00015631435
TINAG,FAM135B,-0.0025234562
KCNK6,FAM135B,-0.026840067
CMTM7,FAM135B,-0.005766148
NFKBIB,FAM135B,-0.0028437935
CATSPER3,FAM135B,-0.0020038546
APLNR,FAM135B,-0.0054119313
TEPP,FAM135B,-0.0045937723
LENG9,FAM135B,-0.005484365
GCNA,FAM135B,-0.0020609866
CARD18,FAM135B,-0.0037709111
AHR,FAM135B,-0.0010061116
BTC,FAM135B,-0.0053915987
VILL,FAM135B,-0.0012344243
C4orf17,FAM135B,-0.0046968935
SLC25A28,FAM135B,-0.002738939
SGCB,FAM135B,0.00046859556
MYO18A,FAM135B,-0.0029314237
NLRP10,FAM135B,-0.012916063
PINX1,FAM135B,-0.0073340954
LRRC29,FAM135B,-0.005993578
CDKL5,FAM135B,-0.013217354
MTA1,FAM135B,-0.0065655033
RPA2,FAM135B,-0.0011725883
CHST4,FAM135B,-0.009265618
SIK1,FAM135B,-0.005035664
HSPA6,FAM135B,-0.0006543891
RBP2,FAM135B,-0.0047921934
TLCD5,FAM135B,-0.00018918628
SCRN3,FAM135B,-0.029881382
GTF2E2,FAM135B,-0.0050977585
CARHSP1,FAM135B,-0.0008123805
GRIK1,FAM135B,-0.003023595
PCDHGA6,FAM135B,-0.0070125265
GSTO2,FAM135B,-0.0028365345
DKK4,FAM135B,-0.0037576547
MRGPRX3,FAM135B,-0.0060464544
CHAC1,FAM135B,-0.006830132
MYO5A,FAM135B,0.0006533873
SNX18,FAM135B,-0.007321982
IFT52,FAM135B,-0.0039787325
ZBED4,FAM135B,-0.00432389
ZBTB46,FAM135B,0.0044998135
RPUSD2,FAM135B,-0.0029574255
LY75,FAM135B,-0.010801995
WASHC3,FAM135B,-0.003646514
GAB1,FAM135B,-0.0018844472
RGS20,FAM135B,-0.0022190425
MSS51,FAM135B,-0.0047041136
ZNF544,FAM135B,-0.020932002
EYA4,FAM135B,-0.0022571369
PSG5,FAM135B,-0.0014466702
ARL9,FAM135B,-0.0056683887
MYL3,FAM135B,-0.005603004
CRYAB,FAM135B,-0.002249765
WNT3A,FAM135B,-0.003294037
TRAF7,FAM135B,-8.7769295e-05
TSPAN1,FAM135B,-0.009511641
TJP3,FAM135B,-0.0027139352
FAM216A,FAM135B,-0.0042207073
GJB2,FAM135B,-0.013046875
CRYBB3,FAM135B,-0.012176835
NR2C2,FAM135B,-0.0036060235
C19orf84,FAM135B,-0.0022990631
TBX1,FAM135B,-0.024483636
GRAMD2A,FAM135B,0.002381206
MS4A10,FAM135B,-0.0015984555
C19orf67,FAM135B,-0.0059581394
HAPLN3,FAM135B,-0.005218166
SLC6A1,FAM135B,-0.032792766
LYPD6B,FAM135B,-0.009365722
TNFSF15,FAM135B,-0.0072781327
TMCO3,FAM135B,-0.0012779881
UTS2,FAM135B,-0.0015616964
ADARB2,FAM135B,-0.0031464626
MOCS2,FAM135B,-0.0018818924
DUOXA2,FAM135B,-0.0024753178
CHMP1B,FAM135B,-0.027243178
MAP3K4,FAM135B,-0.0043695173
FURIN,FAM135B,-0.0020908054
ROGDI,FAM135B,-0.007362111
ZBTB17,FAM135B,-0.003807816
TFCP2L1,FAM135B,-0.0058646766
GAD1,FAM135B,-0.0056996024
NUDT14,FAM135B,-0.0007777444
KCTD2,FAM135B,0.0005190874
SWSAP1,FAM135B,-0.0015804885
KASH5,FAM135B,-0.0028498797
SLC22A5,FAM135B,-0.008000599
SCN1B,FAM135B,-0.0014768303
APOBEC3F,FAM135B,-0.005892507
ESRP2,FAM135B,-0.003820576
PIGT,FAM135B,-0.00065483665
PELI1,FAM135B,-0.0066123935
IKBKE,FAM135B,0.00044435903
RADIL,FAM135B,-0.0040338114
FBL,FAM135B,-0.004133646
NKX2-8,FAM135B,-0.0036429556
RUVBL2,FAM135B,-0.0029765856
COL4A1,FAM135B,-0.010149733
FRA10AC1,FAM135B,-0.001618466
TMEM86A,FAM135B,-0.0045656324
HAO2,FAM135B,-0.002868727
SPATA33,FAM135B,-0.016680636
HTR1F,FAM135B,-0.017336147
ODF3L2,FAM135B,-0.0051603294
POLL,FAM135B,-0.008287977
PIH1D1,FAM135B,-0.007293682
ASB13,FAM135B,-0.0069017564
CNGA3,FAM135B,-0.01031628
TSPAN17,FAM135B,-0.0070280847
ORMDL1,FAM135B,-0.0012969328
FAHD2A,FAM135B,-0.0024185358
ZSWIM7,FAM135B,0.0041859834
SYCP3,FAM135B,-0.010675129
RHEX,FAM135B,-0.020373838
ERMP1,FAM135B,-0.0050802478
PRDM16,FAM135B,-0.004391574
SV2B,FAM135B,-0.0032284306
KLF15,FAM135B,-0.0048075793
SELENOW,FAM135B,-0.005204572
SPEF1,FAM135B,-0.010951387
XPNPEP3,FAM135B,-0.011499507
ZNF410,FAM135B,-0.012991987
RAB3IL1,FAM135B,-0.0034139184
KBTBD8,FAM135B,-0.0063006827
MCTP2,FAM135B,-0.026470613
COL26A1,FAM135B,-0.0052184956
COA6,FAM135B,-0.0029097057
AP5M1,FAM135B,-0.0025653841
ANKRD33,FAM135B,-0.0030471685
IL18,FAM135B,-0.003301159
PPP1R14D,FAM135B,-0.0095571475
H3C3,FAM135B,-0.0035553963
ZNF561,FAM135B,-0.0020524266
COLEC10,FAM135B,-0.0069011296
TCOF1,FAM135B,-0.0068340856
KLK13,FAM135B,-0.011047914
NUP210L,FAM135B,-0.0029316975
RASGRF2,FAM135B,-0.006145143
THNSL1,FAM135B,-0.0029609883
TFB1M,FAM135B,-0.0014472039
MTAP,FAM135B,-0.0015019666
GLCE,FAM135B,-0.012205143
AVPR1A,FAM135B,-0.004262779
IER5L,FAM135B,-0.0010804745
BGN,FAM135B,-0.011795476
SRXN1,FAM135B,-0.007118465
MMP8,FAM135B,-0.0030292328
CHRFAM7A,FAM135B,-0.0053555164
GABRB2,FAM135B,-0.010759839
PPP1R13L,FAM135B,-0.0026152593
KPNA4,FAM135B,-0.0006060285
AL162231.1,FAM135B,-0.0038397762
PRSS55,FAM135B,-0.003514541
CTIF,FAM135B,-0.0036402203
RWDD2B,FAM135B,-0.00094799
CCT8,FAM135B,0.00045205475
SLC6A3,FAM135B,-0.02632901
MGAT3,FAM135B,-0.0036729462
LSP1,FAM135B,-0.0032112263
ONECUT3,FAM135B,-0.002740064
IL31RA,FAM135B,-0.003310762
NBDY,FAM135B,-0.0028594316
NEIL2,FAM135B,-0.01918526
HCAR3,FAM135B,-0.0066492697
RPS15,FAM135B,-0.0012972257
PITPNA,FAM135B,0.0020541546
SERPINB12,FAM135B,-0.0035014383
ESF1,FAM135B,0.00081471703
SF1,FAM135B,-0.0064138486
LRRC7,FAM135B,-0.0020300604
E2F8,FAM135B,-0.0053033596
ECEL1,FAM135B,-0.004077041
ZDHHC11B,FAM135B,-0.0024064004
PTPRT,FAM135B,-0.0041083796
UNG,FAM135B,-0.014670267
CYP20A1,FAM135B,-0.008806871
KRT27,FAM135B,-0.010086946
SLC44A2,FAM135B,-0.0037783922
RIBC2,FAM135B,-0.00423773
CCNJL,FAM135B,-0.0063533015
CAMP,FAM135B,-0.0052094585
NTRK1,FAM135B,-0.008787247
PLPPR4,FAM135B,-0.005456388
UNC13B,FAM135B,-0.0065381657
CRABP1,FAM135B,-0.001439696
EMILIN2,FAM135B,0.0012002517
HMSD,FAM135B,-0.0032515796
PC,FAM135B,-0.0121095935
TRIM50,FAM135B,-0.0014375072
NCDN,FAM135B,-0.0022862514
GPR78,FAM135B,-0.0033834663
PPARGC1B,FAM135B,-0.007975585
KCNA3,FAM135B,-0.0075781937
RERG,FAM135B,-0.009647049
AL160272.2,FAM135B,-0.011488094
MSL1,FAM135B,-0.006955392
ATG4A,FAM135B,-0.0073066074
TSPAN10,FAM135B,-0.0023531518
DAB1,FAM135B,-0.0018994643
CDK11A,FAM135B,-0.002299348
ERCC5,FAM135B,-0.01007319
SLC38A2,FAM135B,-0.020664018
NKAIN4,FAM135B,-0.008508017
ENAM,FAM135B,-0.006322649
CD300E,FAM135B,-0.00036127464
TMPRSS15,FAM135B,-0.00433637
RRAGB,FAM135B,-0.0033145326
SMG6,FAM135B,-0.0040925015
BBS4,FAM135B,-0.007127615
LRRCC1,FAM135B,-0.0013019483
OTUD3,FAM135B,0.00011518964
LINGO2,FAM135B,-0.0021080496
ARHGEF16,FAM135B,-0.0009545772
GCOM1,FAM135B,-0.0058536828
IL12RB2,FAM135B,-0.009689651
GPNMB,FAM135B,-0.00202515
NIPAL1,FAM135B,-7.262973e-05
PWP2,FAM135B,-0.0034875157
SLC19A2,FAM135B,-0.006961715
MYH7,FAM135B,-0.003035524
KCNE1,FAM135B,-0.00448069
FLT1,FAM135B,-0.058947675
GBP6,FAM135B,-0.00598745
MICOS10,FAM135B,-0.013725178
ALB,FAM135B,-0.0029547303
B3GNT2,FAM135B,-0.015077155
TMTC4,FAM135B,-0.007020652
ENHO,FAM135B,-0.0070645073
SVIP,FAM135B,-0.0052123233
CEACAM19,FAM135B,-0.0040738154
AHI1,FAM135B,-0.0062546115
FBN3,FAM135B,-0.0019297893
FERMT1,FAM135B,-0.0031354877
IFIT2,FAM135B,-0.0070165056
ATG4B,FAM135B,-0.02538994
C22orf23,FAM135B,-0.016208421
PRR9,FAM135B,-0.005636569
DUSP9,FAM135B,-0.00042168354
UBAP1,FAM135B,-0.0047028833
WDFY1,FAM135B,-0.0007551841
MT-CO2,FAM135B,-0.003490036
IL23A,FAM135B,-0.02369314
LHX2,FAM135B,-0.009093387
LIMK2,FAM135B,-0.01098049
RASSF6,FAM135B,-0.0004906826
TSC22D3,FAM135B,-0.0024259316
ATF5,FAM135B,-0.006564317
NOTCH4,FAM135B,-0.027903685
H1-5,FAM135B,-0.0023084646
FAM9B,FAM135B,-0.0023089682
PCLO,FAM135B,-0.0023859025
RBBP6,FAM135B,-0.008080373
CPS1,FAM135B,0.0015639878
MEIS2,FAM135B,-0.034012936
OCM,FAM135B,-0.0069003887
TRPC1,FAM135B,-0.006776566
SRGAP2C,FAM135B,-0.014270082
POU2F3,FAM135B,-0.0011676342
AC108941.3,FAM135B,-0.0014625161
PYROXD2,FAM135B,-0.001547567
PRUNE2,FAM135B,-0.0038087612
SPINK5,FAM135B,-0.008539937
SPINT2,FAM135B,-0.004321228
TARBP1,FAM135B,-0.007856538
IFNGR2,FAM135B,-0.0013162285
LYN,FAM135B,-0.00037427648
BCL10,FAM135B,-0.011973632
SLC26A2,FAM135B,-0.0050312476
HIC1,FAM135B,-0.002218514
PCGF6,FAM135B,-0.0016468827
C17orf64,FAM135B,-0.0027674662
CDHR4,FAM135B,-0.0010881777
OBI1,FAM135B,-0.0013488164
DUSP26,FAM135B,-0.004441607
HLA-E,FAM135B,-0.0001513447
CHRNB2,FAM135B,-0.0013051938
NSA2,FAM135B,-0.0045372862
SIX2,FAM135B,-0.004676754
RNF222,FAM135B,-0.016496513
MRPS21,FAM135B,-0.006797301
SSU72,FAM135B,-0.005416248
ZNF695,FAM135B,-0.0076300553
DKKL1,FAM135B,-0.007274776
CARD6,FAM135B,-0.0038734348
STK32B,FAM135B,-0.0077173063
NARF,FAM135B,-0.0037100036
WWC1,FAM135B,-0.0066953492
H3C1,FAM135B,-0.00086601166
EDARADD,FAM135B,-0.035052244
NDUFA7,FAM135B,-0.0043950966
TNNT1,FAM135B,-0.008859711
TAF13,FAM135B,-0.005648335
ZNF586,FAM135B,-0.004599855
LNX2,FAM135B,-0.0039087017
PSMB2,FAM135B,-0.0015912324
PPY,FAM135B,-0.011091859
KIAA0586,FAM135B,-0.008149196
ST8SIA4,FAM135B,-0.0040168874
PDYN,FAM135B,-0.001515772
IRF2BP2,FAM135B,-0.008455938
WASHC2C,FAM135B,-0.0037104425
PATJ,FAM135B,-0.005574924
SERF1A,FAM135B,-0.008988954
SLC35G2,FAM135B,-0.003727584
AL157935.2,FAM135B,-0.019794468
KYAT1,FAM135B,-0.010525695
TRIM24,FAM135B,-0.0056999424
NUDCD1,FAM135B,-0.00819475
SIRT7,FAM135B,-0.00259595
CERK,FAM135B,-0.0016100127
ELANE,FAM135B,-0.007836453
MPPE1,FAM135B,-0.0029321446
BCL6B,FAM135B,-0.0052680452
TTLL11,FAM135B,-0.008583853
ZBTB1,FAM135B,-0.015106127
MCIDAS,FAM135B,-0.003712251
PPFIA1,FAM135B,0.0001832105
TRIM47,FAM135B,-0.011871384
RAE1,FAM135B,-0.0016936649
ANLN,FAM135B,-0.0036105574
C2CD4D,FAM135B,-0.0021191274
SPACA4,FAM135B,0.00016959956
FBLIM1,FAM135B,-0.00013702991
KDELR3,FAM135B,-0.004338161
ACTRT3,FAM135B,-0.00796029
PDC,FAM135B,-0.005989909
ZFPM2,FAM135B,-0.021922065
ESCO1,FAM135B,-0.00306552
UNC5B,FAM135B,-0.00051897933
SPDYE5,FAM135B,-0.002103528
KIAA0319L,FAM135B,-0.004069058
LYPD5,FAM135B,-0.004190551
VPS35L,FAM135B,-0.014627756
PHETA2,FAM135B,-0.0029780061
TTC29,FAM135B,-0.009415734
SNORC,FAM135B,-0.0036299387
ZSCAN26,FAM135B,-0.00014565089
SLC39A1,FAM135B,-0.008604613
DPPA4,FAM135B,-0.0015476865
CKAP4,FAM135B,-0.004915549
DRP2,FAM135B,-0.0018871637
PAX8,FAM135B,-0.0022509762
AATK,FAM135B,-0.004246535
SCAF11,FAM135B,-0.00038925442
IFNLR1,FAM135B,-0.016244926
NQO1,FAM135B,-0.00645367
PTER,FAM135B,-0.025969526
PLPP6,FAM135B,-0.0031308432
RAB25,FAM135B,-0.01956151
KCNA2,FAM135B,-0.00054878084
CNTN3,FAM135B,-0.0037121475
TPSAB1,FAM135B,-0.0028331373
CDCA7,FAM135B,-0.005645918
BAIAP2L2,FAM135B,-0.021183848
STK31,FAM135B,-0.0068407906
SYTL1,FAM135B,-0.0059319837
DHRS9,FAM135B,-0.002391546
GRIN1,FAM135B,-0.0032541046
SLMAP,FREM2,-0.009771944
SSU72P8,FREM2,-0.0112413205
LNX2,FREM2,-0.003424939
DNAI1,FREM2,-0.007172939
CLPP,FREM2,-0.006056219
BTG2,FREM2,-0.022173285
FAT4,FREM2,-0.002070814
OR4D5,FREM2,-0.014563982
ADAM9,FREM2,-0.005302174
LMNA,FREM2,-0.001360753
H3C2,FREM2,-0.09469022
C1QL4,FREM2,-0.015906485
NCLN,FREM2,-2.5413812e-05
FAM189B,FREM2,-0.008471912
ALG6,FREM2,-0.027970022
CDHR4,FREM2,-0.007967053
ZMAT2,FREM2,-0.014644777
LIN7C,FREM2,-0.008767068
CHP2,FREM2,-0.031887833
MNX1,FREM2,-0.059882157
SMIM8,FREM2,2.6302452e-05
RDH11,FREM2,-0.009590165
CTNND1,FREM2,-0.01291386
PENK,FREM2,-0.007645995
TRIM63,FREM2,-0.013008866
SAG,FREM2,-0.009767807
RHNO1,FREM2,-0.022819906
FFAR2,FREM2,-0.016485516
THEM6,FREM2,-0.06353577
PMP22,FREM2,-0.02467993
RFWD3,FREM2,-0.0010382109
SLC9A6,FREM2,-0.00798488
PBK,FREM2,-0.002138194
MLIP,FREM2,-0.1293481
GRK1,FREM2,-0.012511322
SRRM4,FREM2,-0.017180847
STYK1,FREM2,-0.014998559
SYT16,FREM2,-0.018642226
PGGT1B,FREM2,-0.010703576
MAP1LC3A,FREM2,-0.01753944
PPIP5K1,FREM2,-0.0134747075
HSD3B1,FREM2,-0.01983303
OGDHL,FREM2,-0.018921347
PLIN1,FREM2,-0.011074991
BAG3,FREM2,-0.019216403
KLKB1,FREM2,-0.008629894
HP,FREM2,-0.05787253
SDR42E1,FREM2,-0.013523902
SPOCK1,FREM2,-0.039752163
LY6K,FREM2,-0.06842793
H2AC11,FREM2,-0.12634161
KANK4,FREM2,-0.055826247
FBXL5,FREM2,-0.02591827
SLFN5,FREM2,-0.03418346
FAM120C,FREM2,-0.0054096696
MTMR11,FREM2,-0.0066622538
SLC10A4,FREM2,-0.013201196
ZNF680,FREM2,-0.110446304
ABLIM1,FREM2,-0.18012403
CREB5,FREM2,-0.070233956
OAZ1,FREM2,-0.0150670335
ZNF793,FREM2,-0.084469296
HPDL,FREM2,-0.007610501
GAA,FREM2,-0.03195121
CHADL,FREM2,-0.011994102
PAK5,FREM2,-0.15573299
IMMP1L,FREM2,-0.024607204
NANOS1,FREM2,-0.010234544
CACNA2D4,FREM2,-0.0080028465
HS3ST3A1,FREM2,-0.0152829625
C17orf99,FREM2,-0.022876235
CGA,FREM2,-0.017318593
LRRC3C,FREM2,-0.02731449
LAMP5,FREM2,-0.016623937
AKR1C4,FREM2,-0.009558046
ZNF726,FREM2,-0.029078484
MISP,FREM2,-0.054835197
NPIPB2,FREM2,-0.0138019
SH2D7,FREM2,-0.025293436
H4C5,FREM2,-0.007836506
ATP5MG,FREM2,-0.008508124
PROZ,FREM2,-0.0041697575
TTLL13P,FREM2,-0.033520836
GPRIN1,FREM2,-0.013735496
PLEKHG1,FREM2,-0.011023869
MVD,FREM2,-0.016154025
MS4A7,FREM2,-0.07246898
AC099489.1,FREM2,-0.01955388
PTPN21,FREM2,-0.010772876
HERPUD1,FREM2,-0.023894971
EFEMP2,FREM2,-0.0073849796
TEPP,FREM2,-0.01734172
SCN10A,FREM2,-0.0033075386
WDR86,FREM2,-0.028139543
PTPA,FREM2,-0.044497244
PCSK6,FREM2,-0.041274022
HORMAD2,FREM2,-0.060683604
SERPINE1,FREM2,-0.1085172
H3-5,FREM2,-0.0037686653
PITPNM2,FREM2,-0.012082425
APOBEC1,FREM2,-0.026544467
RHOQ,FREM2,-0.054649286
TRIP13,FREM2,-0.0056199688
MT-ND6,FREM2,-0.026700197
HDX,FREM2,-0.009495984
CHRD,FREM2,-0.016853556
IL26,FREM2,-0.008000448
FAM219A,FREM2,-0.013022774
CDHR1,FREM2,-0.016048742
XPO5,FREM2,-0.014350267
TNFRSF25,FREM2,-0.023776054
TCAF2,FREM2,-0.0054424936
ZBTB21,FREM2,-0.009221748
ITGBL1,FREM2,-0.0012193394
MMP1,FREM2,-0.016766962
CYP3A5,FREM2,-0.024132652
DGCR6L,FREM2,-0.030818217
TPPP,FREM2,-0.024127616
ERVFRD-1,FREM2,-0.009463475
ADGRD1,FREM2,-0.027233273
AC007192.1,FREM2,-0.012313749
CNGB3,FREM2,-0.053976204
FAM167A,FREM2,-0.008402262
CBLN2,FREM2,-0.014296522
C8orf88,FREM2,-0.025977943
RHOG,FREM2,-0.02864605
BID,FREM2,-0.00535536
ALPP,FREM2,-0.009101472
MAP7,FREM2,-0.0153207015
FCRL2,FREM2,-0.06004099
YBX3,FREM2,-0.006747978
TMEM255A,FREM2,-0.019809177
KLF9,FREM2,-0.008413262
ZNF300,FREM2,-0.023874013
GNG8,FREM2,-0.01353774
RABGGTA,FREM2,-0.013610033
TFEB,FREM2,-0.02839366
C5orf47,FREM2,-0.011199592
EFCC1,FREM2,-0.0067799324
CDC16,FREM2,-0.017816663
NAPSA,FREM2,-0.015277277
SEC62,FREM2,-0.030937823
TEC,FREM2,-0.036465302
CSNK1G3,FREM2,-0.06871665
AASDH,FREM2,-0.01158066
GPAA1,FREM2,-0.005313348
MYO6,FREM2,-0.015441234
RXFP4,FREM2,-0.06563451
SPC25,FREM2,-0.0123197455
AC068946.2,FREM2,-0.023827069
ZFP3,FREM2,-0.0111795515
TIPIN,FREM2,-0.06484534
DCN,FREM2,-0.07046742
CAAP1,FREM2,-0.0077697285
GPLD1,FREM2,-0.008707457
HAGH,FREM2,-0.02581306
SLC26A9,FREM2,-0.014658914
APOLD1,FREM2,-0.016738886
CLDN11,FREM2,-0.05001832
LRRC34,FREM2,-0.020616094
ASB16,FREM2,-0.008446222
CAVIN3,FREM2,-0.018333603
SH3YL1,FREM2,-0.032409348
RNF122,FREM2,-0.012211036
DDN,FREM2,-0.011465912
SLC25A12,FREM2,-0.037205506
CCN4,FREM2,-0.022511438
GPC2,FREM2,-0.005582458
ACVR1,FREM2,-0.008912289
HFE,FREM2,-0.08309642
TUBE1,FREM2,-0.020447573
PKP1,FREM2,-0.0017864403
NSG1,FREM2,-0.014309595
POLR2H,FREM2,-0.01777579
H4C14,FREM2,-0.010605514
LCN1,FREM2,-0.014284454
LYPD4,FREM2,-0.08236016
HSD3B7,FREM2,-0.02112661
WT1,FREM2,-0.028223641
C10orf90,FREM2,-0.018703181
PLB1,FREM2,-0.01677241
ACTG1,FREM2,-0.02827056
USP45,FREM2,-0.0047701155
TCEAL8,FREM2,-0.0042081526
BEX1,FREM2,-0.018519472
PHTF1,FREM2,-0.033652324
TMED1,FREM2,-0.03519233
MRPS24,FREM2,-0.030943738
UAP1L1,FREM2,-0.029316949
SEBOX,FREM2,-0.02654026
TGFB1,FREM2,-0.010329192
TSEN54,FREM2,-0.0024332667
KCNH6,FREM2,-0.024474898
SLC22A23,FREM2,-0.015024185
MBIP,FREM2,-0.0083849905
CYP11B1,FREM2,-0.022813272
NUP42,FREM2,-0.017814256
PIGX,FREM2,-0.029178213
TPRN,FREM2,-0.0148899695
ZCCHC7,FREM2,-0.008280058
CRISPLD2,FREM2,-0.00569421
ASIC2,FREM2,-0.007041625
PSMG4,FREM2,-0.003992054
WSCD2,FREM2,-0.013698416
GXYLT1,FREM2,-0.010951979
DCAF17,FREM2,-0.007747161
IPMK,FREM2,-0.036927227
GUCY2C,FREM2,-0.008849796
CDK18,FREM2,-0.04516389
EGR1,FREM2,-0.045501836
APOBEC3H,FREM2,-0.011900434
HACE1,FREM2,-0.04478488
DNAJB12,FREM2,-0.011066625
KCTD3,FREM2,-0.022815702
RMDN2,FREM2,-0.009939194
CALCB,FREM2,-0.018498229
SECTM1,FREM2,-0.008536996
KRT12,FREM2,-0.021940676
TG,FREM2,-0.014589973
KMT5A,FREM2,-0.016669098
CDC14B,FREM2,-0.009387426
PGAM1,FSTL5,-0.010090511
DHRS3,FSTL5,-0.0004454112
TACO1,FSTL5,-0.018583125
CCT6B,FSTL5,-0.002775515
FAM72B,FSTL5,-0.02615975
TPH2,FSTL5,-0.013445252
RAD18,FSTL5,-0.007485149
MAMDC4,FSTL5,-0.02182044
LRRC63,FSTL5,-0.027412886
CD300LB,FSTL5,-0.033299364
SLC25A41,FSTL5,-0.020902831
ADSS1,FSTL5,-0.001250079
NDUFB3,FSTL5,-0.013282231
ARMC8,FSTL5,-0.02556247
ZFP30,FSTL5,-0.022277737
GLP1R,FSTL5,-0.012721418
TLE4,FSTL5,-0.013836813
PDHX,FSTL5,-0.021370107
PCDH18,FSTL5,-0.015392785
BAIAP2L2,FSTL5,-0.0681784
PRPF18,FSTL5,-0.035782017
TTC39C,FSTL5,-0.04388236
CTPS2,FSTL5,-0.044162847
EXOSC8,FSTL5,-0.009914529
SALL4,FSTL5,-0.015915053
SFXN4,FSTL5,-0.00436207
FAXC,FSTL5,-0.021787787
CCL4L2,FSTL5,-0.027043896
CSF2RB,FSTL5,-0.0018487655
STARD5,FSTL5,-0.012479704
CCDC3,FSTL5,-0.005779514
TEX11,FSTL5,-0.03332981
CISD2,FSTL5,-0.017083513
PLCXD2,FSTL5,-0.040963423
HRH1,FSTL5,-0.013178054
CBX6,FSTL5,-0.031113872
GATA4,FSTL5,-0.016385993
GSTT2B,FSTL5,-0.019050865
SLC31A2,FSTL5,-0.01871993
TMC1,FSTL5,-0.07044564
SPRED2,FSTL5,-0.01675756
IRF9,FSTL5,-0.02118866
NUDT13,FSTL5,-0.044805866
CD300LF,FSTL5,-0.034271296
HOXD8,FSTL5,-0.009249979
SLC16A13,FSTL5,-0.019948073
BFSP1,FSTL5,-0.0071129976
SERPINI1,FSTL5,-0.009975516
EML4,FSTL5,-0.010385962
OGFR,FSTL5,-0.042808335
RNF208,FSTL5,-0.029711891
TCEA3,FSTL5,-0.010752778
TEX14,FSTL5,-0.013816566
CHIT1,FSTL5,-0.09146871
AVPR1B,FSTL5,-0.01830299
COX6B1,FSTL5,-0.02688051
PEPD,FSTL5,-0.033750284
INPP5D,FSTL5,-0.029042332
ELOVL2,FSTL5,-0.03884359
MICALL1,FSTL5,-0.054716464
PNOC,FSTL5,-0.016201463
DCX,FSTL5,-0.013213016
TMX4,FSTL5,-0.012141669
SPN,FSTL5,-0.011259386
BRWD1,FSTL5,-0.010556282
GGTA1,FSTL5,-0.005641393
PTEN,FSTL5,-0.00067205605
CACNA1I,FSTL5,-0.033929154
ZKSCAN5,FSTL5,-0.039881114
KDM2B,FSTL5,-0.051010452
FBL,FSTL5,-0.039801214
SLITRK3,FSTL5,-0.005602865
AC013470.2,FSTL5,-0.014911199
ASAH2,FSTL5,-0.0350108
GTF2F1,FSTL5,-0.00255186
PAGE2,FSTL5,-0.011755238
FAM110B,FSTL5,-0.01437082
EYA1,FSTL5,-0.018232044
CHRNA3,FSTL5,-0.051115893
PSME3IP1,FSTL5,-0.09467977
CDC123,FSTL5,-0.01584409
SCNN1D,FSTL5,-0.01581256
KLHDC2,FSTL5,-0.041027658
LHFPL5,FSTL5,-0.025239753
KCNK2,FSTL5,-0.01498724
DRG1,FSTL5,-0.030494733
SLC6A15,FSTL5,-0.080081776
CENPJ,FSTL5,-0.011453891
NEURL1B,FSTL5,-0.12480852
ZNF763,FSTL5,-0.10222
CLPB,FSTL5,-0.01396062
CDK6,FSTL5,-0.010903658
CHCHD6,FSTL5,-0.021565557
MUC5AC,FSTL5,-0.016539011
E2F8,FSTL5,-0.016833203
ADCY4,FSTL5,-0.012382433
SYT11,FSTL5,-0.01756978
DNAJB6,FSTL5,-0.019855373
NUPR2,FSTL5,-0.024667589
MOCS2,FSTL5,-0.040086642
ZNF20,FSTL5,-0.07334604
IKBKB,FSTL5,-0.010737063
MYO18B,FSTL5,-0.045303263
BORCS6,FSTL5,-0.013356032
HYAL3,FSTL5,-0.013958814
ZNF414,FSTL5,-0.013992557
ZFP57,FSTL5,-0.030923033
WBP2NL,FSTL5,-0.15197457
RTCB,FSTL5,-0.0068014013
MYC,FSTL5,-0.024167204
NRCAM,FSTL5,-0.029225431
FREM1,FSTL5,-0.037756793
APMAP,FSTL5,-0.018271616
CCDC61,FSTL5,-0.013416435
MEPE,FSTL5,-0.068206176
SOBP,FSTL5,-0.013195501
CCDC88A,FSTL5,-0.030530773
TNFAIP1,FSTL5,-0.013253679
SBK1,FSTL5,-0.009940384
SIPA1,FSTL5,-0.015390702
PTPN6,FSTL5,-0.008700867
AP1B1,FSTL5,-0.012226235
IGF2BP1,FSTL5,-0.013518751
DNAH6,FSTL5,-0.0168676
IQCB1,FSTL5,-0.026849715
HOXA5,FSTL5,-0.0018099054
UBQLN2,FSTL5,-0.019740224
CFAP46,FSTL5,-0.011253018
TRIM16L,FSTL5,-0.04120587
SPACA9,FSTL5,-0.011153833
NFE2,FSTL5,-0.03810876
DNAJA2,FSTL5,-0.022109037
TRIM65,FSTL5,-0.015064787
BCKDK,FSTL5,-0.025503607
RIPPLY3,FSTL5,-0.009813483
COPS6,FSTL5,-0.021196045
BMP7,FSTL5,-0.010329764
LRIG3,FSTL5,-0.021560721
ABHD5,FSTL5,-0.017849581
FFAR3,FSTL5,-0.027198274
F2RL2,FSTL5,-0.014997325
KIFBP,FSTL5,-0.026909
BACH1,FSTL5,-0.007035073
NANP,FSTL5,-0.016730817
ZNF649,FSTL5,-0.39491674
OPRK1,FSTL5,-0.022151567
RASSF1,FSTL5,-0.06873429
SLC4A1,FSTL5,-0.032173045
HOXD4,FSTL5,-0.04874795
RBBP8,FSTL5,-0.027898625
NCALD,FSTL5,-0.014193125
EPX,FSTL5,-0.0317625
BICD1,FSTL5,-0.065269336
ECHDC3,FSTL5,-0.11249988
POLR3K,FSTL5,-0.076820545
SV2C,FSTL5,-0.022415686
SEM1,FSTL5,-0.057712026
ST20,FSTL5,-0.006494647
POU3F2,FSTL5,-0.0108652795
CMBL,FSTL5,-0.030572383
TMEM255A,FSTL5,-0.011144883
BATF2,FSTL5,-0.023604237
H3C7,FSTL5,-0.015162598
FLRT3,FSTL5,-0.021079816
PITX3,FSTL5,-0.041505907
WNT9A,FSTL5,-0.011669371
VPS26A,FSTL5,-0.011440222
SULT1A2,FSTL5,-0.009633526
ARID3B,FSTL5,-0.017944615
NAALADL2,FSTL5,-0.020693226
RASD2,FSTL5,-0.018229894
SPRR2G,FSTL5,-0.016514936
CRACDL,FSTL5,-0.011225164
RPL26,FSTL5,-0.017122189
ERFE,FSTL5,-0.010567991
DPEP2,FSTL5,-0.028811948
GPR155,FSTL5,-0.07122804
FAM185A,FSTL5,-0.015958993
LTC4S,FSTL5,-0.02427285
EPHA3,FSTL5,-0.03591774
PDZD4,FSTL5,-0.009708957
CFHR1,FSTL5,-0.044785965
TNFSF15,FSTL5,-0.010448171
SIRT1,FSTL5,-0.023765353
CADM2,FSTL5,-0.103883736
ARHGEF33,FSTL5,-0.022711277
HMGCR,FSTL5,-0.011920061
PPIAL4H,FSTL5,-0.014671923
B3GALT2,GRIN3A,-0.0073965746
AGPAT2,GRIN3A,-0.022787409
GP1BA,GRIN3A,-0.0054191034
CCDC173,GRIN3A,-0.014851311
TMEM267,GRIN3A,-0.01086837
CDIP1,GRIN3A,-0.011049421
SCN3A,GRIN3A,-0.01885211
FAM3D,GRIN3A,-0.004052915
BTG3,GRIN3A,-0.008797647
AFF2,GRIN3A,-0.011641492
HNRNPH1,GRIN3A,-0.03876003
CD19,GRIN3A,-0.02194627
TTLL2,GRIN3A,-0.00853558
ZNF454,GRIN3A,-0.037563212
IL17RE,GRIN3A,-0.052319154
RPS29,GRIN3A,-0.030815741
DBP,GRIN3A,-0.01761914
CLDN10,GRIN3A,-0.03780255
EPHA3,GRIN3A,-0.009436283
GGA2,GRIN3A,-0.07197529
RBM43,GRIN3A,-0.012628273
F8A3,GRIN3A,-0.01901503
OST4,GRIN3A,-0.02254284
FAM200B,GRIN3A,-0.025891129
IBA57,GRIN3A,-0.06145834
CPA1,GRIN3A,-0.03033977
HOXA6,GRIN3A,-0.008965282
CLIC2,GRIN3A,-0.02459024
GLIPR1L2,GRIN3A,-0.013893288
CCDC50,GRIN3A,-0.025731396
GSDMD,GRIN3A,-0.024216363
IGF2BP1,GRIN3A,-0.014829181
RNF32,GRIN3A,-0.036438905
NEFM,GRIN3A,-0.039807405
DGKG,GRIN3A,-0.047374528
LHX2,GRIN3A,-0.0158653
TRAPPC6B,GRIN3A,-0.027078936
TMEM45B,GRIN3A,-0.01329164
KLK4,GRIN3A,-0.0152039025
LFNG,GRIN3A,-0.016856253
ARL13B,GRIN3A,-0.0022279627
CYP4Z1,GRIN3A,-0.02044757
SPARCL1,GRIN3A,-0.0067402883
B3GALT5,GRIN3A,-0.020354843
CRELD2,GRIN3A,-0.092506826
PROSER3,GRIN3A,-0.008227835
LAG3,GRIN3A,-0.01835341
HSD3B1,GRIN3A,-0.113090925
MINDY1,GRIN3A,-0.017213298
MAF,GRIN3A,-0.0126258815
ADSS1,GRIN3A,-0.061983064
IP6K3,GRIN3A,-0.0123639
SQOR,GRIN3A,-0.018386422
PZP,GRIN3A,-0.014200684
DMRTA2,GRIN3A,-0.116040826
IQCM,GRIN3A,-0.12493381
CASP14,GRIN3A,-0.01557076
ODR4,GRIN3A,-0.013622067
ZNF45,GRIN3A,-0.02818782
MKX,GRIN3A,-0.06788348
MAP7D2,GRIN3A,-0.02691354
PDE6G,GRIN3A,-0.011770659
VSTM5,GRIN3A,-0.025268251
PABPC4L,GRIN3A,-0.013014111
BTG1,GRIN3A,-0.010689411
HACD2,GRIN3A,-0.038404554
ATP5F1E,GRIN3A,-0.0027135129
LRFN3,GRIN3A,-0.046252124
LIPE,GRIN3A,-0.036539465
EBI3,GRIN3A,-0.03079885
CKB,GRIN3A,-0.027875056
MUC12,GRIN3A,-0.044387084
WNK4,GRIN3A,-0.010461904
BRD1,GRIN3A,-0.015487996
DDX58,GRIN3A,-0.057557706
FCAMR,GRIN3A,-0.03277141
CENPS,GRIN3A,-0.042286046
AMZ2,GRIN3A,-0.0011594547
OLIG2,GRIN3A,-0.021780005
OARD1,GRIN3A,-0.022833252
AGO3,GRIN3A,-0.026802065
SEMA7A,GRIN3A,-0.01438668
PLEKHN1,GRIN3A,-0.024365023
EID2B,GRIN3A,-0.16059926
PATL2,GRIN3A,-0.021208351
SMDT1,GRIN3A,-0.027278405
ELP5,GRIN3A,-0.007200855
LDHC,GRIN3A,-0.0123643875
HAUS3,GRIN3A,-0.005425828
ADM2,GRIN3A,-0.00981207
UQCC3,GRIN3A,-0.008490123
C3orf38,GRIN3A,-0.04069122
PTPN13,GRIN3A,-0.0154748475
EIF4E,GRIN3A,-0.036499627
XYLT2,GRIN3A,-0.011674883
PRR15,GRIN3A,-0.0041719386
SIRT5,GRIN3A,-0.02461224
HLA-F,GRIN3A,-0.017742746
PUS3,GRIN3A,-0.123482615
WHRN,GRIN3A,-0.023959398
AC013470.2,GRIN3A,-0.024599863
P3H2,GRIN3A,-0.018379372
RBM19,GRIN3A,-0.009863608
DGAT1,GRIN3A,-0.021376096
SETD9,GRIN3A,-0.008551867
DIRAS2,GRIN3A,-0.04580097
ZNF654,GRIN3A,-0.035448935
FAM98A,GRIN3A,-0.018710518
CCDC68,GRIN3A,-0.019149218
PIGV,GRIN3A,-0.011722774
TMEM37,GRIN3A,-0.03895146
CLYBL,GRIN3A,-0.009432355
FAM171A2,GRIN3A,-0.011616073
MIA,GRIN3A,-0.03414662
MRM2,GRIN3A,-0.012371606
GATA1,GRIN3A,-0.010298602
SRGAP3,GRIN3A,-0.075990975
RPUSD3,GRIN3A,-0.015810687
KCP,GRIN3A,-0.006399285
NCCRP1,GRIN3A,-0.019285467
ZNF154,GRIN3A,-0.021370174
PDP1,GRIN3A,-0.012834753
AP1AR,GRIN3A,-0.079584196
LBX2,GRIN3A,-0.10180365
PDIA3,GRIN3A,-0.016567534
NOTCH1,GRIN3A,-0.004041794
ELOVL2,GRIN3A,-0.014171738
LAD1,GRIN3A,-0.016002046
AP1S3,GRIN3A,-0.02726783
FES,GRIN3A,-0.04486181
TIMM17A,GRIN3A,-0.0164389
TMEM132A,GRIN3A,-0.013144806
ITPRIPL2,GRIN3A,-0.014008789
UPK2,GRIN3A,-0.0065582837
HSPA2,GRIN3A,-0.019238697
ROPN1,GRIN3A,-0.015943175
RMDN3,GRIN3A,-0.012631297
PTGS2,GRIN3A,-0.017206712
SNORC,GRIN3A,-0.0046680337
P2RY12,GRIN3A,-0.020915342
MCF2,GRIN3A,-0.0132165775
CBWD5,GRIN3A,-0.01286621
AK6,GRIN3A,-0.081021845
XPO6,GRIN3A,-0.007984714
TPD52L1,GRIN3A,-0.025274642
LYSMD2,GRIN3A,-0.0135695
SLC9A4,GRIN3A,-0.017671773
TSC22D3,GRIN3A,-0.0005531515
TPSD1,GRIN3A,-0.024703925
CYP4V2,GRIN3A,-0.025779327
ANG,GRIN3A,-0.012950274
LMTK3,GRIN3A,-0.02711924
CTAGE6,GRIN3A,-0.012575205
OPN5,GRIN3A,-0.015027073
VAX1,GRIN3A,-0.0075373435
PTPRE,GRIN3A,-0.011090568
OR52E8,GRIN3A,-0.031866435
SERTAD4,GRIN3A,-0.068152
MT-ND4,GRIN3A,-0.09506655
PAX8,GRIN3A,-0.26625076
AK3,GRIN3A,-0.027362872
PERCC1,GRIN3A,-0.055026248
HOXB2,GRIN3A,-0.020003952
SLC31A2,GRIN3A,-0.035217926
IL1R1,GRIN3A,-0.027277827
FABP4,GRIN3A,-0.038526006
H1-3,GRIN3A,-0.024533434
HOXD4,GRIN3A,-0.011909054
PLA2G2C,GRIN3A,-0.009338306
SLC5A6,GRIN3A,-0.01387219
TM2D3,GRIN3A,-0.01251341
NUP50,GRIN3A,-0.02251546
PTBP2,GRIN3A,-0.067216046
PRMT5,GRIN3A,-0.029464874
UCK2,GRIN3A,-0.055752724
GRAMD1B,GRIN3A,-0.04045211
ABCA10,GRIN3A,-0.016023848
ZNF57,GRIN3A,-0.010681076
GPT2,GRIN3A,-0.00621194
CPNE3,GRIN3A,-0.011843228
FOXN2,GRIN3A,-0.0025158164
PYGL,GRIN3A,-0.032961383
PLA2G4A,GRIN3A,-0.015543686
NGFR,GRIN3A,-0.009859392
POP1,GRIN3A,-0.025166458
MAGEA4,GRIN3A,-0.025924457
FOXQ1,GRIN3A,-0.029338932
GLYATL3,GRIN3A,-0.067174494
CIB2,GRIN3A,-0.010546197
STYXL1,GRIN3A,-0.03027508
TESK1,GRIN3A,-0.016617551
NEFL,GRIN3A,-0.05748361
MAPRE3,GRIN3A,-0.0075952327
GIMAP5,GRIN3A,-0.0399155
GCNT3,GRIN3A,-0.012866149
HMCN2,GRIN3A,-0.010724091
SNX7,HERC1,-0.06328089
SLC10A1,HERC1,-0.0025556257
TAOK3,HERC1,-0.013548339
GDPD1,HERC1,-0.0013231101
CDC123,HERC1,-0.009416577
GRSF1,HERC1,-0.010489689
ZNF559,HERC1,-0.02501459
FSD1,HERC1,-0.016595235
NPHP4,HERC1,-0.016946176
EGR4,HERC1,-0.018900909
IQCK,HERC1,-0.0040369723
PDE4A,HERC1,-0.024107449
SH2D3A,HERC1,-0.007637087
IPO4,HERC1,-0.016215878
PCDHA8,HERC1,-0.019519025
TMEM272,HERC1,-0.011369182
FCER1A,HERC1,-0.008742487
GNS,HERC1,-0.02557385
SLC29A4,HERC1,-0.0037744027
PGLS,HERC1,-0.004957066
MOSPD1,HERC1,-0.040346902
DSC3,HERC1,0.00036341813
ANKHD1-EIF4EBP3,HERC1,-0.019587401
TUBA3D,HERC1,-0.024141178
EVC,HERC1,-0.028000148
FBN2,HERC1,-0.021081947
CHFR,HERC1,-0.056596126
NLRP7,HERC1,-0.01846307
CKMT1B,HERC1,-0.011362419
CYP2S1,HERC1,-0.0026656247
PAFAH1B3,HERC1,-0.013899724
SYT7,HERC1,-0.074227795
C20orf202,HERC1,-0.0121696405
PKDCC,HERC1,-0.03528618
GASK1B,HERC1,-0.009981682
COX10,HERC1,-0.013558672
RTP3,HERC1,-0.01737043
TMSB4Y,HERC1,-0.011643608
CDH4,HERC1,-0.017768113
ZNF415,HERC1,-0.012799671
RSPH14,HERC1,-0.011334456
C18orf63,HERC1,-0.027790194
GMPPB,HERC1,-0.0143182725
KRCC1,HERC1,-0.040682875
THOC6,HERC1,-0.02770539
UBALD1,HERC1,-0.016951324
RAD9B,HERC1,-0.0812544
BRINP1,HERC1,-0.011729647
ZSCAN5A,HERC1,-0.034547903
ATG14,HERC1,-0.0019374607
FAM180B,HERC1,-0.011685289
PCP4L1,HERC1,-0.0436984
CCDC114,HERC1,-0.016718203
WASHC3,HERC1,-0.037186783
CLCNKA,HERC1,-0.021527644
MAT1A,HERC1,-0.009912567
HACD1,HERC1,-0.012317237
GPR37L1,HERC1,-0.020276094
GALNT4,HERC1,-0.01547232
DOC2B,HERC1,-0.027042752
IFITM1,HERC1,-0.018166833
HSP90B1,HERC1,-0.015171965
STRC,HERC1,-0.090417944
PAMR1,HERC1,-0.09905083
AMZ1,HERC1,-0.015074636
PPP2R3B,HERC1,-0.020523738
TLN2,HERC1,-0.047884144
PRPH,HERC1,-0.01978198
SLC15A1,HERC1,-0.0066745398
TMPRSS5,HERC1,-0.048060566
TRPM8,HERC1,-0.0077240774
B3GNT8,HERC1,-0.016528562
THOC3,HERC1,-0.0053138565
SCRN3,HERC1,-0.02535069
VAX2,HERC1,-0.01226404
ALDH1A2,HERC1,-0.036486093
METTL9,HERC1,-0.016122147
ENO2,HERC1,-0.02671954
ARF5,HERC1,-0.052110467
RRP15,HERC1,-0.03782382
COL5A3,HERC1,-0.01591098
AGA,HERC1,-0.027845614
HERC4,HERC1,-0.036592826
SP8,HERC1,-0.016559424
MYLK,HERC1,-0.08189551
ZSCAN18,HERC1,-0.10030988
TAPBPL,HERC1,-0.020240854
SLC2A12,HERC1,-0.052349623
SERPINA9,HERC1,-0.026434688
IFT80,HERC1,-0.011638251
NEU1,HERC1,-0.0042073335
RCOR2,HERC1,-0.01638143
CCL25,HERC1,-0.01606908
CYP4F2,HERC1,-0.016618729
MPP4,HERC1,-0.06380587
TNFRSF10B,HERC1,-0.007992134
RGS8,HERC1,-0.012355404
CHN1,HERC1,-0.02979178
TMEM255A,HERC1,-0.06328107
EN2,HERC1,-0.026160583
PPP1R1C,HERC1,-0.023819009
WDCP,HERC1,-0.0059759985
MAGEA9B,HERC1,-0.016641278
GAL,HERC1,-0.015727567
TDRD3,HERC1,-0.013890575
PRKCG,HERC1,-0.016669182
NSA2,HERC1,-0.023603316
PPA1,HERC1,-0.04090975
ADGRB2,HERC1,-0.0058287014
MPPED2,HERC1,-0.0050180103
POLRMT,HERC1,-0.017375642
SCUBE1,HERC1,-0.025994131
PCDH9,HERC1,-0.015849445
SLC4A4,HERC1,-0.017455855
TNNI2,HERC1,-0.005170923
EPB41L4A,HERC1,-0.012093046
ZC3H11B,HERC1,-0.016213832
NLGN4Y,HERC1,-0.05488015
CD1C,HERC1,-0.011132202
CLU,HERC1,-0.006469799
ACIN1,HERC1,-0.019637385
BSCL2,HERC1,-0.053901263
GFRA3,HERC1,-0.04485409
WDR47,HERC1,-0.014339731
TET1,HERC1,-0.005369736
ATP8B3,HERC1,-0.014325074
SCN3B,HERC1,-0.08979557
CLVS1,HERC1,-0.009237509
PTK7,HERC1,-0.02396073
TENT5A,HERC1,-0.008456935
GRTP1,HERC1,-0.011445769
CXCR1,HERC1,-0.02410407
HRAS,HERC1,-0.042225666
PIGT,HERC1,-0.02348815
NGB,HERC1,-0.08793718
SLC25A33,HERC1,-0.005048653
IGFL4,HERC1,-0.017003037
ATP6AP1,HERC1,-0.021770746
QPRT,HERC1,-0.008524277
SMIM11A,HERC1,-0.057807762
CCND1,HERC1,-0.009468449
PRSS27,HERC1,-0.0029239806
PFN2,HERC1,-0.008499877
OCLN,HERC1,-0.021277668
LMBRD1,HERC1,-0.035024777
THBD,HERC1,-0.008012997
PRSS23,HERC1,-0.017348176
KIAA1841,HERC1,-0.018409548
DNTTIP1,HERC1,-0.02277936
NOTCH2NLA,HERC1,-0.0091623375
DAP,HERC1,-0.017129539
NUPR1,HERC1,-0.012500654
UBIAD1,HERC1,-0.059951406
CNTN4,HERC1,-0.010646332
NRXN1,HERC1,-0.015765492
KNL1,HERC1,-0.014342262
CHAC1,HERC1,-0.039784495
NAA20,HERC1,-0.0052931136
MXD3,HERC1,-0.02480517
RASSF2,HERC1,0.0012671375
AC004922.1,HERC1,-0.024919325
CRYZ,HERC1,-0.013267762
ETF1,HERC1,-0.01717137
CENPQ,HERC1,-0.038388886
CEP120,HERC1,-0.015426886
STMN4,HERC1,-0.0060423007
HLTF,HERC1,-0.01272172
EDN1,HERC1,-0.021174567
BEND5,HERC1,-0.031777326
LMBR1,HERC1,-0.03665145
SMG9,HERC1,-0.022859855
MYH14,HERC1,-0.016215779
TECR,HERC1,-0.0073516024
POM121,HERC1,-0.007240791
ULBP1,HERC1,-0.01661542
FBXO33,HERC1,-0.025664205
TAF7,HERC1,-0.007959586
KSR2,HERC1,-0.0078115747
CPT1C,HERC1,-0.035396237
ANXA1,HERC1,-0.03417184
TYW1B,HERC1,-0.020573968
CDC73,HERC1,-0.049383078
UBL3,HERC1,-0.0010847898
PNMA6A,HERC1,-0.055188622
TINCR,HERC1,-0.048166666
TRIO,HERC1,-0.009248301
ZNHIT1,HERC1,-0.020609694
KRTAP10-3,HERC1,-0.028843079
PTPN20,HERC1,-0.032828964
GABRA2,HERC1,-0.020704044
TMPRSS9,HERC1,-0.07517857
HYLS1,HERC1,0.0015660751
CBX4,HERC1,-0.013453876
GJB2,HERC1,-0.03347177
SPA17,HERC1,-0.025275657
CBX5,HERC1,-0.013506158
C17orf97,HERC1,-0.0075096134
PLB1,HERC1,-0.030986805
FOXD4L6,HERC1,-0.01730564
YPEL1,HERC1,-0.012230837
TNS4,HERC1,-0.018016173
RDH12,HERC1,-0.08899036
SDHAF4,HERC1,-0.020336084
PSG4,HERC1,-0.033790603
KRT23,HERC1,-0.0169051
C4orf19,HERC1,-0.014702192
CLEC2L,HERC1,-0.013837612
PPP3CA,HERC1,-0.024951093
TMEM9,HERC1,-0.020505445
NOMO1,HERC1,-0.028629776
SIGLEC15,HERC1,-0.04504975
COMTD1,HERC1,-0.0030287174
ZNF226,HERC1,-0.011304137
TMEM250,HERC1,-0.06827591
PIWIL4,HERC1,-0.023188958
CCDC178,HERC1,-0.043291118
CRYAB,HERC1,-0.02878777
ITPRIPL1,HERC1,-0.017743804
GLIPR1L2,HERC1,-0.083262786
KCTD21,HERC1,-0.010761709
HLF,HERC1,-0.016787115
CYP4F12,HERC1,-0.013107318
GPER1,ITGA8,-0.0044354727
TRNAU1AP,ITGA8,-0.014764719
CCDC196,ITGA8,-0.0053884904
IL17REL,ITGA8,-0.00955157
PSMB4,ITGA8,-0.014275815
EMILIN1,ITGA8,-0.02027064
ZFP30,ITGA8,-0.01094639
TEX55,ITGA8,-0.031667218
NQO1,ITGA8,-0.02561826
PTCH1,ITGA8,-0.0053319135
ATAD3B,ITGA8,-0.008800175
LRPPRC,ITGA8,-0.019745301
SARAF,ITGA8,-0.012550174
PTK6,ITGA8,-0.011742498
LAMTOR3,ITGA8,-0.026096027
MAP1LC3B2,ITGA8,-0.0044355565
TROAP,ITGA8,-0.010465343
LEMD1,ITGA8,-0.023051633
SMN2,ITGA8,-0.013920186
DRC1,ITGA8,-0.0031704372
GPT,ITGA8,-0.011611733
MMP25,ITGA8,-0.011882399
PVALB,ITGA8,-0.0182648
TMEM151A,ITGA8,-0.022593196
PRDM9,ITGA8,-0.011309787
GADD45B,ITGA8,-0.043652233
ZNF219,ITGA8,-0.003257389
STK11,ITGA8,-0.05474933
NOC3L,ITGA8,-0.028609188
HMGXB3,ITGA8,-0.014851957
ALOX12B,ITGA8,-0.034921296
ADGRV1,ITGA8,-0.0072311
MT-CYB,ITGA8,-0.03771696
SUPT7L,ITGA8,-0.0100153675
EIF5A,ITGA8,-0.01162327
EPHB1,ITGA8,-0.01761611
UBE3D,ITGA8,-0.015501716
CD200,ITGA8,-0.029397778
ZFYVE28,ITGA8,-0.009633466
EFHC2,ITGA8,-0.007900281
PLEKHG7,ITGA8,-0.027962357
CCDC88B,ITGA8,-0.026087238
ANKRD34A,ITGA8,-0.0010552015
HPF1,ITGA8,-0.03628683
SMIM38,ITGA8,-0.017249163
SORBS1,ITGA8,-0.0070701996
GPR17,ITGA8,-0.0074983905
COX5B,ITGA8,-0.018909818
SMIM32,ITGA8,-0.015470691
GSTA5,ITGA8,-0.014464331
NAT1,ITGA8,-0.009350315
ADAMTS1,ITGA8,-0.010711983
IER5L,ITGA8,-0.013025114
PNRC1,ITGA8,-0.030070353
ARHGEF18,ITGA8,-0.030122506
FNDC7,ITGA8,-0.017714515
AKT2,ITGA8,-0.012121914
UQCRFS1,ITGA8,-0.023921
FAM133A,ITGA8,-0.06440094
BCO1,ITGA8,-0.005719112
MAFA,ITGA8,-0.015787706
POU5F2,ITGA8,-0.024190417
KCNS1,ITGA8,-0.014836632
SLAIN2,ITGA8,-0.011660177
LCE1F,ITGA8,-0.049950715
CDH18,ITGA8,-0.035220202
SBK3,ITGA8,-0.008921009
TAF1L,ITGA8,-0.033871397
TSPEAR,ITGA8,-0.14818288
CDH7,ITGA8,-0.03374208
CRCP,ITGA8,-0.017353922
SLC2A9,ITGA8,-0.03238313
SPNS3,ITGA8,-0.005435958
NACA,ITGA8,-0.012848162
SULF2,ITGA8,-0.03762442
NR1I2,ITGA8,-0.013296619
RRP1B,ITGA8,-0.0026723733
EPHX4,ITGA8,-0.025773782
GSTM1,ITGA8,-0.009731296
THAP10,ITGA8,-0.016841492
PIK3C2B,ITGA8,-0.033454284
APAF1,ITGA8,-0.032150477
FAM110C,ITGA8,-0.0914604
RNF130,ITGA8,-0.067356296
DSCAM,ITGA8,-0.01404281
GLMP,ITGA8,-0.031306345
SREK1IP1,ITGA8,-0.01620199
ACADM,ITGA8,-0.029379748
CENPJ,ITGA8,-0.009913889
TMTC3,ITGA8,-0.010018662
FEN1,ITGA8,-0.008407891
CNTNAP5,ITGA8,-0.012700893
MICB,ITGA8,-0.014673784
FBXO15,ITGA8,-0.0012818162
FAM72C,ITGA8,-0.036400653
GSTK1,ITGA8,-0.015846167
ME1,ITGA8,-0.048488636
TTC23,ITGA8,-0.028788183
LYSMD4,ITGA8,-0.08507107
ID1,ITGA8,-0.013262474
KCNS3,ITGA8,-0.018470874
VWA5B2,ITGA8,-0.0076029757
ST8SIA6,ITGA8,-0.023334784
UBFD1,ITGA8,-0.005603975
IQCG,ITGA8,-0.015641155
HSDL1,ITGA8,-0.026617667
GLUL,ITGA8,-0.03534752
DCAF4L2,ITGA8,-0.012849975
PLAAT4,ITGA8,-0.006997633
RPL9,ITGA8,-0.004310255
DHX36,ITGA8,-0.026415702
IPPK,ITGA8,-0.003673929
GDE1,ITGA8,-0.008567964
BBS4,ITGA8,-0.019291902
PCDHB11,ITGA8,-0.028828224
PON1,ITGA8,-0.025692541
RAPGEF3,ITGA8,-0.008816305
TRIM68,ITGA8,-0.02080501
DUS4L-BCAP29,ITGA8,-0.03711179
LRRC3C,ITGA8,-0.028736979
MT-ND1,ITGA8,-0.027871756
MAGEA6,ITGA8,-0.00050737004
ANKS1B,ITGA8,-0.020560233
PCDH7,ITGA8,-0.010491205
PRKCA,ITGA8,-0.04539316
CUL5,ITGA8,-0.008279906
CLEC4M,ITGA8,-0.022820087
NKX6-1,ITGA8,-0.0121454215
RIMBP2,ITGA8,-0.040759776
BMT2,ITGA8,-0.04030524
BIRC5,ITGA8,-0.016925832
HELZ,ITGA8,-0.015495993
SNN,ITGA8,-0.043455213
FGR,ITGA8,-0.004553804
AHCTF1,ITGA8,-0.00200668
P3H4,ITGA8,-0.008529596
PSG3,ITGA8,-0.05377328
PMF1-BGLAP,ITGA8,-0.013805046
PNCK,ITGA8,-0.034777258
ARSJ,ITGA8,-0.008668045
SCD,ITGA8,-0.007737142
TPSAB1,ITGA8,-0.015163634
HSPA6,ITGA8,-0.038642325
ZNF502,ITGA8,-0.007878689
ZNF532,ITGA8,-0.024021437
NPIPB6,ITGA8,-0.017234921
RECQL4,ITGA8,-0.018498229
PBOV1,ITGA8,-0.027231574
UHRF2,ITGA8,-0.009760916
YIPF5,ITGA8,-0.00074587617
NSD2,ITGA8,-0.021816105
SLC29A2,ITGA8,-0.03854537
GCH1,ITGA8,-0.027495211
CRPPA,ITGA8,-0.030186431
ZCCHC4,ITGA8,-0.029226692
PRKCB,ITGA8,-0.0069864094
MTAP,ITGA8,-0.01580774
CBSL,ITGA8,-0.0070393286
NDUFA5,ITGA8,-0.021748811
ANXA7,ITGA8,-0.007887373
CAVIN3,ITGA8,-0.013995191
DACT2,ITGA8,-0.025686756
SMG1,ITGA8,-0.06194406
SLC25A13,ITGA8,-0.0032839614
CBLN2,ITGA8,-0.009129069
GPATCH11,ITGA8,-0.025795642
LEP,ITGA8,-0.0045549273
MKX,ITGA8,-0.0155624505
F2RL2,ITGA8,-0.056020383
MT-CO2,ITGA8,-0.011125276
APOL4,ITGA8,-0.105804704
HOXA7,ITGA8,-0.21718125
IGFBP5,ITGA8,-0.105545215
PLLP,ITGA8,-5.1384035e-05
KCNJ5,ITGA8,-0.005813211
SIGLEC5,ITGA8,-0.014325524
SLC18A3,ITGA8,-0.009203816
ZBTB46,ITGA8,-0.13371326
SH3BP4,ITGA8,-0.019613119
SERPINB6,ITGA8,-0.010102592
LRRC59,ITGA8,-0.022802832
ZNF514,ITGA8,-0.006313242
LRCH2,ITGA8,-0.013212924
ECD,ITGA8,-0.03581585
ATP6V1G2,ITGA8,-0.011973902
TBCEL,ITGA8,-0.01109916
RAP1B,ITGA8,-0.03411075
RAD51B,ITGA8,-0.019037953
SPATA19,ITGA8,-0.01933195
TYSND1,ITGA8,-0.015300409
KPTN,ITGA8,-0.011494969
SPTA1,ITGA8,-0.040299967
SOX13,ITGA8,-0.09044909
MYBPC1,ITGA8,-0.03716086
KLF14,ITGA8,-0.009489529
CRISPLD1,ITGA8,-0.0035027228
TMIGD3,ITGA8,-0.008589837
AGAP2,ITGA8,-0.011331158
NEFH,ITGA8,-0.058569234
ANKRD35,ITGA8,-0.015414763
PKDCC,ITGA8,-0.048750427
RIT1,ITGA8,-0.03410696
CYP27B1,ITGA8,-0.0032945552
ALDH3A1,ITGA8,-0.030953651
ANXA2R,ITGA8,-0.0075469743
UVSSA,ITGA8,-0.0068670586
TRIM73,ITGA8,-0.032564014
SH3BP2,ITGA8,-0.03242912
DHRS2,ITGA8,-0.021044217
MYEOV,ITGA8,-0.01628696
OTX2,ITGA8,-0.017279692
CDCA7,ITGA8,-0.00928035
PTCHD4,ITGA8,-0.01282456
SCN4A,ITGA8,-0.17437483
KLK1,ITGA8,-0.015969126
RNF128,ITGA8,-0.00995209
CHN1,ITGA8,-0.07454402
CUL2,ITGA8,-0.020368297
CNR1,ITGA8,-0.0084248865
CLOCK,ITGA8,-0.042359293
MTRNR2L12,ITGA8,-0.019695476
CNTNAP3C,ITGA8,-0.01184229
RNPEPL1,ITGA8,0.00022881464
MT-CO3,ITGA8,-0.009632211
C1QTNF7,ITGA8,-0.019039694
SLC18B1,KEAP1,-0.001598444
SDSL,KEAP1,-0.004502372
RBM14-RBM4,KEAP1,-0.01650627
SMARCA2,KEAP1,-0.031118155
STBD1,KEAP1,-0.02291681
NCLN,KEAP1,-0.05779765
SLC23A3,KEAP1,-0.0051788436
LPCAT1,KEAP1,-0.019683264
HHIPL2,KEAP1,-0.023078127
MYO1A,KEAP1,-0.0092597315
CNTNAP4,KEAP1,-0.039147135
OR5T2,KEAP1,-0.00943344
CGREF1,KEAP1,-0.032644607
GCLM,KEAP1,-0.0483947
CD200R1L,KEAP1,-0.030397227
ARSB,KEAP1,-0.027168203
HMSD,KEAP1,-0.026645308
ST14,KEAP1,-0.0012777239
CHRNA3,KEAP1,-0.006802745
ZNF266,KEAP1,-0.009505283
CREB3,KEAP1,-0.01056181
PRAC2,KEAP1,-0.055330746
ZNF92,KEAP1,-0.029156847
STK32A,KEAP1,-0.012459501
ERI1,KEAP1,-0.008391396
INSYN2A,KEAP1,-0.00042153176
WFIKKN1,KEAP1,-0.016916905
LTBP1,KEAP1,-0.012176444
STK33,KEAP1,-0.011518905
PBK,KEAP1,-0.015864842
UNC93A,KEAP1,-0.016771417
KMT5B,KEAP1,-0.008222624
RBBP8NL,KEAP1,-0.00884249
ZNF20,KEAP1,-0.0031457657
CABP7,KEAP1,-0.0025155814
ZNF404,KEAP1,-0.08191833
TMEM247,KEAP1,-0.0089308135
WASH6P,KEAP1,-0.05567885
SMOC2,KEAP1,-0.043018002
H4C12,KEAP1,-0.034887854
WSB2,KEAP1,-0.0102569945
ZNF215,KEAP1,-0.010521362
GPR83,KEAP1,-0.00075981644
ABCG2,KEAP1,-0.012171789
FIGNL2,KEAP1,-0.0101941265
NQO1,KEAP1,-0.10704319
CRAT,KEAP1,-0.012296093
NAT16,KEAP1,-0.0055508153
MRM3,KEAP1,-0.008634794
RDH16,KEAP1,0.0011823506
CFAP74,KEAP1,-0.003945317
ISCA2,KEAP1,-0.020237202
ZNF311,KEAP1,-0.009047182
LMO2,KEAP1,-0.018387131
ACOX2,KEAP1,-0.0036884982
NIF3L1,KEAP1,-0.006057971
PPP1R14B,KEAP1,-0.01091051
AL121758.1,KEAP1,-0.022285525
LSM8,KEAP1,-0.023121288
PNPLA7,KEAP1,-0.034634292
SLC30A7,KEAP1,-0.007949001
ZNF223,KEAP1,-0.009415618
OBSCN,KEAP1,-0.028109513
GADD45G,KEAP1,-0.020981425
SLC38A11,KEAP1,-0.049916465
ST8SIA1,KEAP1,-0.04993372
FKBP2,KEAP1,-0.015124786
PRR14L,KEAP1,-0.015600921
ZNF846,KEAP1,-0.014467604
EIF4A3,KEAP1,-0.0075469036
CPT1A,KEAP1,-0.083710894
TRIM45,KEAP1,-0.0075501218
PNMA8C,KEAP1,-0.018675756
NUBPL,KEAP1,-0.011374126
AC091057.5,KEAP1,-0.0065480606
GNA15,KEAP1,-0.02151111
PIK3R3,KEAP1,-0.020412065
KLHL31,KEAP1,-0.021586746
ZMAT5,KEAP1,-0.0058639045
C10orf143,KEAP1,-0.019124715
NECAB2,KEAP1,-0.06744769
UTS2,KEAP1,-0.012880228
RABEPK,KEAP1,0.003937294
IFT74,KEAP1,-0.009228112
SULF2,KEAP1,-0.013807512
METTL11B,KEAP1,-0.012346351
GPR143,KEAP1,-0.008095286
PLPPR1,KEAP1,-0.017128428
NPR3,KEAP1,-0.008667055
H3C3,KEAP1,-0.09568114
EIF4E,KEAP1,-0.004028344
OSBPL10,KEAP1,-0.005594973
UBE2D4,KEAP1,-0.0029666137
SLC12A5,KEAP1,-0.010527985
RORC,KEAP1,-0.0016018336
ADAMTSL5,KEAP1,-0.011388126
FAIM,KEAP1,-0.005177965
RWDD1,KEAP1,-0.034275565
KCNG3,KEAP1,-0.117391914
ECI1,KEAP1,-0.025823249
CAPN14,KEAP1,-0.010362522
DIPK1A,KEAP1,-0.043374922
MAP2K6,KEAP1,-0.02146344
PTGES,KEAP1,-0.022748122
BLID,KEAP1,-0.008565701
GSPT2,KEAP1,-0.0087346565
ATP6V0A2,KEAP1,-0.012069365
FSCN3,KEAP1,-0.0004400729
GALE,KEAP1,-0.015469483
CCBE1,KEAP1,-0.003351104
F2RL1,KEAP1,0.0035591172
CDH10,KEAP1,-0.002667567
OTUD1,KEAP1,-0.0010644881
KIAA0319,KEAP1,-0.06292519
AKR1C4,KEAP1,-0.15459397
ABCB9,KEAP1,-0.0829264
GABRR2,KEAP1,-0.003981909
CHKB-CPT1B,KEAP1,-0.013866194
DAZL,KEAP1,-0.03600659
CPZ,KEAP1,-0.0025182553
TAMM41,KEAP1,-0.008176422
ABTB2,KEAP1,-0.004778775
ZNF484,KEAP1,-0.005044942
PNMA1,KEAP1,-0.016893033
TMEM60,KEAP1,-0.014593334
VLDLR,KEAP1,0.00034162332
MAFF,KEAP1,-0.010391796
ZNF182,KEAP1,-0.005941288
FAM133A,KEAP1,-0.019403929
SP7,KEAP1,-0.022779105
QRFP,KEAP1,-0.0030224347
JPH1,KEAP1,-0.007175891
HSD11B2,KEAP1,-0.014272559
PBLD,KEAP1,-0.0027559465
KRT24,KEAP1,-0.009619825
UGT1A4,KEAP1,-0.0119955605
SLC38A5,KEAP1,-0.012156148
G6PD,KEAP1,-0.0714528
ZNF544,KEAP1,-0.0046924814
ORAI2,KEAP1,-0.014979875
SYT9,KEAP1,-0.017596323
OSGIN1,KEAP1,-0.4818818
H1-4,KEAP1,-0.018062836
PNPLA6,KEAP1,-0.04037494
SCNN1A,KEAP1,-0.01299813
MOSMO,KEAP1,-0.038854092
YWHAB,KEAP1,-0.007961554
FOLR1,KEAP1,-0.0023735373
TSPAN33,KEAP1,-0.0019386127
NDUFAF4,KEAP1,-0.0059693814
PLA2G4D,KEAP1,-0.0023983438
TMEM45B,KEAP1,-0.009404289
ABCB6,KEAP1,-0.05728012
CCDC152,KEAP1,-0.04012141
EFCAB12,KEAP1,-0.002065948
CEPT1,KEAP1,-0.009716448
ARL4C,KEAP1,-0.04288661
CHPF,KEAP1,-0.019386897
NEFM,KEAP1,-0.027475981
VANGL1,KEAP1,-0.007540408
AKT1S1,KEAP1,-0.008479311
ABCC3,KEAP1,-0.043214824
SP100,KEAP1,-0.013827359
MICAL2,KEAP1,-0.0112641
TNPO3,KEAP1,-0.0021122922
ARHGAP45,KEAP1,-0.0127335675
MTMR2,KEAP1,-0.01462992
THBS1,KEAP1,-0.0029215382
ARHGAP26,KEAP1,-0.022167483
TIMM13,KEAP1,-0.018418
KIAA1841,KEAP1,-0.006076604
AVPR2,KEAP1,-0.0042223423
TBC1D10B,KEAP1,0.00012540053
RPL39L,KEAP1,-0.003942914
EPHX1,KEAP1,-0.22227842
SLC5A5,KEAP1,-0.012856596
UGDH,KEAP1,-0.0058091003
GNG5,KEAP1,-0.009498257
CTBP2,KEAP1,-0.002964444
ANXA2R,KEAP1,-0.018267566
BOK,KEAP1,-0.009379633
FANCD2,KEAP1,0.0010681616
GPT,KEAP1,-0.013369081
IL9R,KEAP1,-0.01469316
KCNQ5,KEAP1,-0.014517889
TMED8,KEAP1,-0.0098313
PRSS35,KEAP1,-0.022232788
PTN,KEAP1,-0.023699556
WDR75,KEAP1,0.0031738
CCDC188,KEAP1,0.0007026273
ZNF880,KEAP1,-0.0024289715
NRCAM,KEAP1,-0.00395921
SLC22A23,KEAP1,-0.011498567
MRPL21,KEAP1,-0.034836207
PAX9,KEAP1,-0.050037134
EPDR1,KEAP1,-0.0070206653
CCND2,KEAP1,-0.17636937
RASL12,KEAP1,-0.021036586
DAPK2,KEAP1,-0.0027585821
NNT,KEAP1,-0.022266408
FP565260.1,KEAP1,-0.0059811193
TMEM198,KEAP1,-0.009858598
CNNM2,KEAP1,-0.0056040743
CPLX2,KEAP1,-0.109948784
PDZK1,KEAP1,-0.024266893
SH2D3C,KEAP1,-0.029165626
IBTK,KEAP1,-0.017365098
TMEM260,KEAP1,-0.021071656
TXNRD1,KEAP1,-0.12607463
NKX1-2,KEAP1,-0.013022047
PPP2R2A,KEAP1,-0.016045686
HHEX,KEAP1,0.006323807
FER1L5,KEAP1,-0.011483251
PLAC8,KEAP1,-0.08293263
HOXB1,KEAP1,-0.0062612956
CILP,KEAP1,-0.023173006
TOMM7,KEAP1,-0.005254938
ULBP2,KEAP1,-0.010976709
STX19,KEAP1,-0.011139652
EID3,KEAP1,-0.039619833
H4-16,KEAP1,-0.0045908885
DNAJC22,KEAP1,-0.0027825353
CNPY2,KEAP1,-0.006420033
AL031777.2,KEAP1,-0.004990442
ZNF112,KEAP1,-0.011985767
CEP20,KEAP1,-0.017347114
ATP1B1,LEPR,-0.020086758
FAM122B,LEPR,-0.010564275
KIRREL1,LEPR,-0.014696026
F5,LEPR,-0.023890011
CD164L2,LEPR,-0.018680423
MAPKBP1,LEPR,-0.002965399
XKR6,LEPR,-0.012363695
NRARP,LEPR,-0.015271734
C2orf81,LEPR,-0.08264173
LOXL4,LEPR,-0.009497459
LAMC1,LEPR,-0.003169982
NUDT10,LEPR,-0.014269837
UBE2F-SCLY,LEPR,-0.017146867
HRCT1,LEPR,-0.030471161
HEY1,LEPR,-0.0154842455
TMEM108,LEPR,-0.034193937
EYA1,LEPR,-0.018459998
CAPN11,LEPR,-0.10405472
BRD3,LEPR,-0.009123887
TNFRSF1A,LEPR,-0.026563877
MCF2L2,LEPR,-0.012918111
LRRIQ1,LEPR,-0.0060545304
STX11,LEPR,-0.026409144
ATP6V0B,LEPR,-0.008850034
ELOF1,LEPR,-0.0059914445
MCM4,LEPR,-0.017227596
LBX2,LEPR,-0.02558875
ZNF846,LEPR,-0.014236584
APELA,LEPR,-0.016973346
MT1F,LEPR,-0.032599017
DYDC2,LEPR,-0.038305443
HSFX1,LEPR,-0.012853694
ZNF677,LEPR,-0.07779755
ATRX,LEPR,-0.002113054
METAP1,LEPR,-0.030485855
TST,LEPR,-0.032002065
TACR3,LEPR,-0.023382992
ZNF829,LEPR,-0.053071532
ALPP,LEPR,-0.03303074
ACBD7,LEPR,-0.016975919
COL13A1,LEPR,-0.006802972
SREBF2,LEPR,-0.0058736787
NHS,LEPR,-0.034042127
DYNLT3,LEPR,-0.00821922
MYBL1,LEPR,-0.030674629
FRS3,LEPR,-0.036748275
POLB,LEPR,-0.14013055
TTLL11,LEPR,-0.01468128
FMO3,LEPR,-0.036122713
CST6,LEPR,-0.031892285
SPOCK1,LEPR,-0.016572872
CCN1,LEPR,-0.0033445423
CYRIA,LEPR,-0.029663099
CD99,LEPR,-0.0035315754
LGALS12,LEPR,-0.010325427
NCSTN,LEPR,-0.021966113
CD247,LEPR,-0.025319608
ADAP1,LEPR,-0.027012778
INSYN1,LEPR,-0.047486108
S100B,LEPR,-0.008414748
SGPL1,LEPR,-0.071168676
ADGRE5,LEPR,-0.11790669
CYP2U1,LEPR,-0.012590017
EPHB2,LEPR,-0.025015596
TOP2A,LEPR,-0.012594128
HES5,LEPR,-0.017063806
ABLIM1,LEPR,-0.014621756
CCL4L2,LEPR,-0.016266411
CLK1,LEPR,-0.0003122035
PAFAH1B3,LEPR,-0.018331718
TUBA4A,LEPR,-0.030850755
ELAVL2,LEPR,-0.04027854
LRRTM4,LEPR,-0.016034665
MARVELD3,LEPR,-0.012270195
CELF2,LEPR,-0.077235706
RANBP17,LEPR,-0.053073864
NAV1,LEPR,-0.008212949
ADCY10,LEPR,-0.005960466
PARD6B,LEPR,-0.032192357
CPO,LEPR,-0.033128615
MSMO1,LEPR,-0.019812735
DCAF6,LEPR,-0.014880396
SEMA5B,LEPR,-0.012525997
RHPN2,LEPR,-0.024694255
TNNT3,LEPR,-0.0042851223
DNM3,LEPR,-0.037987713
ACSM4,LEPR,-0.047611725
RAB3GAP2,LEPR,-0.005028288
SLC12A3,LEPR,-0.0065882406
B4GALT3,LEPR,-0.0038730002
DYNLT1,LEPR,-0.031835917
VWA5B2,LEPR,-0.03699421
AC104452.1,LEPR,-0.028243547
C19orf44,LEPR,-0.004697115
CYP24A1,LEPR,-0.031747796
BPNT1,LEPR,-0.026083145
RTN4RL1,LEPR,-0.005708674
ADAMTSL4,LEPR,-0.019622693
RNF166,LEPR,-0.0019465956
NDN,LEPR,-0.031017879
MRC1,LEPR,-0.01320463
SLC2A14,LEPR,-0.045853008
SPTSSB,LEPR,-0.023791615
PSORS1C2,LEPR,-0.020853557
PPIC,LEPR,-0.013206597
ZNF888,LEPR,-0.025161317
LRRC36,LEPR,-0.017239247
XPO1,LEPR,-0.009963455
MRAS,LEPR,-0.0076118354
CCL3L3,LEPR,-0.029875046
COL21A1,LEPR,-0.21205632
POGK,LEPR,-0.08208359
PBX1,LEPR,-0.06809345
PTGER2,LEPR,-0.005013678
CH25H,LEPR,-0.040518418
CELF3,LEPR,-0.028547116
DGKB,LEPR,-0.013168967
CAPNS2,LEPR,-0.01875247
RNF170,LEPR,-0.029204542
CPEB3,LEPR,-0.008313753
GALP,LEPR,-0.023190318
CDK2AP1,LEPR,-0.018455714
ARL5B,LEPR,-0.030018028
SUSD1,LEPR,-0.013004759
PLPPR1,LEPR,-0.009180225
GJA3,LEPR,-0.0111714965
F3,LEPR,-0.10489045
GNB4,LEPR,-0.025253607
NIT1,LEPR,-0.013412185
PCSK9,LEPR,-0.021014081
SP8,LEPR,-0.015905034
CORO1A,LEPR,-0.003319288
MTHFS,LEPR,-0.09480092
SMIM20,LEPR,-0.026419114
RHBDL2,LEPR,-0.16077317
PDRG1,LEPR,-0.02515268
ZNF816,LEPR,-0.009020582
LRRC7,LEPR,-0.046015106
ZSCAN18,LEPR,-0.046391767
SLC6A14,LEPR,-0.01712411
FOXD1,LEPR,-0.10309631
OPTC,LEPR,-0.0048469603
CYP4F12,LEPR,-0.009787903
PRKAB2,LEPR,-0.01738936
CD1C,LEPR,-0.020370169
SSH3,LEPR,-0.017436957
PPBP,LEPR,-0.028658709
RSPH14,LEPR,-0.016472988
NCBP2AS2,LEPR,-0.025563437
DKK1,LEPR,-0.014286882
CCL23,LEPR,-0.0506923
MYLK,LEPR,-0.009392141
PLD4,LEPR,-0.01930067
LRG1,LEPR,-0.142303
FBXO32,LEPR,-0.033207145
ZNF48,LEPR,-0.018268377
DAW1,LEPR,-0.036759
SLN,LEPR,-0.03194527
NPIPB4,LEPR,-0.02622567
IGFBP3,LEPR,-0.026880031
DLEU7,LEPR,-0.02116667
STAR,LEPR,-0.012002166
ERVH48-1,LEPR,-0.0175915
SYK,LEPR,-0.0089493375
PCDHGC5,LEPR,-0.021040417
PWP2,LEPR,-0.016818583
VIM,LEPR,-0.0461575
LAYN,LEPR,-0.019565485
CCL11,LEPR,-0.028321266
RPS27AP5,LEPR,-0.009545962
RNF180,LEPR,-0.020727322
BRINP3,LEPR,-0.020417377
TMEM14C,LEPR,-0.0026540656
IMPA2,LEPR,-0.049414583
ABCC10,LEPR,-0.03208272
ETHE1,LEPR,-0.048967272
DGCR2,LEPR,-0.014247468
GPR33,LEPR,-0.0108513
CD1E,LEPR,-0.014934151
AL139260.3,LEPR,-0.018120004
GUCY1B1,LEPR,-0.01922836
CYP26B1,LEPR,-0.00879234
C16orf72,LEPR,-0.0102805495
TBC1D8,LEPR,-0.07015239
FHL2,LEPR,-0.017662564
HCFC2,LEPR,-0.030335905
FOXP2,LEPR,-0.016618665
SLC30A8,LEPR,-0.046011608
TMPRSS15,LEPR,-0.1658217
OLFML3,LEPR,-0.0135341715
TRPM3,LEPR,-0.01366897
MATK,MED12L,-0.005621207
KATNA1,MED12L,-0.034259416
TTLL1,MED12L,-0.010347996
NPIPB12,MED12L,-0.019141393
SC5D,MED12L,-0.0038368867
B4GALNT2,MED12L,-0.021567112
ZC3H15,MED12L,-0.011640951
TP53TG5,MED12L,-0.00880647
RABL3,MED12L,-0.049844366
PRR7,MED12L,-0.017289605
SH2D4B,MED12L,-0.015798228
CYTL1,MED12L,-0.0098291505
ADRA2A,MED12L,-0.005235047
KRT71,MED12L,-0.0068805423
CDH11,MED12L,-0.15247874
ISOC2,MED12L,-0.017968971
PPDPFL,MED12L,-0.009153927
MEIS3,MED12L,-0.01243952
POLR3G,MED12L,-0.011523053
ZFP37,MED12L,-0.011409082
MXD3,MED12L,-0.009329174
OCSTAMP,MED12L,-0.027958782
SERPINI1,MED12L,-0.030085567
SLC13A5,MED12L,-0.021765646
EZR,MED12L,-0.0055075097
HCAR1,MED12L,-0.0021591154
TNFRSF9,MED12L,-0.06337306
PTH2R,MED12L,-0.010367011
H1-2,MED12L,-0.0326425
TGFB1,MED12L,-0.023379738
C3orf70,MED12L,-0.02709584
SOX8,MED12L,-0.041046984
HOXA9,MED12L,-0.006691204
AGBL2,MED12L,-0.023760526
PIK3R4,MED12L,-0.011360617
FAM83A,MED12L,-0.07834795
C3orf52,MED12L,-0.0048634843
FAM221B,MED12L,-0.010013079
KLF13,MED12L,-0.0061493833
DARS2,MED12L,-0.029561967
POPDC2,MED12L,-0.11025907
COL26A1,MED12L,-0.0413158
KCTD15,MED12L,-0.0474944
CAMSAP2,MED12L,-0.014325283
DDHD1,MED12L,-0.009815381
CRADD,MED12L,-0.029884286
SLC7A8,MED12L,-0.019579882
MT2A,MED12L,-0.03171228
DPT,MED12L,-0.025333218
GABRQ,MED12L,-0.018930865
ZSCAN12,MED12L,-0.021983294
MLF1,MED12L,-0.00901259
PIP5KL1,MED12L,-0.013549056
PCDHGA11,MED12L,-0.037910618
DEGS2,MED12L,-0.05389162
RAMACL,MED12L,-0.011695115
HSPB6,MED12L,-0.0044497247
TRHR,MED12L,-0.030170389
COG5,MED12L,-0.01808497
THSD7A,MED12L,-0.045690544
SLC22A2,MED12L,-0.034624215
OSM,MED12L,-0.01999218
SEC13,MED12L,-0.032495517
SYTL5,MED12L,-0.016277041
NDUFA10,MED12L,-0.07111794
TUSC1,MED12L,-0.011982855
PDIA5,MED12L,-0.011146427
PLEKHA1,MED12L,-0.013426949
CTH,MED12L,-0.019603113
CCDC27,MED12L,-0.01919218
ADAMTS7,MED12L,-0.015226832
SESTD1,MED12L,-0.012358202
ETV4,MED12L,-0.019532222
TRIM43B,MED12L,-0.03241748
ATRNL1,MED12L,-0.03424377
BIRC7,MED12L,-0.023658935
AKR1B15,MED12L,-0.01949341
FPGS,MED12L,-0.03710416
ACVR1C,MED12L,-0.04268098
TCHHL1,MED12L,-0.011988832
PCDHGA9,MED12L,-0.0011627002
C1QTNF9B,MED12L,-0.06237198
HOXC6,MED12L,-0.027602054
GNAL,MED12L,-0.04882831
GUCY2D,MED12L,-0.016476728
ZC3H12A,MED12L,-0.017747829
AJM1,MED12L,-0.029162446
SPATA12,MED12L,-0.017394925
CBWD3,MED12L,-0.026987106
COL15A1,MED12L,-0.02444436
RNGTT,MED12L,-0.027588803
UBA6,MED12L,-0.017420989
SOX7,MED12L,-0.038825322
COL4A3,MED12L,-0.015377435
GHR,MED12L,-0.045003835
SUCNR1,MED12L,-0.0092062205
CFAP52,MED12L,-0.0071857744
BAK1,MED12L,-0.014891574
IGSF1,MED12L,-0.01405382
CCDC24,MED12L,-0.016868673
MTARC1,MED12L,-0.02792921
AP006621.6,MED12L,-0.026620585
GPR19,MED12L,-0.054314464
KIF11,MED12L,-0.0039507346
ERAP2,MED12L,-0.011068745
ZNF430,MED12L,-0.011532111
HTR1F,MED12L,-0.010008287
TBRG4,MED12L,-0.056147452
ZNF66,MED12L,-0.012353094
ASXL3,MED12L,-0.022866162
NPY5R,MED12L,-0.012734207
PCYT1B,MED12L,-0.01257778
GUF1,MED12L,-0.03797682
OCIAD2,MED12L,-0.021602686
TRPM1,MED12L,-0.02153487
RAB17,MED12L,-0.0289298
SNX31,MED12L,-0.01707032
KCNMB3,MED12L,-0.015226035
SLITRK3,MED12L,-0.014816705
UCP1,MED12L,-0.013696625
MASP1,MED12L,-0.09974733
SCAMP4,MED12L,-0.02993295
GPX7,MED12L,-0.02643695
PCCB,MED12L,-0.006265447
KCNQ3,MED12L,-0.007923755
GSKIP,MED12L,-0.018950576
SCLY,MED12L,-0.007858368
GOLGA6L2,MED12L,-0.023311023
TMEM37,MED12L,-0.013078884
CHST11,MED12L,-0.036307584
PRKG1,MED12L,-0.040058278
INSM1,MED12L,-0.053107597
DUOXA2,MED12L,-0.01322347
GALNT11,MED12L,-0.012218424
MESP2,MED12L,-0.07504519
NFE2L3,MED12L,-0.0117005035
SLN,MED12L,-0.07893169
H4C11,MED12L,-0.010713668
CACNA2D2,MED12L,-0.020672254
FKBP10,MED12L,-0.0050464324
SEM1,MED12L,-0.020062502
TSPAN5,MED12L,-0.10672883
DGKK,MED12L,-0.013667498
CDK6,MED12L,-0.0053099594
ZNF462,MED12L,-0.012076505
IL19,MED12L,-0.046330344
ANKRD39,MED12L,-0.010205795
KCNK2,MED12L,-0.02020945
DTX3L,MED12L,-0.026179062
CREBRF,MED12L,-0.011238157
OST4,MED12L,-0.038007434
FRYL,MED12L,-0.0125997905
GRK4,MED12L,-0.00854839
FBXO42,MED12L,-0.0121335145
MTMR11,MED12L,-0.04721189
SLC35F3,MED12L,-0.0373145
ZNHIT1,MED12L,-0.06919058
THEM5,MED12L,-0.0072208294
TMEM182,MED12L,-0.017276414
C16orf90,MED12L,-0.02359125
CHGB,MED12L,-0.012474176
KCNU1,MED12L,-0.021409819
SCT,MED12L,-0.036274783
LACTB2,MED12L,-0.060805675
RASA3,MED12L,-0.01471709
AL391650.1,MED12L,-0.016030801
AP002373.1,MED12L,-0.02487856
PRRC2B,MED12L,-0.029377876
POPDC3,MED12L,-0.010226692
BMP1,MED12L,-0.0001875414
THEMIS,MED12L,-0.024581887
LPO,MED12L,-0.015535574
ABCA7,MED12L,-0.0290488
PTGDR,MED12L,-0.011228308
TRUB2,MED12L,-0.020313865
NTRK1,MED12L,-0.025792219
OTOS,MED12L,-0.015837727
PGA5,MED12L,-0.017321555
TGM5,MED12L,-0.023220781
TMEM117,MED12L,-0.00931953
XDH,MED12L,-0.06837994
ARHGEF35,MED12L,-0.006555742
PXYLP1,MED12L,-0.029612651
UNCX,MED12L,-0.019245848
XKR8,MED12L,-0.012222799
RFLNA,MED12L,-0.29107016
FOXD1,MED12L,-0.010832712
LONRF2,MED12L,-0.015771834
H3C3,MED12L,-0.012832284
RTP3,MED12L,-0.021546314
MME,MED12L,-0.009129862
TPRA1,MED12L,-0.010359625
CRPPA,MED12L,-0.021675462
GSTT4,MED12L,-0.022959007
GPR3,MED12L,-0.012516864
PSMD13,MED12L,-0.07782003
PER1,MED12L,-0.044688053
ACER2,MED12L,-0.01412868
DLL3,MED12L,-0.063562624
PRKAG1,MED12L,-0.033053838
FREM2,MED12L,-0.0153935235
ZFAND2A,MED12L,-0.10449142
ZNF594,MED12L,-0.02535315
SMAD2,MED12L,-0.028243965
PTTG1,MUC16,-0.00865508
ANKRD61,MUC16,-0.00018940172
PTCH1,MUC16,0.00086360995
CDC42BPB,MUC16,-0.0026322883
IBTK,MUC16,0.0034189734
NOTUM,MUC16,-0.00413264
CCNH,MUC16,-0.0031133373
RBM47,MUC16,-8.095696e-05
RAB2A,MUC16,-0.0008898404
RHOD,MUC16,-0.0001126358
SPI1,MUC16,0.0014304837
IDH3A,MUC16,-0.0018532247
IRAG2,MUC16,-0.001697102
CXXC1,MUC16,0.00045061298
GTF2I,MUC16,-0.00055118446
DACH1,MUC16,-0.0043502864
ABCC4,MUC16,-0.0010747652
MT1H,MUC16,-0.001809634
CEP135,MUC16,-0.0011556123
BCL6B,MUC16,-0.0017788663
ZNF681,MUC16,-0.0025354943
SLC25A38,MUC16,0.00060801586
CENPA,MUC16,-0.00085814315
NUDT10,MUC16,-0.0056268703
ELN,MUC16,-0.002092143
CWC15,MUC16,-0.0007782594
ZNF625,MUC16,-6.783362e-05
HTATIP2,MUC16,-0.0055708294
TP53TG3D,MUC16,-0.0004016832
PROSER2,MUC16,0.0026305343
CDC45,MUC16,-0.0044570323
CD46,MUC16,-0.0019917344
MIXL1,MUC16,-0.0014273404
FAM50A,MUC16,-0.0002587409
TNFAIP2,MUC16,-0.0017809363
RTN2,MUC16,-0.0018329922
TCEA3,MUC16,0.0025156296
PLCB3,MUC16,0.0034685913
PLEKHB1,MUC16,0.0053298846
ZNF732,MUC16,-0.0012163582
GSTZ1,MUC16,-0.0017193218
CXCL14,MUC16,0.00013681121
SYNGR4,MUC16,0.0011453516
SP4,MUC16,-0.0032923024
PHF7,MUC16,-0.0009505468
C2orf76,MUC16,0.0097511895
GUCY1A1,MUC16,-0.00017507536
MYO5A,MUC16,-0.0038964832
CADM2,MUC16,0.0007371726
IL17RD,MUC16,-0.000687144
CYP2E1,MUC16,-0.0017417097
ZNF57,MUC16,-0.002169328
ESM1,MUC16,-0.0018762784
RNF212,MUC16,-0.0021407374
USP30,MUC16,-6.75844e-05
MMP14,MUC16,-0.0043993355
ELF3,MUC16,-0.009701501
LIN28B,MUC16,-0.0010552666
IFT22,MUC16,0.00055580435
HOXC11,MUC16,0.0004276122
NGF,MUC16,-0.0009762245
DCC,MUC16,3.0470752e-05
NRROS,MUC16,0.00015234615
AQP3,MUC16,-0.00087878254
NMRAL1,MUC16,-0.00084201066
XKR6,MUC16,-0.0028090444
LPAR5,MUC16,0.0012216617
SLC39A7,MUC16,-0.0017954176
SUPT5H,MUC16,0.0016935264
SLC6A20,MUC16,-0.0023485448
SYNJ2,MUC16,-0.0034429936
TOR1B,MUC16,-0.0020891104
ATG2A,MUC16,-0.0011138148
GPALPP1,MUC16,0.0005779787
ADCY2,MUC16,-0.0031034073
PPP1R16A,MUC16,-0.0025597217
LBHD2,MUC16,-0.0022417766
SEZ6L,MUC16,-0.0034587171
DCAF12L1,MUC16,0.001552314
INPP5F,MUC16,0.0038108283
DCLK2,MUC16,0.0020220673
MSMB,MUC16,-0.00034496092
IBSP,MUC16,-0.00081925886
OSMR,MUC16,-0.0055667288
SH3TC2,MUC16,-0.00040207253
ADH1A,MUC16,-0.008821059
SLC39A3,MUC16,-0.0026478409
MUC20,MUC16,-0.00067630946
WNT9A,MUC16,-0.0006691098
PPP2R2B,MUC16,-0.0029256204
ZNF560,MUC16,-0.009998821
SULT4A1,MUC16,0.0014563274
SLC10A5,MUC16,0.0013926028
C6orf141,MUC16,-0.017261436
HMGCLL1,MUC16,0.0055609522
CDYL,MUC16,-0.0022921802
INSYN2B,MUC16,0.00061870454
CFAP69,MUC16,0.00047678477
DLL3,MUC16,-0.0018092284
POLR1C,MUC16,-0.00021438702
MRPS33,MUC16,0.0013762716
SCML4,MUC16,-0.0020964157
FIGN,MUC16,0.0012488277
SLC2A4RG,MUC16,2.506787e-05
UPK3B,MUC16,-0.009644845
ATP12A,MUC16,-0.009397807
SMAD2,MUC16,0.0011673177
PLXNA1,MUC16,-9.824327e-05
NT5DC3,MUC16,0.0020060388
SH3RF2,MUC16,-0.008119867
ZDHHC12,MUC16,0.0005017572
GRAMD1B,MUC16,-0.00048399493
LGALS3BP,MUC16,-0.0032349818
RARS2,MUC16,0.002399278
GUCY2C,MUC16,-0.00048452956
TMEM59L,MUC16,-0.0006374151
HSPA1B,MUC16,0.0009804713
SLC6A5,MUC16,-0.0038464528
ANGPT2,MUC16,-0.0027584801
POU2AF1,MUC16,-0.00034242324
C8orf37,MUC16,-0.008825968
HIKESHI,MUC16,-0.0018988439
CTSC,MUC16,-0.0022599888
GATD3B,MUC16,0.0005058217
TOB2,MUC16,-0.006765687
IGSF10,MUC16,-0.00012272886
RASD2,MUC16,-0.0019678334
TEX22,MUC16,0.0018218312
TUBB4B,MUC16,-0.0014352727
IRX6,MUC16,-0.0014465053
RAB19,MUC16,-0.0054940926
CD200R1L,MUC16,-0.0005837697
GMNN,MUC16,0.0015875151
ZNF532,MUC16,-0.0140524255
POP7,MUC16,-0.0019722593
PCGF1,MUC16,-0.0044256146
TXK,MUC16,-0.0032670924
MFSD10,MUC16,-0.0014982963
DNPEP,MUC16,-0.005882757
EML5,MUC16,-0.0022091658
CXCL9,MUC16,-0.0015742852
DNAH3,MUC16,-0.0002790744
GFOD1,MUC16,0.006506931
TXNDC5,MUC16,-0.0020468608
TPM4,MUC16,0.0004511914
NFATC4,MUC16,0.0012394625
BCAT1,MUC16,-0.0036768252
IGF2BP2,MUC16,0.0006565729
TARS1,MUC16,0.00055850245
RNASET2,MUC16,-0.00153769
MTRNR2L10,MUC16,-0.0029538744
CES2,MUC16,-0.0023622385
INPP5E,MUC16,0.002239378
HEBP2,MUC16,-0.002043568
TPRG1,MUC16,-0.004173596
TBX18,MUC16,-0.0018070975
CSAG2,MUC16,-0.0020721098
YDJC,MUC16,0.00022081443
ADAM28,MUC16,-0.0034043475
STIMATE-MUSTN1,MUC16,-0.0013811147
ZNF773,MUC16,0.0023436805
FAM151A,MUC16,-0.0011261743
ANAPC2,MUC16,0.0021286535
HACL1,MUC16,-0.0046459977
CYP27A1,MUC16,3.277144e-05
SNAPC1,MUC16,-0.0006556918
GP1BA,MUC16,-0.0007573106
NUDT8,MUC16,0.0006765858
FAM184A,MUC16,-0.0007215684
PPM1F,MUC16,0.00077129883
DNAH1,MUC16,-0.0019925802
ZNF556,MUC16,-0.008442713
ZNF274,MUC16,-0.0023935053
TTC39B,MUC16,-0.0017451717
PRRT4,MUC16,-0.0010901268
ERRFI1,MUC16,0.0027764435
TRIM59,MUC16,-0.001737224
VAV2,MUC16,-0.0005524842
MTRNR2L8,MUC16,-0.0032248634
ERLIN1,MUC16,-0.0026953863
MPC1L,MUC16,0.0006794198
FSTL5,MUC16,0.0037658564
PEG10,MUC16,0.0030812605
C1QL4,MUC16,-0.003527674
SLC30A8,MUC16,-0.000543178
SLC35F2,MUC16,0.0009456628
LEKR1,MUC16,-0.004522417
PRELID3B,MUC16,0.0017657757
OVGP1,MUC16,-0.0018275693
MXRA5,MUC16,0.00051986723
IQCA1,MUC16,-0.002412792
DCT,MUC16,-0.004541204
TMEM33,MUC16,-0.0070546363
KIF3B,MUC16,-0.009633913
B3GALT4,MUC16,-0.0007361253
CERS1,MUC16,0.00045228712
NPIPB3,MUC16,0.00030610082
HACD4,MUC16,-0.003953845
CDNF,MUC16,-0.0028101925
LAX1,MUC16,-0.00024596223
MRPS16,MUC16,-0.0019531937
TCTEX1D2,MUC16,-0.0006191391
QDPR,MUC16,-0.0058805416
ATP9B,MUC16,-0.00973998
FUT8,MUC16,-0.0108006615
NUP210L,MUC16,-0.0067207324
SFXN4,MUC16,-0.0011158055
IFI27L2,MUC16,-0.003991564
H2AC4,MUC16,-0.009133107
TMEM128,MUC16,-0.005654638
SMKR1,MUC16,-0.0012714344
RFXAP,MUC16,0.0020073815
LRP5,MUC16,0.002333782
ACRBP,MUC16,0.0006824816
SERPINB11,MUC16,-0.0016841912
COLCA2,MUC16,-0.0045981156
THAP8,MUC16,-0.006525122
DDX24,MUC16,-0.0020309924
PASD1,MUC16,-0.0010244627
TERF2,MUC16,0.0029428015
SMC1B,MUC16,-0.0017517676
ZBED4,MUC16,0.0020842887
SLAMF9,MUC16,-0.00061537075
FBXO15,MUC16,-0.0020037913
H3C6,MUC16,-0.002599651
XYLB,MUC16,-0.0011539595
MKNK2,MUC16,-0.0028270478
CLN5,MUC16,0.0006507962
CCNG1,MUC16,0.0008229983
IL7,MUC16,-0.004932926
ANTKMT,MUC16,-0.004292879
MAPK15,MUC16,0.0004138692
ALPK1,MUC16,-3.028622e-05
MOB3B,MUC16,-0.0033153426
CDHR1,MUC16,-0.0011566111
AMTN,MUC16,-0.00074360153
EIF2A,MUC16,-0.0022819182
CLTA,MUC16,0.0024945505
EIF4EBP3,MUC16,-0.0001231549
CA6,MUC16,-0.001559648
LCE3A,MUC16,0.0034455596
MYPOP,MUC16,-0.007672696
CARD17,MUC16,-0.0014920938
VWDE,MUC16,-0.002608079
LRRC4B,MUC16,0.00032703555
IFT140,MUC16,0.0006289324
SLC19A2,MUC16,-0.0025729488
MOB4,MUC16,-0.008293744
CYTH1,MUC16,0.0008772978
ATG16L2,MUC16,-0.00151775
WASHC3,MUC16,-0.0038250326
SLC1A4,MUC16,-0.0028057704
ARHGEF33,MUC16,-0.001760743
HAMP,MUC16,-0.0011253036
AHNAK2,MUC16,0.0008654606
MRPS35,MUC16,-0.0024974232
ADCY5,MUC16,-0.0020381003
MOB2,MUC16,0.001198919
GALNT14,MUC16,-0.0016105577
CISD2,MUC16,-0.0052572745
ITGB1BP1,MUC16,0.0022371358
MIB2,MUC16,-0.004079641
NMUR1,MUC16,-0.0033842179
AP2S1,MUC16,-9.074481e-05
MRPL49,MUC16,-0.0041499073
RAD21L1,MUC16,-0.0016476425
GAL,MUC16,-0.0009918336
ZNF714,MUC16,-0.0013393374
CHMP1B,MUC16,-0.010267318
RLBP1,MUC16,-0.0039304784
FCGBP,MUC16,-0.00073979644
CCDC169,MUC16,-0.0093907695
ANKRD50,MUC16,-0.0023826992
FCRL1,MUC16,-0.00032072808
C12orf56,MUC16,-0.0021844688
IGFBP4,MUC16,-0.04887799
PSMC4,MUC16,-0.0032100652
GINS4,MUC16,-0.0037586729
FBXO38,MUC16,0.003768784
MMP12,MUC16,-0.0060144546
FAM183A,MUC16,-0.0005762789
PRSS8,MUC16,-0.0036336961
RXRA,MUC16,-0.0020176922
NEK2,MUC16,1.5542675e-05
MMP17,MUC16,-0.0056084692
SLC39A13,MUC16,-0.0020340015
SPDYE17,MUC16,-0.0017647087
COPG1,MUC16,0.0013278706
TNK1,MUC16,-0.008340525
SEMA6B,MUC16,-0.005016494
COQ4,MUC16,-0.0056234812
CFHR3,MUC16,-0.006651687
PSENEN,MUC16,-0.0008551794
FOS,MUC16,-0.017028775
PAQR9,MUC16,-0.0018051908
SLC25A27,MUC16,0.00200344
PHKB,MUC16,0.0007423484
HOXD10,MUC16,-0.0022224009
THSD7A,MUC16,-0.0054196
ARHGEF28,MUC16,-0.0004131775
EFEMP1,MUC16,0.002999642
FBXO34,MUC16,0.00119424
MORN3,MUC16,-0.0029435565
CCNB1,MUC16,-0.001082516
SH2D3C,MUC16,0.0035330998
CYP2D6,MUC16,0.00045706207
PIM2,MUC16,-0.0010337714
METTL26,MUC16,-0.004692121
GCOM1,MUC16,-0.0019482607
GPER1,MUC16,-5.656622e-05
FLOT1,MUC16,-0.0029050764
CPNE6,MUC16,-0.0019001832
ERFL,MUC16,-0.00029856287
C4orf51,MUC16,-0.0020412356
TUB,MUC16,-0.0012082504
DDIAS,MUC16,0.00013534867
SLITRK2,MUC16,-0.000528973
HSPB3,MUC16,-0.0020290434
EIF5AL1,MUC16,-3.4824865e-05
CLDND1,MUC16,-0.00246995
VIT,MUC16,-0.004100429
PRSS1,MUC16,-0.0023270564
AOC2,MUC16,0.0011016565
MAGEC2,MUC16,-0.0020100696
GEMIN7,MUC16,-0.0006058305
DNM1L,MUC16,-0.003064616
TMEM121,MUC16,-0.015435483
ECHDC3,MUC16,-0.012555558
PIWIL2,MUC16,-0.0042492864
UBASH3B,MUC16,-0.006554294
NACAD,MUC16,5.56478e-05
SPNS3,MUC16,-1.592453e-05
VIPR1,MUC16,0.0037269352
KCNJ8,MUC16,-0.0010617505
SLC30A9,MUC16,-0.0019184225
TM9SF1,MUC16,-0.003862122
ZNF101,MUC16,0.00047325634
DUS3L,MUC16,-0.0011902361
KCNN2,MUC16,0.0022014445
SCG2,MUC16,-0.003320636
MCMDC2,MUC16,-0.0018889647
NXPE3,MUC16,-0.0002143883
TMEM9B,MUC16,-0.010652864
ZNF492,MUC16,-0.0010628897
MFSD3,MUC16,-0.0057001547
KCNS2,MUC16,-0.0020921929
SMURF1,MUC16,-0.005129259
VASH2,MUC16,0.00035949957
PRDX1,MUC16,0.0018740469
LIFR,MUC16,3.362283e-05
ZBTB20,MUC16,-0.002993617
RNF141,MUC16,-0.00048653624
PLEKHS1,MUC16,-0.003239997
RGS12,MUC16,-6.056083e-06
SAMD11,MUC16,-0.009312035
CAVIN4,MUC16,-0.002245587
ITGAD,MUC16,0.00080816937
FBLIM1,MUC16,-0.0046436572
SMCR8,MUC16,-0.0075984695
SHD,MUC16,-0.001998899
EMCN,MUC16,-0.0013834978
TCEAL9,MUC16,-0.00037086825
B4GALNT3,MUC16,-0.0016567318
ALKAL1,MUC16,-0.0018296911
RGN,MUC16,-0.00047614996
HSH2D,MUC16,-0.006264426
C6,MUC16,-0.0020239325
CHID1,MUC16,-0.0070478367
GEM,MUC16,-0.007056426
ZSCAN23,MUC16,-0.0019640634
H1-7,MUC16,-6.517511e-05
HSPB1,MUC16,-0.002391668
KSR2,MUC16,-0.002718573
SH2D2A,MUC16,-0.004547719
CXADR,MUC16,-0.0022614836
JAM2,MUC16,-0.0038150658
PDCD1LG2,MUC16,-0.012557276
TRIO,MUC16,-0.0072161774
L3MBTL2,MUC16,0.0012681215
TCEAL8,MUC16,0.0024796333
NLRP10,MUC16,-0.0024525903
TMEM177,MUC16,-0.0010891948
NPIPB9,MUC16,-0.0036702284
SPOCK3,MUC16,-0.0035713431
BBOX1,MUC16,-0.000802049
HIF1A,MUC16,-0.0009139227
ASCL4,MUC16,-0.0015181642
MTRNR2L6,MUC16,-0.00061890006
CYP27B1,MUC16,-0.0012137672
PER1,MUC16,0.0005801506
AL121753.1,MUC16,-0.0015110617
ELL2,MUC16,-0.0039157323
WDSUB1,MUC16,-0.0014080943
MTFR2,MUC16,0.0051564863
SMAGP,MUC16,-0.0006431542
LYSMD4,MUC16,-0.0038658024
GPR1,MUC16,-0.0035318453
CHRNG,MUC16,-0.002938926
DST,MUC16,-0.0068517625
KLK11,MUC16,-0.0014684527
AMOTL1,MUC16,0.002360587
FBXO39,MUC16,-0.0037732907
SHOX2,MUC16,-0.0032911655
RAB42,MUC16,0.003096183
SHLD3,MUC16,-0.0011971954
ZNF615,MUC16,-0.00044198657
TP53INP2,MUC16,-0.0008952216
HTR2A,MUC16,-6.811243e-05
FZD5,MUC16,-0.0064776614
CD36,MUC16,-0.0011712969
NDRG2,MUC16,-0.005975483
H3C7,MUC16,0.0015107166
TNNT1,MUC16,0.00024280338
LYPD2,MUC16,0.00059592887
WDR37,MUC16,0.00078592735
PAPPA2,MUC16,-0.002383007
CNIH2,MUC16,-0.0022732746
TIAM1,MUC16,-0.012792469
DTX3,MUC16,-0.010632945
OLFM4,MUC16,-0.0018462179
CDADC1,MUC16,-0.0012792023
OPHN1,MUC16,-0.002950852
NPBWR1,MUC16,-0.0019534251
DEAF1,MUC16,-0.011841443
CRIM1,MUC16,4.6622314e-05
CPSF4L,MUC16,-0.0031246087
LZTS3,MUC16,-0.007092514
C11orf54,MUC16,-0.0056538447
OR10A3,MUC16,-0.001017624
ZFP28,MUC16,-0.0016300735
DGKH,MUC16,-0.00028068552
TF,MUC16,-0.0050789323
TRIM38,MUC16,0.0016101385
IFT46,MUC16,-0.00042610467
EIF4H,MUC16,-0.0016284933
ADSL,MUC16,-0.0044541843
CAPNS1,MUC16,0.00066669873
CCZ1,MUC16,0.0011085015
DOK4,MUC16,0.0021094072
P2RX2,MUC16,0.0007841217
IRF2BPL,MUC16,-0.0020644427
SUCLA2,MUC16,-0.0029875971
PLEKHD1,MUC16,-0.0006295959
ANKRD2,MUC16,-0.0038214254
CAST,MUC16,-0.0003934859
GLE1,MUC16,-0.00037784965
COL4A6,MUC16,-0.002775607
PFKFB2,MUC16,-0.0010532278
KDM6A,MUC16,-0.0004338368
EXT1,MUC16,-0.0028250439
SCN4B,MUC16,-0.0008065663
MB,MUC16,0.003911437
ANKRD33B,MUC16,-0.0033308666
TWSG1,MUC16,-0.0014108007
MAGEF1,MUC16,0.001022806
PHB2,MUC16,-0.0059707602
BOD1,MUC16,-0.0021554006
TNFRSF11A,MUC16,-0.00129486
TMPRSS13,MUC16,-0.002566252
ATF5,MUC16,0.0006170389
C1orf127,MUC16,-0.009163943
NDP,MUC16,-0.0015993862
GARNL3,MUC16,-0.0027322995
MLF2,MUC16,0.0008880855
FGFR1,MUC16,-0.0026511399
UGDH,MUC16,-0.0009935135
PCNA,MUC16,0.0011562296
TEX12,MUC16,-0.009316267
PRSS2,MUC16,-0.015406466
NID1,MUC16,-0.0010830535
ST8SIA5,MUC16,-0.010168614
KRTAP2-3,MUC16,0.0008439407
CD247,MUC16,-0.0006517686
TTBK2,MUC16,-0.001578431
DHRS7,MUC16,0.0016565222
RNPEPL1,MUC16,-0.0019162267
AL022238.3,MUC16,-0.00024500728
PLEKHJ1,MUC16,-0.0009915424
FNIP2,MUC16,0.00049978937
CDK5R1,MUC16,-0.002725586
SLC30A2,MUC16,0.0009408133
EXOSC3,MUC16,-0.0007743041
PROSER3,MUC16,-0.0054853205
MX1,MUC16,-0.001332839
HBB,MUC16,0.0006010724
LDOC1,MUC16,0.000643125
ARMCX5,MUC16,0.00051734364
KREMEN1,MUC16,0.00033339544
AKNAD1,MUC16,-0.0047165793
EBLN2,MUC16,0.003756132
SLC13A5,MUC16,0.00014784213
DIPK1C,MUC16,-0.0023856738
ACTN4,MUC16,-0.0015223583
ADAMTS20,MUC16,-0.0010861562
CENPM,MUC16,-7.956912e-05
MRPL51,MUC16,-0.0030620722
DNASE1L1,MUC16,-0.0012312995
SRPX2,MUC16,-0.0069038686
CCDC15,MUC16,-0.00356161
MDFI,MUC16,0.0017711914
RPP25L,MUC16,0.002056589
SIDT2,MUC16,-0.0010184079
TRDN,MUC16,-0.0037125838
MAFK,MUC16,-0.0048235026
MEX3B,MUC16,-0.0016296062
TIE1,MUC16,-0.0077290754
FSD1,MUC16,-0.0011540934
OAZ3,MUC16,0.0019249944
REG1A,MUC16,0.00046577916
EXOC3L4,MUC16,-0.0010307799
NR4A3,MUC16,-0.0037653628
MARCHF9,MUC16,0.00015183394
BYSL,MUC16,-0.0070641655
ANO8,MUC16,-0.0008565101
TXLNB,MUC16,-0.0011311057
SH2D4B,MUC16,-0.0049472703
SLC28A3,MUC16,-0.0028445267
CSKMT,MUC16,-0.0067170863
ZNF385A,MUC16,0.00031055414
AP3M2,MUC16,0.0067155575
IQGAP1,MUC16,-0.00029971683
ZNF623,MUC16,0.003887282
TEPP,MUC16,-0.008133947
BCL2L13,MUC16,-0.0020167618
PRR19,MUC16,0.0019675072
AC093512.2,MUC16,0.0006287657
FLYWCH1,MUC16,-0.010373638
SUMO2,MUC16,-0.0028308071
MUS81,MUC16,-0.0021024377
MUC21,MUC16,-0.001119584
MTRNR2L1,MUC16,-0.00457833
HUS1B,MUC16,0.0018471592
HMX1,MUC16,-0.0013497518
SLC37A1,MUC16,0.0016574947
ENHO,MUC16,-0.00025853078
UGP2,MUC16,0.0009960396
OR3A2,MUC16,0.00030349963
MYBPC3,MUC16,0.0004500475
EIF3J,MUC16,0.00018308409
DENND10,MUC16,0.0011697527
B3GNT3,MUC16,-0.0063136993
UCKL1,MUC16,-0.005195363
AXDND1,MUC16,-0.00086264114
CAMKK1,MUC16,-0.0029016824
LRRC71,MUC16,-6.5708206e-05
PRDM12,MUC16,-0.00046068276
TSSK3,MUC16,-0.0024661666
UBE2F,MUC16,-0.00038254153
KYNU,MUC16,-0.0006522584
TPCN2,MUC16,-0.000907253
PTH2R,MUC16,-0.000725276
LMX1B,MUC16,-0.0022449852
PLSCR3,MUC16,-0.0039738794
DUSP13,MUC16,-0.0006749095
PIAS4,MUC16,-0.0023178477
LYPD5,MUC16,-0.002079432
PHYH,MYH1,-0.0050452393
APCDD1L,MYH1,-0.006386633
PLGLB2,MYH1,-0.0043983446
NR1D1,MYH1,-0.005814385
C4orf47,MYH1,-0.002317368
UPB1,MYH1,-0.0036288463
SNAP23,MYH1,-0.005981761
CLDN5,MYH1,-0.0069007464
KIF12,MYH1,-0.007247241
RAB40A,MYH1,-0.009650615
DCLK1,MYH1,-0.018362608
CDH8,MYH1,-0.0024510394
WDR83OS,MYH1,-0.009388505
TMIGD3,MYH1,-0.030436747
MAMLD1,MYH1,-0.0060990225
KLRC1,MYH1,-0.017940398
UHRF1BP1,MYH1,-0.0069438
DLST,MYH1,-0.006049433
MSH4,MYH1,-0.036481068
H2BW1,MYH1,-0.026209403
ERN2,MYH1,-0.0056709703
EID2,MYH1,-0.017612124
PPIL6,MYH1,-0.0051549063
MROH1,MYH1,-0.0061310693
SEMA3B,MYH1,-0.0024671352
SLC9C1,MYH1,-0.016928552
GGCT,MYH1,-0.012333752
PSG4,MYH1,-0.0061874054
RRNAD1,MYH1,-0.002763238
DOCK3,MYH1,-0.003909595
NRG4,MYH1,-0.023788728
GRAMD2B,MYH1,-0.00720702
DPAGT1,MYH1,-0.0015876807
EGFL6,MYH1,-0.0045601097
SNX24,MYH1,-0.008103422
ETFB,MYH1,-0.009264252
MECP2,MYH1,-0.009692034
FAAH2,MYH1,-0.0054102615
ACAT2,MYH1,-0.0065594963
PLA2G4B,MYH1,-0.017376767
HOXB4,MYH1,-0.026014132
SRP72,MYH1,-0.0033447524
SDK1,MYH1,-0.0054397644
TMEM47,MYH1,-0.0232758
ADSS1,MYH1,-0.08616845
RALGAPA1,MYH1,-0.005821182
AL451007.3,MYH1,-0.013444806
DRC1,MYH1,-0.007947606
ULK1,MYH1,-0.0028243912
ZNF418,MYH1,-0.0076448615
GALNT8,MYH1,-0.014510175
TNKS1BP1,MYH1,-0.016426478
PTTG2,MYH1,-0.004114354
U2AF1,MYH1,-0.019870726
LURAP1L,MYH1,-0.0039433595
NPC1L1,MYH1,-0.0049021337
RNF149,MYH1,-0.001621623
NXN,MYH1,-0.06849874
DUOXA2,MYH1,-0.008272484
PCSK5,MYH1,-0.0014192042
DGKH,MYH1,-0.0024527663
P3H1,MYH1,-0.0042780465
RGL3,MYH1,-0.0012749326
RAP2A,MYH1,-0.0061208927
IL23A,MYH1,-0.018953178
IVNS1ABP,MYH1,-0.03419077
GYPC,MYH1,-0.015767686
FAM200B,MYH1,-0.009935724
FFAR4,MYH1,0.0004097216
FIGN,MYH1,-0.0061413567
PRKCA,MYH1,-0.013547848
SERPINA4,MYH1,-0.018365454
MADCAM1,MYH1,-0.009974564
TRDMT1,MYH1,-0.0056323158
KDF1,MYH1,-0.0028397746
LRRC40,MYH1,-0.04804889
ADGRL3,MYH1,-0.030756716
OCLN,MYH1,-0.011315075
UPP2,MYH1,-0.012493691
LCE5A,MYH1,-0.012847019
SPIRE1,MYH1,-0.01177391
LARP1B,MYH1,-0.014937326
PCDH7,MYH1,-0.010274788
DPY19L2,MYH1,-0.003997116
IL17A,MYH1,-0.0076055536
BCAT1,MYH1,-0.03964626
INTS11,MYH1,-0.0034606874
NDC80,MYH1,-0.08255615
CGAS,MYH1,-0.008114434
GRP,MYH1,-0.010149511
HMGB3,MYH1,-0.029434321
LY6E,MYH1,-0.005564991
APP,MYH1,-0.009584682
TXNDC8,MYH1,-0.010900256
CHST10,MYH1,-0.0039003438
UGT3A2,MYH1,-0.02604031
CLEC2B,MYH1,-0.04061444
TBC1D4,MYH1,-0.02702806
ACP6,MYH1,-0.015616463
PLEKHB1,MYH1,-0.011745374
GPR21,MYH1,-0.0058042025
ATP1B1,MYH1,-0.013519952
BLOC1S4,MYH1,-0.0058105467
NAPG,MYH1,-0.0028116582
CDHR2,MYH1,-0.004471225
ZBTB22,MYH1,-0.0019890128
ZNF606,MYH1,-0.010909397
PFN1,MYH1,-0.030807028
TNIP3,MYH1,-0.012161627
VKORC1,MYH1,-0.016255403
IL17RC,MYH1,-0.0029012065
FEM1B,MYH1,-0.019588344
CNOT7,MYH1,-0.030005176
LXN,MYH1,-0.0073078685
GEMIN2,MYH1,-0.06318325
GPR19,MYH1,-0.00591504
NIPA2,MYH1,-0.0066044414
EXD1,MYH1,-0.0062117223
C14orf132,MYH1,-0.03309622
USP44,MYH1,-0.01913924
CASP10,MYH1,-0.005479177
URI1,MYH1,-0.0008246899
HSD11B1L,MYH1,-0.0092096925
RASSF7,MYH1,-0.011341923
ZNF354B,MYH1,-0.00401979
ORC2,MYH1,-0.049637288
SETMAR,MYH1,-0.028837228
CTTN,MYH1,-0.0044061793
FRG1,MYH1,-0.012877917
PEX6,MYH1,-0.027561584
MGAT3,MYH1,-0.023931257
MAGEE2,MYH1,-0.022212643
CEP41,MYH1,-0.0042998553
NPW,MYH1,-0.011184696
PHLDB3,MYH1,-0.0019508082
ZNF274,MYH1,-0.013006615
LANCL1,MYH1,-0.00856813
C8orf76,MYH1,-0.032750525
PRSS35,MYH1,-0.0046386155
DNAJC3,MYH1,-0.012501507
EMG1,MYH1,0.0020612725
SPDEF,MYH1,-0.028457027
SPATA16,MYH1,-0.018683903
MDFI,MYH1,-0.019629497
LRRC73,MYH1,-0.013528768
ZC3H4,MYH1,-0.007967607
RPS15,MYH1,-0.010735507
ZNF140,MYH1,-0.038873993
FAM155A,MYH1,-0.011230097
ZNF543,MYH1,-0.0069691944
IRF6,MYH1,-0.007601032
PAFAH1B2,MYH1,0.0010654955
DEPDC1,MYH1,-0.022892445
B9D1,MYH1,-0.0092992885
OOEP,MYH1,-0.0073950742
NDP,MYH1,-0.0047348836
PCDHB9,MYH1,-0.017362475
RBM43,MYH1,-0.00823133
VAX1,MYH1,-0.017106727
TLX3,MYH1,-0.03000926
AQP3,MYH1,-0.005629522
FAM117B,MYH1,-0.007433946
RGS20,MYH1,-0.007904576
AKAP12,MYH1,-0.0007835792
FAM160B1,MYH1,-0.0113649955
PYCR1,MYH1,-0.0038547306
HHEX,MYH1,-0.0029436103
TMEM52B,MYH1,-0.037608948
STOX2,MYH1,-0.018133927
GAL3ST4,MYH1,-0.0047746864
KLF7,MYH1,-0.0047116093
GBE1,MYH1,-0.0075762146
AGFG1,MYH1,-0.02028092
DLGAP1,MYH1,-0.0077582295
TFF3,MYH1,-0.010098962
ZNF630,MYH1,-0.014761638
SESN1,MYH1,-0.009551274
CCDC61,MYH1,-0.008389142
SRRT,MYH1,-0.009473128
XRCC4,MYH1,-0.012261095
NHS,MYH1,-0.007025154
WNK4,MYH1,-0.009286806
ADGRV1,MYH1,-0.008371475
CRISPLD1,MYH1,-0.003943084
ACCS,MYH1,-0.018081762
H4C12,MYH1,-0.002349301
RAD54L,MYH1,-0.017297981
WDR61,MYH1,-0.0018605364
CYRIB,MYH1,-0.017132746
MT1X,MYH1,-0.013993227
CFAP73,MYH1,-0.014173087
SH3BGRL,MYH1,-0.0049798572
BRF2,MYH1,-0.017976908
RARA,MYH1,-0.04114464
ZBED9,MYH1,-0.0069126384
RMDN2,MYH1,-0.018402334
LAMB4,MYH1,-0.013407716
ANGPT2,MYH1,-0.014610113
MXI1,MYH1,-0.011704376
CATIP,MYH1,-0.011402517
OTUD5,MYH1,-0.018645147
SHOC1,MYH1,-0.017924929
SLC5A1,MYH1,-0.0056599565
NUPR1,MYH1,-0.011123345
ERGIC3,MYH1,-0.04829068
TUSC1,MYH1,-0.01837283
NPIPB5,MYH1,-0.0022144548
NPIPB3,MYH1,-0.011019125
SLC39A1,MYH1,-0.007858969
LRP4,MYH1,-0.016379474
TRIM65,MYH1,-0.0023872494
PCDHB13,MYH1,-0.0013181901
PRICKLE4,MYH1,-0.033982065
ALYREF,MYH1,0.0005013403
SNF8,MYH1,-0.010438264
GDNF,MYH1,-0.011753283
PTPRT,MYH1,-0.011463491
RRP8,MYH1,-0.010029925
TUFT1,MYH1,-0.011870968
FILIP1,MYH1,-0.016412219
ZNF816,MYH1,-0.04502977
GLO1,MYH1,0.0015850243
NEB,MYH1,-0.007280136
C5orf34,MYH1,-0.034338776
FA2H,MYH1,-0.01736351
NUP54,MYH1,-0.010969915
SMIM26,MYH1,0.0035388714
DLEU7,MYH1,-0.0048554162
CCNG1,MYH1,-0.039165158
DHTKD1,MYH1,-0.01653836
CFL1,MYH1,-0.009287071
PLLP,MYH1,-0.007993022
CAMTA1,MYH1,-0.017991189
PPIH,MYH1,-0.0013790331
TACC1,MYH1,-0.015031901
PCDHB5,MYH1,-0.0062541687
CBWD1,MYH1,-0.037329815
HLA-B,MYH1,-0.0075028543
ADAMTS6,MYH1,-0.0103090415
CPZ,MYH1,-0.02354296
DMAP1,MYH1,-0.0046005626
GPHN,MYH1,0.0011982073
CCDC85B,MYH1,-0.0039110235
EFNA4,MYH1,-0.00908606
MRFAP1L1,MYH1,-0.012353262
TH,MYH1,-0.016673764
CDR2L,MYH1,-0.009015567
UACA,MYH1,-0.03959872
ENSA,MYH1,-0.0044340733
MR1,MYH1,-0.015642952
PHF23,MYH1,-0.04131045
ARHGAP19,MYH1,-0.007742315
NARS1,MYH1,-0.011957681
BPIFB1,MYH1,-0.011311464
FAM131C,MYH1,-0.002832035
MARVELD2,MYH1,-0.01634088
ASPG,MYH1,-0.01732319
LST1,MYH1,-0.01389002
CLDN23,MYH1,-0.025032004
SGPP1,MYH1,-0.0035381864
PPP1R12A,MYH1,-0.019851258
IRAK1BP1,MYH1,-0.01080091
ADAM9,MYH1,-0.013891121
ARFGEF1,MYH1,-0.006411362
PTGFR,MYH1,-0.028858058
NDST3,MYH1,-0.0027314012
TLNRD1,MYH1,-0.04461124
MKNK2,MYH1,-0.00774703
C11orf94,MYH1,-0.005413938
METTL3,MYH1,-0.000751622
GANC,MYH1,-0.016793597
VWA5A,MYH1,-0.00441116
ATF7IP2,MYH1,-0.007470915
CHAT,MYH1,-0.006670378
SLC25A11,MYH1,-0.019143207
TSPAN8,MYH1,-0.0123959
SLC13A4,MYH1,-0.005575524
IGSF1,MYH1,-0.017199477
RCCD1,MYH1,-0.0015870505
CAGE1,MYH1,-0.01994147
PTBP3,MYH1,-0.025366219
RAB11FIP1,MYH1,-0.025888827
EHD3,MYH1,-0.013377127
SCD5,MYH1,-0.0066414652
GBA,MYH1,-0.006888347
CAPN3,MYH1,-0.02475573
GMNN,MYH1,-0.0049537327
ZNF780B,MYH1,-0.01160222
MALSU1,MYH1,-0.01240689
CD160,MYH1,-0.0037756024
FRMD4B,MYH1,-0.008914486
LRRK1,MYH1,-0.00592955
EIF4E2,MYH1,-0.07615185
FAM149A,MYH1,-0.065593414
ALCAM,MYH1,-0.010336731
TNFRSF18,MYH1,-0.01626485
PLPP1,MYH1,-0.009141078
OR5P3,MYH1,-0.01154481
SFRP1,MYH1,-0.018119456
MED22,MYH1,-0.036571704
GPAT4,MYH1,-0.0048916615
PABPC1,MYH1,-0.008710938
KRR1,MYH1,4.0881587e-05
CDHR4,MYH1,-0.013440229
CIDEA,MYH1,-0.017436227
FUT2,MYH1,-0.0072119012
METRN,MYH1,-0.011012772
REX1BD,MYH1,-0.002222448
HSD17B7,MYH1,-0.02662379
NGEF,MYH1,-0.012689245
PLAU,MYH1,-0.008514217
RILPL1,MYH1,-0.019886909
PDIA4,MYH1,-0.010507354
ECSIT,MYH1,0.0018278412
ZNF546,MYH1,-0.09368641
GALNT10,MYH1,-0.008233523
RCHY1,MYH1,-0.013499372
CCHCR1,MYH1,-0.015255062
CREBRF,MYH1,-0.0013595984
SLC16A12,MYH1,-0.010174974
NLRC4,MYH1,-0.018914064
TNFAIP1,MYO7B,-0.016182072
LNX2,MYO7B,-0.010610361
ALPK1,MYO7B,-0.007753855
TOR1AIP1,MYO7B,-0.010712423
ACVR2B,MYO7B,-0.03772597
DGLUCY,MYO7B,-0.015993074
AL603832.3,MYO7B,-0.0029556744
SLCO4A1,MYO7B,-0.013574438
GNMT,MYO7B,-0.002902103
CYP4F2,MYO7B,-0.014515773
MASP2,MYO7B,-0.003631143
SMIM31,MYO7B,-0.014813439
MRPL52,MYO7B,-0.0098586455
AC006978.2,MYO7B,-0.013908324
FAM209A,MYO7B,-0.007783068
MAP6,MYO7B,-0.021472655
RAB28,MYO7B,-0.01838545
KNDC1,MYO7B,-0.0091941105
TBC1D10B,MYO7B,-0.029615426
ARL2,MYO7B,-0.058508024
RPL24,MYO7B,-0.01868499
H2AC21,MYO7B,-0.019829892
FAM20A,MYO7B,-0.004927758
CCDC151,MYO7B,-0.010797407
MAMLD1,MYO7B,-0.02440792
VGLL3,MYO7B,-0.009467891
COG4,MYO7B,-0.006591501
BCKDHA,MYO7B,-0.012340865
MTMR14,MYO7B,-0.000864402
C4B,MYO7B,-0.05846825
PCDHGB2,MYO7B,-0.050876234
ZSCAN5A,MYO7B,-0.034390952
B4GALT7,MYO7B,-0.11191299
SEC24D,MYO7B,-0.041226827
SYVN1,MYO7B,-0.043457583
FOXA2,MYO7B,-0.03658322
FGF17,MYO7B,-0.015358228
SLCO2A1,MYO7B,-0.0241553
PCP4,MYO7B,-0.01181117
SHANK2,MYO7B,-0.013745941
TRAPPC4,MYO7B,-0.060671635
ATP10A,MYO7B,-0.014157417
LARP1B,MYO7B,-0.035475418
LYPD2,MYO7B,-0.00988943
HS3ST4,MYO7B,-0.017427249
ANXA5,MYO7B,-0.0026519755
PRR4,MYO7B,-0.033199497
DPEP1,MYO7B,-0.019579029
SLC13A2,MYO7B,-0.012327789
MPZL3,MYO7B,-0.021354912
ZNF727,MYO7B,-0.031364527
EFNA5,MYO7B,-0.027755953
KCNA1,MYO7B,-0.010117305
MPZL2,MYO7B,-0.03325423
PCDHB4,MYO7B,-0.026522717
PLEKHF1,MYO7B,-0.049765382
SLITRK1,MYO7B,-0.050049983
ZNF512B,MYO7B,-0.034734562
SPINK4,MYO7B,-0.13782023
DDR1,MYO7B,-0.025350293
STYK1,MYO7B,-0.016184261
KRTAP10-5,MYO7B,-0.05832347
NEU1,MYO7B,-0.02663284
EPHB3,MYO7B,-0.009933808
ZNF852,MYO7B,-0.0044984357
NME3,MYO7B,-0.014785757
PNMT,MYO7B,-0.019067027
ENPEP,MYO7B,-0.12625489
PGAM5,MYO7B,-0.0112395
RAB32,MYO7B,-0.027148923
CEP55,MYO7B,-0.02888254
NANOG,MYO7B,-0.03230893
KIF5C,MYO7B,-0.013571782
ADGRB1,MYO7B,-0.015326347
MARCHF4,MYO7B,-0.12244507
SURF2,MYO7B,-0.025031457
CCDC144A,MYO7B,-0.18156326
XRCC4,MYO7B,-0.023628894
SOX18,MYO7B,-0.06875128
UGT2B15,MYO7B,-0.021126274
FMO3,MYO7B,-0.035992388
ELOVL5,MYO7B,-0.108108975
SPSB2,MYO7B,-0.020649316
DUOX2,MYO7B,-0.030341437
CYP2C19,MYO7B,-0.01563967
DECR2,MYO7B,-0.024253914
PYCR2,MYO7B,-0.008330171
PLPP5,MYO7B,-0.047876257
NT5DC3,MYO7B,-0.039458226
RNF44,MYO7B,-0.0076549
OTOP3,MYO7B,-0.008789396
C18orf25,MYO7B,-0.03190547
PGS1,MYO7B,-0.0025473332
AC099489.1,MYO7B,-0.077501275
BRD9,MYO7B,-0.029959135
ZNF587B,MYO7B,-0.02578094
MYH10,MYO7B,-0.014319591
HOOK1,MYO7B,-0.018833088
SERTM2,MYO7B,-0.0058282134
OSTM1,MYO7B,-0.014685489
C2orf66,MYO7B,-0.0059613166
COMMD7,MYO7B,-0.014939916
VPS4B,MYO7B,-0.025847604
NOLC1,MYO7B,-0.05549411
CLEC7A,MYO7B,-0.011837353
CTAGE4,MYO7B,-0.023365812
SNX21,MYO7B,-0.01123211
CPT1C,MYO7B,-0.06839725
MBTD1,MYO7B,-0.004552448
C15orf62,MYO7B,-0.008483814
ARMT1,MYO7B,-0.0066250437
NEK7,MYO7B,-0.012072728
BZW1,MYO7B,-0.007824149
BAK1,MYO7B,-0.011896934
STRC,MYO7B,-0.017021514
NLRP11,MYO7B,-0.010054381
BARD1,MYO7B,-0.024600629
KCNK13,MYO7B,-0.01736696
GALNT3,MYO7B,-0.03266799
MMP24OS,MYO7B,-0.021889407
TMPRSS3,MYO7B,-0.04007694
LAPTM4A,MYO7B,-0.017847754
DEFB131B,MYO7B,-0.016288476
STK38,MYO7B,-0.029698797
HAGHL,MYO7B,-0.012744525
ALDH1B1,MYO7B,-0.0037696722
TIMM29,MYO7B,-0.058656126
SIK1,MYO7B,-0.01690425
TMEM35B,MYO7B,-0.008363451
ASB13,MYO7B,-0.0955114
SNRPE,MYO7B,-0.02843278
INO80C,MYO7B,-0.0065072183
NOP16,MYO7B,-0.024658693
IGFBPL1,MYO7B,-0.012453485
BFAR,MYO7B,-0.017241757
HRC,MYO7B,-0.07438851
OMD,MYO7B,-0.100475945
RWDD2A,MYO7B,-0.014391145
SIDT2,MYO7B,-0.095058136
DCAF8L1,MYO7B,-0.065301776
ANKS1A,MYO7B,-0.00923173
HERPUD1,MYO7B,-0.03587514
CD82,MYO7B,-0.01704821
UXS1,MYO7B,-0.015375107
CCR3,MYO7B,-0.01803927
STAC2,MYO7B,-0.01585837
ABCC3,MYO7B,-0.017613783
C9orf152,MYO7B,-0.0689515
SPTY2D1,MYO7B,-0.020080915
CCDC30,MYO7B,-0.02368237
NAPG,MYO7B,-0.0059541846
NDST2,MYO7B,-0.018844923
PTTG1IP,MYO7B,-0.004051088
UPRT,MYO7B,-0.030049372
FLII,MYO7B,-0.005504187
ZNF501,MYO7B,-0.038484156
COQ10B,MYO7B,-0.19107102
LMO7,MYO7B,-0.023356745
RPL4,MYO7B,-0.0090631135
ZNF483,MYO7B,-0.027566453
CALCB,MYO7B,-0.08171698
SPTLC1,MYO7B,-0.004250582
FAM50B,MYO7B,-0.011552394
GOLIM4,MYO7B,-0.0058310097
PPIL4,MYO7B,-0.021077123
SYCN,MYO7B,-0.019754482
HRG,MYO7B,-0.02584055
CDHR4,MYO7B,-0.014645641
CHRM1,MYO7B,-0.03670523
ACVRL1,MYO7B,-0.035184886
SIGLEC15,MYO7B,-0.020826127
ALPP,MYO7B,-0.020081025
SERINC5,MYO7B,-0.008012879
FAM89B,MYO7B,-0.016609874
CYB5R1,MYO7B,-0.019338297
CCDC184,MYO7B,-0.015219148
LRRC1,MYO7B,-0.017196754
H3C12,MYO7B,-0.010210439
IRX3,MYO7B,-0.039075196
SOD2,MYO7B,-0.0027782915
CEP19,MYO7B,-0.00639158
CPNE7,MYO7B,-0.010480726
CERS4,MYO7B,-0.014388213
PPFIBP1,MYO7B,-0.031378333
SLC6A17,MYO7B,-0.025895262
UNC13A,MYO7B,-0.019436099
CCL28,MYO7B,-0.01802978
PGBD5,MYO7B,-0.013117646
CARD16,MYO7B,-0.0037517513
PTPDC1,MYO7B,-0.07666456
MTRNR2L10,MYO7B,-0.03944154
C18orf54,MYO7B,-0.008156618
HNRNPD,MYT1L,-0.007617556
AL627230.1,MYT1L,-0.01210713
LACC1,MYT1L,-0.014126829
RAB39A,MYT1L,-0.013628549
DENND4B,MYT1L,-0.0053755934
AGT,MYT1L,-0.011342569
CACNA1S,MYT1L,-0.004659108
DLK1,MYT1L,-0.0028577796
GRIP2,MYT1L,-0.0036201815
TIMM17B,MYT1L,-0.0026832004
DESI1,MYT1L,-0.0035153124
DENND5B,MYT1L,-0.0069644647
AGXT2,MYT1L,-0.00170704
FNDC5,MYT1L,-0.013054468
LIN28A,MYT1L,-0.0069614807
AR,MYT1L,-0.0070239212
GRB14,MYT1L,-0.007868346
H1-6,MYT1L,-0.016964957
KDM6B,MYT1L,-0.006738674
TIMM21,MYT1L,-0.011216173
HDAC4,MYT1L,-0.009481175
TTC26,MYT1L,-0.021131633
TOMM5,MYT1L,-0.01472092
ABRA,MYT1L,-0.017231481
MRGPRE,MYT1L,-0.0053314143
HLA-DMA,MYT1L,-0.02359427
OR2A12,MYT1L,-0.0073116506
PARVB,MYT1L,-0.0022857783
CEACAM5,MYT1L,-0.023178466
GABRB1,MYT1L,-0.014044123
TVP23B,MYT1L,-0.02957518
NRG4,MYT1L,-0.011000762
FTCDNL1,MYT1L,-0.10401853
PURB,MYT1L,-0.031742375
TPSD1,MYT1L,-0.0097244335
ZNF362,MYT1L,-0.061314557
APOBEC3C,MYT1L,-0.008916744
TRERF1,MYT1L,-0.0150158
PCDHB8,MYT1L,-0.010389631
SLC15A3,MYT1L,-0.0025108892
KCNIP3,MYT1L,-0.00997505
TNFRSF18,MYT1L,-0.01637522
TTC19,MYT1L,-0.007655468
SOX21,MYT1L,-0.016949851
GTPBP2,MYT1L,-0.035399016
BCL2,MYT1L,-0.0049214996
PDK4,MYT1L,-0.030322097
CCNA1,MYT1L,-0.009211202
XKR9,MYT1L,-0.015859311
PGK1,MYT1L,-0.012083366
ZNF850,MYT1L,-0.032806255
STC1,MYT1L,-0.02601593
CEACAM3,MYT1L,-0.040124558
ELFN2,MYT1L,-0.0080047995
AGO2,MYT1L,-0.020753568
PNLDC1,MYT1L,-0.017229553
NKX6-3,MYT1L,-0.018837849
VTCN1,MYT1L,-0.022402065
POU2F3,MYT1L,-0.005042414
HES1,MYT1L,-0.04907996
DTX3L,MYT1L,-0.018397
ADSS1,MYT1L,-0.008208938
HSPA6,MYT1L,-0.009482904
B4GALT7,MYT1L,-0.018007103
B3GALNT1,MYT1L,-0.034935944
COX7B2,MYT1L,-0.01635352
SRC,MYT1L,-0.015910212
TRPV6,MYT1L,-0.0071313237
C10orf99,MYT1L,-0.015690727
ZNF25,MYT1L,-0.0038189318
EXOC3,MYT1L,-0.022143342
SERPINB2,MYT1L,-0.0015516172
IGF2BP1,MYT1L,-0.002766334
GALNT13,MYT1L,-0.025804073
EPHA4,MYT1L,-0.02351834
CHRNA4,MYT1L,-0.009632658
OSR1,MYT1L,-0.008039449
XRCC2,MYT1L,-0.01362089
BEGAIN,MYT1L,-0.022012506
PSTPIP2,MYT1L,-0.008078342
ZBTB32,MYT1L,-0.012648761
ADAMTS10,MYT1L,-0.0040677227
NOTUM,MYT1L,-0.021276461
ADORA2B,MYT1L,-0.05433997
ABCA7,MYT1L,-0.006726719
SEPTIN10,MYT1L,-0.004101285
MAP3K6,MYT1L,-0.020388447
CDHR1,MYT1L,-0.010362448
SRGAP2C,MYT1L,-0.0026968066
ATXN7L1,MYT1L,-0.022717575
SLC2A8,MYT1L,-0.008716031
SMARCD3,MYT1L,-0.028158205
APLN,MYT1L,-0.02060011
MSH5-SAPCD1,MYT1L,-0.01529799
DYNAP,MYT1L,-0.041537683
C10orf82,MYT1L,-0.0040464764
PDE10A,MYT1L,-0.03579506
GPR63,MYT1L,-0.0217367
ERICH3,MYT1L,-0.005844784
SLC38A5,MYT1L,-0.023168022
PEX6,MYT1L,-0.014248066
PADI4,MYT1L,-0.013882545
TCEAL8,MYT1L,-0.026728138
CYP1A1,MYT1L,-0.004524894
CRADD,MYT1L,-0.022243354
STRA8,MYT1L,-0.024581414
ZBED1,MYT1L,-0.0088181095
ANKLE1,MYT1L,-0.0104848435
ADRB3,MYT1L,-0.02681563
C1QTNF5,MYT1L,-0.012156619
CYP4A11,MYT1L,-0.008561881
OCIAD2,MYT1L,-0.008515688
CDH1,MYT1L,-0.02868337
CUX1,MYT1L,-0.0052431975
PERP,MYT1L,-0.0069748242
ACYP2,MYT1L,-0.01732193
EIF4EBP1,MYT1L,-0.020727342
TMEM147,MYT1L,-0.03182069
TUBAL3,MYT1L,-0.08577893
SEMA3C,MYT1L,-0.012454861
VPS45,MYT1L,-0.024084372
NPIPB9,MYT1L,-0.0066378317
SNX33,MYT1L,-0.026381979
POLR2F,MYT1L,-0.030791143
STRA6,MYT1L,-0.010861252
ZNF138,MYT1L,-0.00029764837
MYRFL,MYT1L,-0.007935241
CYP11A1,MYT1L,-0.0075876187
OR2A25,MYT1L,-0.014813187
SNUPN,MYT1L,-0.04504526
TEDDM1,MYT1L,-0.042225573
ADHFE1,MYT1L,-0.0045563765
TBKBP1,MYT1L,-0.0009302044
AADACL2,MYT1L,-0.020471927
SLC25A40,MYT1L,-0.008122783
AL136531.2,MYT1L,-0.021864804
SLC26A2,MYT1L,-0.008027175
TM4SF20,MYT1L,-0.013352133
PNMA1,MYT1L,-0.007054906
STEAP2,MYT1L,-0.008417098
EMC10,MYT1L,-0.013402213
VENTX,MYT1L,-0.016869174
PKHD1L1,MYT1L,-0.008439186
IL2RA,MYT1L,-0.011302691
ZNF697,MYT1L,-0.025053328
INTS10,MYT1L,-0.014939145
FASLG,MYT1L,-0.01257849
NFKBID,MYT1L,-0.0062751607
SLC1A4,MYT1L,-0.008861705
MSL3,MYT1L,-0.005326525
CACNB2,MYT1L,-0.013182541
C15orf40,MYT1L,-0.007352822
RB1,MYT1L,-0.007920418
C4orf3,MYT1L,-0.006009688
SYT16,MYT1L,-0.025649216
TMEM44,MYT1L,-0.007265847
RAB24,MYT1L,-0.017296884
LRRC42,MYT1L,-0.0013258943
SLC10A4,MYT1L,-0.023282168
FJX1,MYT1L,-0.002818554
PLCB4,MYT1L,-0.008259142
TRPC6,MYT1L,-0.011746072
SYNGR3,MYT1L,-0.006209645
UTP4,MYT1L,-0.0021182322
GAL,MYT1L,-0.0043922025
SMYD3,MYT1L,-0.015247419
H4-16,MYT1L,-0.0058448096
SLC16A1,MYT1L,-0.020234838
KCNH2,MYT1L,-0.01002593
RTP4,MYT1L,-0.012331041
GALK2,MYT1L,-0.0030677086
LIPN,MYT1L,-0.01891754
ZNF536,MYT1L,-0.012806196
ABCG2,MYT1L,-0.0021843072
CLBA1,MYT1L,-0.012116016
MCF2L,MYT1L,-0.019494383
C6orf141,MYT1L,-0.03580723
TUG1,MYT1L,-0.025284156
TMEM144,MYT1L,-0.013171926
OR10H5,MYT1L,-0.03278774
SEMA6A,MYT1L,-0.16443078
ABCC1,MYT1L,-0.05833931
SIM2,MYT1L,-0.009701052
CTAGE15,MYT1L,-0.007582377
CHMP3,MYT1L,-0.03700257
IFNL3,MYT1L,-0.01176557
COL8A1,MYT1L,-0.005776526
SOST,MYT1L,-0.00989693
GALNT4,MYT1L,-0.030359061
KRT5,MYT1L,-0.026380608
DNAH9,MYT1L,-0.12072112
ALDH5A1,MYT1L,-0.017622132
LEMD1,MYT1L,-0.0070937034
TRIM24,MYT1L,-0.03083877
NUCB1,MYT1L,-0.015409551
SLFNL1,MYT1L,-0.021725887
LTO1,MYT1L,-0.020005744
SPESP1,MYT1L,-0.005635884
FAAP24,MYT1L,-0.021552676
TSPO,MYT1L,-0.029616138
AREG,MYT1L,-0.015380146
HAL,MYT1L,-0.033675008
STARD5,MYT1L,-0.021315483
MUC5AC,MYT1L,-0.0063576302
HTR3A,MYT1L,-0.031849444
TSHZ2,MYT1L,-0.0069908644
COQ4,MYT1L,-0.013366422
ASTN2,MYT1L,-0.009562947
MILR1,MYT1L,-0.014020947
STMN4,MYT1L,-0.025443526
MYBBP1A,MYT1L,-0.020785341
DIO3,MYT1L,-0.020600228
PCDHGC5,MYT1L,-0.008765262
LMNB1,MYT1L,-0.02591676
CXCL6,MYT1L,-0.008000601
CATIP,MYT1L,-0.011945136
ARHGEF2,MYT1L,-0.009317255
NAALADL2,MYT1L,-0.00795474
KLK10,MYT1L,-0.012382387
EI24,MYT1L,-0.025795903
TEF,MYT1L,-0.0069319783
ANKRD35,MYT1L,-0.01566266
SMIM14,MYT1L,-0.014933458
MAST2,MYT1L,-0.0062331236
E2F5,MYT1L,-0.014820337
PGAM5,MYT1L,-0.017468626
PRELID3A,MYT1L,-0.012239599
AEBP2,MYT1L,-0.006120851
SUPV3L1,MYT1L,-0.0045843045
RPLP0,MYT1L,-0.0103279315
IFIT1B,MYT1L,-0.023870414
MAGEA1,MYT1L,-0.0073264623
C12orf75,MYT1L,-0.009313465
TNS3,MYT1L,-0.006227267
ZSWIM7,MYT1L,-0.024624763
NETO2,MYT1L,-0.008837689
TFG,MYT1L,-0.007355735
SHKBP1,MYT1L,-0.022601204
DNER,MYT1L,-0.0063727964
PRRT1,MYT1L,-0.03498892
UPK1B,MYT1L,-0.017613573
HLA-DOB,MYT1L,-0.0477217
SARS1,MYT1L,-0.04647143
FDFT1,MYT1L,-0.017293507
ANO3,MYT1L,-0.005024206
PNPLA1,MYT1L,-0.11419134
SLC10A6,MYT1L,-0.01144979
KYAT1,MYT1L,-0.014595894
ACOT7,MYT1L,-0.010931607
PECR,MYT1L,-0.040930256
FBXL2,MYT1L,-0.030068772
NINJ1,MYT1L,-0.01840022
EGLN3,MYT1L,-0.008565872
NPNT,MYT1L,-0.025237216
PLLP,MYT1L,-0.008804334
FTL,MYT1L,-0.041767392
NPTXR,MYT1L,-0.023952708
KLHL41,MYT1L,-0.007581096
EID2,MYT1L,-0.014585317
GGTLC2,MYT1L,-0.017148701
OR7C1,MYT1L,-0.006262285
ZBTB21,MYT1L,-0.0067144325
NRROS,MYT1L,-0.020096399
CEP70,MYT1L,-0.01246721
CTNNAL1,MYT1L,-0.009211824
ARHGEF37,MYT1L,-0.007116014
ECHDC3,MYT1L,-0.01077127
TEPP,MYT1L,-0.004455109
IFNAR2,MYT1L,-0.01787718
H4C14,MYT1L,-0.016533317
LDHC,MYT1L,-0.012937371
GABRR2,MYT1L,-0.021831365
HSH2D,MYT1L,-0.05033559
TMC8,MYT1L,-0.011344139
GALNT14,MYT1L,-0.0369229
DNAJC2,MYT1L,-0.033655513
HPGD,MYT1L,-0.004716914
DMRTB1,MYT1L,-0.033132173
PRLH,MYT1L,-0.012607482
RTP2,MYT1L,-0.014905669
ZNF775,MYT1L,-0.014112649
GPR78,MYT1L,-0.016908208
HIF1AN,MYT1L,-0.005005256
DHRS7B,MYT1L,-0.013187898
PGAM1,MYT1L,-0.004312452
PCDHGC4,MYT1L,-0.013726935
TMEM238,MYT1L,-0.028153645
RPH3A,MYT1L,-0.012256039
DTWD2,NCKAP5,-0.0066014514
ROPN1L,NCKAP5,-0.019600827
SLC7A10,NCKAP5,-0.0028583128
NISCH,NCKAP5,-0.0110398885
SPINK5,NCKAP5,-0.020067438
TG,NCKAP5,-0.02091014
AKAP6,NCKAP5,-0.016199552
NAGK,NCKAP5,-0.012829606
SPAG7,NCKAP5,-0.002787514
FBXO15,NCKAP5,-0.023140017
CDX1,NCKAP5,-0.023473209
BBOX1,NCKAP5,-0.014496921
ATP5ME,NCKAP5,-0.022001568
TRIM7,NCKAP5,-0.009687422
ZNF114,NCKAP5,-0.009889825
GABRP,NCKAP5,-0.008796789
H2BC10,NCKAP5,-0.03834548
SPACA4,NCKAP5,-0.0032062687
PFDN4,NCKAP5,-0.15538478
DHRS2,NCKAP5,-0.1599961
XIRP1,NCKAP5,-0.009169975
OTUD1,NCKAP5,-0.017525468
SIX1,NCKAP5,-0.014747927
PTCHD1,NCKAP5,-0.03290015
OR10H5,NCKAP5,-0.02474116
RHOV,NCKAP5,-0.014777152
HOXC10,NCKAP5,-0.016939553
CDCA7,NCKAP5,-0.034712825
ZMYND19,NCKAP5,-0.021656604
GSE1,NCKAP5,-0.0077413246
SEPTIN3,NCKAP5,-0.008630444
ZKSCAN8,NCKAP5,-0.012031559
NANOS3,NCKAP5,-0.040489677
LRRC55,NCKAP5,-0.010349145
ANK3,NCKAP5,-0.021697572
TMEM266,NCKAP5,-0.030134588
U2AF1,NCKAP5,-0.025876127
CAMK4,NCKAP5,-0.013661282
EPHA5,NCKAP5,-0.0059927185
CD300LD,NCKAP5,-0.013846071
SPINK1,NCKAP5,-0.02045702
CXCL6,NCKAP5,-0.09188958
SUSD4,NCKAP5,-0.021787114
EI24,NCKAP5,-0.008858171
ABCA4,NCKAP5,-0.015406497
PPIF,NCKAP5,-0.043408293
ZNF395,NCKAP5,-0.0034119876
PDE11A,NCKAP5,-0.015961513
EEF1A2,NCKAP5,-0.040772554
KIAA0895L,NCKAP5,-0.011227861
PTGER3,NCKAP5,-0.010124961
TBC1D17,NCKAP5,-0.021950955
ZNF532,NCKAP5,-0.0007054594
PUS1,NCKAP5,-0.02915305
SP8,NCKAP5,-0.012593753
CNFN,NCKAP5,-0.062381163
RASL10A,NCKAP5,-0.0038693277
ZKSCAN3,NCKAP5,-0.03459748
PDGFRA,NCKAP5,-0.042872623
MID1,NCKAP5,-0.0320175
METTL17,NCKAP5,-0.006184446
SLC43A1,NCKAP5,-0.024478517
LRRC46,NCKAP5,-0.025110334
H3C10,NCKAP5,-0.0058086757
CHRAC1,NCKAP5,-0.034362163
RASD2,NCKAP5,-0.015377834
DSCAM,NCKAP5,-0.05095066
RGS8,NCKAP5,-0.06401573
MAOA,NCKAP5,-0.055600688
TMEM184B,NCKAP5,-0.005894206
RNF138,NCKAP5,-0.014715253
RPL36,NCKAP5,-0.019539041
METTL1,NCKAP5,-0.017961249
OR56A5,NCKAP5,-0.011292748
ARSB,NCKAP5,-0.008252162
H2BC12,NCKAP5,-0.0070229955
DNAJC28,NCKAP5,-0.02968457
NR3C2,NCKAP5,-0.0034333663
DNAJC30,NCKAP5,-0.037509743
SAR1A,NCKAP5,-0.018411541
ATP1B1,NCKAP5,-0.039134312
GTPBP6,NCKAP5,-0.026775775
SLC13A5,NCKAP5,-0.04437386
SBDS,NCKAP5,-0.021870365
NUDT14,NCKAP5,-0.007223124
MFSD3,NCKAP5,-0.017976373
SNX11,NCKAP5,-0.04921221
HEXIM1,NCKAP5,-0.014101098
PPIL3,NCKAP5,-0.012199828
CTSB,NCKAP5,-0.045248613
TTC32,NCKAP5,-0.050228063
MYMK,NCKAP5,-0.13948314
MGAT2,NCKAP5,-0.025511773
THSD7B,NCKAP5,-0.018428896
RPL12,NCKAP5,-0.06423682
PYGO1,NCKAP5,-0.023580939
CDH10,NCKAP5,-0.00803581
GAL,NCKAP5,-0.022348074
GCHFR,NCKAP5,-0.005135931
THPO,NCKAP5,-0.022845436
SAA2,NCKAP5,-0.029790774
NPTX1,NCKAP5,-0.011391636
PGC,NCKAP5,0.00017380489
PLAAT5,NCKAP5,-0.04698915
XKR9,NCKAP5,-0.01261387
RTP3,NCKAP5,-0.028545104
STEAP4,NCKAP5,-0.01253611
CR589904.2,NCKAP5,-0.05302256
UBXN8,NCKAP5,-0.0024948223
TFPI2,NCKAP5,-0.10109645
LUC7L2,NCKAP5,-0.023793263
UMODL1,NCKAP5,-0.013214986
SMARCE1,NCKAP5,-0.036986023
NDUFS6,NCKAP5,-0.021638837
SYCE3,NCKAP5,-0.03541382
HEATR9,NCKAP5,-0.014436687
OR2C3,NCKAP5,-0.00470484
SERPIND1,NCKAP5,-0.13695325
CLDN23,NCKAP5,-0.07054148
TIPRL,NCKAP5,-0.022629282
GUCA1B,NCKAP5,-0.01963854
FBN3,NCKAP5,-0.10073009
JCHAIN,NCKAP5,-0.018792992
TFF1,NCKAP5,-0.021534767
PRSS3,NCKAP5,-0.019584775
RDH16,NCKAP5,-0.01663162
DCT,NCKAP5,-0.020796392
HBB,NCKAP5,-0.025923952
SLC5A1,NCKAP5,-0.04770846
KLHL36,NCKAP5,-0.022484718
B3GNT6,NCKAP5,-0.04746774
PAG1,NCKAP5,-0.030955024
ANXA10,NCKAP5,-0.028251212
SLC25A16,NCKAP5,-0.009745059
ADAMTS2,NCKAP5,-0.026848193
KRIT1,NCKAP5,-0.015286316
EFHC2,NCKAP5,-0.013720774
TCIM,NCKAP5,-0.026479922
ADGRB2,NCKAP5,-0.018991457
ACE2,NCKAP5,-0.014722785
MYO3A,NCKAP5,-0.071921706
TADA1,NCKAP5,-0.0065129776
KBTBD6,NCKAP5,-0.022829264
H3C6,NCKAP5,-0.024547094
MUC21,NCKAP5,-0.040400878
NUP210L,NCKAP5,-0.18391652
USP49,NCKAP5,-0.037369628
KIRREL3,NCKAP5,-0.03652096
EPOR,NCKAP5,-0.022030447
HAMP,NCKAP5,-0.020715361
SLC1A1,NCKAP5,-0.03792844
PRKN,NCKAP5,-0.026099727
CCR3,NCKAP5,-0.021456819
TMEM33,NCKAP5,-0.024499997
NPFFR2,NCKAP5,-0.029483292
STOML2,NCKAP5,-0.039619055
ZG16B,NCKAP5,-0.025406988
CLEC19A,NCKAP5,-0.04725801
CEP85L,NCKAP5,-0.028001765
RETREG3,NCKAP5,-0.02683291
HIF3A,NCKAP5,-0.05749647
F3,NCKAP5,-0.010524812
PPP2R2A,NCKAP5,-0.029087264
GPR75,NCKAP5,-0.014688328
ENGASE,NCKAP5,-0.012346677
FOXH1,NCKAP5,-0.014684715
ZRANB3,NCKAP5,-0.09829082
SNRPD1,NCKAP5,-0.03625008
DNAJC18,NCKAP5,-0.019440478
KDM4D,NCKAP5,-0.02746462
HIGD1B,NCKAP5,-0.015749162
S100A4,NCKAP5,-0.013279084
RPL36A,NCKAP5,-0.020036915
ADAM28,NCKAP5,-0.06616834
TOR4A,NCKAP5,-0.012503406
CPA6,NCKAP5,-0.016837386
PRSS8,NCKAP5,-0.03497741
HSD17B2,NCKAP5,-0.07347563
BTF3,NCKAP5,-0.013173579
ERVMER34-1,NCKAP5,-0.09472524
METRN,NCKAP5,-0.10873966
ITGA2B,NCKAP5,-0.026966142
TMPRSS4,NCKAP5,-0.017621238
RASAL2,NCKAP5,-0.016417546
SMIM4,NCKAP5,-0.029340547
ACSL1,NDST4,-0.007260501
REEP3,NDST4,-0.00897937
EPS8L1,NDST4,-0.014561387
RECQL4,NDST4,-0.011357985
HIP1,NDST4,-0.0030257148
EHHADH,NDST4,-0.06441982
ZFP37,NDST4,-0.025503084
SMPD2,NDST4,-0.007814336
PPAT,NDST4,-0.010840153
CCDC157,NDST4,-0.00308273
SCAND1,NDST4,-0.028887214
UBXN6,NDST4,-0.012159813
C11orf49,NDST4,-0.02512524
RSU1,NDST4,-0.015509381
TENT5B,NDST4,-0.031768452
LPCAT1,NDST4,-0.028122805
TUBB4A,NDST4,-0.003295915
BLACAT1,NDST4,-0.058925897
NUDT2,NDST4,-0.025497707
CBLN4,NDST4,-0.0011442825
MYCL,NDST4,-0.021340042
RNF38,NDST4,-0.012849079
C2orf74,NDST4,-0.018069807
PCSK1,NDST4,-0.0027017703
TTC22,NDST4,-0.016642727
TMEM69,NDST4,-0.016948242
CAPSL,NDST4,-0.0153156305
CACNB4,NDST4,-0.032648403
ZNF304,NDST4,-0.019360175
CT45A3,NDST4,-0.02056137
GNLY,NDST4,-0.03217832
ITM2C,NDST4,-0.028955765
PCDHB12,NDST4,-0.02903691
SPOCD1,NDST4,-0.0135412
NPIPB13,NDST4,-0.012572519
OR2W3,NDST4,-0.06038779
PCDHB8,NDST4,-0.039870113
MMP13,NDST4,-0.017903421
GSTA3,NDST4,-0.022625163
DMBT1,NDST4,-0.020737616
WNT10B,NDST4,-0.03308347
ID3,NDST4,-0.008548743
DNAI4,NDST4,-0.05051805
KLK13,NDST4,-0.012065739
ZFP36,NDST4,-0.019879442
NPIPB6,NDST4,-0.017854927
CLDN10,NDST4,-0.013422647
PPFIA3,NDST4,-0.020545604
RPLP1,NDST4,-0.07987871
CNN2,NDST4,-0.023215149
CTF1,NDST4,-0.04190973
FAM180B,NDST4,-0.017015405
TMEM184B,NDST4,-0.046652712
ANKRD36C,NDST4,-0.049303573
PLEKHF1,NDST4,-0.034562573
TAF4B,NDST4,-0.020997
INTU,NDST4,-0.014523206
SLC15A2,NDST4,-0.038730375
SAMD8,NDST4,-0.023680462
RIPOR3,NDST4,-0.116526514
IKBKE,NDST4,-0.02172403
IFT80,NDST4,-0.008433861
PCDHGC4,NDST4,-0.023413202
CBY1,NDST4,-0.046894085
FOXH1,NDST4,-0.08255077
TTYH1,NDST4,-0.030975636
EPSTI1,NDST4,-0.023001332
PCDHB6,NDST4,-0.027913256
TXLNB,NDST4,-0.0324003
CHMP1A,NDST4,-0.014950723
PLD6,NDST4,-0.034957934
CIBAR2,NDST4,-0.049312454
ZNF670-ZNF695,NDST4,-0.022329424
RCN1,NDST4,-0.021616647
TTLL13P,NDST4,-0.010097133
STRIP2,NDST4,-0.008230212
SPCS1,NDST4,-0.041790865
TMEM163,NDST4,-0.055853825
BMS1,NDST4,-0.038723104
STK11IP,NDST4,-0.054113552
NPIPB2,NDST4,-0.010993828
NOMO2,NDST4,-0.02101586
ACTR3B,NDST4,-0.03360178
PINX1,NDST4,-0.06921652
MBD3,NDST4,-0.017265728
MEGF6,NDST4,-0.009087075
SLC1A6,NDST4,-0.02488123
SLC38A1,NDST4,-0.036074974
SAP130,NDST4,-0.019484635
CDC37,NDST4,-0.06620667
C1orf100,NDST4,-0.01572024
ECHDC3,NDST4,-0.0135974195
TMEM59L,NDST4,-0.0166989
CXCR2,NDST4,-0.0045909253
KRTAP7-1,NDST4,-0.022724533
HID1,NDST4,-0.051523264
ZNF544,NDST4,-0.02032475
DDX17,NDST4,-0.007449653
LRRC66,NDST4,-0.010748224
ERICH2,NDST4,-0.015371941
PCDHB15,NDST4,-0.014774337
WFDC3,NDST4,-0.038294327
ZNF223,NDST4,-0.032276593
BACH1,NDST4,-0.019381173
ARHGAP25,NDST4,-0.045191575
TAMALIN,NDST4,-0.029776886
HIF3A,NDST4,-0.009154948
TMSB15B,NDST4,-0.018992938
GPC4,NDST4,-0.048174184
GPR89A,NDST4,-0.032181256
PCDH7,NDST4,-0.02173253
FANCL,NDST4,-0.0038439475
ZBED1,NDST4,-0.013537343
FAM83F,NDST4,-0.013849498
CHCHD3,NDST4,0.00051934185
NOM1,NDST4,-0.22608581
PKNOX1,NDST4,-0.017574111
CAMK4,NDST4,-0.029959742
SLC12A2,NDST4,-0.017315526
TYRP1,NDST4,-0.020191476
GRAMD1C,NDST4,-0.04051713
PLA2G2D,NDST4,-0.032453198
SDK1,NDST4,-0.047075894
OTOG,NDST4,-0.012018946
DOCK4,NDST4,-0.029085254
NPAS3,NDST4,-0.07414436
RBP1,NDST4,-0.0019009799
ANO2,NDST4,-0.022149814
CA3,NDST4,-0.019922024
PDPR,NDST4,-0.023248672
VANGL1,NDST4,-0.0027597044
IL31,NDST4,-0.013373699
CRABP2,NDST4,-0.010099181
ZNF805,NDST4,-0.07578308
FLNC,NDST4,-0.005396687
CBLN2,NDST4,-0.049650434
CXCL5,NDST4,-0.015460547
TSPAN10,NDST4,-0.037173156
TIMM9,NDST4,0.0021357876
CHST13,NDST4,-0.018131958
UBL4A,NDST4,-0.014063998
KLK6,NDST4,-0.02814553
INPPL1,NDST4,-0.011035773
BTBD2,NDST4,-0.027555527
CDKN1C,NDST4,-0.044507254
CNTNAP3B,NDST4,-0.010992556
ANKRD6,NDST4,-0.022736749
ATP2B2,NDST4,-0.027870966
CMIP,NDST4,-0.0052381093
PPM1K,NDST4,-0.008339493
FCAMR,NDST4,-0.006558664
TEAD1,NDST4,-0.02475007
RETREG1,NDST4,-0.015596291
GRIA1,NDST4,-0.0049186484
NLGN3,NDST4,-0.031891126
ZNF365,NDST4,-0.018179988
DGCR6L,NDST4,-0.011386882
ZNF524,NDST4,-0.0044492655
CREB3,NDST4,-0.021934621
RRAGC,NDST4,-0.011911486
EBF1,NDST4,-0.01641027
CTAGE9,NDST4,-0.02918753
AC091057.5,NDST4,-0.024739483
BIRC3,NDST4,-0.01518934
GDPD4,NDST4,-0.034593925
APOBEC3F,NDST4,-0.011657174
SEMA4A,NDST4,-0.017206594
AIFM3,NDST4,-0.06357834
ST3GAL6,NDST4,-0.0916682
AMN,NDST4,-0.0028496606
PIGB,NDST4,-0.0144767
EVI5L,NDST4,-0.007740808
SCAMP3,NDST4,-0.005936265
CASS4,NDST4,-0.024198476
RTP5,NDST4,-0.02930953
PAFAH1B3,NDST4,-0.032489054
COL25A1,NDST4,-0.040409785
SCN3A,NDST4,-0.04247883
CLIC2,NDST4,-0.0019066007
CACNA1G,NDST4,-0.047158036
PDE4B,NDST4,-0.1184026
SYNGR2,NDST4,-0.01617603
TTLL7,NDST4,-0.0139797125
RND2,NDST4,-0.025316145
TSTD2,NDST4,-0.003770231
JPH3,NDST4,-0.008218886
RUVBL1,NDST4,-0.015910598
FES,NDST4,-0.07273833
OXCT1,NDST4,-0.016603278
SLCO6A1,NDST4,-0.0090493355
KYAT3,NDST4,-0.037438754
ZNF653,NDST4,-0.005473886
ZNF514,NDST4,-0.07565812
KRT4,NDST4,-0.042355165
RRNAD1,NDST4,0.00030674762
KCNJ4,NDST4,-0.027675578
SIK1,NDST4,-0.02504784
ANKRD7,NDST4,-0.01027349
BRD7,NDST4,-0.008897298
TMEM170B,NFE2L2,-0.0004911369
IL1RL2,NFE2L2,-0.00482445
KIR3DL2,NFE2L2,-0.0015243499
FBXL13,NFE2L2,-0.00070420303
DNASE2B,NFE2L2,-0.0008747572
MAL2,NFE2L2,-0.003143976
MAGEA9,NFE2L2,-0.0035949768
WDR77,NFE2L2,-0.006719895
NRARP,NFE2L2,-0.0063623264
PCP4,NFE2L2,-0.0064433273
RSL24D1,NFE2L2,-0.0039270506
ZIC2,NFE2L2,-0.0043773917
CERS1,NFE2L2,-0.0006240116
DHX33,NFE2L2,0.00015570063
ANGPTL5,NFE2L2,0.005065174
ITGB3BP,NFE2L2,-0.011404474
CCDC50,NFE2L2,-0.010180171
ENTPD8,NFE2L2,-0.008950356
RPS26,NFE2L2,-0.019409038
HSD17B7,NFE2L2,-0.012369314
RPL22L1,NFE2L2,-0.022381688
PGD,NFE2L2,-0.019043986
GTSF1,NFE2L2,-0.016221194
DLK2,NFE2L2,-0.0036365446
TRIM65,NFE2L2,-0.0032498455
GBX2,NFE2L2,-0.03292
MOBP,NFE2L2,-0.024204653
PRRX1,NFE2L2,-0.009378096
PPP1R13L,NFE2L2,-0.0083209565
ARHGAP40,NFE2L2,-0.0072060777
KRT81,NFE2L2,-0.0038115792
RGS4,NFE2L2,0.0010049721
MOCS3,NFE2L2,-0.009580287
ZNF19,NFE2L2,-0.0030523199
CYP2E1,NFE2L2,-0.012115212
SMARCD3,NFE2L2,-0.00028649456
ZNF251,NFE2L2,-0.009431914
GRIN1,NFE2L2,-0.030571405
PLCB4,NFE2L2,-0.0127705615
MGA,NFE2L2,0.0024301726
RAB34,NFE2L2,-0.00540217
HECW1,NFE2L2,-0.032245174
EDIL3,NFE2L2,-0.016324637
ISYNA1,NFE2L2,-0.008646844
MXD4,NFE2L2,-0.0052249865
GPX2,NFE2L2,-0.0184701
WNT5A,NFE2L2,-0.08240076
ATAD3A,NFE2L2,-0.03451864
GRK3,NFE2L2,-0.003914728
ACY3,NFE2L2,-0.005893568
TET1,NFE2L2,-0.0034411205
AZIN1,NFE2L2,-0.013928601
PCSK9,NFE2L2,-0.0077614356
FABP7,NFE2L2,-0.009899665
LYPD3,NFE2L2,-0.0072486307
DEPDC1,NFE2L2,0.0074869357
F2RL2,NFE2L2,-0.12493796
PRSS23,NFE2L2,-0.008337105
TUSC3,NFE2L2,-0.002034283
PIR,NFE2L2,-0.016314495
NDUFB10,NFE2L2,-0.0011361048
DISC1,NFE2L2,-0.010683382
SSTR4,NFE2L2,-0.0067451545
H3C8,NFE2L2,-0.026794843
H4C12,NFE2L2,-0.00021020643
NQO1,NFE2L2,-0.42923853
SYNE2,NFE2L2,-0.006567343
LRRC10B,NFE2L2,-0.002265336
FAM149A,NFE2L2,-0.035308827
TMEM147,NFE2L2,-0.007915405
PUSL1,NFE2L2,-0.01467846
SLC7A11,NFE2L2,-0.08751705
KCP,NFE2L2,-0.033344664
METRN,NFE2L2,-0.0118784355
B3GNT4,NFE2L2,-0.0036656703
TRAPPC2,NFE2L2,-0.008553125
MZF1,NFE2L2,-0.01644694
ZNF311,NFE2L2,1.3109214e-05
USB1,NFE2L2,0.0050078086
CRYGS,NFE2L2,-0.0048682815
STXBP5L,NFE2L2,-0.04422916
PRKAG2,NFE2L2,-0.0059706885
FOXQ1,NFE2L2,-0.017282858
ARHGAP39,NFE2L2,-0.0054166084
CDIN1,NFE2L2,-0.004743695
RNF223,NFE2L2,-0.01144836
FAM89B,NFE2L2,-0.023459591
LHFPL3,NFE2L2,-0.018139515
NUSAP1,NFE2L2,-0.018047282
MYLK,NFE2L2,-0.002931228
ETS2,NFE2L2,-0.02135361
B3GNT2,NFE2L2,-0.011981829
VILL,NFE2L2,-0.006622672
KLRK1,NFE2L2,-0.007667193
NUTM2E,NFE2L2,-0.016736368
CHMP1A,NFE2L2,-0.012155937
TBL1XR1,NFE2L2,-0.01058221
PLEKHA6,NFE2L2,-0.002989967
TBX20,NFE2L2,-0.014547463
TEX35,NFE2L2,-0.0021825812
DSC1,NFE2L2,-0.004916599
MOB2,NFE2L2,-0.016725935
HOXC11,NFE2L2,0.00030841975
ABCG1,NFE2L2,-0.02450166
MSH5-SAPCD1,NFE2L2,-0.0025759572
HMGA2,NFE2L2,-0.0047817365
DSCAML1,NFE2L2,0.0063966215
TSEN34,NFE2L2,-0.0032201542
FABP6,NFE2L2,-0.0006304903
IQCJ,NFE2L2,-0.0050142715
ABCF2,NFE2L2,-0.0058399686
CYP4F3,NFE2L2,-0.8031578
CCDC110,NFE2L2,-0.0094756605
TIGD5,NFE2L2,-0.006044229
APBA2,NFE2L2,-0.0031140381
KDELR3,NFE2L2,-0.009278652
RPL35,NFE2L2,-0.0050481795
FGFBP2,NFE2L2,-0.015159487
SOST,NFE2L2,-0.06162063
RAB6B,NFE2L2,-0.11843576
OR11H4,NFE2L2,0.0037356038
CUBN,NFE2L2,-0.0031970383
KRT10,NFE2L2,-0.026953131
PSAPL1,NFE2L2,-0.012365432
KCNK9,NFE2L2,-0.010967294
TXNRD1,NFE2L2,-0.06897328
PKN1,NFE2L2,-0.012090345
SMYD3,NFE2L2,-0.014918576
SLC2A14,NFE2L2,-0.018337362
POU6F2,NFE2L2,-0.0063029383
TRMT6,NFE2L2,0.0011305368
PI3,NFE2L2,-0.008163503
CDC42BPA,NFE2L2,-0.008535998
CPSF1,NFE2L2,-0.0091404645
DIO1,NFE2L2,-0.0028818152
HERPUD1,NFE2L2,-0.005487599
STX19,NFE2L2,-0.051704038
RNPEPL1,NFE2L2,-0.00632954
CYP4F2,NFE2L2,-0.016711626
UGT1A9,NFE2L2,0.0044715917
RTP5,NFE2L2,0.0033271972
GLIPR1L2,NFE2L2,-0.0035381126
GLT1D1,NFE2L2,-0.011707069
UBAP1,NFE2L2,-0.012671431
NDUFA4,NFE2L2,-0.0051532034
RNF169,NFE2L2,-0.015626855
ZNF714,NFE2L2,-0.019906018
PRPH2,NFE2L2,-0.0006276991
CREB3,NFE2L2,-0.042592153
TMEM256,NFE2L2,-0.0012707454
MFAP3L,NFE2L2,-0.020219907
C16orf46,NFE2L2,0.00080819934
EPS8,NFE2L2,-0.03437704
HKDC1,NFE2L2,-0.010986676
MYOM2,NFE2L2,-0.0056244736
POP5,NFE2L2,-0.0025309827
SCN3B,NFE2L2,-0.005760362
CYP4F11,NFE2L2,-0.00897036
HSPA6,NFE2L2,-0.0059264125
PCTP,NFE2L2,-0.020324174
SPIN2B,NFE2L2,-0.012350733
AKR1C1,NFE2L2,-0.054477043
OR2V2,NFE2L2,-0.006270327
ZNF724,NFE2L2,-0.0059097665
CCL14,NFE2L2,-0.010923239
MT-ND6,NFE2L2,-0.018222488
AGBL4,NFE2L2,-0.016586274
EGF,NFE2L2,-0.0042449352
NSD3,NFE2L2,-0.0017904658
LYPD1,NFE2L2,-0.015055317
MAP9,NFE2L2,-0.004687881
GUCY1B1,NFE2L2,-0.0112439105
TINCR,NFE2L2,-0.004428438
PBK,NFE2L2,0.013865594
ADORA2B,NFE2L2,-0.0053797965
PRDX1,NFE2L2,-0.025097433
RASA4,NFE2L2,-0.03268895
NRBP2,NFE2L2,-0.015712414
ATG16L2,NFE2L2,-0.06352375
SLITRK4,NFE2L2,-0.03255031
EPHB1,NFE2L2,0.00023370936
ACADSB,NFE2L2,-0.0013090422
SYT13,NFE2L2,-0.0068987976
CALML5,NFE2L2,-0.005357711
IMPG1,NFE2L2,-0.0024152414
UFM1,NFE2L2,-0.019357128
MORN1,NFE2L2,0.0011194507
MPST,NFE2L2,-0.0072127273
TGFB1,NFE2L2,-8.670792e-05
LRRC43,NFE2L2,0.00037368422
UGT2B17,NFE2L2,-0.01795033
H3C6,NFE2L2,-0.008365897
EEF1AKMT3,NFE2L2,-0.0087243235
MYL9,NFE2L2,-0.013058333
NUDT14,NFE2L2,-0.009975396
DPYSL4,NFE2L2,-0.009985272
GUCY2C,NFE2L2,-0.008708628
MCM8,NFE2L2,-0.01874203
TMEM52,NFE2L2,-0.009489836
TP73,NFE2L2,-0.023843035
PTMA,NFE2L2,-0.021224532
IL5,NFE2L2,-0.002683843
PTPRZ1,NFE2L2,0.0022599555
PRRG1,NFE2L2,-0.0068528424
KCNE3,NFE2L2,-0.010529852
TMEM200C,NFE2L2,-0.012914182
C2CD2,NFE2L2,-0.012589421
SHARPIN,NFE2L2,-0.0025850858
CCDC190,NFE2L2,-0.00814162
OR2AG2,NFE2L2,-0.0010952511
OLFM4,NFE2L2,-0.006278683
MYF6,NFE2L2,0.00290235
SMG1,NFE2L2,-0.0025845605
B3GAT2,NFE2L2,-0.0043011145
AKR1B15,NFE2L2,-0.04714506
C8orf48,NFE2L2,-0.0073728506
SORL1,NFE2L2,-0.013603782
PHF20L1,NFE2L2,-0.0020229253
SLC35F6,NFE2L2,-0.004822054
PITX1,NFE2L2,-0.009666684
HRG,NFE2L2,-0.04184445
PHF19,NFE2L2,0.0019329216
UBE2R2,NFE2L2,-0.008032031
GPR1,NFE2L2,-0.0017399975
FREM2,NFE2L2,-0.00900114
LTBP2,NFE2L2,-0.0018223583
NRM,NFE2L2,-0.011071459
GSDMB,NFE2L2,-0.0058507835
CYP26A1,NFE2L2,-0.06184
LURAP1,NFE2L2,-0.06081086
TRIM27,NFE2L2,-0.00248796
CES1,NFE2L2,-0.12333624
GPD1L,NFE2L2,-0.0056428495
H2AX,NFE2L2,0.0025086133
NFE2L2,NFE2L2,-0.0063703023
ADAMTSL5,NFE2L2,-0.017173903
PSG4,NFE2L2,-0.019916492
ADCK5,NFE2L2,-0.020703394
NHS,NFE2L2,-0.018054493
CLIC6,NFE2L2,-0.051714122
TMEM237,NFE2L2,-0.01793849
KLHL24,NFE2L2,-0.0066265003
ANO8,NFE2L2,-0.0152764805
RNF165,NFE2L2,-0.05868644
IFFO2,NFE2L2,-0.010033552
IDH3G,NFE2L2,-0.005464063
FANK1,NFE2L2,-0.012828585
STOML1,NFE2L2,-0.010651846
LRRC71,NFE2L2,-0.035840925
MYDGF,NFE2L2,-0.017922457
SYTL5,NFE2L2,-0.0056766775
QRFP,NFE2L2,-0.018774938
LYNX1,NFE2L2,-0.018659193
ZNF215,NFE2L2,0.001485866
UCN,NFE2L2,-0.004251832
H2BC15,NFE2L2,-0.0019372193
CDK5RAP1,NFE2L2,0.00033205166
NR1I2,NFE2L2,-0.0044133663
AFF2,NFE2L2,0.0012076768
ARL1,NLRP7,-0.0009365864
SPINK6,NLRP7,-0.023781754
EEF2K,NLRP7,-0.0032468627
PDXDC1,NLRP7,-0.0069130654
DDHD1,NLRP7,-0.0010061238
RNF222,NLRP7,-0.00944401
PACRGL,NLRP7,-0.0036888786
RSPO3,NLRP7,-0.008304161
PRMT6,NLRP7,-0.027111916
FRMPD2,NLRP7,-0.02128052
HMGA2,NLRP7,-0.023749772
Z82206.1,NLRP7,-0.0032426424
NT5DC1,NLRP7,-0.011886708
ATP5ME,NLRP7,-0.023042044
MMP13,NLRP7,-0.00992172
ETFDH,NLRP7,-0.01960567
CLCA1,NLRP7,-0.02738251
FAM117B,NLRP7,-0.0116471015
ABCC9,NLRP7,-0.04550033
TEF,NLRP7,-0.020289239
FZD8,NLRP7,-0.033760432
THRB,NLRP7,-0.0070171882
CDKL2,NLRP7,-0.025969537
NDUFA10,NLRP7,-0.011262293
KCTD19,NLRP7,-0.039716214
PLCXD1,NLRP7,-0.015657729
C11orf53,NLRP7,-0.033682533
TLCD4-RWDD3,NLRP7,-0.099451184
SHROOM1,NLRP7,-0.020877814
TP53TG5,NLRP7,-0.014815964
CLUL1,NLRP7,-0.041030593
TMEM262,NLRP7,-0.043792278
ZBTB44,NLRP7,-0.045601077
OSER1,NLRP7,-0.012799212
SPIN2B,NLRP7,-0.18891124
CYP4F11,NLRP7,-0.0791403
LAX1,NLRP7,-0.0022462683
MSL3,NLRP7,-0.005960404
SOBP,NLRP7,-0.027622364
AGER,NLRP7,-0.022777691
KLRC2,NLRP7,-0.03917994
FAM160A1,NLRP7,-0.010298338
SLFN14,NLRP7,-0.033913992
CMKLR1,NLRP7,-0.009547719
ABCA12,NLRP7,-0.06670528
CCL24,NLRP7,-0.029574575
DEFB4A,NLRP7,-0.008641607
CYP2E1,NLRP7,-0.03132455
ZIC4,NLRP7,-0.033937503
BAALC,NLRP7,-0.0286031
QPCTL,NLRP7,-0.015794937
LRRN1,NLRP7,-0.056056913
UBE3D,NLRP7,-0.0061318767
LRRC19,NLRP7,-0.038279694
C19orf25,NLRP7,-0.01216896
MAGEE1,NLRP7,-0.012950102
ACOX3,NLRP7,-0.01522912
MTHFD2,NLRP7,-0.024525935
RGMB,NLRP7,-0.019036354
ASB4,NLRP7,-0.027506987
SPEM2,NLRP7,-0.020210756
HEMGN,NLRP7,-0.020836616
GUCA2A,NLRP7,-0.019602232
SCGB2B2,NLRP7,-0.022810556
TMX2,NLRP7,-0.086155884
SMPDL3B,NLRP7,-0.10663559
RBM24,NLRP7,-0.01480741
PLEKHH1,NLRP7,-0.0151659
BABAM2,NLRP7,-0.0074699903
ERCC6L2,NLRP7,-0.020525225
DLGAP1,NLRP7,-0.02565412
KRT6C,NLRP7,-0.015485151
TRPM4,NLRP7,-0.006968709
SLC7A10,NLRP7,-0.2700359
DNAJA4,NLRP7,-0.020074269
BTG2,NLRP7,-0.17452092
SPTLC3,NLRP7,-0.0134018455
KANK3,NLRP7,-0.016701752
KIF5C,NLRP7,-0.007850337
GYPA,NLRP7,-0.024730476
GRAMD1C,NLRP7,-0.12601385
TSBP1,NLRP7,-0.01973706
FBXO16,NLRP7,-0.054637577
COL26A1,NLRP7,-0.086046
PDE6B,NLRP7,-0.036936734
CDKN2A,NLRP7,-0.024465028
LEKR1,NLRP7,-0.0215313
PLPPR1,NLRP7,-0.0066515123
KIR2DL4,NLRP7,-0.09032302
PON3,NLRP7,-0.043343104
TBX18,NLRP7,-0.013513967
LPCAT3,NLRP7,-0.01988415
HPR,NLRP7,-0.027246697
VWA2,NLRP7,-0.041326176
CSRNP1,NLRP7,-0.009298045
HTR1A,NLRP7,-0.05738832
TUBB1,NLRP7,-0.028272659
POLQ,NLRP7,-0.017187791
MAP1LC3B2,NLRP7,-0.010971244
ZNF429,NLRP7,-0.013645729
RNF122,NLRP7,-0.0065041427
ADM2,NLRP7,0.000108974666
ZDHHC19,NLRP7,-0.09619777
CFAP97D1,NLRP7,-0.04161459
PLEKHA6,NLRP7,-0.010388038
HSF2,NLRP7,-0.051342603
CRYBA2,NLRP7,-0.0068990034
USP33,NLRP7,-0.16441917
NUDT6,NLRP7,-0.027563002
HMOX1,NLRP7,-0.014181436
LUM,NLRP7,-0.029189553
MLF2,NLRP7,-0.011653933
HEPACAM2,NLRP7,-0.07695156
CRABP1,NLRP7,-0.045103885
SERPINA3,NLRP7,-0.031699937
EFCAB13,NLRP7,-0.020625673
DLEU7,NLRP7,-0.011932272
CREG2,NLRP7,-0.010794743
DCAKD,NLRP7,-0.10611602
ADCYAP1R1,NLRP7,-0.038280763
FAM200A,NLRP7,-0.08699735
RNMT,NLRP7,-0.017379763
CRYZ,NLRP7,-0.028754503
AL365205.1,NLRP7,-0.024877114
ZNF649,NLRP7,-0.01659052
MYBPC2,NLRP7,-0.017667493
TEX101,NLRP7,-0.034434367
TNC,NLRP7,-0.0073757865
C4orf48,NLRP7,-0.18643911
INSL5,NLRP7,-0.023917802
DLAT,NLRP7,-0.05024361
SLC9A9,NLRP7,-0.041031986
WASHC3,NLRP7,-0.046670113
PMAIP1,NLRP7,-0.024346065
ST8SIA6,NLRP7,-0.03719451
C10orf90,NLRP7,-0.038813055
GRHL2,NLRP7,-0.009771469
HFM1,NLRP7,-0.058104802
HNRNPH2,NLRP7,-0.013130312
HSPBAP1,NLRP7,-0.05105279
BCL2L11,NLRP7,-0.010776838
FZD3,NLRP7,-0.11434574
TRIM14,NLRP7,-0.042332523
RPRD1A,NLRP7,-0.045139775
SERF1B,NLRP7,-0.01442733
FBXO46,NLRP7,-0.012847107
FABP7,NLRP7,-0.01167532
PDE4D,NLRP7,-0.009703668
MYLK4,NLRP7,-0.019219128
C17orf67,NLRP7,-0.018425284
FSIP2,NLRP7,-0.06805657
SERPINF2,NLRP7,-0.013643806
FCHSD2,NLRP7,-0.008256267
MAGED2,NLRP7,-0.015747845
DNAJC4,NLRP7,-0.006240227
RPS6KA1,NLRP7,-0.030565271
HIF3A,NLRP7,-0.23973615
ADAMTS7,NRAP,-0.005311672
FZR1,NRAP,-0.030136632
APEX2,NRAP,-0.007768465
LRRC8C,NRAP,-0.008727643
PNMA8B,NRAP,-0.010460041
PRKAR2A,NRAP,-0.0037044873
CEP126,NRAP,-0.026121793
MOB3B,NRAP,-0.011257771
MYO1B,NRAP,-0.022567114
FUZ,NRAP,-0.038059805
USP30,NRAP,-0.004133177
SYT14,NRAP,-0.0069773067
HDAC9,NRAP,-0.038643043
PCDHB5,NRAP,-0.04762815
CENPB,NRAP,-0.020577304
LAMB3,NRAP,-0.0067972285
RHOBTB2,NRAP,-0.01656309
FAM50A,NRAP,-0.010683241
PTP4A2,NRAP,-0.025830366
PCDHB7,NRAP,-0.017135149
AL445524.2,NRAP,-0.024518928
ATP5MC2,NRAP,-0.016734483
NOS1AP,NRAP,-0.0021696882
LIMK2,NRAP,-0.008639534
FLOT2,NRAP,-0.010759708
TNRC6A,NRAP,-0.015530435
C11orf94,NRAP,-0.012508898
EFEMP1,NRAP,-0.006274514
PARP8,NRAP,-0.01762668
UBOX5,NRAP,-0.022341944
ACSS1,NRAP,-0.016167065
ZNF518B,NRAP,-0.023156634
ELFN2,NRAP,-0.010964193
C16orf89,NRAP,-0.018843219
ERVMER34-1,NRAP,-0.005652934
ELAPOR1,NRAP,-0.03500172
SPRY1,NRAP,-0.038295038
DNTT,NRAP,-0.01673847
CPNE4,NRAP,-0.02240703
POLI,NRAP,-0.020922923
SECTM1,NRAP,-0.008723605
NCEH1,NRAP,-0.011465337
SPATA22,NRAP,-0.045626838
DLGAP1,NRAP,-0.011419437
RD3,NRAP,-0.020298434
GCM1,NRAP,-0.025187474
PCDHB3,NRAP,-0.032476265
HINT2,NRAP,-0.027466392
FEM1C,NRAP,-0.008430074
SH2B1,NRAP,-0.042883318
PRDX1,NRAP,-0.008402723
POLR2L,NRAP,-0.028656578
STARD7,NRAP,-0.0058597545
CFAP126,NRAP,-0.02883448
GNL1,NRAP,-0.03986272
RPS20,NRAP,-0.030897666
POU4F1,NRAP,-0.024277475
ABTB2,NRAP,-0.01109763
RFLNA,NRAP,-0.050319564
WEE2,NRAP,-0.013822928
DNASE1,NRAP,-0.023451881
UTP6,NRAP,-0.008126671
NFATC2IP,NRAP,-0.03482318
C5AR1,NRAP,-0.0447755
RSKR,NRAP,-0.014021184
MAN1C1,NRAP,-0.095855735
FKBPL,NRAP,-0.01161304
OXCT1,NRAP,-0.094626606
WNT10A,NRAP,-0.07378519
CEP295,NRAP,-0.0032776385
P2RX5,NRAP,-0.019407276
VLDLR,NRAP,-0.002461932
XKR6,NRAP,-0.0054649636
EFCAB10,NRAP,-0.008332494
ZFAND2A,NRAP,-0.061107792
SOCS3,NRAP,-0.042840723
SERPINE3,NRAP,-0.023674225
PKIB,NRAP,-0.010074841
SYNRG,NRAP,-0.013075196
IFI6,NRAP,-0.021396691
SNAP25,NRAP,-0.006725008
TARM1,NRAP,-0.029294638
COL28A1,NRAP,-0.008685417
ERMN,NRAP,-0.014174028
ACAD8,NRAP,-0.009195637
SLC10A6,NRAP,-0.1497734
TMC4,NRAP,-0.019077972
AC138969.1,NRAP,-0.07680449
PTCHD1,NRAP,-0.01706937
JAM2,NRAP,-0.03589424
PLSCR4,NRAP,-0.05240322
ZNF419,NRAP,-0.009776589
SLC23A2,NRAP,-0.028937504
ZBTB8B,NRAP,-0.02445367
CD200R1,NRAP,-0.01622472
SAE1,NRAP,-0.008783589
ASB9,NRAP,-0.032016404
HIF3A,NRAP,-0.0071321195
NRTN,NRAP,-0.019388054
MAML3,NRAP,-0.052470125
CYP2A6,NRAP,-0.04364715
FOXO3,NRAP,-0.011631395
LBHD1,NRAP,-0.030600777
P2RX5-TAX1BP3,NRAP,-0.04022722
RNF144B,NRAP,-0.02326851
STK33,NRAP,-0.01992972
GNLY,NRAP,-0.06543017
EMB,NRAP,-0.01466204
MLXIPL,NRAP,-0.0044400925
SERF2,NRAP,-0.02070176
VAMP2,NRAP,-0.011839555
C21orf58,NRAP,-0.018988766
RNF113B,NRAP,-0.025946554
GABRR1,NRAP,-0.023665283
SMAD7,NRAP,-0.016018484
TM2D3,NRAP,-0.03020717
BET1,NRAP,-0.005475485
SUN1,NRAP,-0.0041237706
COPE,NRAP,-0.02088434
AC119674.2,NRAP,-0.044315126
SPHKAP,NRAP,-0.013178559
COA5,NRAP,-0.008619225
NPM1,NRAP,-0.01781722
BLVRA,NRAP,-0.015866011
FAM133A,NRAP,-0.027037676
AP3S1,NRAP,-0.028914634
ANAPC11,NRAP,0.0028404028
NHLRC1,NRAP,-0.021552913
MRPS6,NRAP,-0.026555583
IL32,NRAP,-0.021913849
ANOS1,NRAP,-0.05707401
KLRC3,NRAP,-0.06878062
C11orf95,NRAP,-0.019197498
UFM1,NRAP,-0.045826867
SS18,NRAP,-0.027030893
DOK5,NRAP,-0.03520232
PPP1R18,NRAP,-0.008119866
SHPK,NRAP,-0.011720514
MYRF,NRAP,-0.2536854
RANBP9,NRAP,-0.024108734
CRISPLD1,NRAP,-0.022303464
FAM184B,NRAP,-0.011917687
SPEM3,NRAP,-0.019236907
SKAP1,NRAP,-0.018639026
LCAT,NRAP,-0.011374024
ATG4A,NRAP,-0.005594768
POPDC2,NRAP,-0.017341727
SPDYE16,NRAP,-0.015013483
TMEM139,NRAP,-0.013398041
AKR1B1,NRAP,-0.06751573
IER3IP1,NRAP,-0.05438136
MXD1,NRAP,-0.05156128
THBD,NRAP,-0.15670392
UQCC2,NRAP,-0.034133162
RRAS2,NRAP,-0.030911246
UST,NRAP,-0.09084215
KHDC1,NRAP,-0.018099064
HES1,NRAP,-0.018365216
ZNF705E,NRAP,-0.05717265
LPCAT3,NRAP,-0.010200705
TRABD2A,NRAP,-0.0013953937
THOC7,NRAP,-0.095982224
ZDHHC14,NRAP,-0.011634391
PODN,NRAP,-0.027310142
SPON2,NRAP,-0.03002225
UHRF2,NRAP,-0.016032321
UPF3B,NRAP,-0.00944138
FAM53B,NRAP,-0.0060610007
SIRPB1,NRAP,-0.029306078
HK3,NRAP,-0.021167504
LINS1,NRAP,-0.0072111203
C17orf113,NRAP,-0.0059375
NAPRT,NRAP,-0.023078833
NPAS2,NRAP,-0.008099218
CD200,NRAP,-0.012236397
F2RL1,NRAP,-0.0072380584
ADI1,NRAP,-0.0032676118
WDR53,NRAP,-0.008621848
DDAH2,NRAP,-0.073219374
SMCO1,NRAP,-0.013840612
RPS4X,NRAP,-0.021308782
LYPD3,NRAP,-0.018031627
COL16A1,NRAP,-0.009246685
GPR135,NRAP,-0.019656919
NDFIP2,NRAP,-0.04913371
CMA1,NRAP,-0.00836481
GJB4,NRAP,-0.021814415
TUBB2A,NRAP,-0.02373173
GPN1,NRAP,-0.053138487
ADAM29,NRAP,-0.035921548
TMSB10,NRAP,-0.019810002
PABPC5,NRAP,-0.024701461
GCK,NRAP,-0.0073277396
ISL1,NRAP,-0.014376182
NELL1,NRAP,-0.009680142
HSD11B2,NRAP,-0.010743689
VPS37D,NRAP,-0.017118834
MAF,NRAP,-0.01995597
TNFSF10,NRAP,-0.021958709
S100A12,NRAP,-0.075848565
LRRC75B,NRAP,-0.008005088
VWA5A,NRAP,-0.035041768
PRKCG,NRAP,-0.029055612
NTRK1,NRAP,-0.016526511
ZFP3,NRAP,-0.022853002
BTG2,NRAP,-0.023059208
BRI3BP,OR4C6,-0.010947744
ZNF233,OR4C6,-0.02185418
RNASEL,OR4C6,-0.009097827
SLC2A11,OR4C6,-0.019597445
DLGAP2,OR4C6,-0.0031909754
RNF212B,OR4C6,-0.015880993
POLM,OR4C6,-0.023267478
ICAM1,OR4C6,-0.028568659
MYH9,OR4C6,-0.015932104
ALPP,OR4C6,-0.0124035645
TEX101,OR4C6,-0.015433533
GAR1,OR4C6,-0.0061898176
CRYBB2,OR4C6,-0.012617623
ACBD4,OR4C6,-0.004059756
STXBP2,OR4C6,-0.008134363
CD63,OR4C6,-0.012306466
POM121C,OR4C6,-0.036577396
PCDHGA10,OR4C6,-0.013717897
IHH,OR4C6,-0.059177365
NLN,OR4C6,-0.10952864
ATXN7L2,OR4C6,-0.00957369
FOXA2,OR4C6,-0.02826331
HNRNPD,OR4C6,-0.022563808
ELP3,OR4C6,-0.017605271
LMTK2,OR4C6,-0.017228616
ZNF76,OR4C6,-0.04272154
FZD3,OR4C6,-0.0360228
NQO2,OR4C6,-0.0077220574
SYT14,OR4C6,-0.010017643
EPHX2,OR4C6,-0.013455537
STRADB,OR4C6,-0.019640116
GRP,OR4C6,-0.027716188
C1orf174,OR4C6,-0.03737153
C18orf21,OR4C6,-0.046715993
GPHN,OR4C6,-0.0071554766
C1QTNF9,OR4C6,-0.041345198
STMN2,OR4C6,-0.083807446
LIN7C,OR4C6,-0.012509834
PHYHD1,OR4C6,-0.003148938
FBXO25,OR4C6,-0.067815654
FRS3,OR4C6,-0.008083767
GLB1L3,OR4C6,-0.013573058
C4BPB,OR4C6,-0.009811919
ATP11A,OR4C6,-0.0059590824
PCDHB9,OR4C6,-0.007870507
MPP1,OR4C6,-0.0131407
ZKSCAN5,OR4C6,-0.008186141
WDR97,OR4C6,-0.00900768
CRB2,OR4C6,-0.014627007
WFDC12,OR4C6,-0.020730684
ING2,OR4C6,-0.03844575
PTRH1,OR4C6,-0.016487256
KRT79,OR4C6,-0.010209537
TCP11L1,OR4C6,-0.013217668
ITFG1,OR4C6,-0.014692424
ANLN,OR4C6,-0.108863354
CNOT11,OR4C6,-0.013604901
NDRG1,OR4C6,-0.03342096
PPP1R21,OR4C6,-0.025347088
PELI3,OR4C6,-0.0511609
C10orf82,OR4C6,-0.015514334
BUD13,OR4C6,-0.008845024
ARID3C,OR4C6,-0.009507338
SMIM32,OR4C6,-0.06854981
CEP85,OR4C6,-0.034421556
OGDH,OR4C6,-0.025352793
VENTX,OR4C6,-0.026514381
TOMM7,OR4C6,-0.0454663
ANAPC13,OR4C6,-0.023246774
SP100,OR4C6,-0.036969855
MAGED4,OR4C6,-0.033774253
TMEM266,OR4C6,-0.045016263
TMEM88,OR4C6,-0.042970043
CCDC185,OR4C6,-0.0076736906
TSPO2,OR4C6,-0.024848359
CCL21,OR4C6,-0.029938217
RFX5,OR4C6,-0.0044860044
TINAGL1,OR4C6,-0.08038759
POLR1B,OR4C6,-0.028637005
MYBPC3,OR4C6,-0.05514899
CRCP,OR4C6,-0.05804042
ANKAR,OR4C6,-0.001431283
NODAL,OR4C6,-0.021279491
GPC5,OR4C6,-0.040485848
PRELID3B,OR4C6,-0.010739248
PLIN1,OR4C6,-0.005306561
TUBA4A,OR4C6,-0.23227505
ING1,OR4C6,-0.007226933
FBXO16,OR4C6,-0.079292126
RASGRP1,OR4C6,-0.0064411424
ADAMTS8,OR4C6,-0.014292199
COL11A2,OR4C6,-0.01820629
UGT1A6,OR4C6,-0.04251286
OSR2,OR4C6,-0.01317715
WNT16,OR4C6,-0.0180737
NUPR2,OR4C6,-0.015876489
PMS2,OR4C6,-0.09231718
PCDHA4,OR4C6,-0.034415003
KRT80,OR4C6,-0.019229809
ESCO1,OR4C6,-0.11089413
PSG4,OR4C6,-0.01607561
SLC12A9,OR4C6,-0.060200512
TPSD1,OR4C6,-0.01756061
ZDHHC21,OR4C6,-0.0035294236
RELCH,OR4C6,-0.029415583
B4GALNT2,OR4C6,-0.023712918
ECEL1,OR4C6,-0.028584309
CEP162,OR4C6,-0.011032413
SLC36A4,OR4C6,-0.064744465
GMDS,OR4C6,-0.07799078
NPTN,OR4C6,-0.037531234
SLC12A7,OR4C6,-0.023196118
MMP16,OR4C6,-0.0077583934
GABRD,OR4C6,-0.0101803895
VIP,OR4C6,-0.0124851335
TBC1D9,OR4C6,-0.0355227
COL8A2,OR4C6,-0.01276206
FCER1A,OR4C6,-0.011966966
SYN2,OR4C6,-0.03419465
LRFN5,OR4C6,-0.023336401
CLEC7A,OR4C6,-0.067442715
TTI2,OR4C6,-0.004375718
ARNTL2,OR4C6,-0.011444809
GPX7,OR4C6,-0.0086925775
CTDSP2,OR4C6,-0.033728987
CBSL,OR4C6,-0.027075134
MOXD1,OR4C6,-0.04149615
SEMA6A,OR4C6,-0.02805104
RDH12,OR4C6,-0.01913846
STK11IP,OR4C6,-0.022168037
MUC2,OR4C6,-0.02925776
AKR1E2,OR4C6,-0.01166882
FOXC2,OR4C6,-0.021033294
JRKL,OR4C6,-0.011436652
ITGA2B,OR4C6,-0.025093365
ITLN2,OR4C6,-0.011261425
PIGU,OR4C6,-0.009631507
RAB1B,OR4C6,-0.02269855
TRAF3,OR4C6,-0.0054668
RAMP1,OR4C6,-0.02655059
PGC,OR4C6,-0.0064627347
ARL14EP,OR4C6,-0.01712382
TPM3,OR4C6,-0.09741906
SEMA4F,OR4C6,-0.008680708
CACNB4,OR4C6,-0.007394828
AMTN,OR4C6,-0.010046766
NHLRC3,OR4C6,-0.024394903
ZDHHC19,OR4C6,-0.015479659
GRB7,OR4C6,-0.026109729
ETHE1,OR4C6,-0.0045027398
VPS25,OR4C6,-0.036729675
FAM186B,OR4C6,-0.006273171
ZNF71,OR4C6,-0.027498249
KCNJ6,OR4C6,-0.014721771
ATXN7L3B,OR4C6,-0.004544514
TMEM37,OR4C6,-0.04654857
UBE2R2,OR4C6,-0.074421845
RAB31,OR4C6,-0.01817431
CIBAR2,OR4C6,-0.009889154
SFTPA2,OR4C6,-0.015059389
RGS3,OR4C6,-0.015518029
ST8SIA6,OR4C6,-0.017952371
OLFML3,OR4C6,-0.016481446
NMRAL1,OR4C6,-0.10429125
ZNF880,OR4C6,-0.01008179
LEFTY2,OR4C6,-0.05679224
BMX,OR4C6,-0.012846469
MMRN1,OR4C6,-0.0110702505
MAPKAPK2,OR4C6,-0.031398904
URI1,OR4C6,-0.005800693
RIMS4,OR4C6,-0.11555607
CCDC3,OR4C6,-0.009625848
ABHD18,OR4C6,-0.017442778
MGAT5B,OR4C6,-0.025140066
TTC14,OR4C6,-0.008747213
FOXA3,OR4C6,-0.039891757
TBCA,OR4C6,-0.016946021
KCNQ1,OR4C6,-0.039655667
GDF9,OR4C6,-0.016395878
SMCO4,OR4C6,-0.024625294
OSGEP,OR4C6,-0.02746963
SCG5,OR4C6,-0.023688514
ADCY10,OR4C6,-0.0051028053
GNA15,OR4C6,-0.01964374
ZNF699,OR4C6,-0.03984898
SLC38A11,OR4C6,-0.03594503
CBLN4,OR4C6,-0.020175146
JUNB,OR4C6,-0.022584526
SMIM18,OR4C6,-0.03420868
TM4SF4,OR4C6,-0.024302151
AC136428.1,OR4C6,-0.0066685365
MSMO1,OR4C6,-0.021484511
WIPI2,OR4C6,-0.020380598
SALL1,OR4C6,-0.008845742
ILF2,PCDH15,-0.008392686
UBE2F,PCDH15,-0.0055372384
ADAMTSL2,PCDH15,-0.0039596558
FGGY,PCDH15,0.00037758233
ADGRF1,PCDH15,-0.0034992408
CHKA,PCDH15,-0.008756151
OR2AT4,PCDH15,-0.0032656793
APBA1,PCDH15,-0.002559913
SLFN13,PCDH15,-0.010167764
TSNARE1,PCDH15,-0.0014926179
B3GNT10,PCDH15,-0.008545833
FBXO27,PCDH15,-0.0021003855
SPRN,PCDH15,-0.001419222
ALDOC,PCDH15,-0.0024754875
EFCAB8,PCDH15,-0.0014781775
DMD,PCDH15,-0.005251301
IFNAR1,PCDH15,-0.00501268
PHF8,PCDH15,-1.58619e-05
ING2,PCDH15,-0.0016096281
SLC46A2,PCDH15,-0.0056428756
TTC23L,PCDH15,-0.0055469326
MAN1C1,PCDH15,-0.004465519
RAB33A,PCDH15,-0.006631672
MT-ND1,PCDH15,2.9868166e-05
AC007906.2,PCDH15,-0.0156086115
LMTK3,PCDH15,-0.0056953486
PCDHA7,PCDH15,-0.0048008855
CDK18,PCDH15,-0.0047087753
SEH1L,PCDH15,-5.9262613e-05
TSPAN9,PCDH15,-0.0017074996
ECI2,PCDH15,-0.001585796
HIPK2,PCDH15,-0.004255259
GLUD2,PCDH15,-0.006602611
RPL36,PCDH15,-0.013552545
NLRP7,PCDH15,-0.008806591
SYTL4,PCDH15,-0.0035076195
EVC,PCDH15,-0.0009032869
AC068946.1,PCDH15,-0.0033716215
CDCA3,PCDH15,-0.0018472731
PEX11G,PCDH15,-0.01022188
TRAPPC4,PCDH15,-0.0012847845
GPAT2,PCDH15,-0.012148531
HAPLN1,PCDH15,-0.0043637785
CBARP,PCDH15,-0.015331406
CHD7,PCDH15,-0.013972893
TIMM23B,PCDH15,-0.008888389
ZNF841,PCDH15,-0.0024805483
SASS6,PCDH15,-0.00461948
MUC5AC,PCDH15,-0.0029843783
RANBP17,PCDH15,-0.005014113
LARGE1,PCDH15,-0.0050299587
TMEM19,PCDH15,-0.0026171156
ELP4,PCDH15,-0.016351739
PRTFDC1,PCDH15,-0.009626875
ZYG11A,PCDH15,-0.0020082798
PRXL2B,PCDH15,-0.0064408085
YPEL4,PCDH15,-0.007816303
SLC27A3,PCDH15,-0.0062342053
SUOX,PCDH15,-0.0056356434
CBR3,PCDH15,-0.0012958164
RNASE6,PCDH15,-0.0009671273
SHF,PCDH15,-0.0126128085
CTPS2,PCDH15,-0.0077960435
PAX8,PCDH15,-0.001647208
TLX1,PCDH15,-0.0031067755
ATF7-NPFF,PCDH15,-0.0551814
LRP5,PCDH15,-0.012769814
ZBTB3,PCDH15,-0.0017578084
IDH3A,PCDH15,-0.0015486861
NFE2L1,PCDH15,-0.028236678
PXYLP1,PCDH15,-0.0018265069
ZNF114,PCDH15,-0.010961746
CLDN5,PCDH15,-0.0123008825
HERC4,PCDH15,-0.008725576
PGBD1,PCDH15,-0.0050343983
PDE2A,PCDH15,-0.011187796
EIF3F,PCDH15,-0.026033085
CDK1,PCDH15,-0.0052041817
AKAP14,PCDH15,-0.0063956142
FAM72B,PCDH15,-0.00844471
H1-3,PCDH15,-0.0022074508
KRT15,PCDH15,-0.010901546
MC4R,PCDH15,-0.005654363
ATP6V1C1,PCDH15,-0.0026685891
ZNF324,PCDH15,-0.01624295
SLC15A2,PCDH15,-0.004979531
GK,PCDH15,-0.008863875
MYOC,PCDH15,-0.004312569
ECD,PCDH15,-0.001531622
CARNMT1,PCDH15,-0.007196412
NLRP11,PCDH15,-0.006903966
PRKAA2,PCDH15,-0.0073884353
GPC3,PCDH15,-0.0044657323
PKDREJ,PCDH15,-0.0081058
FGA,PCDH15,-0.0034872023
SERPINA3,PCDH15,-0.007584013
COX6B2,PCDH15,-0.008940498
TNFRSF10A,PCDH15,-0.0065542865
RAB18,PCDH15,-0.03026547
EPS8L1,PCDH15,-0.0064835656
GPAT4,PCDH15,-0.0052548484
ZNF83,PCDH15,-0.009794954
OTOP1,PCDH15,-0.003480085
UCN,PCDH15,-0.0058453134
PLAT,PCDH15,-0.008118727
ZNF771,PCDH15,-0.0032424552
UBE2E1,PCDH15,-0.023771891
TRIM61,PCDH15,-0.0006198869
ALDH1L1,PCDH15,-0.006757389
FAM71C,PCDH15,-0.0038486826
KIF4A,PCDH15,-0.0039601205
OXCT1,PCDH15,-0.0058587072
ZC3H11B,PCDH15,-0.0153076975
KCNC3,PCDH15,-0.0068639484
ZSCAN18,PCDH15,-0.0024533372
BEGAIN,PCDH15,-0.0008682668
TNFRSF10B,PCDH15,-0.006385471
ZNF90,PCDH15,-0.0019016307
FPR3,PCDH15,-0.0035335694
NRG2,PCDH15,-0.0083144605
SNW1,PCDH15,-0.0074242954
GJA3,PCDH15,-0.0054639946
RAI14,PCDH15,-0.01831105
MYT1,PCDH15,-0.0029174292
NACAD,PCDH15,0.0016226631
ZP3,PCDH15,-0.0019438067
RSPH4A,PCDH15,-0.009332946
MTX1,PCDH15,-0.010657075
PLIN5,PCDH15,-0.0018400331
NGF,PCDH15,-0.0031807746
MTMR8,PCDH15,-0.0027191134
DNAJB1,PCDH15,-0.009230414
PRODH,PCDH15,-0.009114686
PCYOX1L,PCDH15,-0.008385553
MRPL9,PCDH15,-0.0013480419
C8orf44-SGK3,PCDH15,-0.003975985
TICAM1,PCDH15,-0.000102838996
ALKBH6,PCDH15,-0.0071500563
SLC34A3,PCDH15,-0.0016841865
SERPINE1,PCDH15,-0.014940902
ARMCX5,PCDH15,-0.004755224
TEPP,PCDH15,-0.0042248727
CXCR6,PCDH15,-0.0061245905
PCDHB9,PCDH15,-0.009058682
SLC9A4,PCDH15,-0.013470804
CORO2B,PCDH15,-0.011682756
FLNC,PCDH15,0.00048380226
CEACAM7,PCDH15,-0.0043718503
TMEM39B,PCDH15,-0.0010948424
RBP5,PCDH15,-0.006818128
ZNF624,PCDH15,-0.007210813
MELTF,PCDH15,-0.00606056
SUMO1,PCDH15,-0.013179895
LINC00634,PCDH15,-0.0060477965
ZSCAN9,PCDH15,-0.024317155
PCDHB2,PCDH15,-0.003429564
TNKS,PCDH15,0.00033760222
OR52I1,PCDH15,-0.0030966776
RNF170,PCDH15,-0.007805127
PPP2R3B,PCDH15,-0.004954095
RBPMS2,PCDH15,-0.002631255
KCNN2,PCDH15,-0.0051193153
KCTD17,PCDH15,-0.00233317
F7,PCDH15,-0.00049803994
TRA2B,PCDH15,-0.0067569097
PUF60,PCDH15,-0.0034189282
TGFB2,PCDH15,-0.007218156
AMACR,PCDH15,-0.014917867
SLC6A12,PCDH15,-0.019187056
DMRTA2,PCDH15,-0.004881185
TEX33,PCDH15,-0.011024053
KRT83,PCDH15,-0.0035323089
PRDM15,PCDH15,-0.0016891691
DLGAP1,PCDH15,-0.0013552123
APOBR,PCDH15,5.7411267e-05
WDR77,PCDH15,-0.014467102
NABP1,PCDH15,-0.008220699
XRCC5,PCDH15,-0.0024079776
ARL4A,PCDH15,-0.0090043135
MUC12,PCDH15,-0.0045670513
SCNN1B,PCDH15,-0.029520566
YJEFN3,PCDH15,-0.0032813458
TNFRSF1A,PCDH15,-0.001524518
ERVH48-1,PCDH15,-0.010855125
PROM2,PCDH15,-0.0050960425
FCRL4,PCDH15,-0.0044032056
CCNB1,PCDH15,-0.0072316523
MDGA1,PCDH15,-2.801756e-05
SLK,PCDH15,-0.010176135
GATA2,PCDH15,-0.00505523
TIGD5,PCDH15,-0.0023218216
C11orf58,PCDH15,-0.0059864987
HSPA6,PCDH15,-0.005868362
HELZ2,PCDH15,-0.0027865556
LUZP2,PCDH15,-0.0031386344
PTGDS,PCDH15,-0.008770142
GMDS,PCDH15,-0.004886287
PCDHB7,PCDH15,-0.012244786
ADH1C,PCDH15,-0.00034577146
FRRS1,PCDH15,-6.209412e-06
WNK3,PCDH15,-0.00019563311
FUT3,PCDH15,-0.021535631
KIAA1841,PCDH15,-0.011545952
ANKRD62,PCDH15,-0.0055066426
PAMR1,PCDH15,-0.003295546
ZNF587B,PCDH15,-0.004971378
KANSL1L,PCDH15,-0.0015505633
IGF2BP3,PCDH15,0.0015317698
DMPK,PCDH15,-0.010544411
P3H3,PCDH15,-0.0025358081
PAIP2B,PCDH15,0.00018242997
SH3KBP1,PCDH15,-0.011049414
CETP,PCDH15,-0.010380578
GLRB,PCDH15,-0.0032286723
C5orf22,PCDH15,-0.0019414834
NUP160,PCDH15,-0.0051861396
ZNF878,PCDH15,-0.009253056
PARD3,PCDH15,0.00021248854
LAMTOR5,PCDH15,-0.003908867
PROCR,PCDH15,-0.01081676
FOLR1,PCDH15,-0.0022862367
SPPL3,PCDH15,-0.00710259
FAM72C,PCDH15,-0.014182914
MAOB,PCDH15,-0.0069095185
FAT3,PCDH15,-0.02307859
CBY2,PCDH15,-0.014689342
C9orf116,PCDH15,-0.018758876
MFF,PCDH15,-0.0065650954
HMGA2,PCDH15,-0.007426315
TP53I13,PCDH15,-0.0039162035
DHRSX,PCDH15,-0.013483504
STMN3,PCDH15,-0.016433327
C22orf31,PCDH15,-0.0023495844
FAM234B,PCDH15,-0.011862464
ZNF774,PCDH15,-0.0038381768
SUV39H2,PCDH15,0.0047894088
DACT2,PCDH15,-0.006079901
SALL2,PCDH15,-0.005228585
NDUFS1,PCDH15,-0.0044343485
MME,PCDH15,-0.0013738995
CYSRT1,PCDH15,-0.0008857941
MYH15,PCDH15,-0.0027278846
DHRS3,PCDH15,-0.005315915
CGA,PCDH15,-0.0056447666
MANBAL,PCDH15,-0.0015819146
REC114,PCDH15,-0.00341528
CWF19L2,PCDH15,-0.0012469051
TRPM8,PCDH15,-0.015345372
EIF2AK4,PCDH15,-0.004395081
RIF1,PCDH15,-0.0018968739
TCP11L2,PCDH15,-0.0033108483
SEMA3B,PCDH15,-0.006569133
GADD45B,PCDH15,-0.006921505
PRDM7,PCDH15,-0.0041032787
PSMB7,PCDH15,-0.025054954
EDA2R,PCDH15,-0.0001830616
PHAX,PCDH15,-0.012250766
CNTF,PCDH15,-0.0086268075
TMEM269,PCDH15,-0.006717221
NUDCD3,PCDH15,-0.0044067283
FSTL5,PCDH15,-0.011186031
PEX11B,PCDH15,-0.006535934
GHR,PCDH15,-0.018916614
CDK9,PCDH15,-0.007905119
ISCA2,PCDH15,-0.005382121
LMCD1,PCDH15,-0.05071421
MGMT,PCDH15,-0.0055081598
PTTG1,PCDH15,-0.013925509
PDP1,PCDH15,-0.0063799387
MYL10,PCDH15,-0.015471674
SPR,PCDH15,-0.0016049664
AKIP1,PCDH15,-0.016023649
PMF1,PCDH15,-0.004687615
PIEZO2,PCDH15,-0.0033704047
FADS6,PCDH15,-0.0037911776
GLRA2,PCDH15,-0.006894077
NDST3,PCDH15,-0.00075362634
ARHGEF25,PCDH15,-0.0030397351
MANSC1,PCDH15,-0.012461408
SH3BGRL,PCDH15,-0.0023442595
CD44,PCDH15,-0.0029940486
UTS2R,PCDH15,-0.0061519407
H1-2,PCDH15,-0.007951847
MAPK8IP1,PCDH15,-0.0037847855
RIPK1,PCDH15,-0.008427626
GRB7,PCDH15,-0.0052691763
TUBA4A,PCDH15,-0.003699289
SH2D4A,PCDH15,-0.043655094
TAS2R4,PCDH15,-0.006173687
TUSC3,PCDH15,-0.011544761
PREX2,PCDH15,-0.0008637103
ZCCHC17,PCDH15,-0.0013153234
SPG7,PCDH15,-0.0068385913
MAP7D2,PCDH15,-0.0056484137
ZDHHC13,PCDH15,-0.006779774
DSP,PCDH15,-0.003948363
FAXC,PCDH15,-0.032100633
OTUD6B,PCDH15,-0.007437867
ZNF557,PCDH15,-0.022629993
PDZD7,PCDH15,-0.010449394
ZNF44,PCDH15,-0.008504718
VCX,PCDH15,-0.005373706
FBN2,PCDH15,-0.0075577362
AJM1,PCDH15,-0.0034534573
TFF2,PCDH15,-0.017444314
XKR6,PCDH15,-0.009336906
NKX1-2,PCDH15,-0.0026780264
IMP3,PCDH15,-0.003086332
ARHGEF35,PCDH15,-0.0042682006
DLGAP2,PCDH15,0.0008213955
SNRPD3,PCDH15,-0.004169506
NCALD,PCDH15,-0.00055288663
CXCL6,PCDH15,-0.0039042747
CALML6,PCDH15,-0.003899354
G6PC3,PCDH15,-0.022797698
CX3CL1,PCDH15,-0.027535275
ZNF724,PCDH15,-0.016140582
PAX9,PCDH15,-0.0044125756
RYR3,PCDH15,-0.005088477
AC231656.1,PCDH15,-0.0032023545
H1-0,PCDH15,-0.046345472
MCF2L,PCDH15,-0.00647434
CAND1,PCDH15,-0.0024815348
TMEM138,PCDH15,-0.021913616
TLX3,PCDH15,-0.0030266587
ANXA2R,PCDH15,-0.005042632
SHROOM2,PCDH15,-0.015953189
ZNF660,PCDH15,-0.011569823
SPRY3,PCDH15,-0.008418803
ATP6V0E1,PCDH15,-0.01138634
HES1,PCDH15,-0.004766742
CBR4,PCDH15,-0.0014697835
LGI3,PCDH15,-0.006227563
PEX13,PCDH15,-0.0026105666
FANCL,PCDH15,-0.0107028
NLRX1,PCDH15,-0.0030525231
FAM156A,PCDH15,-0.0043832716
ULBP2,PCDH15,-0.0057361433
AP001267.5,PCDH15,-0.0038988567
STK38L,PCDH15,-0.018058494
AGFG2,PCDH15,-0.002476346
ZNF595,PCDH15,-0.004444414
XCL2,PCDH15,-0.002825574
RNASET2,PCDH15,-0.0021618456
CHST14,PCDH15,-0.0060412246
C11orf86,PCDH15,-0.0072317603
RAD54B,PCDH15,-0.01797544
RNF5,PCDH15,-0.011262734
CCDC136,PCDH15,-0.0029948421
FGF17,PCDH15,-0.0076875184
OAT,PCDH15,-0.0035887973
PXN,PCDH15,-0.007455881
CHDH,PCDH15,-0.0055267825
KLHDC8B,PCDH15,-0.00081479806
METTL27,PCDH15,-0.004155257
ZNRF3,PCDH15,0.0011935881
HBM,PCDH15,-0.011471544
TSPAN14,PCDH15,-0.004312615
CEBPG,PCDH15,-0.00747515
CAPN12,PCDH15,-0.004617837
NMB,PCDH15,-0.0077896724
TMEM30A,PCDH15,-0.042734563
ZCCHC3,PCDH15,-0.0030285926
ANKRD36B,PCDH15,-0.0056190575
OPLAH,PCDH15,-0.01104912
NARS2,PCDH15,-0.009288458
INKA1,PCDH15,-0.0150641315
PIGZ,PCDH15,-0.016645346
CRISP3,PCDH15,-0.0073877266
ECEL1,PCDH15,-0.018022235
SECTM1,PCDH15,-0.014055109
TFCP2L1,PCDH15,-0.006214554
DTNA,PCDH15,-0.03436387
MAP3K5,PCDH15,-0.006604771
RACGAP1,PCDH15,-0.010951736
RTL8B,PCDH15,-0.007956234
ZNF501,PCDH15,-0.009858242
DNM2,PCDH15,-0.004133686
OR10G4,PCDH15,-0.007554112
NOMO3,PCDH15,-0.030266196
CLBA1,PCDH15,-0.0055404347
GUCA1B,PCDH15,-0.0039175176
RNF141,PCDH15,-0.0024492356
PEBP1,PCDH15,-0.00049147295
AC114490.3,PCDH15,-0.009479976
GJB4,PCDH15,-0.004700017
RPE,PCDH15,-0.0033682352
FREM2,PCDH15,-0.004689168
MFSD2B,PCDH15,-0.011532041
SRRM3,PCDH15,-0.0038548885
OTOGL,PCDH15,-0.0011649597
METTL7A,PCDH15,-0.01075252
ZNF266,PCDH15,-0.011714415
PRKAA1,PCDH15,-0.018405965
GLIPR1L2,PCDH15,-0.00068545213
DNER,PCDH15,-0.0035285202
IFT140,PCDH15,-0.0120493565
WDR6,PCDH15,-0.005361505
H3-3A,PCDH15,-0.009383343
S100A7A,PCDH15,-0.009052581
HERPUD1,PCDH15,0.00027099432
CCDC149,PCDH15,-0.002773044
UGT1A6,PCDH15,-0.00454466
ANO1,PCDH15,-0.0033837266
PLA2G4E,PCDH15,-0.008377597
POMT2,PCDH15,-0.0011833903
PELI3,PCDH15,-0.004850476
LIMK1,PCDH15,-0.020796737
VSIG10L2,PCDH15,-0.0080513805
C17orf97,PCDH15,-0.024380265
MT-ND4L,PCDH15,-0.0039073355
PRUNE1,PCDH15,-0.0079273945
GBP3,PCDH15,-0.007062781
HOXD11,PCDH15,-0.0015477686
BCL9,PCDH15,-0.0114302
NUDT4B,PCDH15,-0.00806497
AUNIP,PCDH15,-0.02668603
C1QTNF1,PCDH15,-0.012682033
ASIC5,PCDH15,-0.0065547857
SLC6A14,PCDH15,-0.0041284827
IRX1,PCDH15,-0.009881683
SPINK5,PCDH15,-0.036583073
CIP2A,PCDH15,-0.006390727
DCAF12L2,PCDH15,-0.0064958665
SSRP1,PCDH15,-0.012627506
MTFMT,PCDH15,-0.021880064
CES4A,PCDH15,-0.00053860195
THSD4,PCDH15,-0.00095552934
AC008581.2,PCDH15,-0.0043943804
LHFPL6,PCDH15,-0.004637392
CD19,PCDH15,-0.004678789
ZNF888,PCDH15,-0.006513097
BRS3,PCDH15,-0.018056646
LINGO1,PCDH15,-0.00033912362
GAGE10,PCDH15,-0.00482303
CCDC107,PCDH15,-0.011847269
IGLL1,PCDH15,-0.0038969216
TCF4,PCDH15,-0.0016120548
PSMA2,PCDH15,-0.0063536516
ZNF766,PIK3CA,0.0014548708
MAN1A1,PIK3CA,-0.0038306573
E2F2,PIK3CA,0.00073123217
LNX2,PIK3CA,-0.00072268315
C4orf47,PIK3CA,-0.010665726
GEMIN4,PIK3CA,-0.0027042038
SPINK1,PIK3CA,-0.0028277044
ARID4A,PIK3CA,-0.0051960787
PDLIM7,PIK3CA,-0.0058086063
DDX55,PIK3CA,-0.016712181
FABP4,PIK3CA,-0.005176537
PURB,PIK3CA,-0.0037759852
DESI1,PIK3CA,-0.010533799
MOGAT1,PIK3CA,-0.0028035308
IL17C,PIK3CA,-0.008390694
ANKMY2,PIK3CA,-0.007744187
ARHGEF33,PIK3CA,-0.00947183
MT1M,PIK3CA,-0.040738262
CD3D,PIK3CA,-0.0031541444
ZNF619,PIK3CA,-0.0071701147
INSM2,PIK3CA,-0.006599562
SDSL,PIK3CA,-0.018160384
CFAP46,PIK3CA,-0.013202103
RDH12,PIK3CA,-0.0023693761
CCDC7,PIK3CA,-0.0028729348
ALS2,PIK3CA,-0.04960992
MAP1LC3B,PIK3CA,-0.034496024
ADAM23,PIK3CA,-0.01073745
NR1D1,PIK3CA,-0.0054435614
ALDH4A1,PIK3CA,-0.0026331702
CCDC121,PIK3CA,-0.010921596
APAF1,PIK3CA,-0.0017054537
AC092587.1,PIK3CA,-0.022959027
SLC45A1,PIK3CA,-0.031055244
CYB5A,PIK3CA,-0.009671794
ESCO2,PIK3CA,-0.037675243
SEPTIN3,PIK3CA,-0.020864077
WIPI1,PIK3CA,-0.032843675
NAALADL2,PIK3CA,-0.008571959
SNU13,PIK3CA,-0.009855104
CBWD1,PIK3CA,-0.01742115
RGS22,PIK3CA,-0.0114421975
TMEM123,PIK3CA,-0.0020582688
PLXNA3,PIK3CA,-0.013471893
HSD3B7,PIK3CA,-0.0010073754
VAV2,PIK3CA,-0.0047215745
SHD,PIK3CA,-0.0022182195
PIGM,PIK3CA,-0.002580304
COPRS,PIK3CA,-0.0099863345
KRT83,PIK3CA,-0.011954186
MMP2,PIK3CA,-0.03049547
SMARCD3,PIK3CA,-0.00740079
APMAP,PIK3CA,-0.016054114
MT-ND4,PIK3CA,-0.025702603
CFAP97D1,PIK3CA,-0.0059788954
PORCN,PIK3CA,-0.0028417925
SMIM26,PIK3CA,-0.010370701
ERAP2,PIK3CA,-0.028841332
SIRT7,PIK3CA,-0.007259846
SART1,PIK3CA,-0.014185241
ZFP92,PIK3CA,-0.045662016
GMDS,PIK3CA,-0.023444647
XKRX,PIK3CA,-0.007913186
ANKRD62,PIK3CA,-0.008855251
ZNF284,PIK3CA,-0.015225193
IL13,PIK3CA,-0.007915875
KIAA0930,PIK3CA,-0.011860956
TMPRSS5,PIK3CA,-0.021247873
TIPRL,PIK3CA,-0.028757071
TCF7L2,PIK3CA,-0.037149876
EXOC8,PIK3CA,-0.006516687
ANPEP,PIK3CA,-0.0028752736
MPV17L,PIK3CA,-0.017139405
IQSEC3,PIK3CA,-0.0013983122
THBD,PIK3CA,-0.006850998
HENMT1,PIK3CA,-0.0327505
BUB1B,PIK3CA,-0.012604209
CD44,PIK3CA,-0.012307906
MTARC2,PIK3CA,-0.0114513105
RIMS2,PIK3CA,-0.0056021665
CD24,PIK3CA,-0.03403985
CPN1,PIK3CA,-0.005273611
LETM2,PIK3CA,-0.043459825
ARC,PIK3CA,-0.012434885
BHMT,PIK3CA,-0.0128056565
MAP1LC3B2,PIK3CA,-0.020995345
CARD17,PIK3CA,-0.004408937
CCNB3,PIK3CA,-0.010623545
GADD45G,PIK3CA,-0.0027699615
CSRNP3,PIK3CA,-0.017127236
CNN1,PIK3CA,-0.009800067
ZNF114,PIK3CA,-0.011234823
GPAA1,PIK3CA,-0.012186987
PIEZO1,PIK3CA,-0.006371729
DCTN4,PIK3CA,-0.008151889
C1D,PIK3CA,-0.01226884
IGSF22,PIK3CA,-0.024066096
CRYGS,PIK3CA,-0.00803614
TRIM36,PIK3CA,-0.0006791505
MANSC4,PIK3CA,-0.08237202
EID1,PIK3CA,-0.011061749
CHRNA1,PIK3CA,-0.008685695
WWP1,PIK3CA,-0.0048003322
CRACDL,PIK3CA,-0.009307517
CCL24,PIK3CA,-0.010667968
AC013394.1,PIK3CA,-0.017032122
PLCB1,PIK3CA,-0.0031947498
NELL1,PIK3CA,-0.012724335
FYTTD1,PIK3CA,-0.015771069
ZNF18,PIK3CA,-0.007764543
TNFRSF10A,PIK3CA,-0.010795007
TRPM6,PIK3CA,-0.019313827
PIP5K1B,PIK3CA,-0.01866046
RPIA,PIK3CA,-0.019214058
CLCN1,PIK3CA,-0.011901849
RNLS,PIK3CA,-0.019452795
TRIP13,PIK3CA,-0.0035706551
SLC41A3,PIK3CA,-0.018916793
IER3IP1,PIK3CA,-0.009315701
TLE1,PIK3CA,-0.008535948
ITGA5,PIK3CA,-0.0027969356
VENTX,PIK3CA,-0.012986351
SYN1,PIK3CA,-0.02733721
H3C1,PIK3CA,-0.01070095
WNT9A,PIK3CA,-0.07106999
SLAMF9,PIK3CA,-0.0276368
ZNF256,PIK3CA,-0.0025833999
PCDHB2,PIK3CA,-0.01858612
CCL1,PIK3CA,-0.009013187
SHANK2,PIK3CA,-0.012214815
BIVM,PIK3CA,-0.0026292482
HAL,PIK3CA,-0.010310769
TMEM260,PIK3CA,-0.008222528
HNMT,PIK3CA,-0.0003451555
FEM1A,PIK3CA,-0.009168063
SLC20A1,PIK3CA,-0.004791675
FRAT2,PIK3CA,-0.0026565723
MCMDC2,PIK3CA,-0.01273388
EEPD1,PIK3CA,-0.030397238
TPBG,PIK3CA,-0.014755023
HECA,PIK3CA,-0.0032391974
ITLN1,PIK3CA,-0.08146359
LRRC6,PIK3CA,-0.0012325206
REG1A,PIK3CA,-0.019218499
ULK3,PIK3CA,-0.007142236
ATP8B1,PIK3CA,-0.010872583
GREM1,PIK3CA,-0.013042834
ADRA1B,PIK3CA,-0.066327736
PLEKHF1,PIK3CA,-0.007840067
PCDHB3,PIK3CA,-0.0012921379
PRSS27,PIK3CA,-0.006691936
TLCD1,PIK3CA,-0.0056448197
ABCC3,PIK3CA,-0.0005756663
ARPC1A,PIK3CA,-0.004091913
CMBL,PIK3CA,-0.021602282
CD302,PIK3CA,-0.021588301
KAT2B,PIK3CA,-0.0036887396
TNNT1,PIK3CA,-0.022079373
SEC14L2,PIK3CA,-0.011246852
DIPK1C,PIK3CA,-0.008868485
PLSCR4,PIK3CA,-0.0116059305
UHRF1BP1L,PIK3CA,-0.008941888
SENP2,PIK3CA,-0.0046118875
GABRA2,PIK3CA,-0.006707311
LHPP,PIK3CA,-0.012918503
STBD1,PIK3CA,-0.0036114985
RHOBTB3,PIK3CA,-0.005570245
FUT3,PIK3CA,-0.012753744
FOXO3B,PIK3CA,-0.032835834
FAM227B,PIK3CA,-0.005854487
UTS2,PIK3CA,-0.011754834
MYCL,PIK3CA,-0.044316914
CLCA2,PIK3CA,-0.015063484
EMX1,PIK3CA,-0.024995035
AMPH,PIK3CA,-0.016471796
EDA,PIK3CA,-0.02310126
SPRR2G,PIK3CA,-0.011399925
ADAMTS8,PIK3CA,-0.008909524
AC005324.2,PIK3CA,-0.007865389
CFAP57,PIK3CA,-0.009260811
PDE4DIP,PIK3CA,-0.0073081027
C8orf37,PIK3CA,-0.0032609429
TIMM8A,PIK3CA,-0.0031851076
HIBADH,PIK3CA,-0.0025942775
LRRC37B,PIK3CA,-0.059192263
DCHS2,PIK3CA,-0.009077059
KLK4,PIK3CA,-0.009207077
HSBP1L1,PIK3CA,-0.0076588336
SAA2,PIK3CA,-0.0035806925
SLC5A6,PIK3CA,-0.00675955
CX3CL1,PIK3CA,-0.0046427883
PHRF1,PIK3CA,-0.010949635
ZDHHC11,PIK3CA,-0.0089765005
EFCC1,PIK3CA,-4.5970854e-05
KCNE1B,PIK3CA,-0.008458276
PLA2G2F,PIK3CA,-0.00900109
EPHA3,PIK3CA,-0.009240005
TIMM8B,PIK3CA,-0.015965989
DOCK6,PIK3CA,-0.0154693555
GIGYF1,PIK3CA,-0.014366054
TEAD4,PIK3CA,-0.030138828
MRPS26,PIK3CA,-0.026923755
ZNF14,PIK3CA,-0.012396287
CXCL13,PIK3CA,-0.0064169643
ANP32B,PIK3CA,-0.0016833679
ANKRD24,PIK3CA,-0.017118378
VPS45,PIK3CA,-0.0046005948
ARMCX2,PIK3CA,-0.01971602
SPACA9,PIK3CA,-0.0011506603
DSTN,PIK3CA,-0.012899833
STRIT1,PIK3CA,-0.007689912
HLA-G,PIK3CA,-0.009241137
SLC4A5,PIK3CA,-0.039043542
ERICH2,PIK3CA,-0.01640765
TMEM222,PIK3CA,-0.019740239
VMAC,PIK3CA,-0.0012220294
TPM4,PIK3CA,-0.0041473536
SLC5A4,PIK3CA,-0.006736899
WDR53,PIK3CA,-0.060102988
FIGNL2,PIK3CA,-0.021650212
PCDHGB6,PIK3CA,-0.032250725
TSC22D2,PIK3CA,-0.012446476
ACCS,PIK3CA,-0.00513237
ASIC3,PIK3CA,-0.04865987
SDF2L1,PIK3CA,-0.0036091243
SLC2A7,PIK3CA,-0.0152970925
APOD,PIK3CA,-0.0103276735
TTF1,PIK3CA,-0.005988666
U2AF1L5,PIK3CA,-0.01139369
GNG13,PIK3CA,-0.0048608514
TMEM200B,PIK3CA,-0.062625855
FASTKD5,PIK3CA,-0.010048415
TMPRSS11D,PIK3CA,-0.03693748
ACTL6A,PIK3CA,-0.008622193
NR3C2,PIK3CA,-0.009408288
ASS1,PIK3CA,-0.010958603
EMCN,PIK3CA,-0.0069522453
ZNF382,PIK3CA,-0.012431366
IL1RAPL2,PIK3CA,-0.006678033
MAPK3,PIK3CA,-0.009038874
MGAM2,PIK3CA,-0.0072913654
TMEM132B,PIK3CA,-0.0030889825
NLRP6,PIK3CA,-0.0048432397
LMO1,PIK3CA,-0.007967205
PELI1,PIK3CA,-0.006222776
PI4K2B,PIK3CA,-0.012319059
LOXL4,PIK3CA,-0.0046016243
WDR18,PIK3CA,-0.014753827
PIPOX,PIK3CA,-0.015688987
NFIB,PIK3CA,-0.017738562
DGKI,PIK3CA,-0.0018249396
CTAG2,PIK3CA,-0.0055262037
C11orf95,PIK3CA,-0.020836577
SLFN5,PIK3CA,-0.013964305
FAM72D,PIK3CA,0.00022001394
DENND1A,PIK3CA,-0.009267439
LTBP2,PIK3CA,-0.017838592
HS3ST2,PIK3CA,-0.025985971
SIPA1L2,PIK3CA,-0.025523376
MEX3B,PIK3CA,-0.0066823033
OCIAD1,PIK3CA,-0.010716315
RGPD3,PIK3CA,-0.019327976
SMOX,PIK3CA,-0.0036537477
CFAP43,PIK3CA,-0.0048900163
GIT1,PIK3CA,-0.013470796
CRTAC1,PIK3CA,-0.01505535
CYP2W1,PIK3CA,-0.014365765
NOBOX,PIK3CA,-0.050599787
PTGER1,PIK3CA,-0.013105102
CHRNA2,PIK3CA,-0.031286664
DSG4,PIK3CA,-0.03165456
NR1I2,PIK3CA,-0.0021324884
EFCAB9,PIK3CA,-0.055999905
KDELR3,PIK3CA,-0.054788105
TRIM32,PIK3CA,-0.061492328
NEUROD2,PIK3CA,-0.008807648
CRLS1,PIK3CA,-0.00783451
SLC13A5,PIK3CA,-0.014781503
SYP,PIK3CA,-0.02217278
CWH43,PIK3CA,-0.0140656335
PTEN,PIK3CA,-0.0074582887
MED4,PIK3CA,-0.0063455286
FLT3LG,PIK3CA,-0.0063942703
CABLES1,PIK3CA,-0.012326528
LAYN,PIK3CA,-0.01332755
ADRA2C,PIK3CA,-0.010244353
EFNA5,PIK3CA,-0.045844015
MYEOV,PIK3CA,-0.0026888442
OVCH2,PIK3CA,0.0010500515
ADAMTS5,PIK3CA,-0.020094521
FAM86B2,PIK3CA,-0.047132
ZNF408,PIK3CA,-0.002234217
SMKR1,PIK3CA,-0.023901325
CLEC4C,PIK3CA,-0.0048386487
SLC25A48,PIK3CA,-0.0072047985
ATP6V1FNB,PIK3CA,-0.018588768
DVL1,PIK3CA,0.00036575433
BTNL3,PIK3CA,-0.0202643
AURKC,PIK3CA,-0.009238659
KCNMB3,PIK3CA,-0.016976967
POPDC2,PIK3CA,-0.02090326
ABO,PIK3CA,-0.003920568
SLC2A3,PIK3CA,-0.010834372
DNAH2,PIK3CA,-0.0025014465
FLI1,PIK3CA,-0.009436128
RTBDN,PIK3CA,-0.025826504
HACD1,PIK3CA,-0.042025622
ARHGEF28,PIK3CA,-0.007877508
TMEM108,PIK3CA,-0.010045695
MYBPC1,PIK3CA,-0.006060655
RTN4IP1,PIK3CA,-0.017860884
TRPV3,PIK3CA,-0.009533332
MFN1,PIK3CA,-0.0314875
TNRC6C,PIK3CA,-0.0012376779
KCNQ1,PIK3CA,-0.021545101
MED16,PIK3CA,-0.004804663
PINX1,PIK3CA,-0.01276107
CA8,PIK3CA,-0.009308462
ZNF474,PIK3CA,-0.012892004
UBXN4,PLEC,-0.006510955
ZNF276,PLEC,-0.006814964
ADAM23,PLEC,-0.010760006
TRAPPC4,PLEC,-0.0079431515
ZNF382,PLEC,-0.008010198
DCAF5,PLEC,-0.03788121
HVCN1,PLEC,-0.006340536
L3MBTL3,PLEC,-0.013772437
M1AP,PLEC,-0.0058314404
LNP1,PLEC,-0.011834135
SYCP2L,PLEC,-0.012595866
GZF1,PLEC,-0.0050002923
RAB1A,PLEC,-0.0007604084
SMIM27,PLEC,-0.0044413507
RAB3A,PLEC,-0.0113919545
FAM124B,PLEC,-0.011501769
DUSP3,PLEC,-0.03170381
MMP3,PLEC,-0.014904082
TFF3,PLEC,-0.022697935
IMP3,PLEC,-0.0005737471
EPYC,PLEC,-0.016706355
VAMP3,PLEC,-0.0548121
TRAPPC6A,PLEC,-0.025531022
CTSD,PLEC,-0.030299792
SLC13A3,PLEC,-0.035201248
OTUD1,PLEC,-0.0088322675
TMEM92,PLEC,-0.007667968
PRL,PLEC,-0.010396663
IP6K3,PLEC,-0.033888742
RPF1,PLEC,-0.015619932
CT45A5,PLEC,-0.012211107
ZNF746,PLEC,-0.006902893
AC015802.6,PLEC,-0.027647879
SIK2,PLEC,-0.0015551263
WIZ,PLEC,-0.022229644
OTUB1,PLEC,-0.010356883
OSR2,PLEC,-0.010961567
SIK1B,PLEC,-0.0069862204
KDM5D,PLEC,-0.021510387
PHOSPHO1,PLEC,-0.013143625
MAOB,PLEC,-0.021818249
SLN,PLEC,-0.014576223
CNDP2,PLEC,-0.0096287895
C16orf91,PLEC,-0.009805634
PAX5,PLEC,-0.01183315
FAM166C,PLEC,-0.030235888
HMGB2,PLEC,-0.025286945
SLC30A4,PLEC,-0.014823936
ZNF292,PLEC,-0.015121228
TTBK1,PLEC,-0.056450907
CHIT1,PLEC,-0.046395153
OCEL1,PLEC,-0.022717468
SEPTIN10,PLEC,-0.12471799
SLC39A5,PLEC,-0.12529981
PPM1F,PLEC,-0.02594022
GCNT4,PLEC,-0.011985435
MRPS35,PLEC,-0.009126924
MXD1,PLEC,-0.013138387
CCDC8,PLEC,-0.010898862
FSTL5,PLEC,-0.027255127
NMB,PLEC,-0.029570587
PSME4,PLEC,-0.0097897295
IRF7,PLEC,-0.01701326
CIBAR1,PLEC,-0.016386712
LYNX1-SLURP2,PLEC,-0.031673696
ERICH5,PLEC,-0.00262826
DHRS13,PLEC,-0.011226104
ARID3B,PLEC,-0.0075109503
TMPRSS3,PLEC,-0.00904875
IER3,PLEC,-0.041197523
GKN1,PLEC,-0.008071395
DISC1,PLEC,-0.039264094
HES7,PLEC,-0.005869454
SIK1,PLEC,-0.0044700857
IMPG1,PLEC,-0.010176649
AKR7A2,PLEC,-0.024913017
ATG9A,PLEC,-0.008561448
RUFY2,PLEC,-0.031579714
MC5R,PLEC,-0.02840388
ARHGAP32,PLEC,-0.006552859
NCAM1,PLEC,-0.012179545
SLC35F5,PLEC,-0.011450767
ADGRE5,PLEC,-0.005782558
IL12A,PLEC,-0.01007342
ZNRF2,PLEC,-0.015105907
KIRREL2,PLEC,-0.032109644
CKS1B,PLEC,-0.012181085
SEC16B,PLEC,-0.008034213
TDRKH,PLEC,-0.036489204
ARL4A,PLEC,-0.046509653
LAMTOR4,PLEC,-0.002085046
VIT,PLEC,-0.1102381
ABCD3,PLEC,-0.0228424
ABCA4,PLEC,-0.031066323
HUNK,PLEC,-0.010678247
PHGDH,PLEC,-0.014679096
PDCD6,PLEC,-0.022833424
TUBG1,PLEC,-0.017755315
CYP27A1,PLEC,-0.054292317
CRTAC1,PLEC,-0.016078623
EAF2,PLEC,-0.02115276
AC068946.1,PLEC,-0.0075316085
SYF2,PLEC,-0.011185934
ST3GAL6,PLEC,-0.056077376
GRM3,PLEC,-0.012410033
LEAP2,PLEC,-0.0063227615
RTN1,PLEC,-0.017674314
SLC16A7,PLEC,-0.00918389
SLC1A1,PLEC,-0.023808442
PDLIM1,PLEC,-0.010899467
B4GALT2,PLEC,-0.021220049
UTP20,PLEC,-0.058216054
GIPR,PLEC,-0.015362832
KRT23,PLEC,-0.010077395
MFSD4B,PLEC,-0.015705226
GATA3,PLEC,-0.009989025
GSTA1,PLEC,-0.008588117
B3GALT5,PLEC,-0.02953408
SDR42E1,PLEC,-0.013415615
CST4,PLEC,-0.009934209
MPI,PLEC,-0.00764201
SGCE,PLEC,-0.009329953
NRG4,PLEC,-0.031521853
KIR2DL4,PLEC,-0.008806448
ALG13,PLEC,-0.0029495347
NLK,PLEC,-0.06729613
MAPK4,PLEC,-0.016625173
EIF5AL1,PLEC,-0.02033898
SLC25A28,PLEC,-0.0107250605
ZNF717,PLEC,-0.030636001
NAP1L2,PLEC,-0.006257093
RNF31,PLEC,-0.010370762
TMEM11,PLEC,-0.03339893
GASK1A,PLEC,-0.016859869
EIF4G2,PLEC,-0.03333785
MFHAS1,PLEC,-0.027191523
ACBD5,PLEC,-0.029177446
SLC38A5,PLEC,-0.014233554
DNAJC21,PLEC,-0.011794035
RAB42,PLEC,-0.09431448
LRP1B,PLEC,-0.02030715
ZNF787,PLEC,-0.04321526
OSR1,PLEC,-0.025486473
ADGRB1,PLEC,-0.010403713
ADAM22,PLEC,-0.01811348
NAP1L1,PLEC,-0.0066740196
KLK5,PLEC,-0.10023181
LAMTOR2,PLEC,-0.0042023403
KLK7,PLEC,-0.0069636847
PRSS2,PLEC,-0.025996884
CPT2,PLEC,-0.0027610303
ZPLD1,PLEC,-0.006433799
FBXO15,PLEC,-0.027568333
TREX2,PLEC,-0.0152389575
TRNP1,PLEC,-0.022052692
NDUFB10,PLEC,-0.048383176
ZSCAN26,PLEC,-0.028490642
SERTAD3,PLEC,-0.010339725
ERVMER34-1,PLEC,-0.17270577
FKRP,PLEC,-0.008210495
PSMD9,PLEC,-0.021838479
MYBPC2,PLEC,-0.05587216
SLCO1B1,PLEC,-0.020794896
VANGL1,PLEC,-0.020800998
VSTM1,PLEC,-0.007565742
DCUN1D4,PLEC,-0.01642879
SLC19A2,PLEC,-0.01771414
ABAT,PLEC,-0.0523037
GALM,PLEC,-0.0031658474
TTYH2,PLEC,-0.022848394
MYL6,PLEC,-0.0063829166
KLHL10,PLEC,-0.009048117
SPSB4,PLEC,0.0013076994
SYPL1,PLEC,-0.012237929
XCL2,PLEC,-0.00666564
NPIPA5,PLEC,-0.015587487
CHMP2A,PLEC,-0.011079236
TIGD2,PLEC,-0.009060197
TRIM50,PLEC,-0.017023116
TAF7,PLEC,-0.06397403
LRRC14B,PLEC,-5.6565877e-05
SELE,PLEC,-0.010551895
GLB1L2,PLEC,-0.022241544
RPP14,PLEC,-0.015053002
CDCP1,PLEC,-0.020226799
FGF9,PLEC,-0.020874795
HPF1,PLEC,-0.02063517
NPY,PLEC,-0.054339107
SLC1A6,PLEC,-0.0078023486
TTC39B,PLEC,-0.039624847
TBC1D10C,PLEC,-0.008844304
ANKRD37,PLEC,-0.019382423
FOXP2,PLEC,-0.024096807
DSEL,PLEC,-0.01004576
DDX50,PLEC,-0.046001323
RPL39,PLEC,-0.005071879
SCMH1,PLEC,-0.0077829454
RNASE1,PLEC,-0.00089817477
ATP6V0D2,PLEC,-0.025398953
SLC25A16,PLEC,-0.0048984718
RPRM,PLEC,-0.012793044
ACVR1,PLEC,-0.0074448893
P2RY4,PLEC,-0.0284386
ATAD1,PLEC,-0.018776096
FPR3,PLEC,-0.008591482
PKD2L1,PLEC,-0.02149112
GANC,PLEC,-0.027036889
CREB1,PLEC,-0.028817657
RXFP2,PLEC,-0.047340278
TATDN2,PLEC,-0.014903237
ZNF181,PLEC,-0.040514193
CRYBB3,PLEC,-0.020899398
PPM1N,PLEC,-0.027673291
ZNF266,PLEC,-0.015223469
HGD,PLEC,-0.03113379
GFPT2,PLEC,-0.018697837
NR1H2,PLEC,-0.012120167
GRK5,PLEC,-0.0063817957
DHFR2,PLEC,-0.01622318
NCR1,PLEC,-0.011226847
DMRTA1,PLEC,-0.026362456
ASRGL1,PLEC,-0.010850464
B3GNT4,PLEC,-0.05720762
ZNF322,PLEC,-0.037309997
HCLS1,PLEC,-0.01924546
CNFN,PLEC,-0.016461441
YWHAQ,PLEC,-0.004371529
TRIM71,PLEC,-0.02984089
CLNK,PLEC,-0.00567293
CXCL3,PLEC,-0.026765248
ARSG,PLEC,-0.008733336
SLC6A2,PLEC,-0.035532035
EEFSEC,PLEC,-0.014278533
C9orf16,PLEC,-0.012608458
YBX3,PLEC,-0.003920837
OR10A2,PLEC,-0.006293543
COG8,PLEC,-0.0076474533
AKR1B1,PLEC,-0.015446207
ACTR8,PLEC,-0.006051555
UGT1A10,PLEC,-0.061000716
GYS2,PLEC,-0.022466192
FAM126A,PLEC,-0.005037809
MYO1D,PTEN,-0.030097708
AC017083.3,PTEN,-0.0058506634
TEX26,PTEN,-0.0069819493
HAPLN1,PTEN,-0.004487754
KERA,PTEN,-0.010385838
IKZF2,PTEN,-0.008080402
MINPP1,PTEN,-0.0021896882
PGPEP1L,PTEN,-0.0053923125
ACKR3,PTEN,-0.028741812
ZSWIM9,PTEN,-0.018675683
SMC4,PTEN,-0.011671612
PTGS2,PTEN,-0.010939084
SLC28A2,PTEN,-0.0071871364
KLHL22,PTEN,-0.0018750832
CIP2A,PTEN,-0.015487692
IGSF11,PTEN,-0.024432726
KLK1,PTEN,-0.009859418
RPL18A,PTEN,-0.035971344
EXOC6,PTEN,-0.013520355
EPHA8,PTEN,-0.0086459955
AL121753.1,PTEN,-0.014682406
PDF,PTEN,-0.032603595
SEMA4F,PTEN,-0.031590935
CEP72,PTEN,-0.010772716
TMEM270,PTEN,-0.0060839783
PFKFB3,PTEN,-0.24169518
OGFRL1,PTEN,-0.014965083
CFH,PTEN,-0.046296697
ATM,PTEN,-0.017336521
ADM,PTEN,-0.05904531
MPHOSPH6,PTEN,0.0011997934
PPM1N,PTEN,-0.008507059
UBE2F-SCLY,PTEN,-0.008409945
SPC25,PTEN,-0.014268002
EPHA4,PTEN,-0.0060214135
PLEC,PTEN,-0.012254801
ANKEF1,PTEN,-0.0043532834
QARS1,PTEN,-0.031913448
DPYSL3,PTEN,-0.025587294
ACER1,PTEN,-0.01750537
CRABP2,PTEN,-0.016819427
PLA2G4F,PTEN,-0.0022823669
PTHLH,PTEN,-0.0029419754
NAA40,PTEN,-0.021471564
TRIQK,PTEN,-0.008211002
ZBTB17,PTEN,-0.014367522
HSPB8,PTEN,-0.006661933
ELAC1,PTEN,-0.0052818945
SLC25A35,PTEN,-0.01643344
RHOB,PTEN,-0.010607656
RUFY4,PTEN,-0.037128896
ZNF106,PTEN,-0.0047290633
NR2C2AP,PTEN,-0.018686496
UBE2D1,PTEN,-0.033361368
ADGRG4,PTEN,-0.012002237
ACP7,PTEN,-0.00067121215
TPD52,PTEN,-0.012225151
ACAD11,PTEN,-0.010188234
COL16A1,PTEN,-0.0043326626
HNRNPH1,PTEN,-0.021810753
TCEAL6,PTEN,-0.009093954
HOXD11,PTEN,-0.0164341
BAMBI,PTEN,-0.006426177
PKM,PTEN,-0.009530446
HEXB,PTEN,-0.020361092
AC007040.2,PTEN,-0.018565955
GYG2,PTEN,-0.009739692
AP3S2,PTEN,-0.016076488
GNPAT,PTEN,-0.015563562
KCNMB2,PTEN,-0.0077287974
WDR20,PTEN,0.0011980743
COX4I2,PTEN,2.0015864e-06
CARD18,PTEN,-0.030039186
MLF1,PTEN,-0.00851458
STARD4,PTEN,-0.04446998
CNTNAP1,PTEN,-0.01888125
RIBC2,PTEN,-0.04331297
IL11,PTEN,-0.005756822
RPS14,PTEN,-0.021308528
AMDHD1,PTEN,-0.0013959769
COBLL1,PTEN,-0.0075385645
FP565260.6,PTEN,-0.0017617896
SKA3,PTEN,-0.014726975
SRPRB,PTEN,-0.0072565097
NGFR,PTEN,-0.04196248
GPR52,PTEN,-0.0057718866
ZNF117,PTEN,-0.00703215
CDKL4,PTEN,-0.018002924
ABHD6,PTEN,-0.0031237323
CAST,PTEN,-0.006092899
TMIGD2,PTEN,-0.0024282837
SLC29A1,PTEN,-0.10001492
CAMK2N1,PTEN,-0.0070971614
ARRDC2,PTEN,-0.014503659
C12orf56,PTEN,-0.016248541
LTF,PTEN,-0.01615911
SIAH3,PTEN,-0.0013447664
S100A3,PTEN,-0.013892673
HAMP,PTEN,-0.011278906
C5AR1,PTEN,-0.018781934
CARNS1,PTEN,-0.03561053
KLC3,PTEN,-0.048962247
TMPRSS15,PTEN,-0.019677658
PLEKHG1,PTEN,-0.026546704
CCDC83,PTEN,-0.014480906
P4HTM,PTEN,-0.03535598
KLRC4-KLRK1,PTEN,-0.013768599
RPS27,PTEN,-0.009021046
LAPTM4B,PTEN,-0.0030350774
MYH9,PTEN,-0.0076496946
CXCL8,PTEN,-0.00988487
ASS1,PTEN,-0.0017460885
RMDN1,PTEN,-0.015409783
EFNA2,PTEN,-0.014786488
OR2H2,PTEN,-0.008434587
SCARA3,PTEN,-0.062310167
BST2,PTEN,-0.012931153
GIPC2,PTEN,-0.025569122
COMMD1,PTEN,-0.009916
ZNF584,PTEN,-0.013205697
KIR2DL1,PTEN,-0.06581601
SLC30A1,PTEN,-0.01805178
GLI4,PTEN,-0.012231772
NLRP1,PTEN,-0.00047036776
CCDC60,PTEN,-0.02478781
GDPD4,PTEN,-0.0041538407
ARFIP2,PTEN,-0.014190713
PCCB,PTEN,-0.004349414
HYAL2,PTEN,-0.039589595
XPNPEP3,PTEN,-0.018376304
TNNC2,PTEN,-0.01728989
NUP210,PTEN,-0.01781979
THSD7A,PTEN,-0.020220572
AADAC,PTEN,-0.0037752467
HSPA1B,PTEN,-0.019666856
MKKS,PTEN,-0.0048924726
RASGEF1A,PTEN,-0.021294808
BTAF1,PTEN,-0.017800527
AANAT,PTEN,-0.006206688
ACOT9,PTEN,-0.034330398
ASAP2,PTEN,-0.011859081
OXNAD1,PTEN,-0.024721274
GZMH,PTEN,-0.0032178818
AC003002.3,PTEN,-0.0131018255
ASPA,PTEN,-0.019081863
GTPBP8,PTEN,-0.005493279
ACADVL,PTEN,-0.026576556
SLC9A2,PTEN,-0.029729286
ACYP1,PTEN,-0.0063803648
MFSD13A,PTEN,-0.022552563
GAST,PTEN,-0.19085692
GSK3B,PTEN,-0.013476296
DMKN,PTEN,-0.009159941
VMO1,PTEN,-0.024338664
NPFFR1,PTEN,-0.007894927
BLZF1,PTEN,-0.0132406335
CRISPLD1,PTEN,-0.01932284
C2orf15,PTEN,-0.0107355
TMEM267,PTEN,-0.03428127
PSG4,PTEN,-0.012325861
BTG3,PTEN,-0.0023816049
KRT17,PTEN,-0.015261635
TPH2,PTEN,-0.006180291
KRBOX1,PTEN,-0.007993089
RGPD4,PTEN,-0.028081866
DBF4B,PTEN,-0.0008104612
FADD,PTEN,-0.011215689
SLC39A1,PTEN,-0.014072307
VSNL1,PTEN,-0.013807759
CIITA,PTEN,-0.020881692
ATP6V0D1,PTEN,-0.014898026
VSIG1,PTEN,-0.010308003
VDAC3,PTEN,-0.005285543
P3H1,PTEN,-0.050479326
INHBB,PTEN,-0.0418354
DUSP1,PTEN,-0.013352444
WIPF3,PTEN,-0.010941152
RAD54B,PTEN,-0.015744396
SLC9B2,PTEN,-0.019343806
RUNDC3B,PTEN,-0.01640369
BAALC,PTEN,-0.009131671
SOHLH1,PTEN,-0.00060768804
SVOPL,PTEN,-0.020112257
BCAM,PTEN,-0.0019183437
GOLGA6L9,PTEN,-0.019742839
PROSER2,PTEN,-0.012617489
DPM1,PTEN,-0.007262182
CGAS,PTEN,-0.006308401
LGALS12,PTEN,-0.0045975386
RAET1G,PTEN,-0.0087762
GARNL3,PTEN,-0.016171679
RPTN,PTEN,-0.013967171
EIF1AY,PTEN,-0.00033820904
GRB7,PTEN,-0.013538749
PANK1,PTEN,-0.0063397214
SSBP4,PTEN,-0.011378045
RNASET2,PTEN,-0.010908033
FGF20,PTEN,-0.00529475
FAM24B,PTEN,-0.012908042
ANKRD1,PTEN,-0.012388874
PRKAA2,PTEN,-0.012509945
JMJD6,PTEN,-0.045684688
RAB27B,PTEN,-0.011220377
MARCHF5,PTEN,-0.011346233
TMEM69,PTEN,-0.012510564
KLHDC8B,PTEN,-0.0075107077
SPINDOC,PTEN,-0.0204148
ADSS2,PTEN,-0.101577215
ZNF823,PTEN,-0.019195989
SMKR1,PTEN,-0.018526442
OXCT2,PTEN,-0.011698087
ZG16B,PTEN,-0.014028662
USP43,PTEN,-0.009165677
SOWAHB,PTEN,-0.024056273
GMCL2,PTEN,-0.017190028
B4GALNT3,PTEN,-0.052295357
TSTD3,PTEN,-0.024645673
RIPOR3,PTEN,-0.009139478
KIAA0895,PTEN,-0.012237962
RPS27A,PTEN,-0.031097306
SLC25A45,PTEN,-0.026827486
AADAT,PTEN,-0.013354621
RSPH14,PTEN,-0.034498673
IFNB1,PTEN,-0.03535895
CKM,PTEN,-0.0028561852
FAM72A,PTEN,-0.014689781
SCN2A,PTEN,-0.01124038
SH2D3A,PTEN,-0.015275224
NPPB,PTEN,-0.015911296
FZD1,PTEN,-0.012122257
CCT8,PTEN,0.0022531126
TPRG1,PTEN,-0.009915618
BEND7,PTEN,-0.02457779
NPIPA5,PTEN,-0.035600346
LRRC8E,PTEN,-0.020938946
SLC9A3R2,PTEN,-0.007653393
DENND10,PTEN,-0.028456135
PSMC3IP,PTEN,-0.011189636
FBLN1,PTEN,-0.016169326
QRFP,PTEN,-0.00989187
SRSF4,PTEN,-0.023391085
TMTC2,PTEN,-0.013357202
CCDC88C,PTEN,-0.018885843
PGBD1,PTEN,-0.038038548
NDRG1,PTEN,-0.077087656
NDUFS1,PTEN,-0.0020288825
PPFIA1,PTEN,-0.012862925
TRMT10C,PTEN,-0.015797837
AKAP1,PTEN,-0.0024708407
PSCA,PTEN,-0.011080587
SNRNP35,PTEN,-0.0313944
BNIP3,PTEN,-0.020031977
PKN1,PTEN,-0.021991607
SLC18A3,PTEN,-0.08189847
VPS13D,PTEN,-0.004212592
MYOM1,PTEN,-0.00015159049
PIK3C2G,PTEN,-0.092842795
LAMP3,PTEN,-0.016970735
IRS2,PTEN,-0.036946103
GFY,PTEN,-0.007995514
RPL29,PTEN,-0.019875186
ZNF391,PTEN,-0.03804432
SAAL1,PTEN,-0.024050053
ATAD2,PTEN,-0.049224757
FAIM,PTEN,-0.0125203375
SMARCE1,PTEN,-0.007180089
PDK1,PTEN,-0.016483696
MUCL1,PTPRT,-0.0045817564
DNAJC9,PTPRT,-0.0006686947
GPM6A,PTPRT,-0.015168473
MARVELD1,PTPRT,-0.013083506
CNTN1,PTPRT,-0.010314438
LXN,PTPRT,-0.0020987105
EML2,PTPRT,-0.04311302
FBXO9,PTPRT,-0.010223103
C19orf47,PTPRT,-0.012437255
PRIMA1,PTPRT,-0.015877165
SLCO6A1,PTPRT,-0.034648478
CHAD,PTPRT,-0.0022763307
OPN3,PTPRT,-0.018348234
NOTCH2,PTPRT,-0.015758298
MNS1,PTPRT,-0.017086577
RBM43,PTPRT,-0.004214369
VGF,PTPRT,-0.023059187
EMG1,PTPRT,-0.013522482
DYRK1A,PTPRT,-0.0061244084
PARG,PTPRT,-0.004372464
IGFBP6,PTPRT,-0.02882116
TTK,PTPRT,-0.026936576
PDE9A,PTPRT,-0.09526484
MAFB,PTPRT,-0.02033128
PLXNB3,PTPRT,-0.023807708
C1QTNF9B,PTPRT,-0.011511869
MAK16,PTPRT,-0.020548208
SUSD2,PTPRT,-0.0257874
CPA4,PTPRT,-0.015240939
CALM2,PTPRT,-0.0043317014
SPATA2,PTPRT,-0.019942878
RPL39L,PTPRT,-0.025095223
SLFN5,PTPRT,-0.06406098
LYNX1-SLURP2,PTPRT,-0.012326701
CYP4F8,PTPRT,-0.0066882353
SH3RF2,PTPRT,-0.00835599
BANK1,PTPRT,-0.03671851
H2BC15,PTPRT,-0.016875664
SNAI1,PTPRT,-0.06404321
SBSN,PTPRT,-0.0667065
GSTM1,PTPRT,-0.009539719
PLD4,PTPRT,-0.026961572
GAL3ST4,PTPRT,-0.025862342
CEP19,PTPRT,-0.05898653
HLA-DQA2,PTPRT,-0.009675968
PRSS37,PTPRT,-0.00812335
SNTA1,PTPRT,-0.0060286517
KIRREL3,PTPRT,-0.09547843
FAM110A,PTPRT,-0.0102486005
FKBP10,PTPRT,-0.020364521
GOPC,PTPRT,-0.015909119
MAML1,PTPRT,-0.009515415
NTN1,PTPRT,-0.051697098
MT1G,PTPRT,-0.01078105
MEGF11,PTPRT,-0.019276096
FAIM,PTPRT,-0.008594839
SH3GL3,PTPRT,-0.012631489
FATE1,PTPRT,-0.011158064
ABCD1,PTPRT,-0.025411448
TMEM19,PTPRT,-0.03239001
MC5R,PTPRT,-0.060298763
DPPA5,PTPRT,-0.02267612
WTIP,PTPRT,-0.059031624
RUFY4,PTPRT,-0.022219533
P2RY8,PTPRT,-0.008483531
CORO6,PTPRT,-0.03074889
PHYHIPL,PTPRT,-0.05913687
ANKRD28,PTPRT,-0.01708727
ZNF492,PTPRT,-0.019348783
PRR13,PTPRT,-0.025594013
APMAP,PTPRT,-0.014290092
SLC27A3,PTPRT,-0.0055275126
KLHL35,PTPRT,-0.017264353
LNP1,PTPRT,-0.029418355
ZNF891,PTPRT,-0.0035953051
CSKMT,PTPRT,-0.020077202
SLC1A4,PTPRT,-0.032557033
PARS2,PTPRT,-0.010188255
NLRP2,PTPRT,-0.031939074
SLC24A2,PTPRT,-0.0071216156
TNFSF9,PTPRT,-0.04374292
EPB41L3,PTPRT,-0.0025362421
SPINK7,PTPRT,-0.021246664
LMF1,PTPRT,-0.07096194
CDC42EP1,PTPRT,-0.0072878203
ELOVL3,PTPRT,-0.049222343
SULT1A1,PTPRT,-0.024162706
ABHD14A,PTPRT,-0.01771559
NME5,PTPRT,-0.014383074
RCN3,PTPRT,-0.08525827
C5orf38,PTPRT,-0.016279114
BCAS4,PTPRT,-0.07115382
ITM2B,PTPRT,-0.10322114
FTH1,PTPRT,-0.01921617
IGFBP7,PTPRT,-0.0068115857
GPER1,PTPRT,-0.0075546615
FAM86B2,PTPRT,-0.009791268
AC068580.4,PTPRT,-0.01556703
ATP12A,PTPRT,-0.13930681
LMO4,PTPRT,-0.029410813
EDN2,PTPRT,-0.007798845
HSPA1A,PTPRT,-0.07564333
ENTPD7,PTPRT,-0.0013827875
TRABD2B,PTPRT,-0.017376391
DISP2,PTPRT,-0.14658521
ASB2,PTPRT,-0.008267188
GPR27,PTPRT,-0.009967424
SPRR4,PTPRT,-0.016558
CCN3,PTPRT,-0.036422808
RNF7,PTPRT,-0.021185547
ARRDC4,PTPRT,-0.013994675
CRIP2,PTPRT,-0.044070847
ARMC1,PTPRT,-0.01481035
CLDN19,PTPRT,-0.0332378
SC5D,PTPRT,-0.01176527
MTERF4,PTPRT,-0.021527532
ZYG11B,PTPRT,-0.004429364
OPLAH,PTPRT,-0.020837985
VMO1,PTPRT,-0.06150881
BBS12,PTPRT,-0.016772948
SPRR2E,PTPRT,-0.042925183
RRAGB,PTPRT,-0.03231594
POPDC3,PTPRT,-0.029150823
FOXI3,PTPRT,-0.02690286
TMIE,PTPRT,-0.0194849
AGMAT,PTPRT,-0.015778953
HS6ST2,PTPRT,-0.018995935
DOK5,PTPRT,-0.008963842
BEX3,PTPRT,-0.07404395
UGT2B17,PTPRT,-0.062304404
FMO3,PTPRT,-0.006966561
PMFBP1,PTPRT,-0.009517112
SPRR2G,PTPRT,-0.049801733
SIM2,PTPRT,-0.07589015
ANKRD6,PTPRT,-0.009311878
GFI1B,PTPRT,-0.016685877
PDE1A,PTPRT,-0.0037817028
F5,PTPRT,-0.02394512
LSAMP,PTPRT,-0.004345485
VLDLR,PTPRT,-0.01203203
HSP90AB1,PTPRT,-0.0079894895
SLC22A18AS,PTPRT,-0.011096775
LBX1,PTPRT,-0.015023113
C5orf63,PTPRT,-0.024129175
KCNJ1,PTPRT,-0.02780016
RAI14,PTPRT,-0.026240868
PTGDR2,PTPRT,-0.0062645995
MDFI,PTPRT,-0.0002452574
FBN2,PTPRT,-0.0820516
DDX6,PTPRT,-0.004047702
DBH,PTPRT,-0.022921057
UBLCP1,PTPRT,-0.012980688
KLHL34,PTPRT,-0.021134077
CMAS,PTPRT,-0.033078674
FDXR,PTPRT,-0.015165739
BST2,PTPRT,-0.008395509
MYL9,PTPRT,-0.012940046
OR7A5,PTPRT,-0.046374984
TNN,PTPRT,-0.02102112
COX7A1,PTPRT,-0.016898112
SMIM24,PTPRT,-0.05299293
NUP50,PTPRT,-0.03819839
ANKRD34B,PTPRT,-0.010449059
AFF2,PTPRT,-0.021850403
BMP5,PTPRT,-0.017721208
FAM181A,PTPRT,-0.025140537
NDUFB6,PTPRT,-0.0075738314
RPS6KA2,PTPRT,-0.0010979077
CRABP1,PTPRT,-0.011037154
SCAF4,PTPRT,-0.010507527
SEZ6,PTPRT,-0.018768586
ANKRD33,PTPRT,-0.125177
DEDD2,PTPRT,-0.04128503
DCHS2,PTPRT,-0.0122666145
LPCAT3,PTPRT,-0.008150797
ITGA7,PTPRT,-0.0097861495
RHOBTB3,PTPRT,-0.020503722
NR1I2,PTPRT,-0.0092278365
FMOD,PTPRT,-0.06557535
EPS15L1,PTPRT,0.0009759495
C16orf71,PTPRT,-0.009940326
CSTA,PTPRT,-0.10101151
APBA2,PTPRT,-0.018530998
TENT4B,PTPRT,-0.022630572
BCAM,PTPRT,-0.056931503
CYP27C1,PTPRT,-0.029283898
ASMTL,PTPRT,-0.032583818
LACTB2,PTPRT,-0.007983104
BCL2L10,PTPRT,-0.019894656
CEP72,PTPRT,-0.014193907
PPP1R26,PTPRT,-0.01981249
SELENOV,PTPRT,-0.059784282
EOGT,PTPRT,-0.016808223
GFOD2,PTPRT,0.0003445501
ITGA9,PTPRT,-0.06880843
MFAP4,PTPRT,-0.013565476
TBC1D22A,PTPRT,-0.024586843
MEMO1,PTPRT,-0.015174115
CALN1,PTPRT,-0.049070377
THEG,PTPRT,-0.05525718
OAS2,PTPRT,-0.014443118
RCN2,PTPRT,-0.01031352
TFRC,PTPRT,-0.0031427164
SORD,PTPRT,-0.041855104
DSTN,PTPRT,-0.05768569
GM2A,PTPRT,-0.009856782
DUXA,PTPRT,-0.03003669
CNKSR1,PTPRT,-0.0095891245
GPR141,PTPRT,-0.02164387
PDIA4,PTPRT,-0.024348816
RABAC1,PTPRT,-2.6103939e-05
PRR19,PTPRT,-0.0063518165
STXBP3,RB1,-0.0037730841
CCDC74B,RB1,-0.004291703
VAMP8,RB1,-0.007928202
ZNF736,RB1,-0.025520891
SERPINB1,RB1,-0.019121602
BCL3,RB1,-0.029768296
BEST3,RB1,-0.011575828
SUPT20H,RB1,-0.020638248
FAM104B,RB1,-0.018039666
ZFP1,RB1,0.0001993265
CD81,RB1,-0.024867255
CNIH2,RB1,-0.099957176
CDKL4,RB1,-0.024456386
CRYBB2,RB1,-0.008935929
TMEM74B,RB1,-0.008712941
CDKN2A,RB1,-0.18167384
CBS,RB1,-0.059606187
GINS3,RB1,-0.007328654
LDHD,RB1,-0.034523636
MEP1A,RB1,-0.012733483
BHMT2,RB1,-0.022116221
SYT10,RB1,-0.016143758
PROKR1,RB1,-0.013482473
STRA8,RB1,-0.032860342
RNF150,RB1,-0.075582884
GOLGA8B,RB1,-0.034733877
TMEM168,RB1,-0.08469289
ACY3,RB1,-0.031320486
SRY,RB1,-0.018893505
ADGRB1,RB1,-0.015271243
OR56B4,RB1,-0.008500705
ZDHHC24,RB1,-0.02223783
TPBGL,RB1,-0.015666762
OR5BS1P,RB1,-0.020909337
CERS6,RB1,-0.021752056
ENPP2,RB1,-0.007234517
KCNA5,RB1,-0.010691754
TCF19,RB1,-0.012936248
NOL6,RB1,-0.0012187066
AOC2,RB1,-0.027698478
MMP28,RB1,-0.069439374
CYP4V2,RB1,-0.08246504
GLCCI1,RB1,-0.019369913
CHCHD10,RB1,-0.13628064
FGG,RB1,-0.009912853
ZFP42,RB1,-0.037227683
CDK1,RB1,-0.09921321
CCKBR,RB1,-0.10755071
SLC26A1,RB1,-0.030871829
OR2H2,RB1,-0.016341334
GNG4,RB1,-0.030852715
KCMF1,RB1,-0.014999088
CYTH1,RB1,-0.12609014
DONSON,RB1,-0.059353486
KHDC4,RB1,-0.022188162
CDKN1C,RB1,-0.10101456
HCLS1,RB1,-0.046155535
FGF22,RB1,-0.0038551681
FAT1,RB1,-0.013412634
TREM2,RB1,-0.017869784
CAST,RB1,-0.060611356
WDR13,RB1,-0.059336398
SERINC5,RB1,-0.0069145197
GPR182,RB1,-0.028968317
SYNCRIP,RB1,-0.01702056
OR11H4,RB1,-0.018009452
PDE6B,RB1,-0.11470153
FAM169A,RB1,-0.009574421
NUAK1,RB1,-0.014224433
RIMBP3B,RB1,-0.018201929
DOK6,RB1,-0.012105303
ID4,RB1,-0.018937493
MRPS17,RB1,-0.047890905
ZW10,RB1,-0.0072062397
INF2,RB1,-0.010142131
MAGEA11,RB1,-0.013664826
ATXN1,RB1,-0.0111338375
CWH43,RB1,-0.014639189
STRC,RB1,-0.048988253
CHRAC1,RB1,-0.031248523
PFKFB1,RB1,-0.011964808
CDKAL1,RB1,-0.061384313
GPRC6A,RB1,-0.00944887
ZBTB7A,RB1,-0.025020411
ZNF503,RB1,-0.018467145
CRMP1,RB1,-0.014093167
UGDH,RB1,-0.031934544
ARHGAP20,RB1,-0.015607863
ZNF90,RB1,-0.0014593311
RABAC1,RB1,-0.020963978
PIPOX,RB1,-0.013440259
GPR160,RB1,-0.044675548
C12orf66,RB1,-0.08897193
IMP3,RB1,-0.022644097
SLC39A11,RB1,-0.028481571
ALDH4A1,RB1,-0.000420874
CEP97,RB1,-0.015514317
ITGA9,RB1,-0.021460738
NYAP2,RB1,-0.018321343
TRMT1,RB1,-0.011367805
SLC44A5,RB1,-0.009626445
TELO2,RB1,-0.03891363
SHBG,RB1,-0.008386039
PCDHGA1,RB1,-0.022871738
NDUFAF8,RB1,-0.021688538
WFDC12,RB1,-0.009521283
RB1,RB1,-0.67681456
HTR3A,RB1,-0.018684747
PAX8,RB1,-0.025763957
SETDB1,RB1,-0.046341933
FAM151B,RB1,-0.011563519
PLEKHH2,RB1,-0.019722762
TMEM41B,RB1,-0.010539592
KLF8,RB1,-0.014765909
SLC29A4,RB1,-0.021904247
SLC25A18,RB1,-0.08439016
SCD,RB1,-0.019899577
SOX18,RB1,-0.0103411535
WDR76,RB1,-0.107137404
TNIP2,RB1,-0.023713892
RIBC2,RB1,-0.23247048
PABPN1,RB1,-0.010408502
RPL6,RB1,-0.01579863
R3HDM4,RB1,-0.018744994
PAQR4,RB1,-0.020076554
POLR2J3,RB1,-0.018871972
RHBDD2,RB1,-0.04521388
RTEL1,RB1,-0.020396609
CIB1,RB1,-0.05510772
MLLT3,RB1,-0.015802909
CCNE2,RB1,-0.6950139
FAM187B,RELN,-0.005184729
CD5L,RELN,-0.0021371765
MS4A2,RELN,-0.0046855407
IL18R1,RELN,-0.0013812567
TRIM7,RELN,-0.009140075
CCND2,RELN,-0.0021216741
GCFC2,RELN,-0.0064872154
RTP1,RELN,-0.009853964
SZRD1,RELN,-0.005567552
UGT2B7,RELN,-0.0009550246
IL20RA,RELN,-0.011651329
FOXD4,RELN,-0.011778817
KCNJ16,RELN,-0.011380248
EME2,RELN,-0.01324311
H1-0,RELN,0.000990315
PPIL3,RELN,-0.004953263
CHCHD7,RELN,-0.01537198
KIF27,RELN,-0.00698594
C4orf51,RELN,-0.005998898
ROM1,RELN,-0.0033326137
PRSS38,RELN,-0.00740327
CCDC34,RELN,-0.0038409913
LIMS4,RELN,-0.008449839
GHR,RELN,-0.012611051
TRIM72,RELN,-0.0045807026
MAP9,RELN,-0.04730873
ZNF428,RELN,-0.005517555
SLC6A12,RELN,-0.009590677
PLPPR5,RELN,-0.0012542033
ZER1,RELN,-0.006375631
OXCT2,RELN,-0.00048377246
UMAD1,RELN,-0.003044641
KRT14,RELN,-0.0022226078
ABHD12,RELN,-0.044600125
FAM205C,RELN,-0.008486884
ATF3,RELN,-0.008678124
AL645941.2,RELN,-0.00820327
KIR2DL4,RELN,-0.008316453
TMEM92,RELN,-0.006559373
ERAP2,RELN,-0.010370351
ARMCX4,RELN,-0.012796911
CES4A,RELN,-0.0093202945
KLRC1,RELN,-0.0073447865
CPLANE2,RELN,-0.005120349
POMGNT1,RELN,-0.0058577
PAQR3,RELN,-0.0016672802
MPV17L2,RELN,-0.012057932
TJAP1,RELN,-0.0047300253
CARD19,RELN,-0.0017088223
GPR83,RELN,-0.004330492
JUND,RELN,-0.010991366
PLXNA3,RELN,0.0038907116
MELK,RELN,-0.009058482
ANGPT4,RELN,-0.0065826974
DIRAS3,RELN,-0.0097528715
MLLT11,RELN,-0.003381417
PADI6,RELN,-0.010866019
CDC25A,RELN,-0.006186547
FGFRL1,RELN,-0.028040882
ABCA10,RELN,-0.0081389975
CLN5,RELN,-0.014151002
NFIL3,RELN,-0.00903012
ZFP14,RELN,-0.012202434
NCKAP5,RELN,-0.008168465
PGLYRP3,RELN,-0.009794912
FANCI,RELN,0.0028944877
FASTKD5,RELN,-0.0040128725
RNF157,RELN,-0.0040758187
SRD5A3,RELN,-0.015049841
CHCHD5,RELN,-0.004342877
CTAGE15,RELN,-0.0064854072
LRMDA,RELN,-0.012452076
TM4SF19,RELN,-0.0043252264
YPEL4,RELN,-0.0019739221
GIPC1,RELN,-0.009232741
ZKSCAN1,RELN,-0.010559358
NPIPB2,RELN,-0.00372822
PCARE,RELN,-0.010678522
OSBPL3,RELN,-0.00050301844
CSNK2A3,RELN,-0.01487185
GEMIN5,RELN,-0.009578945
DUSP2,RELN,-0.005309017
CASTOR2,RELN,-0.007181309
MOXD1,RELN,-0.010154232
TMPRSS13,RELN,-0.008197575
SBK2,RELN,-0.0041732225
ATG16L1,RELN,-0.0035568085
PEX6,RELN,-0.032573782
COMMD7,RELN,-0.016767304
EID2B,RELN,-0.021347696
SMAD1,RELN,0.002047394
CHST9,RELN,-0.012455027
NUAK2,RELN,-0.016509136
CTXN1,RELN,-0.0022587173
DMXL2,RELN,-0.0026995838
CHD5,RELN,-0.007081293
TLE4,RELN,-0.008662811
DNAH6,RELN,-0.08048912
ULK1,RELN,-0.011572777
SDR42E2,RELN,-0.005774887
LYPD3,RELN,-0.0038226251
ACOT7,RELN,-0.03644716
ZNF554,RELN,-0.006486422
AGMAT,RELN,-0.009304676
CYP4F8,RELN,-0.009384783
RGS11,RELN,-0.10186905
C16orf72,RELN,-0.031478204
EFCAB6,RELN,-0.000996306
PKD2L2,RELN,-0.011078637
MEIS2,RELN,-0.013945439
NUDT7,RELN,-0.008095739
TNFSF9,RELN,-0.0046869917
FOS,RELN,-0.0109337075
PRSS56,RELN,-0.009196586
CBWD5,RELN,-0.027473077
UTP20,RELN,-0.028651541
CLIP2,RELN,-0.021426203
PAIP2B,RELN,-0.011221446
MR1,RELN,-0.018492533
PXMP2,RELN,-0.02115142
GPR75,RELN,-0.003831315
CCDC106,RELN,-0.016038103
IL13RA1,RELN,-0.0018323857
FUT1,RELN,-0.0007543008
PRF1,RELN,-0.012191971
TCF25,RELN,0.00091153017
ST3GAL3,RELN,-0.002661052
PIGZ,RELN,-0.014138544
ZNF256,RELN,-0.0019511712
XYLB,RELN,-0.025381388
POLR2J3,RELN,-0.007446393
WNT3A,RELN,0.0009248369
ADGRF1,RELN,-0.008970482
SLC26A4,RELN,-0.03301587
ESYT3,RELN,-0.0066944384
PRKAA1,RELN,-0.011630158
CD8A,RELN,-0.01111143
MPI,RELN,-0.0012691993
KRT81,RELN,-0.016113013
LBHD2,RELN,-0.010074767
SPATA32,RELN,-0.02470343
ZSWIM6,RELN,-0.0036430852
CNTNAP3,RELN,-0.017580297
RND1,RELN,-0.009040538
BAIAP2L2,RELN,-0.0023030285
CHRNA9,RELN,-0.003791606
BCL2L1,RELN,-0.0030726704
NPTN,RELN,-0.00953755
G6PD,RELN,-0.010316407
SLC13A3,RELN,-0.009821017
CIDEC,RELN,-0.016308246
CCNI2,RELN,-0.008905538
STX1B,RELN,-0.00078567397
ARFRP1,RELN,-0.0126877
DPPA5,RELN,-0.0047568977
CADM2,RELN,-0.00892208
NMUR2,RELN,-0.013863245
PLEC,RELN,-0.0019776775
ELK3,RELN,-0.0068832813
ERAP1,RELN,-0.007040144
NYAP2,RELN,-0.007644924
MTMR11,RELN,-0.023069361
HOXD10,RELN,-0.012859572
MLLT3,RELN,-0.0075035174
PRRT2,RELN,-0.006933906
SERPINE2,RELN,-0.0025575557
COL9A3,RELN,-0.003718497
THNSL2,RELN,-0.002923714
KLK13,RELN,-0.0032747427
IFIT1B,RELN,-0.021476679
SRRM2,RELN,-0.0019625805
CCT6A,RELN,0.0001651834
DEPDC4,RELN,-0.01884724
ZBTB17,RELN,-0.010526573
PACRG,RELN,-0.010954791
AL110118.1,RELN,-0.00537686
DDX25,RELN,-0.006184914
SLC38A6,RELN,-0.0064940206
TRPV4,RELN,-0.003364393
GLTPD2,RELN,-0.027021779
AC098650.1,RELN,-0.0034400905
FLG2,RELN,-0.0037343116
NLGN1,RELN,-0.020194171
KNG1,RELN,-0.0038740009
NSFL1C,RELN,-0.00675143
ASCC3,RELN,-0.007900918
ABCG5,RELN,-0.0043745497
TSPAN33,RELN,-0.009517826
AVPI1,RELN,-0.008424171
SLC16A10,RELN,-0.006301016
TRIM43,RELN,-0.0010905466
C21orf58,RELN,-0.003401533
GSTM3,RELN,-0.007658743
BSCL2,RELN,-0.042641815
PCMTD2,RELN,-0.024882454
PTGS2,RELN,-0.0049863937
BATF2,RELN,-0.0054995497
ANKLE1,RELN,-0.005005807
ZBED6,RELN,-0.010508776
PTPRB,RELN,-0.0033243627
M1AP,RELN,-0.0051179063
ZC3H13,RELN,-0.0003751079
ATF5,RELN,-0.012079678
ARPC2,RELN,-0.00848281
SYNJ2,RELN,-0.0018297557
TM6SF1,RELN,-0.041630704
C11orf94,RELN,-0.0067951554
CLCN1,RELN,-0.003325275
MTMR7,RELN,-0.0073228083
TDRD12,RELN,-0.019128008
TAS2R50,RELN,-0.0115135
SERTM1,RELN,-0.020128107
NADK2,RELN,-0.004055399
ZIC5,RELN,-0.014654672
FASTKD2,RELN,-0.022970611
GRINA,RELN,-0.009966662
IL1RL2,RELN,-0.0065432135
ZNF878,RELN,-0.004284556
MIEN1,RELN,-0.0066369097
C2CD4B,RELN,-0.0028648835
FOXN1,RELN,-0.00078960997
RPUSD1,RELN,-0.01639149
TMTC2,RELN,-0.0077495906
NDUFA9,RELN,-0.0115421405
GCK,RELN,-0.013478349
STK38L,RELN,0.0007544672
WFIKKN1,RELN,-0.004817489
SLC8A2,RELN,-0.00080917904
NKX2-6,RELN,-0.004997262
PSMA3,RELN,-0.019458195
WFDC2,RELN,-0.037283707
TMC5,RELN,-0.010960397
USP35,RELN,-0.007723392
FAM178B,RELN,-0.002989692
REEP2,RELN,-0.007991257
GOSR1,RELN,-0.023170218
ELOVL2,RELN,-0.05614699
TBX1,RELN,-0.014259014
THSD7B,RELN,-0.010384961
MINDY4,RELN,-0.0060286717
PAX9,RELN,-0.008702062
CISD3,RELN,-0.0037689705
ASB1,RELN,-0.039004285
SLC33A1,RELN,-0.020337269
ASCL1,RELN,-0.088263765
BX255925.3,RELN,-0.009160228
TOP2A,RELN,0.00021766711
JUN,RELN,-0.0033124876
SLIT3,RELN,-0.010978961
RASD2,RELN,-0.013002146
RNF44,RELN,-0.016395252
TTC14,RELN,-0.009931586
MORC1,RELN,-0.0044258474
KLRF2,RELN,-0.008839072
TECR,RELN,-0.007309769
PRX,RELN,-0.0051398063
ZYX,RELN,-0.00054630294
PLEKHA7,RELN,-0.00802513
TBXAS1,RELN,-0.01325881
CBY2,RELN,-0.021606557
UTS2,RELN,-0.0103592975
PYCARD,RELN,-0.0052095805
MTRNR2L6,RELN,-0.013556174
TECPR2,RELN,-0.0013281999
PPARGC1A,RELN,-0.022406785
IDUA,RELN,-0.008382018
PSMB7,RELN,-0.0045692665
RLN1,RELN,-0.024563497
HAPLN3,RELN,-0.0038956415
GSE1,RELN,-0.00092736323
BAMBI,RELN,-0.014030923
CYP2U1,RELN,-0.009295242
CDH4,RELN,-0.0023328902
ADM5,RELN,-0.010377391
HOXC9,RELN,-0.0027097738
GGH,RELN,-0.012421204
USH2A,RELN,-0.012422618
UFL1,RELN,-0.001131182
GNLY,RELN,-0.056723658
IFRD1,RELN,-0.00025072365
AC009879.3,RELN,-0.0068610655
TMEM130,RELN,-0.013861556
VIRMA,RELN,-0.002548433
RAD51,RELN,-0.017715702
CAPN6,RELN,-0.013233383
TRPM3,RELN,-0.0040655155
MAGEA8,RELN,-0.0067237243
CASP1,RELN,-0.0071630324
MBP,RELN,-0.02135671
VIPR1,RELN,-0.01023516
PGLS,RELN,-0.0006128879
FAM161A,RELN,-0.0056863124
FA2H,RELN,-0.0066474234
VSTM4,RELN,-0.00709526
SECISBP2,RELN,-0.0063021113
PRKCA,RELN,-0.0011653494
TSLP,RELN,-0.0065374486
EXO1,RELN,-0.013186202
ASMTL,RELN,-0.022702223
ZFYVE27,RELN,-0.019666681
TMSB4Y,RELN,-0.01652161
NISCH,RELN,-0.00319928
LDHC,RELN,-0.019628288
TMEM187,RELN,-0.0022805014
PMP2,RELN,-0.009697503
PIM1,RELN,-0.0045094416
SYCP2,RELN,-0.0049012825
ADHFE1,RELN,-0.0027415622
TGIF2,RELN,-0.008203776
PLEKHA2,RELN,-0.0096047865
MTFR2,RELN,-0.002914977
OPCML,RELN,-0.0033108874
MEGF6,RELN,-0.012478188
NUMBL,RELN,-0.011156343
CHRDL1,RELN,-0.031107064
NT5C1B,RELN,-0.00784292
MOSMO,RELN,-0.0030463757
TTC9B,RELN,-0.011294318
PPA1,RELN,-0.0050934786
CDC25C,RELN,-0.0086515555
SEPTIN3,RELN,-0.0049959053
NETO2,RELN,-0.011477144
CACNA1C,RELN,-0.023413735
SERPINA12,RELN,-0.013673983
SNX31,RELN,-0.008052032
CPD,RELN,-0.10372816
CERS5,RELN,-0.004169326
CSMD1,RELN,-0.008305833
PFDN5,RELN,-0.010357623
M6PR,RELN,-0.0020787609
DEGS1,RELN,-0.006820287
TMEM44,RELN,0.0015987223
DISP1,RELN,-0.0097330045
CENPF,RELN,-0.013029045
ADGRG2,RELN,-0.0055595925
APBA2,RELN,-0.0006456849
GALNT5,RELN,-0.014463758
LMNB1,RELN,-0.01837396
ZBTB40,RELN,-0.004725996
ERI3,RELN,-0.006166567
IQCM,RELN,-0.011161353
RBPMS2,RELN,-0.008138807
WDHD1,RELN,-0.007974794
OTUD7A,RELN,-0.100418895
RAB3A,RELN,-0.025656184
C12orf54,RELN,-0.0041957037
CPSF4L,RELN,-0.0029507044
IDH2,RELN,-0.00716862
INO80C,RELN,-0.0051122867
SAFB2,RELN,-0.0026175324
SIAH3,RELN,-0.0010776413
MSI1,RELN,-0.0027589593
ERV3-1,RELN,-0.0023636718
HLTF,RELN,-0.011855659
SIX1,RELN,-0.003169173
PECR,RELN,-0.0007094297
HUNK,RELN,-0.003500974
HMGN5,RELN,-0.004251125
PHYHIP,RELN,-0.0041604405
SNAPC5,RELN,-0.0026603444
SLC10A4,RELN,-0.022313777
DNASE1,RELN,-0.004705398
ACOD1,RELN,-0.0061211977
MTSS2,RELN,-0.003495329
CSRP2,RELN,-0.008906682
BHMG1,RELN,-0.008768883
PPP2R5C,RELN,-0.0051537654
OSBPL10,RELN,-0.0028613952
RGS3,RELN,-0.0062143053
SPATA6L,RELN,-0.015434022
PRDM14,RTTN,-0.012369911
RBM43,RTTN,-0.0018563231
HOXA1,RTTN,-0.010610528
CEBPA,RTTN,-0.0077254456
MGAT4C,RTTN,-0.005788473
STAB2,RTTN,-0.008702715
TRAPPC11,RTTN,-0.001602237
ATP5F1C,RTTN,-0.0023720623
ZMPSTE24,RTTN,-0.006613269
MEIS3,RTTN,-0.0015328013
DNAJB8,RTTN,-0.007750157
NAT10,RTTN,-0.018662754
CDIP1,RTTN,-0.012846136
EXOC8,RTTN,-0.013155673
DGCR2,RTTN,-0.0043846183
EDAR,RTTN,-0.014210519
KLHL41,RTTN,-0.01354841
APC2,RTTN,-0.0035989052
DNAH5,RTTN,-0.01400244
P2RX4,RTTN,-0.0112294955
KLHL31,RTTN,-0.010954001
BLACAT1,RTTN,-0.06795153
SMC1A,RTTN,-0.0044387537
ZNF696,RTTN,-0.01929132
RAB29,RTTN,-0.027604442
HERC3,RTTN,-0.026683625
TMTC3,RTTN,-0.015796944
TCAF1,RTTN,-0.008892536
PMVK,RTTN,-0.052139588
NYAP2,RTTN,-0.04455286
GSN,RTTN,-0.0033744788
ADCK5,RTTN,-0.09140714
COL5A2,RTTN,-0.007674695
OR1M1,RTTN,-0.017609032
PGLYRP1,RTTN,-0.019613428
PITX2,RTTN,-0.02090722
CCDC149,RTTN,-0.21898176
MGAT4B,RTTN,-0.022938436
OTUD7A,RTTN,-0.018580662
TPPP,RTTN,-0.014894218
SHISA3,RTTN,-0.010996024
STK31,RTTN,-0.022494053
NID1,RTTN,-0.012488684
KAT6A,RTTN,-0.01585416
CCS,RTTN,-0.013407722
CHRNB1,RTTN,-0.009277026
ACSL4,RTTN,-0.06636849
RAB3A,RTTN,-0.006189414
OBSL1,RTTN,-0.03355405
ANO1,RTTN,-0.015221698
POLR3H,RTTN,-0.047931403
PPP1R26,RTTN,-0.02623897
SSX2IP,RTTN,-0.010554002
DDX10,RTTN,-0.027267652
ALG1,RTTN,-0.016791742
KRT75,RTTN,-0.0072077797
NOP14,RTTN,-0.038799394
ABCB4,RTTN,-0.009501923
ZNF717,RTTN,-0.015831484
ARRDC4,RTTN,-0.009224892
NOB1,RTTN,-0.0052650785
SLC39A13,RTTN,-0.02667115
AC010255.2,RTTN,-0.014982653
PKNOX1,RTTN,-0.060605556
GABRA6,RTTN,-0.009700622
SVOPL,RTTN,-0.039781984
RASD2,RTTN,-0.019855354
IFNE,RTTN,-0.015079962
RNF148,RTTN,-0.04988099
NUDCD3,RTTN,-0.006074408
LOXL3,RTTN,-0.16860065
ASTE1,RTTN,-0.035451964
HSPA5,RTTN,-0.027095752
SLC7A1,RTTN,-0.01387967
RTN2,RTTN,-0.012563278
NCBP2,RTTN,-0.032460477
PLA2G4F,RTTN,-0.1730119
PZP,RTTN,-0.017929481
HES7,RTTN,-0.053485446
SCN8A,RTTN,-0.025022786
ZNF619,RTTN,-0.021350445
SLC39A1,RTTN,-0.024031207
P2RX5-TAX1BP3,RTTN,-0.005526363
ZNF365,RTTN,-0.021898495
PES1,RTTN,-0.0041292575
PRKAB2,RTTN,-0.06551515
ZNF841,RTTN,-0.010329667
ZNF160,RTTN,-0.01268641
ZKSCAN3,RTTN,-0.008094132
MB,RTTN,-0.02884229
TENT4B,RTTN,-0.011451872
IL1RAPL1,RTTN,-0.0115692625
ZNF257,RTTN,-0.009438646
CD300C,RTTN,-0.003018889
SPEGNB,RTTN,-0.049657762
USP49,RTTN,-0.013882634
PITPNM2,RTTN,-0.023599416
GOLGA6L4,RTTN,-0.026540227
SPDYE17,RTTN,-0.014772976
NFATC1,RTTN,-0.008102627
TLL2,RTTN,-0.01435945
UBE2QL1,RTTN,-0.05247354
POSTN,RTTN,-0.027407149
NPIPA5,RTTN,-0.011739825
IMPA2,RTTN,-0.040974867
TXN,RTTN,-0.038252916
IRF2BP1,RTTN,-0.02894984
HMX1,RTTN,-0.05139016
PRSS21,RTTN,-0.00958941
ERAP2,RTTN,-0.069928996
HOXD11,RTTN,-0.023550656
SFRP1,RTTN,-0.009355367
EGLN1,RTTN,-0.01542486
RUFY3,RTTN,-0.19500454
ANKRD34A,RTTN,-0.017150542
PTPRO,RTTN,-0.0017531211
AP3M2,RTTN,-0.013712796
DHFR,RTTN,-0.020132462
LETM2,RTTN,-0.03368411
VSIG8,RTTN,-0.03275575
CYB561D2,RTTN,-0.009236934
TUBA3D,RTTN,-0.091137834
TRIM36,RTTN,-0.017493892
ETV5,RTTN,-0.0088469945
ZBTB37,RTTN,-0.03909787
TBC1D24,RTTN,-0.103767246
ATG14,RTTN,-0.0022559604
CASP14,RTTN,-0.010403288
SGCA,RTTN,-0.0073904707
CCNL1,RTTN,-0.004430157
LOXL4,RTTN,-0.0063736876
SNAPIN,RTTN,-0.020001192
MXRA8,RTTN,-0.02820204
IFITM10,RTTN,-0.2755561
TCEAL9,RTTN,-0.109404564
PLCG2,RTTN,-0.11265858
MAP4K2,RTTN,-0.011803989
FOXP2,RTTN,-0.027792273
LAMA3,RTTN,-0.021971788
HGH1,RTTN,-0.011320265
SARDH,RTTN,-0.03584772
PACSIN2,RTTN,-0.01745138
PFKFB3,RTTN,-0.023547983
SLC6A4,RTTN,-0.022239305
CEP170,RTTN,-0.03329542
NIBAN1,RTTN,-0.071234114
UGT2A3,RTTN,-0.020938296
ZNF433,RTTN,-0.009393628
ADAP1,RTTN,-0.028333165
PAX1,RTTN,-0.008747601
GABRA3,RTTN,-0.016837902
TMC7,RTTN,-0.008486287
NECTIN3,RTTN,-0.01930899
MUC12,RTTN,-0.004603531
RSPRY1,RTTN,-0.023623422
NAT2,RTTN,-0.012146306
PPP1R16A,RTTN,-0.09324925
SERF1A,RTTN,-0.005489554
MBD6,RTTN,-0.02393786
PGR,RTTN,-0.008647718
TBX18,RTTN,-0.0055826013
CHAC1,RTTN,-0.021149002
CFAP57,RTTN,-0.013524847
PYCR3,RTTN,-0.013245176
RNF170,RTTN,-0.07338448
BATF3,RTTN,-0.01590633
DENND1A,RTTN,-0.017271262
NDUFV2,RTTN,-0.009609973
ACSM2A,RTTN,-0.025646843
CD247,RTTN,-0.04197184
HSF1,RTTN,-0.09012547
SNAPC2,RTTN,-0.012892509
NUP133,RTTN,-0.0004358318
STYXL1,RTTN,-0.011807306
PHLDB3,RTTN,-0.00535324
HOXD12,RTTN,-0.023777869
TXNIP,RTTN,-0.0107982475
ACSL5,RTTN,-0.010667719
ZBTB38,RTTN,-0.03300203
C16orf96,RTTN,-0.111753576
FITM1,RTTN,-0.038151074
TMEM64,RTTN,-0.016392699
ZNF611,RTTN,-0.021225546
OR3A3,RTTN,-0.01942772
SRRM4,RTTN,-0.012578014
GNLY,RTTN,-0.011080445
CYB5D2,RTTN,-0.015365252
ZNF474,RTTN,-0.025927646
PLEKHB1,RTTN,-0.056098282
IQCF1,SIGLEC1,-0.007380626
GMCL1,SIGLEC1,-0.032272495
TRIM45,SIGLEC1,-0.010440624
RUNDC1,SIGLEC1,-0.0058109723
CDX2,SIGLEC1,-0.023367146
PLPP6,SIGLEC1,-0.004141104
SCARB2,SIGLEC1,-0.021445807
CPA3,SIGLEC1,-0.017789468
UTP18,SIGLEC1,-0.03959166
PFN1,SIGLEC1,-0.033157144
TMEM160,SIGLEC1,-0.027680404
CHGB,SIGLEC1,-0.008352662
TOMM20,SIGLEC1,-0.023589663
LRRIQ3,SIGLEC1,-0.045176413
SLC2A14,SIGLEC1,-0.03145109
TAF11L13,SIGLEC1,-0.021418266
CENPO,SIGLEC1,-0.006076328
TNFRSF4,SIGLEC1,-0.0061543826
TTYH3,SIGLEC1,-0.041933578
GPR75,SIGLEC1,-0.022556499
ETV3,SIGLEC1,-0.0078904135
EDA,SIGLEC1,-0.018403517
KIAA1614,SIGLEC1,-0.042386543
COTL1,SIGLEC1,-0.01411581
SULF2,SIGLEC1,-0.012572274
HEPHL1,SIGLEC1,-0.053372256
PRKX,SIGLEC1,-0.15011688
DNAH17,SIGLEC1,-0.01163534
PLCXD2,SIGLEC1,-0.015938703
PECR,SIGLEC1,-0.03370698
LRRC3B,SIGLEC1,-0.010562228
ZNF300,SIGLEC1,-0.027992707
TMEM17,SIGLEC1,-0.027568834
RBKS,SIGLEC1,-0.040296447
UBE2G1,SIGLEC1,-0.0072836676
LCE3D,SIGLEC1,-0.007251172
RASA4,SIGLEC1,-0.022806846
METTL24,SIGLEC1,-0.023815673
NEK3,SIGLEC1,-0.022089409
TTC27,SIGLEC1,-0.011688688
FSTL5,SIGLEC1,-0.025803665
PLD5,SIGLEC1,-0.0071931183
TCAF2,SIGLEC1,-0.03357116
ATP1A1,SIGLEC1,-0.010098733
SERPINA6,SIGLEC1,-0.21529204
MAGEA9B,SIGLEC1,-0.007942048
DAB1,SIGLEC1,-0.017484332
UCN2,SIGLEC1,-0.01906631
RD3,SIGLEC1,-0.023592621
UBXN8,SIGLEC1,-0.047163773
UGT1A1,SIGLEC1,-0.04835435
DMRTA1,SIGLEC1,-0.046529863
FOSL1,SIGLEC1,-0.01563768
KRT15,SIGLEC1,-0.03643904
RBBP5,SIGLEC1,-0.008890455
FAM166A,SIGLEC1,-0.021476863
PPP1R42,SIGLEC1,-0.018857999
SPACA3,SIGLEC1,-0.020566124
CLTRN,SIGLEC1,-0.022570644
C12orf54,SIGLEC1,-0.028738769
RAD51AP2,SIGLEC1,-0.0348372
INA,SIGLEC1,-0.024605852
TCF7,SIGLEC1,-0.01611693
HAPLN3,SIGLEC1,-0.024091594
GCGR,SIGLEC1,-0.0148224365
BRSK2,SIGLEC1,-0.0071462016
GBP7,SIGLEC1,-0.010358359
NPEPPS,SIGLEC1,-0.42432016
PKDREJ,SIGLEC1,-0.020814775
ACTN2,SIGLEC1,-0.13508457
MPV17L,SIGLEC1,-0.051063254
CHSY3,SIGLEC1,-0.002366816
FOXC1,SIGLEC1,-0.024820624
TREML4,SIGLEC1,-0.018849859
NDUFAF2,SIGLEC1,-0.021588106
NOL4,SIGLEC1,-0.010565603
GRAMD1A,SIGLEC1,-0.024039362
HGSNAT,SIGLEC1,-0.03819693
ATF7IP2,SIGLEC1,-0.075389735
NMNAT2,SIGLEC1,-0.011496101
SLC44A1,SIGLEC1,-0.030604511
NDST1,SIGLEC1,-0.009894849
TIMM17B,SIGLEC1,-0.014181265
BEX1,SIGLEC1,-0.01105602
CLCN5,SIGLEC1,-0.02671422
COBLL1,SIGLEC1,-0.012306155
PWWP2A,SIGLEC1,-0.09274377
ACADM,SIGLEC1,-0.022522084
NPIPA5,SIGLEC1,-0.02533662
FAM117B,SIGLEC1,-0.06786878
FOXD2,SIGLEC1,-0.042253397
HTR3B,SIGLEC1,-0.016301095
C12orf76,SIGLEC1,-0.015703175
DCDC2B,SIGLEC1,-0.012386516
LHX6,SIGLEC1,-0.015413429
SBSN,SIGLEC1,-0.0105081815
TBC1D8B,SIGLEC1,-0.008189037
TMEM87A,SIGLEC1,-0.0049453327
RBM5,SIGLEC1,-0.03232646
DPCD,SIGLEC1,-0.039730147
LVRN,SIGLEC1,-0.010946346
KDM6A,SIGLEC1,-0.021209573
SLC25A36,SIGLEC1,-0.022511337
PTP4A3,SIGLEC1,-0.012646421
RPS6,SIGLEC1,-0.0075656627
ZNF488,SIGLEC1,-0.03173272
ANKRD34B,SIGLEC1,-0.016570672
WFDC3,SIGLEC1,-0.012055124
H3C6,SIGLEC1,-0.014280763
MAPK8IP1,SIGLEC1,-0.019091565
SLC26A2,SIGLEC1,-0.0104951495
GOPC,SIGLEC1,-0.016742827
USP17L1,SIGLEC1,-0.02220149
NNT,SIGLEC1,-0.034966256
RRP7A,SIGLEC1,-0.00879224
PLA2G4F,SIGLEC1,-0.012668337
NOL3,SIGLEC1,-0.05268521
ADAM33,SIGLEC1,-0.021337183
AXIN1,SIGLEC1,-0.013022351
PSD3,SIGLEC1,-0.034356486
RYK,SIGLEC1,-0.05766758
ITLN2,SIGLEC1,-0.0946481
PADI3,SIGLEC1,-0.067953475
IPO9,SIGLEC1,-0.017867837
MUC16,SIGLEC1,-0.013387647
DHRS2,SIGLEC1,-0.0072027696
RAPGEF5,SIGLEC1,-0.03879065
COL23A1,SIGLEC1,-0.023770195
KSR1,SIGLEC1,-0.023580564
PHEX,SIGLEC1,-0.011751344
GPLD1,SIGLEC1,-0.05164412
MPC1,SIGLEC1,-0.037887853
CNTNAP3,SIGLEC1,-0.022269322
BCL2L2-PABPN1,SIGLEC1,-0.037746318
GSTA1,SIGLEC1,-0.041755423
FOXA3,SIGLEC1,-0.014423355
NRK,SIGLEC1,-0.0280905
TLR6,SIGLEC1,-0.0057573714
RAP2C,SIGLEC1,-0.015252403
SRGAP3,SIGLEC1,-0.029905615
IDI1,SIGLEC1,-0.0026760546
DKK4,SIGLEC1,-0.014834208
CDKN2B,SIGLEC1,-0.014653115
CDKN2A,SIGLEC1,-0.0049211765
NFU1,SIGLEC1,-0.08606449
GRIP1,SIGLEC1,-0.13611634
LRRC69,SIGLEC1,-0.017609302
DCSTAMP,SIGLEC1,-0.01709875
PUM3,SIGLEC1,-0.044493657
GRIP2,SIGLEC1,-0.021527333
C11orf1,SIGLEC1,-0.038133413
GPR156,SIGLEC1,-0.025101064
ALDH1L2,SIGLEC1,-0.03260866
BACE2,SIGLEC1,-0.15366575
GSTM2,SIGLEC1,-0.025234144
N4BP3,SIGLEC1,-0.02199748
TBX18,SIGLEC1,-0.015017816
MYCBP,SIGLEC1,-0.0032829994
ZNF502,SIGLEC1,-0.02122246
ASB14,SIGLEC1,-0.030953908
GNA15,SIGLEC1,-0.026144896
KPNA7,SIGLEC1,-0.0031051936
KIF26B,SIGLEC1,-0.021492466
HYAL3,SIGLEC1,-0.013534188
C22orf23,SIGLEC1,-0.007328764
H1-3,SIGLEC1,-0.01224529
CDK5R1,SIGLEC1,-0.013281818
GPATCH2,SIGLEC1,-0.017392065
BDH1,SIGLEC1,-0.014086056
E2F7,SIGLEC1,-0.01510571
CRLF3,SIGLEC1,-0.038732126
CACNA1D,SIGLEC1,-0.026276296
UCKL1,SIGLEC1,-0.0035773325
DIMT1,SIGLEC1,-0.019961268
DHFR,SIGLEC1,-0.013139477
DTD1,SIGLEC1,-0.030111501
ZNF695,SIGLEC1,-0.055491358
CRAMP1,SIGLEC1,-0.08516537
CISD3,SIGLEC1,-0.0122726485
CSTL1,SIGLEC1,-0.05324052
L3MBTL2,SIGLEC1,-0.017576613
PIM1,SIGLEC1,-0.0020254634
DNAAF4,SIGLEC1,-0.044436116
ZBTB12,THSD7A,-0.0063801697
BMP7,THSD7A,-0.006355686
B3GNT10,THSD7A,-0.0028298844
NRP1,THSD7A,-0.0014419365
SPRR1A,THSD7A,-0.027767377
SPATS2L,THSD7A,-0.0012023589
HSF2,THSD7A,-0.0003513953
ZNF280B,THSD7A,-0.006591578
OR52N4,THSD7A,-0.0017454328
POC1A,THSD7A,-0.024917467
ZBED8,THSD7A,-0.006918504
KDSR,THSD7A,-0.007897682
TTI2,THSD7A,-0.0039697397
SERPINB12,THSD7A,-0.008983136
DCUN1D5,THSD7A,-0.018826846
DRICH1,THSD7A,-0.017546086
FBXO43,THSD7A,-0.012107396
TFCP2,THSD7A,-0.013714989
ZNF33B,THSD7A,-0.00092926895
NR0B2,THSD7A,-0.008765745
C18orf32,THSD7A,-0.008716273
TRPM6,THSD7A,-0.020281645
TFB1M,THSD7A,-0.007645225
LAMA3,THSD7A,-0.011474172
ALDH1A3,THSD7A,-0.007967333
SRY,THSD7A,-0.015141368
RMDN2,THSD7A,-0.0056093647
BX276092.9,THSD7A,-0.03129157
GAPDHS,THSD7A,-0.01262764
CLEC19A,THSD7A,-0.012479086
HSPA1B,THSD7A,-0.012798224
ATPAF2,THSD7A,-0.014329624
MUC2,THSD7A,-0.039114732
C19orf47,THSD7A,-0.012218061
REPIN1,THSD7A,-0.0076383883
CDHR1,THSD7A,-0.021661995
H4C15,THSD7A,-0.010802935
NUDCD2,THSD7A,-0.01276375
EREG,THSD7A,-0.013524445
EGR4,THSD7A,-0.016870014
KCNE4,THSD7A,-0.012836876
NFATC2,THSD7A,-0.00896699
TCF7,THSD7A,-0.009824545
CCDC9B,THSD7A,-0.015021825
DDO,THSD7A,-0.021503815
SULT1C2,THSD7A,-0.021623585
LYN,THSD7A,-0.023432566
EMC2,THSD7A,-0.0066062906
TTYH2,THSD7A,-0.009055517
CACNG4,THSD7A,-0.0020164289
RYR1,THSD7A,-0.009150984
FAM214B,THSD7A,-0.002987938
DROSHA,THSD7A,-0.011230554
RRP1,THSD7A,-0.020338487
HNRNPH3,THSD7A,-0.024846809
RRS1,THSD7A,-0.00966772
SGPL1,THSD7A,-0.016069131
PDZK1IP1,THSD7A,-0.0052681766
LRTM1,THSD7A,-0.028935915
DEFB124,THSD7A,-0.01188586
GTPBP6,THSD7A,-0.009208047
PCDHGA4,THSD7A,-0.0059368126
PRSS1,THSD7A,-0.010706772
GPX7,THSD7A,-0.013534509
SYCE3,THSD7A,-0.0113823945
ZCCHC12,THSD7A,-0.006403177
CDCA4,THSD7A,-0.0032349231
ZNF442,THSD7A,-0.013872926
AC009690.1,THSD7A,-0.081327334
FAM9C,THSD7A,-0.020122482
UGT1A10,THSD7A,-0.0052617183
LYPD6B,THSD7A,-0.020865759
PARP3,THSD7A,-0.024867874
ABT1,THSD7A,-0.007977285
CD48,THSD7A,-0.008653934
PRRT2,THSD7A,-0.003685
IGSF9,THSD7A,-0.010070491
PPP5C,THSD7A,-0.024675958
RAG1,THSD7A,-0.025588866
LYVE1,THSD7A,-0.010164814
C6orf47,THSD7A,-0.029947327
UGT2A1,THSD7A,-0.0065898406
DEDD2,THSD7A,-0.015610426
PGF,THSD7A,-0.009932886
NKX1-2,THSD7A,-0.01021857
SLC6A14,THSD7A,-0.0144716995
FGD6,THSD7A,-0.015739726
SFTPC,THSD7A,-0.20003894
BHLHA15,THSD7A,-0.0068103094
GREB1L,THSD7A,-0.012671375
CTDP1,THSD7A,-0.020036556
OR7D2,THSD7A,-0.011110184
BST2,THSD7A,-0.008404714
LACC1,THSD7A,-0.004786764
SNORC,THSD7A,-0.009820187
PRODH2,THSD7A,-0.020437723
CHST3,THSD7A,-0.010584997
FABP5,THSD7A,-0.009505952
POLA1,THSD7A,-0.0035987648
DIPK2A,THSD7A,-0.004279076
MICOS10,THSD7A,-0.033801373
TBC1D4,THSD7A,-0.013372254
ACSM4,THSD7A,-0.058882054
CXorf56,THSD7A,-0.025645608
ADSS1,THSD7A,-0.01058596
PHKG2,THSD7A,-0.007698463
MUC13,THSD7A,-0.016430896
WNK4,THSD7A,-0.017128086
CYP2E1,THSD7A,-0.017069168
ATP5MF-PTCD1,THSD7A,-0.012322558
PPT2,THSD7A,-0.0035375955
TMOD1,THSD7A,-0.038156334
NUDT15,THSD7A,-0.009581629
HAPLN3,THSD7A,-0.006786805
FBLN7,THSD7A,-0.03059688
AMPH,THSD7A,-0.02623548
KCTD8,THSD7A,-0.0055255764
AP1M2,THSD7A,-0.014336667
FABP7,THSD7A,-0.020454194
RIPOR3,THSD7A,-0.030042974
PTGS2,THSD7A,-0.03134039
CTSC,THSD7A,-0.007918095
ARSH,THSD7A,-0.058724802
ARMH1,THSD7A,-0.0037754031
OR1L8,THSD7A,-0.0025265652
IDUA,THSD7A,-0.049507305
RPN2,THSD7A,-0.01031663
SLC26A9,THSD7A,-0.014519409
CAV1,THSD7A,-0.008341504
TAPBPL,THSD7A,-0.0062078894
TMEM184A,THSD7A,-0.011301474
VCX3A,THSD7A,-0.011062016
FAM86B1,THSD7A,-0.019102337
FA2H,THSD7A,-0.012523782
AP5Z1,THSD7A,-0.0048036817
FOXS1,THSD7A,-0.0047155283
BHLHE40,THSD7A,-0.005493219
IRS1,THSD7A,-0.013975188
ALG13,THSD7A,-0.0076695075
GPR158,THSD7A,-0.016687922
GLB1L3,THSD7A,-0.013950663
UBL4A,THSD7A,-0.009209527
RAB40A,THSD7A,-0.020126969
METTL15,THSD7A,-0.005522884
UFC1,THSD7A,-0.017847672
MKNK2,THSD7A,-0.028331922
IGFLR1,THSD7A,-0.030413553
GALT,THSD7A,-0.010847624
SCD,THSD7A,-0.022493707
TNFRSF10C,THSD7A,-0.104952246
MRM1,THSD7A,-0.0038222335
SH3BP2,THSD7A,-0.003306689
COQ7,THSD7A,-0.0039547943
ZNF808,THSD7A,-0.007802342
CLPSL1,THSD7A,-0.084339604
MED9,THSD7A,-0.0077671213
ARL6,THSD7A,-0.013419068
TSPAN18,THSD7A,-0.01226723
ELOVL3,THSD7A,-0.011148184
NKD1,THSD7A,-0.009365796
CD180,THSD7A,-0.00407896
LRRC55,THSD7A,-0.0041112
GPAT2,THSD7A,-0.0060222438
RIN3,THSD7A,-0.027705949
THOC7,THSD7A,-0.011011855
TNFSF4,THSD7A,-0.049765933
EN1,THSD7A,-0.0024339433
HAAO,THSD7A,-0.011974106
ABRACL,THSD7A,-0.005899433
GBP7,THSD7A,-0.017662654
CLECL1,THSD7A,-0.0058372435
PIFO,THSD7A,-0.014236811
CRADD,THSD7A,-0.005180435
VSX1,THSD7A,-0.07760855
UBL3,THSD7A,-0.014797539
CIITA,THSD7A,-0.0048760776
ABCA5,THSD7A,-0.008409366
VAMP1,THSD7A,-0.030709324
GLYCTK,THSD7A,-0.01240732
PCBP4,THSD7A,-0.023095513
PTPRU,THSD7A,-0.005687028
WASHC2A,THSD7A,-0.025048587
RPP30,THSD7A,-0.0039194734
NAXD,THSD7A,-0.025095982
NUCB1,THSD7A,-0.024499066
C21orf91,THSD7A,-0.012434678
TTC9B,THSD7A,-0.0049211187
C19orf54,THSD7A,-0.020765428
KATNAL1,THSD7A,-0.05655269
MAGEA1,THSD7A,-0.011576702
PACSIN1,THSD7A,-0.024626058
HEATR4,THSD7A,-0.013146198
ZFAT,THSD7A,-0.02151095
SMARCD1,THSD7A,-0.046506636
DAND5,THSD7A,-0.013393214
FAF1,THSD7A,-0.00752677
FBP1,THSD7A,-0.016706487
HIBCH,THSD7A,-0.010000993
ESR1,THSD7A,-0.0310947
CD1E,THSD7A,-0.013998637
P2RY4,THSD7A,-0.027301123
PREB,THSD7A,0.0012724858
AIFM3,THSD7A,-0.08413732
AKR7A2,THSD7A,-0.0025116224
KALRN,THSD7A,-0.009930194
BLOC1S6,THSD7A,-0.011268088
ZSCAN9,THSD7A,-0.01156242
HSDL1,THSD7A,-0.0426501
ZPLD1,THSD7A,-0.03078552
ATP1B1,THSD7A,-0.032548994
SESN2,THSD7A,-0.023048073
FAM166C,THSD7A,-0.0075028194
MUCL1,THSD7A,-0.0060449783
APOC2,THSD7A,-0.0058816844
BCR,THSD7A,-0.020541934
DNASE2B,THSD7A,-0.006938034
FREM3,THSD7A,-0.008814608
FOXC2,THSD7A,-0.022677582
STARD4,THSD7A,-0.018582921
MAP3K11,THSD7A,-0.0068956926
XCL1,THSD7A,-0.010537995
TMEM95,THSD7A,-0.051171917
ZNF736,THSD7A,-0.012759411
RAPGEF4,THSD7A,-0.007786233
MMP3,THSD7A,-0.033974133
GOLGA6L6,THSD7A,-0.019120518
HIC2,THSD7A,-0.011983532
PPP2R3B,THSD7A,-0.012819981
GBP1,THSD7A,-0.004469031
CES3,THSD7A,-0.012029923
SMIM22,THSD7A,-0.028409889
GOLGA8B,THSD7A,-0.044948716
ALDH8A1,THSD7A,-0.0048923492
ZNF418,THSD7A,-0.005171082
UTP6,THSD7A,-0.007957415
MID1,THSD7A,-0.011382453
OGFOD2,THSD7A,-0.010214154
SFTPA1,THSD7A,-0.08389586
CRABP1,THSD7A,-0.013141583
RND1,THSD7A,-0.006846402
LHX9,THSD7A,-0.015392528
PACRGL,THSD7A,-0.021541994
CHST13,THSD7A,-0.046323635
HAO1,THSD7A,-0.02000733
CR589904.2,THSD7A,-0.011538079
NUAK2,THSD7A,-0.008711507
RNF4,THSD7A,-0.02786796
LHPP,THSD7A,-0.013732152
HOXC9,THSD7A,-0.009658442
CLOCK,THSD7A,-0.015815286
GTF2H2,THSD7A,-0.0065350835
ANKRD7,THSD7A,-0.022284167
PDE1A,THSD7A,-0.027386907
PLXDC2,THSD7A,-0.08638668
FUNDC1,THSD7A,-0.021894215
GPR21,THSD7A,-0.0064490833
NSA2,THSD7A,-0.016124982
SMO,THSD7A,-0.025727691
MED21,THSD7A,-0.0037716276
FAAP20,THSD7A,-0.010343053
SLCO4A1,THSD7A,-0.025633536
MROH8,THSD7A,-0.0051255967
MIPEP,THSD7A,-0.043103587
CPT1C,THSD7A,-0.0077138823
MLXIP,THSD7A,-0.009310613
IQSEC3,THSD7A,-0.012668173
ANKEF1,THSD7A,-0.027805004
CXCL5,THSD7A,-0.013709777
BCO2,THSD7A,-0.043767847
SLC26A2,THSD7A,-0.029153863
UGT1A8,THSD7A,-0.004187445
DPH2,THSD7A,-0.008929546
KCNJ13,THSD7A,-0.0035685
MSLN,THSD7A,-0.0286697
CFAP58,THSD7A,-0.04177137
DHFR2,THSD7A,-0.006106385
DMC1,THSD7A,-0.019212775
HPR,THSD7A,-0.023702184
NIPSNAP2,THSD7A,-0.006234467
ELOVL7,THSD7A,-0.020739865
RNF170,TP53,0.0036951741
CAGE1,TP53,0.0054218825
P2RY10,TP53,0.008285406
RFPL2,TP53,0.008992317
SLC16A5,TP53,0.0021110945
PARP3,TP53,0.01602803
PROS1,TP53,0.11295072
PIEZO2,TP53,0.014703425
TLR3,TP53,0.0058021215
GLOD5,TP53,0.016923241
IKZF2,TP53,0.0035935275
NPIPB4,TP53,0.008567006
DIO2,TP53,0.0030574738
CCNH,TP53,0.0040009655
EXOSC8,TP53,0.0011481312
IGFL4,TP53,0.009888412
ZBTB16,TP53,0.014583452
CCDC124,TP53,0.0072741155
NANOS1,TP53,0.007828505
TBC1D19,TP53,0.00017781723
CLIC6,TP53,0.0068273162
DHCR7,TP53,0.013374602
MMP7,TP53,0.0052362443
RET,TP53,0.027947133
OAS3,TP53,0.008300624
DGLUCY,TP53,0.00124902
SLC23A1,TP53,0.01061754
PPBP,TP53,0.012452248
FAM72A,TP53,0.007863139
ABCE1,TP53,0.011241496
ITGB6,TP53,0.01777877
CBY2,TP53,0.016618337
SDR42E2,TP53,0.00491243
ZCCHC9,TP53,0.0044256314
ERP29,TP53,0.0041823327
TMEM38A,TP53,0.0046213046
DNAJC16,TP53,0.008175732
PDGFC,TP53,0.0054498324
ARHGEF18,TP53,0.01112516
C17orf78,TP53,0.006074957
PLAAT1,TP53,0.02576198
SYDE2,TP53,0.008610486
IRF2BPL,TP53,0.01768674
DIRAS3,TP53,0.0038198752
ST18,TP53,0.019429509
PTH1R,TP53,0.012312175
ZNF195,TP53,0.0091183325
LRRC28,TP53,0.0018855436
EIF3C,TP53,0.016664572
DENND6B,TP53,0.015618268
HAUS5,TP53,0.009854414
RSPH1,TP53,0.004031638
ASCL2,TP53,0.008377244
IL23A,TP53,0.0061320746
APOBEC3B,TP53,0.008660676
CNPY4,TP53,0.003457588
SHD,TP53,0.005053751
AC003002.3,TP53,0.0033950177
PRMT2,TP53,0.023450604
EFNA1,TP53,0.008524206
VARS1,TP53,0.0117878355
SERPINA1,TP53,0.015629584
ERVMER34-1,TP53,0.005018883
KIAA0513,TP53,0.003341567
SNX25,TP53,0.0047287894
ARHGEF40,TP53,0.0048424224
EXOC5,TP53,0.009373433
LIF,TP53,0.0046453304
PCBP4,TP53,0.0038977382
WDR17,TP53,0.013523667
ATAD3C,TP53,0.004985633
BBS4,TP53,0.0049039894
AGBL4,TP53,0.010986788
EPHA7,TP53,0.021997781
MLLT11,TP53,0.0071056057
ATG12,TP53,0.012430416
LCE2A,TP53,0.009045014
PCYT2,TP53,0.012956708
EEF1D,TP53,0.0033718662
GAGE10,TP53,0.0051634945
XCL1,TP53,0.008483302
LEPR,TP53,0.019692956
PLCG1,TP53,0.009285851
VAMP4,TP53,0.012315274
DSC1,TP53,-0.00016472075
CDIP1,TP53,0.0091055
MT1G,TP53,0.009327303
C5orf34,TP53,0.012488282
IRS4,TP53,0.043488648
KMT5B,TP53,0.0023459436
NRBP1,TP53,0.011433455
PAK4,TP53,0.0050686323
TUBB8B,TP53,0.012062236
H3C8,TP53,0.01703635
PREX1,TP53,0.0224034
SLCO1A2,TP53,0.008799028
SHFL,TP53,0.009841455
PRICKLE1,TP53,0.004186205
MAMDC4,TP53,0.009112748
AMPD3,TP53,0.008732394
BLNK,TP53,0.0060141524
FAM3B,TP53,0.017212518
SPDYE4,TP53,0.014165846
ATP8B4,TP53,0.0061361725
C6orf62,TP53,0.008250108
PPP1R3F,TP53,0.0036377197
EFNA2,TP53,0.011067979
NRIP3,TP53,0.020232758
ZNF697,TP53,0.016025156
USH1G,TP53,0.015588472
CCN4,TP53,0.0015958054
PRKCI,TP53,0.02669971
MDFIC,TP53,0.0061744307
CITED2,TP53,0.016432365
CEP72,TP53,0.0048807915
PDZRN4,TP53,0.004771383
KDM6A,TP53,0.00028562392
MUC1,TP53,0.0062211608
OR4K17,TP53,0.008190634
CLDND1,TP53,0.009726
FCRLA,TP53,0.006340524
BMP7,TP53,0.00927844
GLUL,TP53,0.029777072
SPRR2F,TP53,0.0023663735
A4GALT,TP53,0.02098362
SNRPN,TP53,0.01758647
AKR1B15,TP53,0.0041850605
AK5,TP53,0.0041623483
ERMN,TP53,0.0081256395
SMIM5,TP53,0.015712114
ABCA12,TP53,0.013287636
NUDT2,TP53,0.0037423472
ERG28,TP53,0.0019746965
C17orf107,TP53,0.012109264
MANEAL,TP53,0.006346121
FAM189A2,TP53,0.0043944498
PSD4,TP53,0.012409614
SCNM1,TP53,0.009959544
AL603764.2,TP53,0.019929877
SLC12A6,TP53,0.006747894
CCR2,TP53,0.007947835
KLF3,TP53,0.0093694
GMPS,TP53,0.01253853
EIF2S3,TP53,0.014898031
MANF,TP53,0.009349218
LRRN3,TP53,0.00534803
AARS1,TP53,0.014201775
PCP4,TP53,0.008990321
CDKL2,TP53,0.01587465
RFTN2,TP53,0.008315153
SP110,TP53,0.00086649554
PIEZO1,TP53,0.02281435
TAS2R42,TP53,0.00281539
GRAMD1C,TP53,0.012770954
PDZD4,TP53,0.01297021
SGSM1,TP53,0.0063643856
PDE8B,TP53,0.017380394
PRELP,TP53,0.006785951
FAM120C,TP53,0.00240967
CCNG1,TP53,0.011212642
C17orf99,TP53,0.004515344
MGAT5,TP53,0.0068743364
MAMSTR,TP53,0.020827578
RPP25,TP53,0.026654571
ETS2,TP53,0.00779857
PIK3CA,TP53,0.046026003
ADAM32,TP53,0.012740915
CCDC188,TP53,0.008099114
CAPN1,TP53,0.0027465087
RENBP,TP53,0.013000305
WASH6P,TP53,0.005229933
RABL2A,TP53,0.0027281959
STEAP4,TP53,0.0039724433
LTC4S,TP53,0.14401153
ASMT,TP53,0.0030040091
LPAR5,TP53,0.019684011
FDXACB1,TP53,0.002839749
CCDC107,TP53,0.011017964
GPR174,TP53,0.011293817
MAP1LC3B2,TP53,0.0054226452
ZP3,TP53,0.016196793
NDUFS4,TP53,-8.9873145e-05
NIBAN1,TP53,0.039602254
KLF15,TP53,0.015319756
PKDCC,TP53,0.0089153955
KANSL1L,TP53,0.011513908
CCDC42,TP53,0.004852446
PLPP7,TP53,0.0092154015
LMNTD2,TP53,0.011055129
ADGRE3,TP53,0.003837207
C1QL1,TP53,0.010629861
IL17RD,TP53,0.011408863
SIGLEC11,TP53,0.022888685
AC009779.3,TP53,0.004862032
PPP1R3C,TP53,0.007396483
ST3GAL3,TP53,0.0018691953
HS6ST3,TP53,0.006991097
C12orf60,TP53,0.009875571
PCDHGB3,TP53,0.0056299884
FLOT2,TP53,0.013483155
CRACR2A,TP53,0.009916863
SLC22A16,TP53,0.032216925
CCDC127,TP53,0.008931497
RAD21L1,TP53,0.021215543
B4GALNT2,TP53,0.014917462
NKD1,TP53,0.0077772206
DOT1L,TP53,0.011271741
NKX2-3,TP53,0.007906528
TMEM170A,TP53,0.008754964
KCNK6,TP53,0.00613554
HORMAD1,TP53,0.010146096
TUBB8,TP53,0.005355064
RAP1GAP,TP53,0.003733565
TERT,TP53,0.006695513
ZNF300,TP53,0.010177419
COPE,TP53,0.0053467713
FLYWCH2,TP53,0.0061837253
DAG1,TP53,0.015753452
OSTM1,TP53,0.00044127295
GPR176,TP53,0.011082992
HMGB1,TP53,-2.8831064e-05
WDR62,TP53,0.029150462
HTR1E,TP53,0.02085004
ZFP36L1,TP53,0.006715553
SCN1A,TP53,0.015133769
PLXNB2,TP53,0.0065041264
TP53,TP53,0.024343496
TBX20,TP53,0.007908353
AGA,TP53,0.018287292
VIPR2,TP53,0.001518203
ABLIM3,TP53,0.00371612
COX5B,TP53,0.011643798
FBXO48,TP53,0.014382538
ARL13B,TP53,0.034236237
AGER,TP53,0.0067149783
RAB11FIP3,TP53,0.0075734314
GFRA1,TP53,0.015630541
PAQR5,TP53,0.019546641
ZNF655,TP53,0.0060823453
CYP1A1,TP53,0.0055588004
ILF3,TP53,0.008912965
NPTX1,TP53,0.010317547
LAD1,TP53,0.018601084
B3GNT5,TP53,0.012458262
ZNF563,TP53,0.0082613565
IGFBPL1,TP53,0.010372588
GPR89B,TP53,0.0073770774
EDA,TP53,0.0063520544
RBM4,TP53,0.004924643
TNFRSF12A,TP53,0.031881806
PRSS21,TP53,0.011407683
RIDA,TP53,0.0059407544
ABCB11,TP53,0.0045408555
NAT10,TP53,0.002861925
IRX6,TP53,0.0028816408
HNF4A,TP53,0.015265517
H2BW1,TP53,0.011713672
AGPAT2,TP53,0.00590973
RAB39A,TP53,0.0038067189
SLC25A33,TP53,0.011572061
METTL9,TP53,0.008627166
TP73,TP53,0.012697222
SERTAD4,TP53,0.0010667889
RTN4,TP53,0.009560338
ADM5,TP53,0.007236005
GOLM1,TRPS1,-0.018018175
ZNF124,TRPS1,-0.00224971
CARD18,TRPS1,-0.015413015
ZC3H7A,TRPS1,-0.004223361
XPNPEP3,TRPS1,-0.0065802466
COX5B,TRPS1,-0.008466996
TADA2A,TRPS1,-0.008809381
CYP2C8,TRPS1,-0.030628365
ZFP41,TRPS1,-0.0038734877
CPT2,TRPS1,-0.0050344076
SFTA2,TRPS1,-0.026135731
AS3MT,TRPS1,-0.007864732
TRIM9,TRPS1,-0.020944903
BSDC1,TRPS1,-0.013252853
STX1A,TRPS1,-0.06573414
SERPINB11,TRPS1,-0.06681054
BRDT,TRPS1,-0.0130280275
MAT1A,TRPS1,-0.058423217
TH,TRPS1,-0.019393653
FBN3,TRPS1,-0.017854422
FAM104B,TRPS1,-0.019774877
CRIP3,TRPS1,-0.039260875
C12orf66,TRPS1,-0.04902042
EHBP1L1,TRPS1,-0.021377966
LHX9,TRPS1,-0.0025587012
LINGO1,TRPS1,-0.0480799
FGFRL1,TRPS1,-0.028044144
CYP27C1,TRPS1,-0.013434783
BAIAP2,TRPS1,-0.023838203
CDKN2B,TRPS1,-0.013497516
PATJ,TRPS1,-0.009567869
GPR173,TRPS1,-0.041545838
COLCA2,TRPS1,-0.06851252
PRSS37,TRPS1,-0.0061751697
GDF15,TRPS1,-0.020852558
DCBLD2,TRPS1,-0.035263676
C1QTNF12,TRPS1,-0.007877356
CERS6,TRPS1,-0.010911662
CFHR1,TRPS1,-0.009549425
POLK,TRPS1,-0.0006258224
STK32B,TRPS1,-0.010355469
ZNF804A,TRPS1,-0.016113468
GDNF,TRPS1,-0.022676079
GLRB,TRPS1,-0.03392103
SMIM19,TRPS1,-0.04718944
MAN2B1,TRPS1,-0.008399311
JAKMIP1,TRPS1,-0.006632336
CPB1,TRPS1,-0.018623434
REXO4,TRPS1,-0.016282277
SLC35A3,TRPS1,-0.24971502
ZNF77,TRPS1,-0.0013571812
TMEM187,TRPS1,-0.026413614
TSPAN7,TRPS1,-0.022501782
SBF2,TRPS1,-0.01037829
SLC5A5,TRPS1,-0.014408031
FAM102A,TRPS1,-0.028013974
PCDHGB4,TRPS1,-0.048912372
GSE1,TRPS1,-0.025158191
NDUFA4L2,TRPS1,-0.06620993
KIAA0825,TRPS1,-0.026268516
GNAO1,TRPS1,-0.030509276
MAP3K15,TRPS1,-0.049386553
DNAH9,TRPS1,-0.015226599
TPBG,TRPS1,-0.16829477
DUS1L,TRPS1,-0.023140768
TFAP2B,TRPS1,-0.021786032
CCDC78,TRPS1,-0.009266187
SPR,TRPS1,-0.014840027
IDO1,TRPS1,-0.0075761327
ZBTB48,TRPS1,-0.00942091
SIGIRR,TRPS1,-0.0077506634
CITED1,TRPS1,-0.101267755
CUL9,TRPS1,-0.011097459
LRRC15,TRPS1,-0.028461525
HOXD11,TRPS1,-0.056800414
NAP1L5,TRPS1,-0.005852964
EPS8L2,TRPS1,-0.010249367
TINAGL1,TRPS1,-0.025960704
MMD,TRPS1,-0.018120656
BAD,TRPS1,-0.013610307
STIMATE,TRPS1,-0.02116998
PRKAR2B,TRPS1,-0.027010955
KCNE4,TRPS1,-0.018302241
GJA1,TRPS1,-0.01894699
TRIL,TRPS1,-0.015451072
DSG4,TRPS1,-0.018952293
LIN37,TRPS1,-0.008423633
ACTA1,TRPS1,-0.1537407
CDH24,TRPS1,-0.018815702
DNAJC22,TRPS1,-0.018980252
TEPP,TRPS1,-0.008311728
ALDH3A2,TRPS1,-0.024648879
NBPF3,TRPS1,-0.080053456
COX11,TRPS1,-0.008263422
ALDH5A1,TRPS1,-0.06978197
ZYG11A,TRPS1,-0.020527206
ELAC1,TRPS1,-0.009122262
GPR158,TRPS1,-0.006503182
OBSCN,TRPS1,-0.036891423
BHMT,TRPS1,-0.00872562
METTL18,TRPS1,-0.0038205292
TERF2IP,TRPS1,-0.011405353
SLC1A1,TRPS1,-0.016502777
PCK2,TRPS1,-0.03296748
ANKRD62,TRPS1,-0.055399254
EGR4,TRPS1,-0.01138915
WNT2,TRPS1,-0.01293381
APMAP,TRPS1,-0.02411668
ZNF404,TRPS1,-0.047531493
PKIA,TRPS1,-0.010439754
PALLD,TRPS1,-0.0135918
NT5C1B,TRPS1,-0.013751599
ACSM4,TRPS1,-0.014113581
SLC16A13,TRPS1,-0.011683511
CLHC1,TRPS1,-0.02171313
SHMT1,TRPS1,-0.006124584
MTRNR2L1,TRPS1,-0.010955685
SCARA3,TRPS1,-0.021427354
STAR,TRPS1,-0.1375532
NXPE3,TRPS1,-0.0126308175
NPM2,TRPS1,-0.013802807
RPUSD4,TRPS1,-0.015692815
HEXD,TRPS1,-0.009362776
COL8A2,TRPS1,-0.0073169176
KRT27,TRPS1,-0.007344707
KIAA1217,TRPS1,-0.013573842
SERPINE3,TRPS1,-0.020948857
GLDN,TRPS1,-0.026102107
CCDC158,TRPS1,-0.024550065
PLA2G6,TRPS1,-0.034093305
MYO18B,TRPS1,-0.0081108445
ZNF133,TRPS1,-0.015390062
RPRD1A,TRPS1,-0.02227458
LGALS8,TRPS1,-0.00869325
MSH6,TRPS1,-0.020851236
TP73,TRPS1,-0.020214718
BLOC1S3,TRPS1,-0.0064662118
KLHL10,TRPS1,-0.058624465
FLOT2,TRPS1,-0.03144475
RHBG,TRPS1,-0.013599151
CLC,TRPS1,-0.01813844
TCOF1,TRPS1,-0.0833441
ASIC1,TRPS1,-0.0186051
RNF139,TRPS1,-0.026337322
TIMM9,TRPS1,-0.0041395565
BCAN,TRPS1,-0.028968245
ST20,TRPS1,-0.012858004
HYAL4,TRPS1,-0.047842704
TCHHL1,TRPS1,-0.045595583
GTF2IRD2B,TRPS1,-0.012048847
TENT5A,TRPS1,-0.009249354
ANXA1,TRPS1,-0.021433072
PXMP4,TRPS1,-0.02562376
NPHP3,TRPS1,-0.010724315
BLOC1S1,TRPS1,-0.013260879
C19orf18,TRPS1,-0.030993914
CDH1,TRPS1,-0.01583089
LGALS9B,TRPS1,-0.033992823
NHLH2,TRPS1,-0.007717667
SERPINA6,TRPS1,-0.0047159935
KCNK6,TRPS1,-0.006369965
FGF1,TRPS1,-0.05316886
ISY1,TRPS1,-0.0057057654
PPP3R1,TRPS1,2.1693517e-05
PTBP3,TRPS1,-0.010550498
FDFT1,TRPS1,-0.017083567
CLN8,TRPS1,-0.090441674
FAM102B,TRPS1,-0.012128933
DUSP10,TRPS1,-0.012857603
FBXO7,TRPS1,-0.008747546
TREX2,TRPS1,-0.017046759
PRXL2A,TRPS1,-0.008641258
DNAH3,TRPS1,-0.0143543
MMRN1,TRPS1,-0.004247501
TGFBI,TRPS1,-0.021921294
HOXD10,TRPS1,-0.014535751
NEK8,TRPS1,-0.01843705
HOXB7,TRPS1,-0.025392767
C1QTNF9,TRPS1,-0.02044292
ATRN,TRPS1,-0.012200265
TTLL12,TRPS1,-0.02587183
MYO15B,TRPS1,-0.009875756
EEF1AKMT2,TRPS1,-0.1768334
ANKRD36B,TRPS1,-0.002435223
LRRC14,TRPS1,-0.010922759
PIP4K2A,TRPS1,-0.011453066
SHCBP1L,TRPS1,-0.015996594
GJB3,TRPS1,-0.008239087
CR2,TRPS1,-0.023332963
NEIL3,TRPS1,-0.0089654075
NCAPH2,TRPS1,-0.0046084323
AC004687.2,TRPS1,-0.032064132
TNS4,TRPS1,-0.003784534
FBL,TRPS1,-0.008645264
SLC39A11,TRPS1,-0.005885943
DHRS11,TRPS1,-0.016845662
RCOR3,TRPS1,-0.062196165
SCN11A,TRPS1,-0.005285424
RAP2A,TRPS1,-0.023105558
PCMTD2,TRPS1,-0.07906667
PPP4R3A,TRPS1,-0.08184519
LIG3,TRPS1,-0.039570242
RUNX2,TRPS1,-0.009360283
UHRF2,TRPS1,-0.012541769
NID1,TRPS1,-0.027570505
MAL2,TRPS1,-0.012898269
PRPF40A,TTN,0.0034784188
CSRNP1,TTN,0.006339005
TBC1D7,TTN,-0.00038258464
EIPR1,TTN,-0.0015324648
C1QBP,TTN,0.0009658654
INSL3,TTN,0.00033231103
KNL1,TTN,0.0053085703
PCP4,TTN,0.003415392
ANXA9,TTN,-0.00022111538
SP140,TTN,-0.007061762
SLC15A5,TTN,0.003151797
PLPPR4,TTN,0.015759282
EFHC1,TTN,0.0019702406
RAB32,TTN,0.0067688753
TAGAP,TTN,0.0015233536
IL13RA2,TTN,0.0007136529
GET1,TTN,-0.0024163404
SYNJ2BP,TTN,0.00036640512
PLEKHA1,TTN,0.002231177
SERPINB9,TTN,4.371029e-05
MAOB,TTN,0.0032678847
NUP54,TTN,0.003127568
DOP1A,TTN,0.0030742341
PTCH2,TTN,0.000385498
CYP2C19,TTN,0.009098923
AGPAT4,TTN,0.001430044
PASK,TTN,0.0017107734
PLPPR2,TTN,0.004709387
PSMC4,TTN,-3.8805087e-05
WNT4,TTN,0.0041774744
PXMP4,TTN,0.004825788
GLCE,TTN,0.01533799
STARD4,TTN,0.005429403
SPRY1,TTN,-0.0012360719
S1PR3,TTN,0.0013224658
ATG10,TTN,0.01139319
ACTR3B,TTN,0.0031872136
HOXB2,TTN,0.0046879193
N4BP2,TTN,0.0069213137
LRRC45,TTN,0.0032067753
PNMA3,TTN,0.0017722398
H4C3,TTN,0.0007242722
SLC45A3,TTN,-0.00027883987
THEM5,TTN,0.0012087688
APOM,TTN,0.00047392616
CERK,TTN,7.743888e-05
ASPH,TTN,0.012345228
LRRC46,TTN,0.0043502217
ADAD2,TTN,0.0020191167
H2BE1,TTN,0.0017404545
IGFL1,TTN,0.0072380975
COL4A5,TTN,0.0050523006
CLHC1,TTN,0.0025515216
USP5,TTN,0.00625938
TMEM200A,TTN,0.010013578
CCDC160,TTN,0.0010387421
ANKRD31,TTN,0.0010919046
PCDHA11,TTN,0.0059503065
ZNF585A,TTN,0.0033219503
TMEM213,TTN,0.007791527
ZMYND10,TTN,0.003318116
TOR4A,TTN,0.003378301
KLK1,TTN,-0.00073897
ZNF860,TTN,0.017516838
AIFM3,TTN,0.0024240518
DROSHA,TTN,0.0024323582
CD47,TTN,0.0011115215
NUDT18,TTN,0.0038385158
UQCRHL,TTN,0.0051587964
FAP,TTN,0.009377284
PIAS2,TTN,0.0027683764
ALOX5AP,TTN,0.0067462707
SNAPC4,TTN,-0.0004649143
CEACAM5,TTN,0.020343762
PPP2R1B,TTN,0.00087874505
ZNF720,TTN,0.002282458
CILK1,TTN,0.00747401
AIPL1,TTN,0.011096065
ETNK2,TTN,0.0026819045
HAO2,TTN,8.372993e-05
FIGN,TTN,-7.803309e-05
KSR1,TTN,0.0060493825
ME1,TTN,0.0037131757
BTBD11,TTN,0.0009708588
SMAD9,TTN,0.002672973
HMOX1,TTN,0.003471471
LIPH,TTN,0.0031557211
ONECUT1,TTN,0.005317319
SEC14L3,TTN,0.0031611023
ZNF224,TTN,0.0024995434
CARD16,TTN,0.0033879858
RAB26,TTN,0.0019740018
AMFR,TTN,0.008895244
TRMT11,TTN,0.0042481166
MTRES1,TTN,0.0040169335
SLC16A8,TTN,0.00399167
NR4A3,TTN,0.00089020823
TTC12,TTN,0.00977612
MEPE,TTN,0.013695008
SIRPB1,TTN,0.0067700287
SOHLH2,TTN,0.0024310725
EGFL7,TTN,0.008236943
TMEM91,TTN,0.00037536176
SEZ6,TTN,0.011586609
NUDT10,TTN,0.0019112244
C3orf52,TTN,0.0058369874
WDR87,TTN,0.008498251
UROC1,TTN,0.017393785
CHAC1,TTN,0.0021184746
SIX1,TTN,-0.00091665593
FOXB1,TTN,0.001491842
ZNF385B,TTN,-0.00032696754
FBXO45,TTN,0.005845284
PQBP1,TTN,0.0024694973
CXCL17,TTN,0.0012500314
MTMR3,TTN,0.0076429765
AP002495.1,TTN,0.011429448
MXI1,TTN,0.0066552865
KLHL14,TTN,0.010036079
FRAS1,TTN,0.0050953566
FGFR1,TTN,0.0058424873
CLNS1A,TTN,0.00028586166
HCRTR2,TTN,0.0036578823
RAB5IF,TTN,0.0012209446
RTN4R,TTN,0.0005272374
ID2,TTN,0.0032590765
LZTS3,TTN,0.0014349071
EEF1E1,TTN,0.0050042337
MT1M,TTN,0.0037224602
AIF1L,TTN,0.00787393
OSBPL3,TTN,0.015351465
WNT8A,TTN,0.0051442985
TMEM171,TTN,-0.003276826
AC009779.3,TTN,0.0019819178
KRTAP2-3,TTN,0.003910949
UGT2B17,TTN,0.003917876
SCRN3,TTN,0.004126328
CALY,TTN,0.005701264
KLK13,TTN,0.0025095763
UNC5CL,TTN,0.0070226076
CACNG6,TTN,0.0005200901
FICD,TTN,0.0026227252
H2AW,TTN,0.0009930592
LAMTOR1,TTN,-0.0008533093
GK5,TTN,0.0030336326
MCHR1,TTN,0.00867311
ADAMTS20,TTN,0.0041375733
PLEKHG6,TTN,0.016992448
VDAC1,TTN,0.012824689
ABI3BP,TTN,0.023168914
RABL2B,TTN,0.0059393207
PPIP5K1,TTN,0.0026065875
SCMH1,TTN,-0.0008553582
STX11,TTN,0.0011361124
DNAJC10,TTN,0.0026710997
ZDHHC11,TTN,0.00558401
DNAAF1,TTN,0.0014800767
KLHL25,TTN,0.0050300923
HORMAD1,TTN,0.002883653
SEMA6C,TTN,0.0022907536
SAXO1,TTN,0.00092176587
SLC2A12,TTN,0.014811708
HSD17B10,TTN,0.0036120901
C5orf46,TTN,-0.00013169371
DNAH9,TTN,0.006666689
ADORA1,TTN,0.0010233076
MT1H,TTN,0.0021351972
NOS1,TTN,0.0026234246
PMPCA,TTN,0.005263001
XKRX,TTN,0.011158793
ELFN2,TTN,0.0053704926
POU5F2,TTN,0.0045881094
ARHGAP17,TTN,0.0007618035
BPHL,TTN,0.008777919
GLTP,TTN,0.0040707164
POMZP3,TTN,0.0049502123
ARL6IP1,TTN,0.0028549533
DENND1B,TTN,0.004810139
SLC2A5,TTN,0.008794667
HHIP,TTN,0.0023900932
CFAP97,TTN,0.0018242415
DSC3,TTN,0.020015663
FHAD1,TTN,-0.001265487
TIAM1,TTN,0.0028996463
CD1C,TTN,-0.003789751
OVGP1,TTN,0.0036424242
HSPB3,TTN,0.0026447691
CD40,TTN,0.012628327
FAM205C,TTN,0.008773402
CLEC3A,TTN,0.003036829
MMP7,TTN,0.0016677412
ASB9,TTN,0.0042478302
CCDC62,TTN,0.022207681
FCAMR,TTN,0.0036513782
ULBP2,TTN,0.0014181522
PGM5,TTN,-0.0011952792
CPNE1,TTN,0.0034460188
SLC7A4,TTN,0.0043860218
SMIM26,TTN,-0.0020307582
APOBEC3A,TTN,0.0013596502
CXCL5,TTN,0.0025526043
OXSM,TTN,0.0021160403
HSD11B1L,TTN,-0.0010660534
KRT2,TTN,0.013173369
MAGEH1,TTN,0.002455554
EGLN2,TTN,-0.004557457
OR2A1,TTN,0.0014948231
OTUD5,TTN,0.0022071952
DYNC2H1,TTN,0.0013109627
RBMS3,TTN,-0.0012542446
AOAH,TTN,0.0064008203
KAZN,TTN,0.0021846232
SOGA1,TTN,0.0033793983
TMEM61,TTN,0.0046048705
ZNF280A,TTN,0.00535217
PHGDH,TTN,0.00501265
SMYD5,TTN,0.0040182816
BEST4,TTN,0.0089114215
IGFL2,TTN,0.0063928026
CBLL1,TTN,0.004337387
SNRPA1,TTN,0.0049901023
ROBO2,TTN,0.015381684
USP8,TTN,0.0068672025
CSNK1A1,TTN,0.005035609
PCGF5,TTN,0.0065541817
ACP3,TTN,0.0057924306
AVPR2,TTN,0.0037950485
MED18,TTN,0.015124095
HOXB6,TTN,0.0018841255
CAPNS2,TTN,0.0070985146
SPP1,TTN,0.006135886
GRIA4,TTN,0.0014443549
NEB,TTN,0.0106684165
ZNF727,TTN,0.003868454
FAM241B,TTN,0.004618297
PRICKLE4,TTN,0.00021733927
OXGR1,TTN,0.01648786
FGF18,TTN,0.0029540786
RSPH10B2,TTN,0.012951176
PIGM,TTN,0.0010625959
KIF2C,TTN,0.007475738
PKIA,TTN,0.002916619
XCL1,TTN,0.00021928166
HSPA2,TTN,0.01188476
DCP1B,TTN,0.0033160062
FCRL2,TTN,0.0029682727
NTF4,TTN,0.0017326766
DDIT4,TTN,0.0072133765
PPP1R3F,TTN,0.004735662
UGT2B28,TTN,0.002265593
MMRN1,TTN,0.0066246088
TMEM251,TTN,0.0036781111
CLCF1,TTN,0.005338979
RDH12,TTN,0.003565366
CPA2,TTN,0.0010530391
H2BC6,TTN,0.0048684957
CALHM3,TTN,0.0027876636
HOXC13,TTN,0.003532057
TMC5,TTN,0.008617881
TRMU,TTN,0.0011390471
WNT1,TTN,0.007501978
CCN6,TTN,0.009829106
SYN2,TTN,0.002519844
PXN,TTN,0.004921595
ISM2,TTN,0.008166802
CRHR2,TTN,0.006531292
PRSS21,TTN,0.003754189
H2BU1,TTN,-0.00023019723
TEX22,TTN,0.0050994684
DCHS2,TTN,0.003051603
INSR,TTN,0.0071813036
ISCA1,TTN,0.009641375
PNMT,TTN,0.0071429303
GPR17,TTN,0.0012914125
DPH6,TTN,0.00913426
WWC3,TTN,0.0036568341
SRXN1,TTN,0.0009952635
SAGE1,TTN,0.0035697422
HSPA6,TTN,0.0052093132
TSHZ1,TTN,0.013834062
SH3YL1,TTN,0.0018871799
MT-ATP8,TTN,0.0016862695
PLCD4,TTN,0.005874364
LEAP2,TTN,0.00051373866
FAM8A1,TTN,0.002150833
LYPD6B,TTN,0.0049484004
VAMP3,TTN,0.00657664
PCDHB7,TTN,0.0003898781
CYP4F22,TTN,0.0019685563
BRSK2,TTN,0.007871881
IRS2,TTN,0.0033905301
KIAA1614,TTN,0.005806215
ARHGEF1,TTN,0.003746851
RPL27A,TTN,0.006283898
SMIM4,TTN,0.0055506295
C1QA,TTN,0.003649077
ACHE,TTN,0.0019343948
EGF,TTN,-0.00025336733
CD81,TTN,-0.00095415616
TXNDC2,TTN,0.0013238342
KLHDC9,TTN,0.0028965191
AL049839.2,TTN,0.032795805
MAGEB6,TTN,0.0029262253
MDH1,TTN,0.0011025793
SLC48A1,TTN,0.003041766
PALM,TTN,0.0010079537
SULT1A1,TTN,0.017443152
SIGIRR,TTN,0.004096094
DOK1,TTN,0.0011670045
CAPSL,TTN,0.003449392
SLC29A4,TTN,0.022089243
CAMSAP3,TTN,0.006652433
H2AC19,TTN,0.010310638
LTBP4,TTN,0.001339841
TRIM47,TTN,0.0020586813
CIRBP,TTN,0.0011951075
GPR3,TTN,0.003553893
SEMA4A,TTN,-0.0011252206
GDAP1L1,TTN,0.001431687
UBAC1,TTN,0.0023725189
SRCIN1,TTN,0.0011745308
STUM,TTN,0.0007604611
CPEB1,TTN,0.0066893217
TAOK1,TTN,-7.1170093e-06
KATNAL2,TTN,0.0043247566
PNRC2,TTN,0.005045194
DNAH11,TTN,0.0042432724
ST6GAL2,TTN,0.0021031427
SLC39A3,TTN,0.014076245
TMEM250,TTN,0.00031077483
GSDMC,TTN,-0.00016380328
HOXB5,TTN,-0.0006284008
PHC3,TTN,0.0049840533
RBM44,TTN,0.005488731
KRT74,TTN,0.0112671405
SEC14L1,TTN,0.0068350323
LRP3,TTN,0.0008950346
TRIM6,TTN,0.006639506
ZBED1,TTN,0.003944933
RASAL2,TTN,0.005389459
XYLT2,TTN,0.0016057056
MB,TTN,0.003800927
REPIN1,TTN,-4.7625374e-05
LGALS2,TTN,0.0022911462
AL160269.1,TTN,-0.00090512686
GIMAP2,TTN,0.00060981733
ADCY1,TTN,0.0048714704
FOXO6,TTN,0.012337777
GALC,TTN,0.007980916
AC233723.1,TTN,0.002165394
PRELID3A,TTN,0.0026987009
COX17,TTN,0.00089432474
TLNRD1,TTN,0.0051600686
KIAA0319,TTN,-0.0019894107
TSPAN10,TTN,0.009364641
NAPEPLD,TTN,0.0026385898
ZNF738,TTN,0.00278266
GLYAT,TTN,0.0033989612
PHKB,TTN,0.011136584
SCGB1D2,TTN,0.008471704
GREB1,TTN,0.0008246211
IRX6,TTN,0.014477238
KCNN3,TTN,0.0019963637
CHGB,TTN,0.0025154501
AC068896.1,TTN,0.0070208427
NAV2,TTN,0.0022724806
TUBA3D,TTN,0.0015047366
SERPINA11,TTN,0.0029725833
RIMKLB,TTN,0.006017802
AC055811.2,TTN,0.0012518404
CLDN1,TTN,0.0032136608
CARNMT1,TTN,0.034881677
UBAP1,TTN,0.009061313
PKD2L2,TTN,0.0022039919
ZDHHC19,TTN,-0.0006608453
B4GALNT2,TTN,0.0088037755
GAS2L1,TTN,0.00019235088
KCNJ12,TTN,0.00058475684
ZNF574,TTN,0.0006358849
AK5,TTN,0.0066068275
PRSS41,TTN,0.0036353227
TNFAIP3,TTN,0.00674948
ZNF184,TTN,0.0034874412
CRYBG1,TTN,0.0058465
H4C11,TTN,0.0039464883
AJM1,TTN,0.00020314555
TTC33,TTN,0.0017274241
GRHL3,TTN,-0.0005499713
LHX6,TTN,0.010876395
ABHD17A,TTN,0.004340686
RCAN3,TTN,-0.00014241006
ZNF347,TTN,0.0012427703
ARAP1,TTN,0.0016610443
TMEM87A,TTN,0.011371287
SH3BP1,TTN,0.0027719778
ACTA1,TTN,0.010865047
WASF3,TTN,0.00899622
LAMB4,TTN,0.0014992801
ZDHHC13,TTN,0.007749989
ANKMY2,TTN,0.0027246247
FAM162A,TTN,0.015545051
MGAT4B,TTN,0.008920841
GABRR1,TTN,0.046717647
MTRNR2L4,TTN,0.0019109638
LAMP3,TTN,0.007495768
BIRC7,TTN,0.000720182
ZDHHC4,TTN,0.0004159775
NLGN2,TTN,0.0020391853
RRP7A,TTN,0.001965677
GABRE,TTN,0.0025633855
CALML5,TTN,0.00028878477
DNAJC17,TTN,0.0029755272
CLIP3,TTN,0.00047721702
ZNF556,TTN,0.0015360088
PRSS38,TTN,0.0035000453
SLPI,TTN,0.0041480935
PRSS56,TTN,0.0023179448
MYCL,TTN,0.006490368
H1-5,TTN,0.0036503004
C15orf62,TTN,0.036036994
GPI,TTN,0.0064387
ZSCAN23,TTN,0.0029308675
KMT2B,TTN,0.0010603096
IDO1,TTN,0.002401088
LRRD1,TTN,0.00708097
AGBL2,TTN,0.0033789193
NUAK1,TTN,-0.0009494522
ZNF292,UNC13C,-0.009635415
RPF2,UNC13C,-0.00093825615
MAMLD1,UNC13C,-0.004597777
DUSP26,UNC13C,-0.0061033512
SLC22A11,UNC13C,-0.0023659302
CTAG2,UNC13C,-0.006114744
ADCY8,UNC13C,-0.049717568
SDCBP2,UNC13C,-0.009995973
UGT1A4,UNC13C,-0.0058021764
CPSF3,UNC13C,-0.00837859
DLL3,UNC13C,-0.010278777
EDC4,UNC13C,-0.0060192156
RIPOR3,UNC13C,-0.007969525
CRK,UNC13C,-0.014984369
CAPZA1,UNC13C,-0.0071849544
AMDHD2,UNC13C,-0.00073297723
FHL1,UNC13C,-0.011522635
ALMS1,UNC13C,-0.0062973234
PRKD2,UNC13C,-0.003452011
TMEM260,UNC13C,-0.021015402
RDH16,UNC13C,-0.00691598
TNC,UNC13C,-0.051198598
ZBTB2,UNC13C,-0.018053532
CST4,UNC13C,-0.027551807
BANK1,UNC13C,-0.01856745
JAG1,UNC13C,-0.004329213
C11orf53,UNC13C,-0.0075537823
AL049634.2,UNC13C,-0.032792505
ITPKC,UNC13C,-0.0053277626
TMEM177,UNC13C,-0.005670073
TIMM8A,UNC13C,-0.027352132
BCL2L14,UNC13C,-0.0006438679
ELK3,UNC13C,-0.014573654
FCGR1B,UNC13C,-0.014151571
ZSCAN18,UNC13C,-0.008287097
ZNF101,UNC13C,-0.0054410743
CELF3,UNC13C,-0.0058277966
SSC5D,UNC13C,-0.007380209
PIP4K2A,UNC13C,-0.00010075598
TPH2,UNC13C,-0.009165682
MBNL2,UNC13C,-0.009419124
TPPP,UNC13C,-0.021213215
C11orf87,UNC13C,-0.008448573
MARCHF10,UNC13C,-0.018175527
CALHM3,UNC13C,-0.008416748
TMIGD3,UNC13C,-0.02272083
UNC5B,UNC13C,-0.029870106
TAF4,UNC13C,-0.0063641425
ZNF33B,UNC13C,-0.015896711
SLX4IP,UNC13C,-0.011348424
PRB3,UNC13C,-0.007413958
NPIPA5,UNC13C,-0.014386225
STON1,UNC13C,-0.0038228373
AREL1,UNC13C,-0.06258663
USP43,UNC13C,-0.009468579
MAPK8IP2,UNC13C,-0.012988873
SLC2A10,UNC13C,-0.0016826087
RPL22,UNC13C,-0.006158141
PCYOX1L,UNC13C,-0.0115463715
ELFN2,UNC13C,-0.010130802
KAT8,UNC13C,-0.0041554347
LRP8,UNC13C,-0.012990893
AANAT,UNC13C,-0.018559633
CNIH3,UNC13C,-0.009819583
OR52A1,UNC13C,-0.036380604
HMOX1,UNC13C,-0.0089867
WNK1,UNC13C,-0.09567967
LRRN2,UNC13C,-0.039800256
PAFAH1B3,UNC13C,-0.008344904
MALT1,UNC13C,-0.012074403
KATNB1,UNC13C,-0.011230766
GTSF1L,UNC13C,-0.034883108
COX10,UNC13C,-0.009397168
IGSF10,UNC13C,-0.036143698
ADAM9,UNC13C,-0.018556803
SERGEF,UNC13C,-0.013392608
PGA5,UNC13C,-0.0061501586
RHOC,UNC13C,-0.0041965363
KHDRBS2,UNC13C,-0.026919125
TMEM25,UNC13C,-0.0020792023
KRT83,UNC13C,-0.0032749374
PRUNE2,UNC13C,-0.0062635327
PAPLN,UNC13C,-0.0021836667
TAX1BP1,UNC13C,-0.00922744
STAR,UNC13C,-0.0130245825
PCDHA10,UNC13C,-0.022001768
AMHR2,UNC13C,-0.0076107043
KNG1,UNC13C,-0.008505969
PLAT,UNC13C,-0.045438703
DNASE2B,UNC13C,-0.038140453
BAG1,UNC13C,-0.013441335
HSPA14,UNC13C,-0.012030924
RTKN2,UNC13C,-0.013756345
PDCD1LG2,UNC13C,-0.023215713
ACMSD,UNC13C,-0.020107063
KIAA0895,UNC13C,-0.0066920863
CASP10,UNC13C,-0.011062565
RXRA,UNC13C,-0.01847985
BBOX1,UNC13C,-0.0046525477
WASL,UNC13C,-0.018234158
TP53I3,UNC13C,-0.04330765
GLOD5,UNC13C,-0.002654938
CLEC12A,UNC13C,-0.06392914
HOXB3,UNC13C,-0.019844117
TATDN1,UNC13C,-0.0061675194
DNAJB1,UNC13C,-0.005249282
CARNS1,UNC13C,-0.006323605
ACCS,UNC13C,-0.0018997217
CKMT2,UNC13C,0.001231948
ERAP1,UNC13C,-0.00817454
PLEKHA5,UNC13C,-0.0032113437
LAMP1,UNC13C,-0.007914162
UBOX5,UNC13C,-0.010615966
WASHC5,UNC13C,-0.007906257
PLA2R1,UNC13C,-0.016011447
ABCD4,UNC13C,-0.032973204
SYT17,UNC13C,-0.023042908
WNT9A,UNC13C,-0.0111676315
OPCML,UNC13C,-0.027967343
PRKRA,UNC13C,-0.02384567
MVD,UNC13C,-0.008118587
TEX48,UNC13C,-0.024144255
DLK2,UNC13C,-0.01914245
FAM102B,UNC13C,0.0018936364
SLCO2A1,UNC13C,-0.016796721
WFIKKN1,UNC13C,-0.007555674
TMEM100,UNC13C,-0.009020589
NGEF,UNC13C,-0.0049538747
CLDN14,UNC13C,-0.0019593483
MYMK,UNC13C,-0.013088112
CFB,UNC13C,-0.009573707
BASP1,UNC13C,-0.013153741
LSM1,UNC13C,-0.009543378
SLC14A1,UNC13C,-0.0019065416
TMEM92,UNC13C,-0.09074834
LRP5L,UNC13C,-0.004111112
LTC4S,UNC13C,-0.00987217
TUBB8,UNC13C,-0.006243024
KDM3A,UNC13C,-0.05433317
DDC,UNC13C,-0.0107208835
CUL9,UNC13C,-0.026801338
BEST2,UNC13C,-0.004534083
MUSTN1,UNC13C,-0.015085237
PCDH1,UNC13C,-0.0033880612
ANXA13,UNC13C,-0.009831951
GALNT14,UNC13C,-0.094137214
SERPINB2,UNC13C,-0.008015393
CDK5,UNC13C,-0.011432519
POU3F1,UNC13C,-0.00817039
PRKCQ,UNC13C,-0.009489266
BAG4,UNC13C,-0.02127972
KRT5,UNC13C,-0.009192106
FAM178B,UNC13C,-0.0039415443
CDKN2AIPNL,UNC13C,-0.02217513
PRH2,UNC13C,-0.014977261
SLC52A3,UNC13C,-0.019014517
CENPS,UNC13C,-0.017202066
LYPD6B,UNC13C,-0.02536743
HBA2,UNC13C,-0.012174716
CCT6A,UNC13C,-0.0046460996
KCNJ6,UNC13C,-0.04038755
LSS,UNC13C,-0.018977538
TNRC6C,UNC13C,-0.0047797
H2AJ,UNC13C,-0.039199755
TOM1L2,UNC13C,-0.0062312884
TOMM22,UNC13C,-0.0032297934
NFATC1,UNC13C,-0.014552951
CLTA,UNC13C,-0.0155172255
TOMM5,UNC13C,-0.021307595
SHC1,UNC13C,-0.022525081
HLA-DMA,UNC13C,-0.021423604
EFCAB1,UNC13C,-0.007014469
MTRNR2L8,UNC13C,-0.02998652
MAGEA3,UNC13C,-0.012729898
TBXAS1,UNC13C,-0.0047676656
RNF32,UNC13C,-0.050912105
FBLN7,UNC13C,-0.00787947
LIN54,UNC13C,-0.015661703
VOPP1,UNC13C,-0.028879926
ZNF600,UNC13C,-0.022829581
TMEM69,UNC13C,-0.009164187
APOL1,UNC13C,-0.030683773
HBEGF,UNC13C,-0.019452909
NUAK2,UNC13C,-0.007240736
GBA,UNC13C,-0.03576292
TUBA3D,UNC13C,0.00053149695
TTC32,UNC13C,-0.037052102
FYCO1,UNC13C,-0.018268203
RCAN3,UNC13C,-0.030442715
H2BC18,UNC13C,-0.007953176
ELOVL5,UNC13C,-0.015914265
SEPTIN12,UNC13C,-0.036200255
H3C11,UNC13C,-0.002827929
IGFBP6,UNC13C,-0.01101799
ZNF90,UNC13C,-0.008283934
CXXC5,UNC13C,-0.008541836
ITSN2,UNC13C,-0.021688802
SPACA6,UNC13C,-0.0018192128
LRRC49,UNC13C,-0.0044627143
TAS1R1,UNC13C,-0.015338833
LINGO2,UNC13C,-0.011811225
PFDN6,UNC13C,-0.0075922143
MCF2,UNC13C,-0.0034602694
MRAP,UNC13C,-0.002899929
FN3KRP,UNC13C,0.0021699881
CAVIN2,UNC13C,-0.016769458
LY6G5C,UNC13C,-0.039079852
CHKA,UNC13C,-0.007874959
CWH43,UNC13C,-0.010153111
STRN,UNC13C,-0.03041286
HYLS1,UNC13C,-0.018543921
CFP,UNC13C,-0.002908625
ACY3,UNC13C,-0.015501006
ANK1,UNC13C,-0.02220844
PODXL2,UNC13C,-0.057999898
TUFT1,UNC13C,-0.021620255
CCDC187,UNC13C,-0.0018460796
PRPF4,UNC13C,-0.011895733
BCL6,UNC13C,-0.015296248
PRPF18,UNC13C,-0.004906823
IL12RB2,UNC13C,-0.020386396
PAOX,UNC13C,-0.0020496303
LILRA5,UNC13C,-0.013858977
PHKA1,UNC13C,-0.0043639895
MB,UNC13C,-0.0031061047
DCC,UNC13C,-0.00956484
TBRG1,UNC13C,-0.065900914
LCMT1,UNC13C,-0.013059758
TNFRSF10D,UNC13C,-0.035324585
PLXNA2,UNC13C,-0.012507174
BDKRB2,UNC13C,-0.022979949
LURAP1L,UNC13C,-0.016303012
NECTIN3,UNC13C,-0.012533114
KATNIP,UNC13C,-0.008923637
RETNLB,UNC13C,-0.008348663
HLA-F,UNC13C,-0.007562777
FAM114A1,UNC13C,-0.015496488
NUDCD3,UNC13C,-0.019317154
ARHGAP23,UNC13C,-0.0028497097
APTX,UNC13C,-0.019801855
IQSEC2,UNC13C,-0.02508761
KIAA0825,UNC13C,-0.0093798535
GRIN2C,UNC13C,-0.013129625
EFNB1,UNC13C,-0.006725691
LEPROTL1,UNC13C,-0.0021536169
CHCHD2,UNC13C,-0.012131352
C5orf46,UNC13C,-0.00896627
LCN2,UNC13C,-0.012812485
ZBED9,UNC13C,-0.016014822
ZIC1,UNC13C,-0.0073193056
NIBAN3,UNC13C,-0.045869842
UPK3A,UNC13C,-0.02662292
OLFM2,UNC13C,-0.00791533
NECTIN2,UNC13C,-0.0054192697
MAP3K11,UNC13C,-0.011004729
TCFL5,UNC13C,-0.003686421
P2RX5-TAX1BP3,UNC13C,-0.01799357
ZNRF2,UNC13C,-0.09996723
IL24,UNC13C,-0.0057622613
RAD21,UNC13C,-0.029048676
MTNR1A,UNC13C,-0.016278284
CD83,UNC13C,-0.010371289
INHBA,UNC13C,-0.0044403663
TLDC2,UNC13C,-0.016063817
PTHLH,UNC13C,-0.020209627
THAP9,UNC13C,-0.010719998
FAM3B,UNC13C,-0.014268125
ZNF619,UNC13C,-0.0013906513
ERV3-1,UNC13C,-0.00593968
POU4F1,UNC13C,-0.012748968
BBS5,UNC13C,-0.013294447
SLC10A2,UNC13C,-0.017036028
DDHD2,UNC13C,-0.023337973
MISP,UNC13C,-0.032891862
WNT7A,UNC13C,-0.00935394
PCMTD1,UNC13C,-0.016190015
LRRC1,UNC13C,-0.017806182
NBEAL2,UNC13C,-0.008366327
FGF11,UNC13C,-0.026375059
CR589904.2,UNC13C,-0.008391831
AGMO,UNC13C,-0.008730797
CLEC17A,UNC13C,-0.005568639
TTC9,UNC13C,-0.015217683
CEND1,UNC13C,-0.0060186144
BMP8B,UNC13C,-0.0017876086
ADSS1,UNC13C,-0.004146795
EID3,UNC13C,-0.008798042
SMTNL1,UNC13C,-0.015125485
PLEKHA2,UNC13C,-0.012769993
ST7L,UNC13C,-0.0101199
PADI3,UNC13C,-0.038069297
CNN1,UNC13C,-0.004383623
GCOM1,UNC13C,-0.021472266
PSMC1,UNC5D,-0.008920423
PAAF1,UNC5D,-0.0045264694
SLC66A3,UNC5D,-0.035767183
LIN28B,UNC5D,-0.00976026
ENHO,UNC5D,-0.020702973
ERCC1,UNC5D,-0.006182871
ADGRF1,UNC5D,-0.019660166
UHMK1,UNC5D,-0.010134547
TRIML1,UNC5D,-0.007000325
NDN,UNC5D,-0.015834166
CDK7,UNC5D,-0.011600905
GFRA2,UNC5D,-0.012536944
ZNF555,UNC5D,-0.00847875
POLB,UNC5D,-0.01698568
SPINT2,UNC5D,-0.00910293
HSPB8,UNC5D,-0.019277789
LRRC1,UNC5D,-0.0001469519
SLC43A2,UNC5D,-0.006761363
ARGLU1,UNC5D,-0.010939037
REXO2,UNC5D,-0.012668053
CAMK1D,UNC5D,-0.043829467
CECR2,UNC5D,-0.019298594
AL512506.3,UNC5D,-0.012147285
SEMA6A,UNC5D,-0.019047806
ABCD1,UNC5D,-0.010477817
MRPL46,UNC5D,-0.007584324
FXR1,UNC5D,-0.0053458908
UGT1A10,UNC5D,-0.01531862
CYP4F8,UNC5D,-0.013839711
COPB2,UNC5D,-0.013730642
HSBP1,UNC5D,-0.023886424
MPIG6B,UNC5D,-0.01081542
H2AL1RP,UNC5D,-0.015824225
PEX1,UNC5D,-0.00881747
MFSD10,UNC5D,-0.015663462
DNA2,UNC5D,-0.0740299
BCAS1,UNC5D,-0.014453008
HHEX,UNC5D,-0.04268929
STMN1,UNC5D,-0.052941
RYBP,UNC5D,-0.00476006
BAG4,UNC5D,-0.10312388
CABLES2,UNC5D,-0.01671832
OVCH1,UNC5D,-0.06974831
PGLS,UNC5D,-0.005624858
ADGRB3,UNC5D,-0.012913687
SDHAF4,UNC5D,-0.0036771873
S100G,UNC5D,-0.011781564
KIAA1549L,UNC5D,-0.017642403
NPRL3,UNC5D,0.00031804954
NSMF,UNC5D,-0.012891626
TSPAN1,UNC5D,-0.017121717
APLP2,UNC5D,-0.023296906
EYA1,UNC5D,-0.13297728
ATP6AP2,UNC5D,-0.02846581
CBR3,UNC5D,-0.011646412
GPT2,UNC5D,-0.021781387
GP6,UNC5D,-0.011124858
ILDR1,UNC5D,-0.010343072
MAGEB3,UNC5D,-0.026381707
ZADH2,UNC5D,-0.035990234
ZNF35,UNC5D,-0.038439263
LRSAM1,UNC5D,-0.0038756817
VAMP3,UNC5D,-0.012733395
BMP4,UNC5D,-0.00038668295
DNASE1L3,UNC5D,-0.0097492
SCML1,UNC5D,-0.12265132
ZMAT5,UNC5D,-0.0021298765
JMJD6,UNC5D,-0.013188641
PTRH2,UNC5D,-0.17000675
COG7,UNC5D,-0.014602017
RASA4,UNC5D,-0.012865516
PBK,UNC5D,-0.016502919
CWC22,UNC5D,-0.049176354
GRIN2C,UNC5D,-0.013592518
SFI1,UNC5D,-0.009929221
LSM1,UNC5D,-0.0827325
NKX3-2,UNC5D,-0.037183817
DNAJC19,UNC5D,-0.028417325
DYNLRB2,UNC5D,-0.012363662
NAPRT,UNC5D,-0.009691696
MTX3,UNC5D,-0.01834305
ZNF214,UNC5D,-0.0054178843
ZNF19,UNC5D,-0.011381748
EIF4EBP1,UNC5D,-0.031708665
PCSK5,UNC5D,-0.006785061
SYNGR3,UNC5D,-0.035349395
MAD2L2,UNC5D,-0.0030831182
SPTB,UNC5D,-0.020306973
YPEL4,UNC5D,-0.008688484
EAF2,UNC5D,-0.0063901683
B3GALT2,UNC5D,-0.0030755077
LPCAT1,UNC5D,-0.044155743
ADCY1,UNC5D,-0.02896497
LGR5,UNC5D,-0.012581222
PPFIBP1,UNC5D,-0.035733785
CHRFAM7A,UNC5D,-0.028512241
GPR22,UNC5D,-0.0067046243
ZFPL1,UNC5D,-0.015099774
SIPA1L2,UNC5D,-0.019109504
CCNP,UNC5D,-0.0048975046
PAK4,UNC5D,-0.025353268
RBP1,UNC5D,-0.060983304
ZNF565,UNC5D,-0.0025057686
MRPL32,UNC5D,-0.20703816
NFRKB,UNC5D,-0.0004833678
NCK1,UNC5D,-0.01643387
LRRC7,UNC5D,-0.008335374
ST6GALNAC2,UNC5D,-0.02114532
TNIP3,UNC5D,-0.028595096
CSRNP3,UNC5D,-0.030399451
PSG4,UNC5D,-0.008868899
GOT2,UNC5D,-0.023115316
MRRF,UNC5D,-0.000459436
SDR39U1,UNC5D,-0.019766383
IPO8,UNC5D,-0.04878462
MMADHC,UNC5D,-0.008996153
FAM131B,UNC5D,-0.030063154
RPL22L1,UNC5D,-0.04852257
ATG10,UNC5D,-0.028851844
HOXC4,UNC5D,-0.03845815
PPP1R16A,UNC5D,0.0015963013
IDO2,UNC5D,-0.032421317
LEPR,UNC5D,-0.0089596845
AP000944.5,UNC5D,-0.016260942
SERPINB12,UNC5D,-0.043774333
NANP,UNC5D,-0.036832266
LRRC58,UNC5D,-0.045839783
GBP5,UNC5D,-0.02481625
SLC31A1,UNC5D,-0.013537321
MKRN2OS,UNC5D,-0.018728605
GABRG3,UNC5D,-0.09889307
DAB1,UNC5D,-0.020981506
C19orf57,UNC5D,-0.0036319096
DHX34,UNC5D,-0.008736498
CLCN5,UNC5D,-0.02223905
B3GNT6,UNC5D,-0.017804928
FERMT1,UNC5D,-0.09359474
BEND6,UNC5D,-0.0034514002
MARCHF10,UNC5D,-0.00856309
CST1,UNC5D,-0.012242392
CYP4F12,UNC5D,-0.028469726
RNF122,UNC5D,-0.008131616
METTL27,UNC5D,-0.011121848
DLX3,UNC5D,-0.029300293
COLGALT2,UNC5D,-0.0038708183
APOBEC3C,UNC5D,-0.014631271
COPS7A,UNC5D,-0.00824118
LDOC1,UNC5D,-0.09800502
SOX4,UNC5D,-0.0073513724
PTCH2,UNC5D,-0.009391732
GVQW3,UNC5D,-0.040609356
RAD51D,UNC5D,-0.0122026615
GABRA5,UNC5D,-0.008706295
ACP1,UNC5D,-0.089494444
CA13,UNC5D,-0.012129703
COL4A5,UNC5D,-0.056470543
COX6A1,UNC5D,-0.013510482
TOMM70,UNC5D,-0.035781287
ZBTB3,UNC5D,-0.008840893
CCNB1,UNC5D,0.0005947309
CCN3,UNC5D,-0.00918437
MAGEF1,UNC5D,-0.015117146
ONECUT1,UNC5D,-0.012451544
IL1RAPL2,UNC5D,-0.008797253
RPL6,UNC5D,-0.013772615
PANK4,UNC5D,-0.011206932
POLR3C,UNC5D,-0.016808458
CGB8,UNC5D,-0.015250372
GAS2L3,UNC5D,-0.01634464
ANO1,UNC5D,-0.12167908
MAPK8IP1,UNC5D,-0.017363466
MESP1,UNC5D,-0.11523112
CD47,UNC5D,-0.0044082473
IGSF22,UNC5D,-0.004354861
DMD,UNC5D,-0.013023678
AGRN,UNC5D,-0.07701519
KDELR3,UNC5D,-0.006921275
RPL28,UNC5D,-0.007386846
MAD2L1BP,UNC5D,-0.0026347456
ADCY8,UNC5D,-0.027421053
BRINP1,UNC5D,-0.018383674
PRPF19,UNC5D,0.0014512503
KLHL25,UNC5D,-0.0117435735
CRIPT,UNC5D,-0.0037432977
NLGN3,UNC5D,-0.013396172
LINC00634,UNC5D,-0.015858721
ST3GAL1,UNC5D,-0.052557126
DAP3,UNC5D,-0.033646706
NFIL3,UNC5D,-0.019178614
WDR86,UNC5D,-0.013291099
PTK2B,UNC5D,-0.0068112877
ZNF280C,UNC5D,-0.111816406
PENK,UNC5D,-0.10970852
SLC22A14,UNC5D,-0.004537565
LAMA3,UNC5D,-0.018094458
CCL3L3,UNC5D,-0.0055017243
PXDNL,UNC5D,-0.010149575
TMEM238,UNC5D,-0.007840068
CUL5,UNC5D,-0.017241694
ARSL,UNC5D,-0.0034684322
THEM4,UNC5D,-0.01401891
RAD17,UNC5D,-0.0040156436
SEL1L,UNC5D,-0.005578983
H2AW,UNC5D,-0.015722271
TSLP,UNC5D,-0.011442039
SERPINB13,UNC5D,-0.015668051
CES3,UNC5D,-0.010356418
PFN2,UNC5D,-0.01692757
MCRIP1,UNC5D,-0.011343476
AP002495.1,UNC5D,-0.09732878
TEAD3,UNC5D,-0.014618997
HNRNPD,UNC5D,-0.012147485
KCNE4,UNC5D,-0.012191841
NPM1,UNC79,-0.008646173
PNRC1,UNC79,-0.0095045855
USP6NL,UNC79,-0.0051537436
BRAP,UNC79,-0.0047181067
BTN2A2,UNC79,-0.012382852
CTSH,UNC79,-0.0044167396
PPP1R2B,UNC79,-0.016543353
GPR143,UNC79,-0.024148814
JPH4,UNC79,-0.0098775
TMPRSS13,UNC79,-0.27738976
DBP,UNC79,-0.024427447
POC1B-GALNT4,UNC79,-0.0070399055
GAL3ST1,UNC79,-0.022354735
CYP39A1,UNC79,-0.0868132
COPG1,UNC79,-0.013802981
PWWP2B,UNC79,-0.025267066
NXPE2,UNC79,-0.0073999367
GIT1,UNC79,-0.0070442315
EXOC7,UNC79,-0.01167164
RASA2,UNC79,-0.016137075
PHB2,UNC79,-0.005721962
CCDC47,UNC79,-0.009459839
SRY,UNC79,-0.015582991
SERP2,UNC79,-0.028974965
KIF21A,UNC79,-0.035662003
GRM7,UNC79,-0.009382568
CTSC,UNC79,-0.031343393
CD274,UNC79,-0.01936403
RNF207,UNC79,-0.008414909
GFPT1,UNC79,-0.023955913
FOLR3,UNC79,-0.027368639
TCF4,UNC79,-0.030949963
EIF3F,UNC79,-0.010137141
SESTD1,UNC79,-0.008324183
NTF4,UNC79,-0.013283048
PIGB,UNC79,-0.080217525
EIF3E,UNC79,-0.008145269
HIPK4,UNC79,-0.016871035
CDCA3,UNC79,-0.0071756914
FKBP5,UNC79,-0.013701211
PCDHGA3,UNC79,-0.010143236
LRRC8C,UNC79,-0.02312433
SLC35F5,UNC79,-0.054773435
EVPLL,UNC79,-0.014090558
BMF,UNC79,-0.013244793
SIX4,UNC79,-0.024385972
CNNM1,UNC79,-0.009293399
ADAM32,UNC79,-0.009430876
ASGR1,UNC79,-0.026744159
NKRF,UNC79,-0.0029432718
NRN1,UNC79,-0.016843554
ZFAND6,UNC79,-0.027572606
FOXO6,UNC79,-0.012987694
PCDHGA4,UNC79,-0.016105657
NCOR2,UNC79,-0.005323006
SOCS2,UNC79,-0.0142743
ATXN2L,UNC79,-0.0084273815
NT5E,UNC79,-0.011405039
SLFN14,UNC79,-0.010844158
FYCO1,UNC79,-0.012506195
NCF1,UNC79,-0.0131666325
NR1I2,UNC79,-0.10161682
CCT6B,UNC79,-0.0057961605
ZMYND15,UNC79,-0.011746944
NCOA7,UNC79,-0.013103832
TDRKH,UNC79,-0.014818194
ITIH1,UNC79,-0.017923323
ZNF385C,UNC79,-0.011668588
EGFLAM,UNC79,-0.010359529
WASH6P,UNC79,-0.016720612
LYZL6,UNC79,-0.014347806
CHTF8,UNC79,-0.018005077
INPP5B,UNC79,-0.0096352585
C1QTNF12,UNC79,-0.013677035
FKBPL,UNC79,-0.0021209267
RARB,UNC79,-0.023184182
SNAP47,UNC79,-0.0023029556
ZNF700,UNC79,-0.015476553
BNIP2,UNC79,-0.051398713
TMEM205,UNC79,-0.065804236
CRACR2A,UNC79,-0.014232927
PALB2,UNC79,-0.004599962
RBL1,UNC79,-0.031616125
ATP6V0A4,UNC79,-0.0474609
ASB2,UNC79,-0.015125236
CCN5,UNC79,-0.003961892
INO80,UNC79,-0.010221609
ZPLD1,UNC79,-0.21587497
DNAH12,UNC79,-0.012689307
RAD52,UNC79,-0.013089717
SEC14L4,UNC79,-0.031744484
FAM8A1,UNC79,-0.0030469499
POMZP3,UNC79,-0.007266859
RRP8,UNC79,-0.012580001
RAD51AP2,UNC79,-0.016102785
UGT2B17,UNC79,-0.02408146
GRM2,UNC79,-0.015361459
TM4SF19,UNC79,-0.0059515145
PTPN9,UNC79,-0.00805019
GLRA3,UNC79,-0.018955275
LIMCH1,UNC79,-0.012325646
TRA2A,UNC79,-0.01410426
KCTD19,UNC79,-0.021258926
MYNN,UNC79,-0.010003991
CASP1,UNC79,-0.013163064
ACOT11,UNC79,-0.009483094
ZBTB46,UNC79,-0.008963924
PTPDC1,UNC79,-0.010195791
TJP1,UNC79,-0.02417298
CLEC18A,UNC79,-0.024251424
CD27,UNC79,-0.023299525
IDH1,UNC79,-0.05708213
PRKCA,UNC79,-0.039316867
TMEM87A,UNC79,-0.0010858634
OMP,UNC79,-0.007880885
SLC45A1,UNC79,-0.0043481
MBOAT7,UNC79,-0.0045279446
CRYGN,UNC79,-0.025555748
CCN6,UNC79,-0.008583857
RNF208,UNC79,-0.020194726
C20orf27,UNC79,-3.1950047e-05
PRSS8,UNC79,-0.008014343
EIF1AD,UNC79,-0.011031161
ACSF2,UNC79,-0.012425686
PTK2B,UNC79,-0.008704582
MEIS2,UNC79,-0.030856952
WDR76,UNC79,-0.087950304
ZNF880,UNC79,-0.016059415
ZDHHC24,UNC79,-0.0129604675
ZNF510,UNC79,-0.009655048
MYL6B,UNC79,-0.20353247
AGBL2,UNC79,-0.020755148
CHRNA7,UNC79,-0.031738203
EAF2,UNC79,-0.068944566
KLF17,UNC79,-0.008379422
TRIM22,UNC79,-0.015437741
SV2A,UNC79,-0.01083175
CTPS1,UNC79,-0.038437277
TTC12,UNC79,-0.11502701
SVIP,UNC79,-0.007078308
MESD,UNC79,-0.0042931302
CDC42EP4,UNC79,-0.017864084
HBB,UNC79,-0.0626878
SET,UNC79,-0.023617035
FAF2,UNC79,-0.0049176356
GGN,UNC79,-0.0071526025
DGAT2,UNC79,-0.010360158
NR3C2,UNC79,-0.007894944
MANBAL,UNC79,-0.010396961
SOX8,UNC79,-0.039356373
SLC39A14,UNC79,-0.065488584
ADGRG6,UNC79,-0.012322188
PHYHIP,UNC79,-0.0049597225
ELAPOR2,UNC79,-0.018988036
CAPS2,UNC79,-0.01351198
TFB1M,UNC79,-0.010696112
B4GALT5,UNC79,-0.005927287
TMEM108,UNC79,-0.02004228
MYLIP,UNC79,-0.04903117
NFKBIZ,UNC79,-0.050999366
OSTF1,UNC79,-0.06272986
OXER1,UNC79,-0.022005467
ACTL6A,UNC79,-0.012704046
AC087289.3,UNC79,-0.005646972
LGSN,UNC79,-0.013715951
CLTRN,UNC79,-0.021320606
COL25A1,UNC79,-0.021857005
CCDC167,UNC79,-0.104984105
TLX2,UNC79,-0.007879842
MYOM1,UNC79,-0.012739296
IDH3A,UNC79,-0.02097605
FDX1,UNC79,-0.03323277
CDH20,UNC79,-0.11766408
ARSA,UNC79,-0.02467997
SHROOM2,UNC79,-0.0032712724
AKR1A1,UNC79,-0.010337554
NTRK1,UNC79,-0.006906158
IMMP2L,UNC79,-0.02016912
PGF,UNC79,-0.035670236
FAM122C,UNC79,-0.0020980723
DNAL4,UNC79,-0.011837361
MYO5B,UNC79,-0.063091606
KCNMB2,UNC79,-0.015017588
PHACTR1,UNC79,-0.099038325
ACSF3,UNC79,-0.020351142
UMODL1,UNC79,-0.021241207
C3orf33,UNC79,-0.06048332
NEDD9,UNC79,-0.020322781
MED27,UNC79,-0.025135249
TM2D3,UNC79,-0.018669777
ICA1L,UNC79,-0.02954929
PON3,UNC79,-0.013137615
CYP3A4,UNC79,-0.008578806
PLGRKT,UNC79,-0.004850205
CYP2W1,UNC79,-0.043596994
GRAMD4,UNC79,-0.017753718
POLA2,UNC79,-0.019070104
SERPINB11,UNC79,-0.009734615
AC004922.1,UNC79,-0.021957114
RGS12,UNC79,-0.012517369
SOX13,UNC79,-0.0081744
OSR1,UNC79,-0.015003857
DGCR2,UNC79,-0.030660747
XAF1,UNC79,-0.008291072
OAZ3,UNC79,-0.0125710685
ANXA13,UNC79,-0.045812804
IL1R2,UNC79,-0.010087501
EFCAB11,UNC79,-0.021865318
NDUFB2,UNC79,-0.007750686
FBXO16,UNC79,-0.012386903
LCNL1,UNC79,-0.02103246
CNTN1,UNC79,-0.013266771
GLYCTK,UNC79,-0.0075660986
P3H3,UNC79,-0.008126959
PHF1,UNC79,-0.016816173
CNR2,UNC79,0.0013144719
PNP,UNC79,-0.04229366
CDRT15,UNC79,-0.011644062
ATPAF1,UNC79,-0.007446707
