feature,target,mean_shap
RITA1,AJUBA,-0.0056205266
LYNX1,AJUBA,-0.2803921
DPH7,AJUBA,-0.01842505
ACP6,AJUBA,-0.008050481
HAVCR1,AJUBA,-0.004949498
TMTC3,AJUBA,-0.016918072
RNF213,AJUBA,-0.010146058
GOLGA8M,AJUBA,-0.036487702
CSF2RB,AJUBA,-0.0009604405
OR4E1,AJUBA,-0.016657516
POLE3,AJUBA,-0.022257254
STIP1,AJUBA,-0.039382644
MADD,AJUBA,-0.009238005
ANO8,AJUBA,-0.0073005534
HOXB9,AJUBA,-0.029110346
CHN1,AJUBA,-0.027563868
PLA2G4C,AJUBA,-0.033059105
VAPB,AJUBA,-0.0041654105
GPM6B,AJUBA,-0.08779691
LDLRAD3,AJUBA,-0.0046511395
NEBL,AJUBA,-0.0022130832
C2CD4C,AJUBA,-0.02252951
ARHGEF33,AJUBA,-0.019751105
CCR7,AJUBA,-0.03284357
C9orf131,AJUBA,-0.025136022
TMEM102,AJUBA,-0.019485964
NPIPB2,AJUBA,-0.02725719
NDNF,AJUBA,-0.004936807
WIF1,AJUBA,-0.031229492
MAL2,AJUBA,-0.015646175
UBALD1,AJUBA,-0.004380019
SRGAP3,AJUBA,-0.043818343
PDX1,AJUBA,-0.023383334
MESP1,AJUBA,-0.028555097
GPRC5A,AJUBA,-0.051797822
SLAMF9,AJUBA,-0.024654262
TRIM62,AJUBA,-0.0066063614
H2AC8,AJUBA,-0.014342913
AP3M1,AJUBA,-0.010677564
ZNF76,AJUBA,-0.017788175
ANKRD27,AJUBA,-0.019050425
OTOP2,AJUBA,-0.021369109
HYAL3,AJUBA,-0.014901732
REX1BD,AJUBA,-0.013829102
RGS9,AJUBA,-0.12156369
KCNK17,AJUBA,-0.14792408
IFI27L1,AJUBA,-0.043572467
CHMP1B,AJUBA,-0.0377564
PROSER2,AJUBA,-0.16414861
KRT82,AJUBA,-0.023560692
APOL1,AJUBA,-0.018065484
POU5F1,AJUBA,-0.034491744
PHOSPHO2,AJUBA,-0.009301088
C1QL3,AJUBA,-0.020481138
FBXO27,AJUBA,-0.01245467
MARVELD3,AJUBA,-0.23949146
FGG,AJUBA,-0.017003277
DGAT2,AJUBA,-0.024119003
TMEM167A,AJUBA,-0.041739013
VASN,AJUBA,-0.017229302
DLL1,AJUBA,-0.17031331
C17orf49,AJUBA,-0.06262473
GGH,AJUBA,-0.028765054
WDR38,AJUBA,-0.044669304
RBM38,AJUBA,-0.012456936
SH3GL1,AJUBA,-0.06876555
MTA3,AJUBA,-0.0027035607
MOXD1,AJUBA,-0.03941047
ERVH48-1,AJUBA,-0.013658689
PPWD1,AJUBA,-0.05634426
RIMBP3,AJUBA,-0.015115901
C3orf52,AJUBA,-0.031992815
HBA2,AJUBA,-0.023812657
LRRC14,AJUBA,-0.00987378
CXXC5,AJUBA,-0.028693356
SLC25A23,AJUBA,-0.009524232
CHGA,AJUBA,-0.019303236
ZFYVE28,AJUBA,-0.027206272
AP1S3,AJUBA,-0.056444656
MATK,AJUBA,-0.0078410525
CDIP1,AJUBA,-0.0028172554
PCSK1,AJUBA,-0.024367958
TEX12,AJUBA,-0.034774676
UPP1,AJUBA,-0.05726355
CFB,AJUBA,-0.021068359
BDH1,AJUBA,-0.031277526
DHX37,AJUBA,-0.009398074
TMCC3,AJUBA,-0.020471618
SDS,AJUBA,-0.026274556
MRFAP1L1,AJUBA,-0.0153065985
SLC7A8,AJUBA,-0.020523967
COL17A1,AJUBA,-0.011660074
CYSLTR1,AJUBA,-0.08051274
THEGL,AJUBA,-0.018865936
HINT1,AJUBA,-0.015039499
AJUBA,AJUBA,-0.0919604
TRMT5,AJUBA,-0.0034625684
HES1,AJUBA,-0.01782066
RNF126,AJUBA,-0.06449879
SNX2,AJUBA,-0.01428429
CYP2B6,AJUBA,-0.011828132
LRRC20,AJUBA,-0.08370194
CCZ1,AJUBA,-0.0023516451
STRN,AJUBA,-0.0038167841
SOX18,AJUBA,-0.0014703118
AFAP1L1,AJUBA,-0.026185833
STMP1,AJUBA,-0.009717102
KERA,AJUBA,-0.024654817
SAP30L,AJUBA,-0.034918714
ERP27,AJUBA,-0.022996627
HS3ST1,AJUBA,-0.0108792605
TRIM41,AJUBA,-0.025920833
SH2D4A,AJUBA,-0.03999566
THSD4,AJUBA,-0.015652807
C17orf107,AJUBA,-0.01212336
CYB5D1,AJUBA,-0.007372457
CTNND2,AJUBA,-0.013005705
TBC1D2,AJUBA,-0.03829937
ILKAP,AJUBA,-0.06731732
BMX,AJUBA,-0.018806824
CHRDL2,AJUBA,-0.034976445
PIMREG,AJUBA,-0.01855371
SEMA3B,AJUBA,-0.020727606
MIDN,AJUBA,-0.030704347
ENPEP,AJUBA,-0.023088992
FOXD4L6,AJUBA,-0.0064016394
KRT75,AJUBA,-0.0071845124
SCN4A,AJUBA,-0.027665963
SHISA5,AJUBA,-0.026724495
GPIHBP1,AJUBA,-0.025683751
GPX3,AJUBA,-0.11967421
ZNF787,AJUBA,-0.026262945
AK6,AJUBA,-0.026347859
ATP6V1C2,AJUBA,-0.016027126
SORCS1,AJUBA,-0.014808801
SESN2,AJUBA,-0.037808437
EGFLAM,AJUBA,-0.13570924
NKX2-3,AJUBA,-0.007771882
TRMT9B,AJUBA,-0.013105178
ENO2,AJUBA,-0.009878277
HAMP,AJUBA,-0.013120766
HSD17B11,AJUBA,-0.020079784
TMEM159,AJUBA,-0.012290125
PPP1R2,AJUBA,-0.09877507
SLC16A9,AJUBA,-0.013526816
SMN1,AJUBA,0.00014505786
TRAPPC13,AJUBA,-0.044349574
CPT1C,AJUBA,-0.0257275
NCLN,AJUBA,-0.051228892
MTLN,AJUBA,-0.027610993
SCART1,AJUBA,-0.015776372
SMN2,AJUBA,-0.034034193
CXCL5,AJUBA,-0.017447088
VWA3B,AJUBA,-0.048418857
MMP15,AJUBA,-0.01110844
ARGFX,AJUBA,-0.012530859
KANK4,AJUBA,-0.015810812
TMEM126A,AJUBA,-0.013236394
HSPA1B,AJUBA,-0.020714873
PADI3,AJUBA,-0.019905452
RORC,AJUBA,-0.07294879
ASF1A,AJUBA,-0.01416945
ZMYND19,AJUBA,0.0001470371
ZNF700,AJUBA,-0.015017374
REM1,AJUBA,-0.025246529
GATA5,AJUBA,-0.07918458
HDDC2,AJUBA,-0.023186192
TDRP,AJUBA,-0.038418736
LSG1,AJUBA,-0.01612167
DACT2,AJUBA,-0.033927284
NAB2,AJUBA,-0.0121467225
BSDC1,AJUBA,-0.012218902
ECI2,AJUBA,-0.018818252
RFNG,AJUBA,-0.04822131
PRSS57,AJUBA,-0.010032211
CYP24A1,AJUBA,-0.029222215
CKB,AJUBA,-0.011338407
NKX2-8,AJUBA,-0.0055189473
HBB,AJUBA,-0.029840145
OXTR,AJUBA,-0.010800664
NPIPA2,AJUBA,-0.00812082
BACE1,AJUBA,-0.037501767
AFAP1L1,ANK2,-0.011622287
TAF1A,ANK2,-0.045247905
ZSWIM4,ANK2,-0.013111432
C10orf143,ANK2,-0.010086322
IQANK1,ANK2,-0.011134829
CLEC16A,ANK2,-0.00030346934
USP35,ANK2,-0.009562189
PLBD1,ANK2,-0.008947023
OGFR,ANK2,-0.008070645
KCNE1B,ANK2,-0.015980637
CNP,ANK2,-0.022859946
H2AW,ANK2,-0.043128293
SCLY,ANK2,-0.009667382
DPP10,ANK2,-0.020753715
DYRK3,ANK2,-0.027233554
ITLN2,ANK2,-0.130388
DHRS9,ANK2,-0.0045453743
MAMLD1,ANK2,-0.009274148
SLC43A3,ANK2,-0.026993254
VPS16,ANK2,-0.022191841
PTPA,ANK2,-0.015793042
PARD6G,ANK2,-0.012492208
C2orf78,ANK2,-0.015959857
TOPORS,ANK2,-0.06592122
PTGDR2,ANK2,-0.024972495
MLIP,ANK2,-0.121882364
ELOVL3,ANK2,-0.018880475
TFF3,ANK2,-0.008390832
TRAF6,ANK2,-0.038593594
HCN2,ANK2,-0.013325854
TUBB4A,ANK2,-0.016703092
ADAM20,ANK2,-0.027840195
HIF3A,ANK2,-0.014821744
ZNF503,ANK2,0.0019003617
ZNF487,ANK2,-0.017944371
ELMO3,ANK2,-0.035307158
BSPRY,ANK2,-0.03557242
CARD6,ANK2,-0.041861266
KLHDC7A,ANK2,-0.010185839
NLRP7,ANK2,-0.018697798
C2CD6,ANK2,-0.06741258
ISLR2,ANK2,-0.016551934
ZNRD2,ANK2,-0.013510317
LYN,ANK2,-0.0084610265
ZKSCAN3,ANK2,-0.025968308
MACROD1,ANK2,-0.026987512
ULK2,ANK2,-0.05696296
ZNF547,ANK2,-0.03613132
ZFY,ANK2,-0.008994251
DAXX,ANK2,-0.013344628
PRELID3A,ANK2,-0.014562044
KCTD1,ANK2,-0.008511432
TAF11,ANK2,-0.05417739
IL13RA2,ANK2,-0.017945409
UBXN2B,ANK2,-0.035152793
CPEB1,ANK2,-0.019522542
OPCML,ANK2,-0.02574435
SLC25A42,ANK2,-0.009782564
EZH2,ANK2,-0.010495744
HMOX1,ANK2,-0.011948824
ZPLD1,ANK2,-0.01832944
ZNF14,ANK2,-0.015548382
GPRC5C,ANK2,-0.01816586
ACTG1,ANK2,-0.06598175
ZNF334,ANK2,-0.009522338
SH2D4B,ANK2,-0.046300877
CACNG5,ANK2,-0.06960544
CYP8B1,ANK2,-0.03798528
ENPP4,ANK2,-0.0086201085
CYP27B1,ANK2,-0.038496874
GRK6,ANK2,-0.017913084
HOXB7,ANK2,-0.017003335
SIDT2,ANK2,-0.0065158485
CELA1,ANK2,-0.023948012
CENPT,ANK2,-0.009273508
AHSA1,ANK2,-0.029052934
TGM6,ANK2,-0.0076598283
ZNF250,ANK2,-0.016732732
EIF2B2,ANK2,-0.06295984
MT-ND6,ANK2,-0.03269691
SDF2L1,ANK2,-0.015284249
CLGN,ANK2,-0.03691398
SLC22A3,ANK2,-0.03954622
C15orf62,ANK2,-0.0058839237
STX1A,ANK2,-0.02214546
CTAGE9,ANK2,-0.023149848
BMP2,ANK2,-0.02802271
ACKR4,ANK2,0.00018516471
DNM3,ANK2,-0.10254478
AC098850.3,ANK2,-0.015930392
PITX2,ANK2,-0.04966184
SYT7,ANK2,-0.0018136872
AP5S1,ANK2,-0.029008325
LRRC14B,ANK2,-0.0025836306
TTLL1,ANK2,-0.018695975
MMP28,ANK2,-0.010541345
ZNF107,ANK2,-0.0102570625
KYNU,ANK2,-0.04244657
IGFN1,ANK2,-0.013987041
NSMCE3,ANK2,-0.0038119766
ZBTB45,ANK2,-0.034971554
RPL5,ANK2,-0.01669754
IRX1,ANK2,-0.03605647
FKBPL,ANK2,-0.023899375
WNT9B,ANK2,-0.07749715
KLHL5,ANK2,-0.00033342693
CHRNB3,ANK2,-0.0131970635
VAMP2,ANK2,-0.021934267
SAMD14,ANK2,-0.13670808
FAM153A,ANK2,-0.03182847
TMEM71,ANK2,-0.009984532
YIPF7,ANK2,-0.031518962
PAEP,ANK2,-0.009961858
ISM2,ANK2,-0.03017946
HOXC12,ANK2,-0.035977505
TKTL1,ANK2,-0.030322844
CAMK2N1,ANK2,-0.0100457035
PRND,ANK2,-0.012681287
POLR3D,ANK2,-0.0040398566
MAP6,ANK2,-0.020747388
CELF4,ANK2,-0.037568852
MTRNR2L12,ANK2,-0.010441901
GPR149,ANK2,-0.027031519
SUGP1,ANK2,-0.031434912
TMEM191B,ANK2,-0.018880868
ARAP3,ANK2,-0.017378498
SLC5A12,ANK2,-0.0690515
CACNA1D,ANK2,-0.009770815
DGKH,ANK2,-0.011291656
MAF,ANK2,-0.03821482
NQO1,ANK2,-0.01761361
MYBPHL,ANK2,-0.035035007
CHAC2,ANK2,-0.011321777
CYP4X1,ANK2,-0.010003401
CTU2,ANK2,-0.18585189
MSRB1,ANK2,-0.018784883
RPS6KL1,ANK2,-0.053414468
LRRC6,ANK2,-0.019459762
SLC8A2,ANK2,-0.018947165
MYO10,ANK2,-0.004870759
LACC1,ANK2,-0.04857175
YTHDF2,ANK2,-0.018481838
PIK3CD,ANK2,-0.005272741
PLAAT2,ANK2,-0.013445657
NPR3,ANK2,-0.014656518
TPST2,ANK2,-0.04729958
PDGFA,ANK2,-0.031369112
ZNF653,ANK2,-0.015609395
SLC41A3,ANK2,-0.014462245
SCN2A,ANK2,-0.023411566
SIAH1,ANK2,-0.036928575
MAPRE2,ANK2,-0.007874392
SLC22A11,ANK2,-0.048103154
MTMR8,ANK2,-0.09835647
NRN1,ANK2,-0.02586343
MAFB,ANK2,-0.013958228
CBR3,ANK2,-0.05240643
SPATS1,ANK2,-0.012163317
SMN2,ANK2,-0.044771932
SLC47A2,ANK2,-0.0070547913
FCHO1,ANK2,-0.7583897
GALNT16,ANK2,-0.025203861
SLC2A8,ANK2,-0.037690494
SPATS2,ANK2,-0.037936315
PPAN,ANK2,-0.0077110706
CYP4B1,ANK2,-0.016390001
CDC25B,ANK2,-0.022214107
ASMT,ANK2,-0.011842955
GOLGA6L22,ANK2,-0.03480697
EFCAB1,ANK2,-0.005755918
DDIT4,ANK2,-0.006297716
FARSB,ANK2,-0.028085167
AP2S1,ANK2,-0.03165684
FAM183A,ANK2,-0.048572328
ATP6AP2,ANK2,-0.009519358
SLC2A12,ANK2,-0.0069436925
HNRNPUL2,ANK2,-0.029108496
TP53I11,ANK2,-0.018401254
HIF1AN,ANK2,-0.00466625
BAG1,ANK2,-0.016377248
PKHD1,ANK2,-0.037474353
ANKLE2,ANK2,-0.08654205
COMT,ANK2,-0.027524993
SSX1,ANK2,-0.017632645
ABRAXAS1,ANK2,-0.010150894
TEAD4,ANK2,-0.03317062
KIF3B,CASP8,-0.005378346
CD200R1,CASP8,-0.002651324
GCDH,CASP8,-0.005122347
NFX1,CASP8,-0.004214305
MAGEB6B,CASP8,-0.008783659
ANKRD63,CASP8,-0.007683943
FAM166A,CASP8,-0.010483607
ADTRP,CASP8,-0.004981129
DHTKD1,CASP8,-0.013993617
MAMLD1,CASP8,-0.011297089
TUBD1,CASP8,-0.0039445
RNASE10,CASP8,-0.0003604069
GBA2,CASP8,-0.0087086195
ACTN3,CASP8,-0.0026909858
WDR82,CASP8,-0.008457941
RPE65,CASP8,-0.04374525
SLAMF7,CASP8,-0.0071999244
KRTAP5-1,CASP8,-0.011221374
KRTAP20-2,CASP8,-0.014587562
TTLL2,CASP8,-0.10516971
PDIA2,CASP8,-0.0058005317
IGFL4,CASP8,-0.016100269
PARP15,CASP8,-0.0025628537
TBX18,CASP8,-0.0054094754
RASSF1,CASP8,-0.019606357
RASSF5,CASP8,0.00039674877
GSTP1,CASP8,-0.0086131105
INA,CASP8,-0.018050777
IL21,CASP8,-0.007983018
PHYHD1,CASP8,-0.015755165
PADI1,CASP8,-0.011794306
CXCL11,CASP8,-0.037172727
NUTM2E,CASP8,-0.03098535
CBR3,CASP8,-0.020709684
BCL2L2,CASP8,-0.010674375
CNN2,CASP8,-0.015304252
TCAF2,CASP8,-0.01546051
PANX2,CASP8,-0.32279733
MLF1,CASP8,-0.24002591
PRAM1,CASP8,-0.008117943
GSK3A,CASP8,-0.01365626
COPZ2,CASP8,-0.020655544
ARL14EP,CASP8,-0.020140752
SLC26A11,CASP8,-0.020016355
CTAGE15,CASP8,-0.0048888265
C3orf14,CASP8,-0.034276668
RASIP1,CASP8,-0.09987417
CACNG1,CASP8,-0.011518893
EDN2,CASP8,-0.05986377
ARHGEF18,CASP8,-0.0042547705
DACT2,CASP8,-0.032129053
PRUNE1,CASP8,-0.016575065
CCAR2,CASP8,-0.0022828693
DLX6,CASP8,-0.024382126
MESP2,CASP8,-0.03283779
ALDOC,CASP8,-0.02006576
SYT8,CASP8,-0.01032453
VSIG4,CASP8,-0.0067073093
SLC20A1,CASP8,-0.009729927
CYP2J2,CASP8,-0.019522775
MAP7D2,CASP8,-0.036827788
AC068580.4,CASP8,-0.011768603
SYTL3,CASP8,-0.00748441
IER3,CASP8,-0.01606273
PAX6,CASP8,-0.05906461
TCL1A,CASP8,-0.0073439786
SYT7,CASP8,-0.015918536
HSD17B1,CASP8,-0.032477763
DCP1B,CASP8,-0.026768152
FAM122C,CASP8,-0.008584665
DNAI4,CASP8,-0.0037986925
PLEKHB1,CASP8,0.00064253167
UGT1A10,CASP8,-0.052279864
SUMF1,CASP8,-0.017820168
AMH,CASP8,-0.023653835
VPS18,CASP8,-0.0066442853
SHISAL1,CASP8,-0.057814248
LTF,CASP8,-0.01872771
ARNT,CASP8,-0.0082086865
SHC4,CASP8,-0.010667972
MEGF6,CASP8,-0.04619729
SIGLEC12,CASP8,-0.016900951
GPNMB,CASP8,-0.02263147
FTCDNL1,CASP8,-0.011269878
SIGLEC11,CASP8,-0.014398433
JPH3,CASP8,-0.017776234
CDK4,CASP8,-0.0147437565
TM4SF19,CASP8,-0.0066725733
ME1,CASP8,-0.025553487
FMNL3,CASP8,-0.0028369217
LIMCH1,CASP8,-0.0285112
MYO16,CASP8,-0.02231498
CYRIA,CASP8,-0.007343335
SLC25A30,CASP8,-0.0057583395
HLA-G,CASP8,-0.015081588
CARD17,CASP8,-0.0109042395
PRPS1L1,CASP8,-0.0053979303
CCND2,CASP8,-0.015697094
NUDT1,CASP8,-0.0036109167
RGS1,CASP8,-0.011912886
NOSIP,CASP8,-0.048770584
CBFA2T3,CASP8,-0.013370089
MED17,CASP8,-0.021614917
MKRN2OS,CASP8,-0.060742613
LCNL1,CASP8,-0.018231422
HDAC11,CASP8,-0.0052236756
NDRG1,CASP8,-0.027141506
TSNARE1,CASP8,-0.068202324
SNX5,CASP8,-0.011173262
PLPPR5,CASP8,-0.0060531753
SH2D4A,CASP8,-0.00613631
HPDL,CASP8,-0.06601997
B3GALT4,CASP8,-0.019550098
POMT1,CASP8,-0.043487474
FHAD1,CASP8,-0.034525156
LATS2,CASP8,-0.0144230835
NDRG4,CASP8,-0.0037368776
CIART,CASP8,-0.4949637
TAZ,CASP8,-0.009517238
GBP5,CASP8,-0.12976262
CNBP,CASP8,-0.014048558
ADORA3,CASP8,-0.008278505
ZMYND15,CASP8,-0.017754896
CCDC54,CASP8,-0.016579507
FAM50A,CASP8,-0.061168414
ADAMTS19,CASP8,-0.017207986
CLEC11A,CASP8,-0.007985148
SPN,CASP8,-0.012758442
LAMP5,CASP8,-0.0015492395
MYORG,CASP8,-0.007134794
CHRNB2,CASP8,-0.011033954
MST1R,CASP8,-0.011932464
ELN,CASP8,-0.01758289
DMRTA1,CASP8,-0.017562745
SPTBN4,CASP8,-0.019195609
BACH2,CASP8,-0.0057719685
PLEKHA4,CASP8,-0.01873194
SH2D5,CASP8,-0.03632831
SLC10A4,CASP8,-0.037761748
SLCO4A1,CASP8,-0.010178742
GLDC,CASP8,-0.020524282
LDHA,CASP8,-0.015124801
COMMD8,CASP8,-0.012367862
SORCS2,CASP8,-0.009654816
ANXA13,CASP8,-0.0069189398
ATP1B3,CASP8,-0.02154677
TRPM6,CASP8,-0.00724185
RTN2,CASP8,-0.0078011914
FCGR3A,CASP8,-0.039985724
ETV7,CASP8,-0.026322275
P3H2,CASP8,-0.096517235
GPR161,CASP8,-0.009694014
RBM11,CASP8,-0.032101
METTL25,CASP8,-0.011097331
CDK19,CASP8,-0.023552544
FZD3,CASP8,-0.08156463
SLC22A18,CASP8,-0.012999383
STRN4,CASP8,-0.0008198397
CALM3,CASP8,-0.016189948
BAALC,CASP8,-0.011026704
RNF165,CASP8,-0.02666313
ADGRB2,CASP8,-0.0674319
C4orf48,CASP8,-0.027090272
IQCD,CASP8,-0.02400341
TEX45,CASP8,-0.12159268
TAFA2,CASP8,-0.010416807
LSS,CASP8,-0.008582464
KLHL34,CASP8,-0.025058014
SLC17A9,CASP8,-0.012812493
AATK,CASP8,-0.0018600778
ZBTB4,CASP8,-0.013624584
C1orf174,CASP8,-0.0036595545
C11orf80,CASP8,-0.011192462
HES5,CASP8,-0.026831174
CDCA5,CASP8,-0.00987712
RTBDN,CASP8,-0.022520402
NECAB2,CASP8,-0.035242304
RHOG,CASP8,-0.014923163
HSDL1,CASP8,-0.022606723
RYR1,CASP8,-0.012056228
RXFP2,CASP8,-0.013908285
FAM240C,CASP8,-0.01207932
SMAGP,CASP8,-0.010102635
SLC38A4,CASP8,-0.027052365
CA14,CASP8,-0.030740526
ACYP2,CASP8,-0.031622734
SLC39A7,CASP8,-0.015029244
SYAP1,CASP8,-0.018164227
P2RY11,CASP8,-0.05241031
FIBCD1,CASP8,-0.0134516815
ADSS1,CASP8,0.00097122736
YBX2,CASP8,-0.08758506
POU4F1,CASP8,-0.019603938
ZC3H6,CASP8,-0.085735686
MYBPHL,CASP8,-0.041602287
C8orf58,CASP8,-0.005633236
CASP1,CASP8,-0.048301097
SYNGR4,CASP8,-0.016860953
CUL1,CDH9,-0.0057256394
OR5AS1,CDH9,-0.008435628
PTX4,CDH9,-0.008303334
HSD17B10,CDH9,-0.0046244944
GSDMC,CDH9,-0.013689331
CNTNAP4,CDH9,-0.011611682
EVPLL,CDH9,-0.111689985
CH25H,CDH9,-0.038176607
CHIC2,CDH9,-0.01292922
ZSCAN23,CDH9,-0.023125738
BCL2L1,CDH9,-0.045696117
MSR1,CDH9,-0.03583474
P2RY11,CDH9,-0.019368296
PRELID3A,CDH9,-0.072164014
HILPDA,CDH9,-0.052844986
C20orf27,CDH9,-0.004892822
GRPEL2,CDH9,-0.015526176
PSMC2,CDH9,-0.025575256
S100A16,CDH9,-0.024397833
CDKN1C,CDH9,-0.02050767
PLCD4,CDH9,-0.015015078
IGHMBP2,CDH9,-0.022133255
CORO2B,CDH9,-0.025894318
ANKRD49,CDH9,-0.02939661
RPS10,CDH9,-0.04968176
CSKMT,CDH9,-0.009509124
CPNE8,CDH9,-0.023874251
KCNIP2,CDH9,-0.29726195
ZNF608,CDH9,-0.01888264
PPP1R3D,CDH9,-0.13014345
TAC3,CDH9,-0.023443095
CSPG4,CDH9,0.0021943117
GTSF1,CDH9,-0.010826344
MARCKS,CDH9,-0.062565446
FOXC2,CDH9,-0.02050039
NKX3-1,CDH9,-0.004587492
WTAP,CDH9,-0.04094575
FAM104B,CDH9,-0.03381626
NETO2,CDH9,-0.007795185
DMTN,CDH9,-0.017519344
PTGDR2,CDH9,-0.032107804
ZNF783,CDH9,-0.0017884251
ADAMTSL5,CDH9,-0.008150559
TUBGCP4,CDH9,-0.030432032
CCL3,CDH9,-0.026135461
AC013394.1,CDH9,-0.03288797
ARHGEF18,CDH9,-0.052039016
DRC7,CDH9,-0.06177064
PSG5,CDH9,-0.04555131
MRO,CDH9,-0.010583319
ZNF514,CDH9,-0.0391713
SIGIRR,CDH9,-0.02531467
ASB2,CDH9,-0.14848606
LUC7L3,CDH9,-0.052802484
ATG16L2,CDH9,-0.016505694
EGFL8,CDH9,-0.021224575
TEX55,CDH9,-0.033006668
RPS23,CDH9,-0.018077036
KRT32,CDH9,-0.01044944
SFXN5,CDH9,-0.040319804
AIF1,CDH9,-0.20298493
EZH1,CDH9,-0.0020897384
SIX1,CDH9,-0.054708987
SHFL,CDH9,-0.025595289
RILP,CDH9,-0.048201162
OGT,CDH9,-0.03030167
LTB,CDH9,-0.04653929
NDFIP1,CDH9,-0.010427746
BCAP31,CDH9,-0.004456478
CXCL11,CDH9,-0.04519459
B4GALNT4,CDH9,-0.012765316
HSP90B1,CDH9,-0.0083711585
GSTZ1,CDH9,-0.041843858
VTCN1,CDH9,-0.00936862
APLP2,CDH9,-0.016294353
CLIC2,CDH9,0.0003395699
RWDD1,CDH9,-0.095793284
RAP1A,CDH9,-0.037716985
PDIA2,CDH9,-0.008556957
RASD1,CDH9,-0.020819198
ORM1,CDH9,-0.041314095
AIFM3,CDH9,-0.044118576
ZFP1,CDH9,-0.019766038
GLRX3,CDH9,-0.009998273
USP35,CDH9,-0.035328906
NAT14,CDH9,-0.010479605
CFAP52,CDH9,-0.06342841
TUB,CDH9,-0.016054261
NXPH4,CDH9,-0.006306539
MS4A4E,CDH9,-0.005594297
CASP7,CDH9,-0.04585225
SNCAIP,CDH9,-0.0148816835
UNC79,CDH9,-0.008130122
HDAC9,CDH9,-0.042264067
COX7C,CDH9,-0.01560434
TXNDC5,CDH9,-0.020164791
EIF3C,CDH9,-0.007911863
TRPV2,CDH9,-0.053070348
LRRC43,CDH9,-0.016195608
ABCA4,CDH9,-0.015367471
SEC14L5,CDH9,-0.013869012
GNL3,CDH9,-0.042757634
HSD11B1L,CDH9,-0.08164197
INO80C,CDH9,-0.02473439
MYLK4,CDH9,-0.015350827
MRPL52,CDH9,-0.018281586
LTBP4,CDH9,-0.037336223
TCF7L2,CDH9,-0.015307026
PSMB2,CDH9,-0.0066847294
IFITM1,CDH9,-0.020129805
GALNT12,CDH9,-0.016882498
OR4K2,CDH9,-0.01957366
ANKRD30A,CDH9,-0.09434521
GSTM1,CDH9,-0.024260681
GRID1,CDH9,-0.020924324
MRPL38,CDH9,-0.0275435
ADIPOQ,CDH9,-0.002739032
EQTN,CDH9,-0.034347497
MAK,CDH9,-0.00035541828
SNX33,CDH9,-0.06392004
SIRT7,CDH9,-0.04040412
ERBB4,CDH9,-0.012124493
SPDYA,CDH9,-0.011609724
TTC38,CDH9,-0.02675343
ZNF7,CDH9,-0.038713317
SPACA9,CDH9,-0.015074204
TDRD5,CDH9,-0.03335087
AL139353.1,CDH9,-0.026814213
ADRA2C,CDH9,-0.03619112
CCNA1,CDH9,-0.010758582
C16orf74,CDH9,-0.048359957
SAMHD1,CDH9,-0.023993194
LRFN3,CDH9,-0.11638629
CTDP1,CDH9,-0.024044367
SLC8B1,CDH9,-0.02616497
TAOK3,CDH9,-0.012802142
LSP1,CDH9,-0.046187405
APOO,CDH9,-0.055566672
HLA-DOB,CDH9,-0.013422142
GBF1,CDH9,-0.010438588
RAB20,CDH9,-0.04486989
CX3CL1,CDH9,-0.03962059
SLC22A13,CDH9,-0.07074666
BPIFC,CDH9,-0.06745843
ELL,CDH9,-0.046880733
TFAP2A,CDH9,-0.009439497
ZNF185,CDH9,-0.06455419
CREBZF,CDH9,-0.05866968
KCNG1,CDH9,-0.01986767
RASGRF1,CDH9,-0.02800999
GPX3,CDH9,-0.034583073
CLEC6A,CDH9,-0.04293195
CABP7,CDH9,-0.013273427
RINL,CDH9,-0.029412217
NR1H3,CDH9,-0.020139193
PCGF1,CDH9,-0.05894924
AGR3,CDH9,-0.040040888
ATP6V0A4,CDH9,-0.0726474
ORAI2,CDH9,-0.01096755
SMIM13,CDH9,-0.0029070417
SPATA2L,CDH9,-0.041973684
HRG,CDH9,-0.01758664
EFNA1,CDH9,-0.02676623
ELOVL3,CDH9,-0.014800623
PABPN1,CDH9,-0.023061281
VKORC1,CDH9,-0.042566527
LIPN,CDH9,-0.10606421
ZNF300,CDH9,-0.037799723
SERP2,CDH9,-0.0106166685
VAX2,CDH9,-0.034374483
GPX8,CDKN2A,-0.0006094785
C4A,CDKN2A,-0.002699889
SMIM15,CDKN2A,-0.0038346786
TUBGCP4,CDKN2A,-0.0026763403
TSC22D2,CDKN2A,-0.003772754
MX1,CDKN2A,-0.009495658
ADSS2,CDKN2A,-0.0070289867
JAGN1,CDKN2A,-0.0028627235
NOTCH2NLA,CDKN2A,-0.0017185641
EPB41L1,CDKN2A,-0.010893455
ATP2B3,CDKN2A,-0.008364004
PCDHA6,CDKN2A,-0.0046942425
RAD54L,CDKN2A,-0.0031861016
NKAIN4,CDKN2A,-0.007661994
DCAF11,CDKN2A,-0.0056202686
IL37,CDKN2A,-0.006486702
DNAJB12,CDKN2A,-0.0073847645
ZNF665,CDKN2A,-0.0033057462
TMSB15B,CDKN2A,-0.010214696
HES5,CDKN2A,-0.0015183459
FN3KRP,CDKN2A,-0.0017504544
RCAN1,CDKN2A,-0.0046875007
SEPSECS,CDKN2A,-0.0032411972
UHRF1,CDKN2A,-0.0032286607
IRAK1,CDKN2A,-0.0010970942
OR3A2,CDKN2A,-0.0022661868
CBR3,CDKN2A,-0.009954402
ABCC1,CDKN2A,-0.00066283287
OR5AU1,CDKN2A,-0.00024375612
CLEC4F,CDKN2A,-0.006453118
EMC4,CDKN2A,-0.0016257478
PLEKHF1,CDKN2A,-0.0010506435
HOXD4,CDKN2A,-0.0023137545
CDKN2A,CDKN2A,-1.0925947
TTC26,CDKN2A,-0.0032179435
NBPF12,CDKN2A,0.0006614546
SPTB,CDKN2A,-0.0056688497
SNPH,CDKN2A,-0.0012545752
EIF4G2,CDKN2A,0.0031794389
CDKN2B,CDKN2A,-0.07948773
CLTB,CDKN2A,-0.0070170835
IMPDH1,CDKN2A,-0.01496087
RP2,CDKN2A,-0.0066890153
TMED3,CDKN2A,-0.020600194
GNLY,CDKN2A,-0.0060428367
GATD3A,CDKN2A,-0.0022693155
ZNF879,CDKN2A,-0.04273006
RP1,CDKN2A,-0.0112173455
FAM25C,CDKN2A,-0.01677283
ATP2B4,CDKN2A,-0.006130942
PRKX,CDKN2A,-0.0016888798
ZNF600,CDKN2A,-0.00629939
LRRN2,CDKN2A,-0.010495375
TNK1,CDKN2A,-0.0015347896
KCTD21,CDKN2A,-0.0077364054
TOB1,CDKN2A,-0.0005886309
MT2A,CDKN2A,-0.0036811891
TESC,CDKN2A,-0.005192407
SETD4,CDKN2A,-0.021977806
SOX7,CDKN2A,-0.004023979
ARL2-SNX15,CDKN2A,-0.0039970395
TMC1,CDKN2A,-0.000108199725
C2orf76,CDKN2A,-0.004870331
PXN,CDKN2A,0.005231888
DHFR,CDKN2A,-0.08922364
C2CD4C,CDKN2A,-0.0034145517
AOPEP,CDKN2A,-0.0063907327
ADM,CDKN2A,-0.015598732
AIG1,CDKN2A,-0.0062739807
NR2E1,CDKN2A,-0.0048954375
YTHDF2,CDKN2A,-0.008616017
CYP4X1,CDKN2A,-0.0083464505
CCDC25,CDKN2A,-0.008460517
ABHD15,CDKN2A,-0.0016852294
LDLRAP1,CDKN2A,-0.0054217293
CD300A,CDKN2A,-0.0041982345
C19orf57,CDKN2A,-0.023611296
SGMS1,CDKN2A,-0.017010631
RHOD,CDKN2A,-0.0045935186
PODXL2,CDKN2A,-0.007505059
FAM149A,CDKN2A,-0.00070896454
ANXA10,CDKN2A,-0.0074189277
WFDC1,CDKN2A,-0.008857851
TMSB15A,CDKN2A,-0.0038875001
LBHD2,CDKN2A,0.0027167844
HOXC11,CDKN2A,-0.0129018845
TMEM131L,CDKN2A,0.002770293
DYNLL1,CDKN2A,-0.0041214456
GRM4,CDKN2A,-0.00013555595
GTSF1,CDKN2A,-0.0015356141
PUS1,CDKN2A,-0.00028046538
SLC35A4,CDKN2A,-0.010107985
HPRT1,CDKN2A,-0.00066814205
AQP11,CDKN2A,-0.0022726776
ACSBG2,CDKN2A,-0.010567809
SLITRK6,CDKN2A,-0.03818932
CHAMP1,CDKN2A,-0.0034936876
EFNA1,CDKN2A,-0.018233426
RASGRF1,CDKN2A,-0.006248093
CCL11,CDKN2A,-0.002018218
CUL7,CDKN2A,-0.0004886793
HLA-A,CDKN2A,-0.00485905
TCF19,CDKN2A,-0.0021945694
HOXA13,CDKN2A,0.0018174584
HOXC8,CDKN2A,-0.00916602
DYNC2I2,CDKN2A,-0.0066794916
ZNF738,CDKN2A,-0.0027257295
CCN6,CDKN2A,-0.0062164622
FSCN1,CDKN2A,-0.0044331383
FAM72B,CDKN2A,-0.0029523005
PRF1,CDKN2A,-0.0052794055
TTC19,CDKN2A,-0.014695639
RBBP4,CDKN2A,-0.0046172664
SOX12,CDKN2A,-0.012775172
ATRAID,CDKN2A,-0.0011909724
TREM1,CDKN2A,-0.004104273
BCL2L14,CDKN2A,-0.0014064875
MTAP,CDKN2A,-0.034377895
ZNF83,CDKN2A,-0.01660344
WWTR1,CDKN2A,-0.011947271
MNX1,CDKN2A,-0.01896033
FZD6,CDKN2A,-0.01183666
ABHD17C,CDKN2A,-0.00080495357
MAS1,CDKN2A,-0.0003593208
H1-4,CDKN2A,-0.003426431
UPF3A,CDKN2A,-0.008873411
APLP2,CDKN2A,-0.016224157
FOXC1,CDKN2A,0.001033759
ACTBL2,CDKN2A,-0.008235041
SPHK2,CDKN2A,-0.0031091578
DTX3L,CDKN2A,-0.007083325
TMPRSS9,CDKN2A,-0.004890655
NELL2,CDKN2A,-0.011956577
ACOD1,CDKN2A,-0.02233113
LGR5,CDKN2A,-0.004520795
BAAT,CDKN2A,-0.006784759
CD1C,CDKN2A,-0.0045925
HOXD10,CDKN2A,-0.0044828523
LCE3C,CDKN2A,-0.0040722876
DMAC2L,CDKN2A,-0.0059044543
SRARP,CDKN2A,-0.0050603626
SFXN4,CDKN2A,-0.003034031
GPSM2,CDKN2A,-0.0022215673
UBQLNL,CDKN2A,-0.006721436
H1-3,CDKN2A,-0.0037512155
KCTD4,CDKN2A,-0.008568614
CENPU,CDKN2A,-0.033159047
HMGA2,CDKN2A,-0.002931132
KIAA1841,CDKN2A,-0.011849804
RPL27,CDKN2A,-0.007915192
TSEN34,CDKN2A,-0.0073771346
TBX1,CDKN2A,-0.005278198
C11orf87,CDKN2A,-0.008033164
BBC3,CDKN2A,-0.001405746
SMARCE1,CDKN2A,-0.00030876315
CAV1,CDKN2A,-0.007361802
MRO,CDKN2A,-2.9074376e-05
ITGAV,CDKN2A,-0.00014260257
KLHL35,CDKN2A,-0.005691789
DHX58,CDKN2A,-0.0031552478
KRTAP4-1,CDKN2A,-0.0062933224
GEMIN8,CDKN2A,-0.011801646
MTCH2,CDKN2A,-0.003432311
FBXL16,CDKN2A,-0.0018321638
NEDD8,CDKN2A,-0.0017330364
CNGB3,CDKN2A,-0.0003246254
CYB5B,CDKN2A,-0.0033556244
RAD51,CDKN2A,-0.005550494
MAGEA4,CDKN2A,-0.014533344
ENDOD1,CDKN2A,0.012142116
ZNF563,CDKN2A,-0.00021811943
VWA5B2,CDKN2A,-0.00562187
TFF1,CDKN2A,0.0016330277
GBP5,CDKN2A,-0.004439908
ACAD11,CDKN2A,-0.013196365
PRMT5,CDKN2A,-0.010053382
HILPDA,CDKN2A,-0.001208389
HOXC9,CDKN2A,-0.055330757
PCDHB14,CDKN2A,-0.0018369869
KRT13,CDKN2A,-0.001788857
RPL22,CDKN2A,-0.04644151
HSD3B7,CDKN2A,5.9355443e-05
PLAAT3,CDKN2A,-0.00838016
COPS7B,CDKN2A,-0.013449561
PAFAH1B3,CDKN2A,-0.007797584
TBX20,CDKN2A,0.0008792885
AGPAT3,CDKN2A,-0.009373197
LSR,CDKN2A,-0.0031304709
ACE,CDKN2A,-0.003329746
GNG4,CDKN2A,-0.0072143776
HOXA11,CDKN2A,-0.003939488
NAA80,CDKN2A,0.00014855988
PPP1R3C,CDKN2A,-0.0044709654
DHH,CDKN2A,-0.00012960062
HOXD8,CDKN2A,-0.008865424
NKX2-8,CDKN2A,-0.0043336707
TMC5,CDKN2A,-0.005541119
HSPA4,CDKN2A,-0.005527287
CALM1,CDKN2A,-0.003171744
CD82,CDKN2A,-0.018491566
SMOC1,CDKN2A,-0.0036444084
CCDC68,CDKN2A,0.0010912926
CEND1,CDKN2A,-0.0006771077
CREG2,CDKN2A,-0.007827
GRB7,CDKN2A,-0.00094055984
APBB3,CDKN2A,0.0015159867
PNPLA7,CDKN2A,-0.009587679
RBCK1,CDKN2A,-0.004688276
SH3TC1,CDKN2A,-0.002785874
MID1,CDKN2A,-0.0043176063
PASK,CDKN2A,-0.0016306506
STON2,CDKN2A,-0.019194514
ITPA,CDKN2A,-0.011983973
TMEM120A,CDKN2A,-0.0047617713
GPLD1,CDKN2A,-0.0030931449
FES,CDKN2A,-0.0042280005
CHST13,CDKN2A,-0.0047923243
LGALS4,CDKN2A,-0.00039431345
PDCD2,CDKN2A,0.0029612093
FEN1,CDKN2A,-0.01669182
CNGB1,CDKN2A,-0.0043221735
PYY,CDKN2A,-0.004556672
ECH1,CDKN2A,-0.009713658
RAP1GAP,CDKN2A,-0.0015019746
LRRN4CL,CDKN2A,0.00015409099
GPHA2,CDKN2A,-0.005937313
ACOT11,CDKN2A,-0.0076165143
DNTTIP2,CDKN2A,-0.003989924
RPA2,CDKN2A,-0.032822505
ANGPT4,CDKN2A,-0.004406919
ME1,CDKN2A,-0.007864246
KLHDC8B,CDKN2A,-0.00519903
CACNA2D3,CDKN2A,-0.0029644016
CNPPD1,CDKN2A,-0.013681285
KRT2,CDKN2A,1.158153e-05
PERM1,CDKN2A,-0.0064153094
FOXL2,CDKN2A,-0.012110297
ZNF71,CDKN2A,-0.019174626
OASL,CDKN2A,-0.0042247637
ERO1A,CDKN2A,-0.0009364879
MLKL,CDKN2A,-0.008507329
PLP1,CDKN2A,-0.009582021
RNASET2,CDKN2A,-0.0022435265
NRBP2,CDKN2A,-0.00018689713
ANO9,CDKN2A,0.0005233741
CA2,CDKN2A,-0.000106968684
RNF5,CDKN2A,-0.07569074
ANKDD1B,CDKN2A,0.0010854477
C15orf40,CDKN2A,-0.0037669316
PCDHGA4,CDKN2A,-0.0004694142
PIANP,CDKN2A,-0.014794239
TMEM60,CDKN2A,-0.0021392037
NR6A1,CDKN2A,-0.0052285274
ZNF683,CDKN2A,-0.0047829985
SEZ6L2,CDKN2A,-0.005175325
C14orf93,CDKN2A,0.017526196
CYB5R2,CDKN2A,-0.007603905
DENND4A,CDKN2A,-0.018444804
CNTNAP5,CDKN2A,-0.0007438305
MUC7,CDKN2A,-0.008646587
SLC7A11,CDKN2A,-0.0054765902
TPM2,CDKN2A,-0.005569484
STAM,CDKN2A,-0.006400964
C8orf58,CDKN2A,-0.008117404
ZNF226,CDKN2A,-0.01116719
PSEN2,CDKN2A,-0.002967008
PPIH,CDKN2A,-0.0076829186
ESYT2,CDKN2A,-0.0024835272
KLK8,CDKN2A,-0.008195416
ICOSLG,CDKN2A,-0.0020176577
NTNG1,CDKN2A,-0.002236513
OTULIN,CDKN2A,-0.007153381
NECAB2,CDKN2A,-0.0033845163
EPHX2,CDKN2A,-0.015339743
EPS8L1,CDKN2A,4.2691947e-05
FBXO41,CDKN2A,7.168201e-05
SERPINB10,CDKN2A,-0.0037536472
ST6GALNAC4,CDKN2A,-0.004647858
GLB1L2,CDKN2A,-0.006454771
GRIN2D,CDKN2A,-0.0076267067
TCP11,CDKN2A,-0.06940997
GRIK3,CDKN2A,-0.04672754
NRG4,CDKN2A,-0.0024554878
TTC5,CDKN2A,-0.0057351813
SRR,CDKN2A,-0.004456012
LILRA1,CDKN2A,-0.003451982
SLC39A1,CDKN2A,-0.0006552882
ACP5,CDKN2A,-0.008454244
C14orf119,CDKN2A,-0.01741055
SLC44A3,CDKN2A,-0.008146177
IFI35,CDKN2A,-0.005726876
MRPS26,CDKN2A,-0.0005900158
KCNJ10,CDKN2A,-0.016488582
ACER2,CDKN2A,-0.00093795266
TTC14,CDKN2A,-0.014491707
F3,CDKN2A,-0.00649513
GMDS,CDKN2A,-0.006447991
KHDRBS3,CDKN2A,-0.0025202744
RBP5,CDKN2A,-0.004091846
TMCC3,CDKN2A,-0.020345189
ARSH,CDKN2A,-0.004894406
NEFL,CDKN2A,-0.002750498
ZNF41,CDKN2A,-0.0069186003
SLIRP,CDKN2A,-0.0117667345
SLC24A3,CDKN2A,-0.026183736
TMED9,CDKN2A,-0.0008623362
KIAA0319L,CDKN2A,-0.00041067824
GPBP1L1,CDKN2A,-0.008239423
TXNL4A,CDKN2A,-0.003159781
ETFDH,CDKN2A,-0.0044318032
TBC1D3B,CDKN2A,-0.0068250587
MUTYH,CDKN2A,-0.01238834
MAB21L2,CDKN2A,-0.00042234513
RNF32,CDKN2A,-0.031433158
GRHPR,CDKN2A,-0.0037954508
MICALL2,CDKN2A,-0.009984158
CCL22,CDKN2A,2.0492565e-05
LRRK2,CDKN2A,0.0018402709
CHAF1B,CDKN2A,-0.010046393
TCF7L2,CDKN2A,-0.0020584501
KRT9,CDKN2A,-0.00866971
PSME1,CDKN2A,-0.018571634
COL18A1,CDKN2A,-0.0067199995
PXT1,CDKN2A,0.0015159324
ZNRF3,CDKN2A,0.0012735954
ASPHD1,CDKN2A,-0.014675483
KLF6,CDKN2A,-0.0043541533
C3orf52,CDKN2A,-0.0066128518
FAHD1,CDKN2A,-0.004891661
SSH2,COL11A1,-0.0047268914
SHLD1,COL11A1,-0.008511824
FOXP2,COL11A1,-0.021283451
ARHGAP11B,COL11A1,-0.008902055
CCDC86,COL11A1,-0.006841154
TOR2A,COL11A1,-0.00581753
BEND3,COL11A1,-0.0073486604
ZNF280A,COL11A1,-0.010197126
PRSS2,COL11A1,-0.0033285685
FN1,COL11A1,-0.008728296
EFR3B,COL11A1,-0.012688214
TRAPPC2L,COL11A1,-0.013816032
MVD,COL11A1,-0.005927396
HBB,COL11A1,-0.01735738
CREBZF,COL11A1,-0.003913485
MAD2L1BP,COL11A1,-0.020054914
RAD54L,COL11A1,-0.008579237
ZAN,COL11A1,-0.05727338
TWNK,COL11A1,-0.045865774
MAP6,COL11A1,-0.017027577
CT55,COL11A1,-0.018678857
NRG2,COL11A1,-0.009825397
ANAPC15,COL11A1,-0.025968403
TMPRSS5,COL11A1,-0.008630693
NDUFAF8,COL11A1,-0.0059441733
PNMA6A,COL11A1,-0.06013451
SOX15,COL11A1,-0.00943198
RTKN2,COL11A1,-0.006802185
CEP162,COL11A1,-0.008822598
HEBP2,COL11A1,-0.015648235
TMEM269,COL11A1,-0.01594525
GPHA2,COL11A1,-0.0039264807
SLC6A15,COL11A1,-0.014543559
ADAM23,COL11A1,-0.007076075
TNNI2,COL11A1,-0.0060839253
SGTA,COL11A1,-0.023617553
FUBP1,COL11A1,-0.008021582
ARX,COL11A1,-0.015005109
STRN,COL11A1,-0.004163919
SERPINB6,COL11A1,-0.012799581
RGS12,COL11A1,-0.00944563
FUT3,COL11A1,-0.005507532
OR2L3,COL11A1,-0.010569993
CCDC167,COL11A1,-0.009763402
VEGFD,COL11A1,-0.02011598
PROSER2,COL11A1,-0.009099407
DGKA,COL11A1,-0.022602035
CUL1,COL11A1,-0.017479336
HDX,COL11A1,-0.0057654623
SFR1,COL11A1,-0.008876459
MARCO,COL11A1,-0.0148797305
SYNGR1,COL11A1,-0.0059150443
NDUFV2,COL11A1,-0.009633292
ACHE,COL11A1,-0.019532
SHARPIN,COL11A1,-0.013217294
NKX1-2,COL11A1,-0.0072202524
C8orf89,COL11A1,-0.011787496
ZNF844,COL11A1,-0.00365941
PPIC,COL11A1,-0.009921441
SLC12A1,COL11A1,-0.012041717
XG,COL11A1,-0.007861456
HNF4A,COL11A1,-0.015503882
EHD1,COL11A1,-0.05774279
MOV10,COL11A1,-0.021780338
MBNL3,COL11A1,-0.032838866
CCDC137,COL11A1,-0.037803236
CLPTM1L,COL11A1,0.0003181976
TIGD2,COL11A1,-0.0050401865
MAP2,COL11A1,-0.011413798
THOC7,COL11A1,-0.037863277
PLSCR1,COL11A1,-0.012820687
ARPIN,COL11A1,-0.012420126
TPPP,COL11A1,-0.014169982
HDAC5,COL11A1,-0.009635116
TLX1,COL11A1,-0.016887449
IFNA1,COL11A1,-0.012384384
CDC25A,COL11A1,-0.015555135
NOXRED1,COL11A1,-0.0059309723
SH3RF2,COL11A1,-0.07181774
EGFL7,COL11A1,-0.002059512
HLA-B,COL11A1,-0.016108245
KRT23,COL11A1,-0.00910037
MAN1C1,COL11A1,-0.01883239
ZFYVE28,COL11A1,-0.0019860244
WDR91,COL11A1,-0.016724896
TRIM29,COL11A1,-0.012651678
BASP1,COL11A1,-0.019784184
YARS2,COL11A1,-0.0063294233
CHN1,COL11A1,-0.020121183
SPC25,COL11A1,-0.008296537
DTWD2,COL11A1,-0.013067074
CCND3,COL11A1,-0.031274423
KAT2B,COL11A1,-0.002893311
GYG2,COL11A1,-0.072236516
ZSCAN12,COL11A1,-0.009541837
CCDC191,COL11A1,-0.025351416
SLFN11,COL11A1,-0.0062526767
SCGB2B2,COL11A1,-0.054445196
XPR1,COL11A1,-0.0020579365
NIFK,COL11A1,-0.008868247
KLF2,COL11A1,-0.015043062
TTLL11,COL11A1,-0.016462166
LST1,COL11A1,-0.05284869
SGCE,COL11A1,-0.0077569606
NKX6-1,COL11A1,-0.012114367
PHF1,COL11A1,-0.011879742
SLC25A25,COL11A1,-0.022490978
PPP1R14A,COL11A1,-0.022979967
SLC39A4,COL11A1,-0.005992624
STEAP4,COL11A1,-0.16433497
BCL6B,COL11A1,-0.010696233
SMOX,COL11A1,-0.021079142
NAA38,COL11A1,-0.0060599283
SPATA2L,COL11A1,-0.027824227
MYH7B,COL11A1,-0.040237036
MELTF,COL11A1,-0.014837722
LSS,COL11A1,-0.013953444
SLC31A2,COL11A1,-0.004034685
ABCA13,COL11A1,-0.008159381
NT5C1B,COL11A1,-0.0093481345
RASA3,COL11A1,-0.002453945
MAP3K9,COL11A1,-0.045669712
SERPINA5,COL11A1,-0.006859148
OR6C2,COL11A1,-0.012368112
PLA2G12A,COL11A1,-0.0074893795
FTCDNL1,COL11A1,-0.016267106
PABPC1,COL11A1,-0.021014167
PLET1,COL11A1,-0.012540774
PRR18,COL11A1,-0.006287221
CYP2E1,COL11A1,-0.002908399
BTBD16,COL11A1,-0.032716967
CSAG1,COL11A1,-0.014733213
MUC5B,COL11A1,-0.011217009
SHQ1,COL11A1,-0.0054865023
FOSB,COL11A1,-0.008930155
ANKRD54,COL11A1,-0.02260056
TMEM222,COL11A1,0.00058393675
EXOC6,COL11A1,-0.012239262
HCRTR2,COL11A1,-0.012949238
BCL2L10,COL11A1,-0.0123406155
TUBAL3,COL11A1,-0.023815028
LRATD1,COL11A1,-0.026124828
ASIC2,COL11A1,-0.027011609
CLCN4,COL11A1,-0.017008806
KREMEN2,COL11A1,-0.035056483
QDPR,COL11A1,-0.010523378
DENND1C,COL11A1,-0.012511682
TNIP3,COL11A1,-0.019352429
ATP1B2,COL11A1,-0.05913631
PYCR1,COL11A1,-0.041016642
ALDH2,COL11A1,-0.020219894
THSD7B,COL11A1,-0.010982721
BCL3,COL11A1,-0.005878625
NFIL3,COL11A1,-0.027854424
STK10,COL11A1,-0.003907929
HSP90AB1,COL11A1,-0.0043137455
ARID3B,COL11A1,-0.025999237
EEA1,COL11A1,-0.004883284
DNAJC3,COL11A1,-0.0014330264
NYAP1,COL11A1,-0.021169487
RASL10B,COL11A1,-0.01997057
TUBG2,COL11A1,-0.0069051203
MTARC1,COL11A1,-0.008952713
C2CD2L,COL11A1,-0.07969788
ATP10D,COL11A1,-0.008290829
ZNF605,COL11A1,-0.0088618705
RAET1G,COL11A1,-0.020270683
OTUD5,COL11A1,0.0013658557
SMIM8,COL11A1,-0.0051962635
MT1F,COL11A1,-0.021100907
ADCY1,COL11A1,-0.011052127
ZNF239,COL11A1,-0.012808196
CCL7,COL11A1,-0.009504918
DBNDD2,COL11A1,-0.0046129334
PPP1R36,COL11A1,-0.008002073
ARHGEF18,COL11A1,-0.0014112883
RAD21,COL11A1,-0.008360502
HOOK1,COL11A1,-0.029341567
AC022415.2,COL11A1,-0.005022203
AL590560.2,COL11A1,-0.024134446
HFE,COL11A1,-0.013078754
SHISA3,COL11A1,-0.010907696
MAB21L2,COL11A1,-0.010701753
AKR7A3,COL11A1,-0.04929137
SLC26A9,COL11A1,-0.0073012384
SFMBT1,COL11A1,-0.098603636
HMX1,COL11A1,-0.021393333
NDUFAF2,COL11A1,-0.0048102154
PCDHGB6,COL11A1,-0.0020661838
KY,COL11A1,-0.056295376
CBS,COL11A1,-0.014702286
RPL37A,COL11A1,-0.007861051
C8orf82,COL11A1,-0.032172482
TUBA4B,COL11A1,-0.022087546
FAM53A,COL11A1,-0.01635431
LMBRD1,COL11A1,-0.009768948
DNASE1L1,COL11A1,-0.010366387
ADTRP,COL11A1,-0.022246106
OLFM4,COL11A1,-0.03420601
CGAS,COL11A1,-0.010810662
AASDH,COL11A1,-0.008608041
RAI1,COL11A1,-0.0065137134
ACSF2,COL11A1,-0.041728243
PLEKHA6,COL11A1,-0.024701025
MYO18A,COL11A1,-0.0071347114
SH3TC1,COL11A1,0.00021062548
GTF2IRD1,COL11A1,-0.05044555
SNCB,COL11A1,-0.026436899
SPATA6L,COL11A1,-0.008525102
FP565260.3,COL11A1,-0.025628855
ATG7,COL11A1,-0.005437805
TRIB3,COL11A1,-0.008434917
CERS5,COL11A1,-0.008594716
C12orf56,COL11A1,-0.047226407
SOD1,COL11A1,-0.011302981
OTOF,COL11A1,-0.008575953
ICOSLG,COL11A1,-0.031690963
KIN,COL11A1,-0.0035011666
PBX3,COL11A1,-0.0050222
MKRN2,COL11A1,-0.03813184
EGR2,COL11A1,-0.007873316
IRAG2,COL11A1,-0.008877147
TTC38,COL11A1,-0.0143372705
METTL7B,COL11A1,-0.119652934
NUP43,COL11A1,-0.017988961
STEAP1B,COL11A1,-0.009240545
COX7A2,COL11A1,-0.021598103
ANKFN1,COL11A1,-0.015514871
HINT2,COL11A1,-0.08476813
TSLP,COL11A1,-0.012400882
PTPRH,COL11A1,-0.012059162
RNF19A,COL11A1,-0.06279963
LRIF1,COL11A1,-0.03569396
PRSS27,COL11A1,-0.023937406
FOXB1,COL11A1,-0.0076895244
TREM2,COL11A1,-0.02908125
KRT24,COL11A1,-0.0028993075
PPP1R3E,COL11A1,-0.012466665
GSTP1,COL11A1,-0.099774845
SFTPD,COL11A1,-0.016356857
MRPL48,COL11A1,-0.012712389
HLA-A,COL11A1,-0.023701124
CHI3L2,COL11A1,-0.0085459
GAS8,COL11A1,-0.0037861327
APCDD1,COL11A1,-0.022934876
ETV1,COL11A1,-0.063141614
RPL7,COL11A1,-0.010998096
EVA1A,COL11A1,-0.00485684
CXCL12,COL11A1,-0.024261251
C15orf61,COL11A1,-0.006111935
FLOT1,COL11A1,-0.016254395
ADGRE1,COL11A1,-0.0022784062
GSTZ1,COL11A1,-0.0146360025
ERVW-1,COL11A1,-0.015839407
COL3A1,COL11A1,-0.012204341
PPP2R2D,COL11A1,-0.016355976
NR4A1,COL11A1,-0.009543955
DUSP22,COL11A1,-0.018529704
ADAM11,COL11A1,-0.006755493
EZH2,COL11A1,-0.0039425036
ARFGEF1,COL11A1,-0.0044323658
DLEC1,COL11A1,-0.007515574
RND3,COL11A1,-0.035216607
TAS1R1,COL11A1,-0.024449179
EID3,COL11A1,-0.024623342
ACTG2,COL11A1,-0.00047261978
CFHR3,COL11A1,-0.011415787
TADA2A,COL11A1,-0.013563057
VPS39,COL11A1,-0.035826292
POU3F1,COL11A1,-0.003688072
COPS5,COL11A1,-0.007313159
CD1D,COL11A1,-0.026122324
CA8,COL11A1,-0.01995344
HSPA4,COL11A1,-0.0073025925
CA13,COL11A1,-0.017917234
KIF1A,COL11A1,-0.007243027
H1-0,COL11A1,-0.058107823
WT1,COL11A1,-0.013354548
EFNA1,COL11A1,-0.022923622
TMPRSS6,COL11A1,-0.0054551517
MCOLN2,COL11A1,-0.001873921
AKR7A2,COL14A1,-0.01807601
MRPL57,COL14A1,-0.0037378164
DNAAF4,COL14A1,-0.012346622
ARSH,COL14A1,-0.0346189
TEX30,COL14A1,-0.005533766
MAP3K14,COL14A1,-0.016274057
IDI2,COL14A1,-0.012126077
NLRP10,COL14A1,-0.020654177
PHF1,COL14A1,-0.057217963
MEP1B,COL14A1,-0.12618229
HOXB6,COL14A1,-0.022201834
DXO,COL14A1,-0.039889425
INHBB,COL14A1,-0.016319111
MYOCOS,COL14A1,-0.030082023
TRHR,COL14A1,-0.03480707
ME2,COL14A1,-0.016352665
PHLDA1,COL14A1,-0.0031225898
SAGE1,COL14A1,-0.03461508
INTS9,COL14A1,-0.020676382
SYN3,COL14A1,-0.0251028
LIN7B,COL14A1,-0.010969071
ZNF839,COL14A1,-0.070329234
SLC12A5,COL14A1,-0.0695117
AFAP1L2,COL14A1,-0.045464035
CCT5,COL14A1,-0.021493474
RAB6A,COL14A1,-0.12684141
EMC8,COL14A1,-0.041474972
HSD17B1,COL14A1,-0.020923594
SCG2,COL14A1,-0.11781919
EFNB2,COL14A1,-0.033367608
ECHDC3,COL14A1,-0.010526851
MAP4K4,COL14A1,-0.0115157785
KLHL10,COL14A1,-0.030066801
KIAA0319L,COL14A1,-0.018573156
FKBP1A,COL14A1,-0.011890742
OSBPL3,COL14A1,-0.02277625
EGFL7,COL14A1,-0.014249174
CTU1,COL14A1,-0.023888133
EAF2,COL14A1,-0.011783977
MAP11,COL14A1,-0.020465339
CPA3,COL14A1,-0.050942495
PNP,COL14A1,-0.030835846
STAM2,COL14A1,-0.017110512
MSRB3,COL14A1,-0.04159235
MAGEA4,COL14A1,-0.030752923
EID2,COL14A1,-0.038894277
ASB14,COL14A1,-0.015764615
SMAGP,COL14A1,-0.027420355
SLC6A1,COL14A1,-0.0256423
CHCHD7,COL14A1,-0.014212171
PHC3,COL14A1,-0.0068196086
GATA3,COL14A1,-0.011721546
SOHLH1,COL14A1,-0.023570701
CREBL2,COL14A1,-0.02661186
LRRC41,COL14A1,-0.020954182
DGCR8,COL14A1,-0.011603707
GPR35,COL14A1,-0.021963151
HOPX,COL14A1,-0.030434987
SSU72P3,COL14A1,-0.016701702
GTPBP2,COL14A1,-0.02170476
TAF6,COL14A1,-0.02924978
C20orf202,COL14A1,-0.27215013
UCK2,COL14A1,-0.018055165
RLN2,COL14A1,-0.017957939
RICTOR,COL14A1,-0.04467315
USP20,COL14A1,-0.08558671
TNFRSF19,COL14A1,-0.043077834
SEMA6D,COL14A1,-0.0034492072
SFMBT1,COL14A1,-0.00594817
HMGB2,COL14A1,-0.027275506
LUC7L2,COL14A1,-0.05793593
EZH2,COL14A1,-0.051603857
IQCE,COL14A1,-0.028523078
BARX2,COL14A1,-0.033983327
STAP1,COL14A1,-0.28991032
C1orf159,COL14A1,-0.0201537
ZSCAN30,COL14A1,-0.036344003
EIF2S3B,COL14A1,-0.011665667
H2AL1RP,COL14A1,-0.01808079
TRIM15,COL14A1,-0.019770782
PTPDC1,COL14A1,-0.013189822
ACTR3C,COL14A1,-0.035546113
FKBP1C,COL14A1,-0.04067241
MTRNR2L10,COL14A1,-0.041897256
LEO1,COL14A1,-0.011982389
RGSL1,COL14A1,-0.01563166
MOCOS,COL14A1,-0.015016817
CTNNAL1,COL14A1,-0.012366889
PNCK,COL14A1,-0.0058925874
CDK11A,COL14A1,-0.013517742
PDE7A,COL14A1,-0.013895469
MTRNR2L12,COL14A1,-0.023434876
ARHGAP27,COL14A1,-0.0067476565
PWWP3A,COL14A1,-0.0662664
SKIV2L,COL14A1,-0.018173013
GLDN,COL14A1,-0.031114256
SIDT2,COL14A1,-0.051972024
UBXN8,COL14A1,-0.014620893
C1orf210,COL14A1,-0.005476715
CPT1B,COL14A1,-0.043714903
TMEM104,COL14A1,-0.012708566
RBMS3,COL14A1,-0.024838978
CKB,COL14A1,-0.007465166
SHB,COL14A1,-0.027423078
SLIT1,COL14A1,-0.037364446
JAKMIP2,COL14A1,-0.19858147
DNAH14,COL14A1,-0.0015121837
RBM45,COL14A1,-0.02052018
SLC52A3,COL14A1,-0.03986041
TMEM165,COL14A1,-0.015384015
TAX1BP1,COL14A1,-0.009032894
ZNF484,COL14A1,-0.0017214572
EBF4,COL14A1,-0.0161975
ILKAP,COL14A1,-0.027126228
C16orf54,COL14A1,-0.049317185
FAM3C,COL14A1,-0.016924772
DNER,COL14A1,-0.018196959
DIRAS3,COL14A1,-0.029481415
REG1A,COL14A1,-0.040944826
MAGEA11,COL14A1,-0.46595716
KDM8,COL14A1,-0.016480805
ADM2,COL14A1,-0.012489904
ELOVL6,COL14A1,-0.022011315
GCLM,COL14A1,-0.022095526
CA11,COL14A1,-0.015057997
PNMA8C,COL14A1,-0.026361927
LYL1,COL14A1,-0.0059014647
ANXA3,COL14A1,-0.00976227
CHIC2,COL14A1,-0.09662616
MAGEA12,COL14A1,-0.020479957
PDLIM2,COL14A1,-0.04634611
GOLGA8N,COL14A1,-0.026374124
PRR20G,COL14A1,-0.17805
HOXC12,COL14A1,-0.042638022
RNF157,COL14A1,-0.018910605
CPA4,COL14A1,-0.015857132
TPK1,COL14A1,-0.10266926
KIAA1549L,COL14A1,-0.020029657
DNAAF2,COL14A1,-0.016497046
ZNF527,COL14A1,-0.044236984
PLAC8L1,COL14A1,-0.015289566
ANP32E,COL14A1,-0.0087156
CNOT1,COL14A1,-0.027038088
RBM28,COL14A1,-0.030358177
KNDC1,COL14A1,-0.13566837
TTC33,COL14A1,-0.00959157
CTAGE4,COL14A1,-0.024509002
FAAH2,COL14A1,-0.051202204
BNIP2,COL14A1,-0.021921935
ODC1,COL14A1,-0.0502984
KIAA0232,COL14A1,-0.011220513
CAMK1,COL6A6,-0.04008274
TCAF1,COL6A6,-0.014259529
VWA3B,COL6A6,-0.026525645
C9orf64,COL6A6,-0.033385027
APPL1,COL6A6,-0.041385856
ASS1,COL6A6,-0.061021492
NENF,COL6A6,-0.01741214
TNFRSF1A,COL6A6,-0.05662454
FLG,COL6A6,-0.011189249
KDF1,COL6A6,-0.040417474
CA9,COL6A6,-0.05108446
IRS1,COL6A6,-0.0022983814
KCNH6,COL6A6,-0.016743192
CADM4,COL6A6,-0.014742058
RSPH10B,COL6A6,-0.020096669
EXT1,COL6A6,-0.017347876
SCO2,COL6A6,-0.011401966
C12orf50,COL6A6,-0.018985657
EVC,COL6A6,-0.0120822005
VILL,COL6A6,-0.024910884
SPTSSA,COL6A6,-0.024558349
RNF121,COL6A6,-0.04819811
SLC6A17,COL6A6,-0.018758727
CR589904.2,COL6A6,-0.12914814
MCEE,COL6A6,-0.023632886
NT5C3B,COL6A6,-0.009070641
SFMBT1,COL6A6,-0.063940115
KPNA7,COL6A6,-0.007643408
PET117,COL6A6,-0.050983794
PAK1,COL6A6,-0.041591182
ZNF549,COL6A6,-0.07205905
STRIT1,COL6A6,-0.010549673
CELA2A,COL6A6,-0.023466513
PCDHA10,COL6A6,-0.015609681
NFKBIZ,COL6A6,-0.018409029
MICOS13,COL6A6,-0.02992326
MSGN1,COL6A6,-0.0068884604
PFDN6,COL6A6,-0.009245901
HAVCR1,COL6A6,-0.019989256
MAGEB2,COL6A6,-0.06399358
NINJ2,COL6A6,-0.013963483
AVIL,COL6A6,-0.20031612
POLR3H,COL6A6,-0.03515417
THSD7B,COL6A6,-0.04263009
PGF,COL6A6,-0.0092647085
RAB25,COL6A6,-0.0021736142
RLIM,COL6A6,-0.008662517
ERAP2,COL6A6,-0.21701491
CTSC,COL6A6,-0.019223353
PTGIR,COL6A6,-0.027329193
CMPK2,COL6A6,-0.022681331
UBE2R2,COL6A6,-0.016878849
PDRG1,COL6A6,-0.021306043
PDGFB,COL6A6,-0.017976055
WDR7,COL6A6,-0.015630592
TFG,COL6A6,-0.04200258
SLC13A5,COL6A6,-0.008655787
FAM193A,COL6A6,-0.015901834
CDK18,COL6A6,-0.044332977
C9orf72,COL6A6,-0.023415731
TRIM8,COL6A6,-0.14596121
ARHGEF33,COL6A6,-0.041324418
PPIL6,COL6A6,-0.035375074
CHPF,COL6A6,-0.055731818
DNAL4,COL6A6,-0.01306183
ATP6V1F,COL6A6,-0.05385653
MAN2B2,COL6A6,-0.02501971
NKX1-2,COL6A6,-0.0099673625
TPSD1,COL6A6,-0.038766548
KANK2,COL6A6,-0.015971668
MPL,COL6A6,-0.016910454
ZNF695,COL6A6,-0.012776495
SLC38A6,COL6A6,-0.06427828
ZSWIM9,COL6A6,-0.069389924
CDH18,COL6A6,-0.02763439
ZNF730,COL6A6,-0.030798081
OTUD7A,COL6A6,-0.02227936
ODF3B,COL6A6,-0.068056084
DUSP19,COL6A6,-0.11218142
ATF7,COL6A6,-0.029573552
LILRB5,COL6A6,-0.033700094
CPA5,COL6A6,-0.018673116
CBL,COL6A6,-0.04794247
REG1A,COL6A6,-0.045760546
ZFP90,COL6A6,-0.011826687
LPCAT1,COL6A6,-0.032950014
YBX1,COL6A6,-0.040598933
MT1F,COL6A6,-0.023983851
RPL11,COL6A6,-0.1030362
MMP28,COL6A6,-0.028053403
ZKSCAN3,COL6A6,-0.053811323
PSMC1,COL6A6,-0.017319068
ATP2B4,COL6A6,-0.035587948
SH3BP4,COL6A6,-0.033285264
PHF24,COL6A6,-0.02728897
CASK,COL6A6,-0.010736776
ZFAT,COL6A6,-0.05735052
PIGN,COL6A6,-0.14969349
DNAH14,COL6A6,-0.018480742
ZNF98,COL6A6,-0.049440958
TMED1,COL6A6,-0.024882156
DUSP29,COL6A6,-0.011809502
SUMF1,COL6A6,-0.06360467
PAK5,COL6A6,-0.055470478
PJA1,COL6A6,-0.012055546
LGMN,COL6A6,-0.014638811
KLHL36,COL6A6,-0.021514863
LCE2B,COL6A6,-0.016832944
ZFY,COL6A6,-0.013869536
ADGRG5,COL6A6,-0.02680081
DNM2,COL6A6,-0.013115293
ZNF689,COL6A6,-0.026763756
MORN1,COL6A6,-0.014197754
DDX53,COL6A6,-0.04215841
TXLNG,COL6A6,-0.016671183
SMIM5,COL6A6,-0.017695757
TLX2,COL6A6,-0.04520248
PXT1,COL6A6,-0.020856807
ITLN1,COL6A6,-0.016516794
DYNAP,COL6A6,-0.06739971
TAC4,COL6A6,-0.042200334
NUDC,COL6A6,-0.02936834
TOMM5,COL6A6,-0.027452981
SETD7,COL6A6,-0.047157824
MESP2,COL6A6,-0.045117
ANKRD49,COL6A6,-0.040699262
GPR146,COL6A6,-0.041748032
IDS,COL6A6,-0.013410956
PAK3,COL6A6,-0.028251147
LGR4,COL6A6,-0.024346069
SCRN2,COL6A6,-0.016958745
CFAP92,COL6A6,-0.13521694
CMTM4,COL6A6,-0.01909332
ACAN,COL6A6,-0.043334026
NEURL4,COL6A6,-0.032333087
RARA,COL6A6,-0.01338404
NSMAF,COL6A6,-0.044851437
ARL13B,COL6A6,-0.02044101
PSAP,COL6A6,-0.010081292
MOSMO,COL6A6,-0.10859875
TINAG,COL6A6,-0.039261438
HAS1,COL6A6,-0.012040961
LAMC3,COL6A6,-0.028012233
PIK3C2G,COL6A6,-0.08938206
GABRP,COL6A6,-0.015494064
PGM1,COL6A6,-0.043282162
PIGZ,COL6A6,-0.10995129
ELFN2,COL6A6,-0.015847083
DDX58,COL6A6,-0.008196577
ATP6V1C2,COL6A6,-0.06310266
MAGEH1,COL6A6,-0.06670826
RAB13,COL6A6,-0.031984642
PTPRZ1,COL6A6,-0.04006599
CCL28,COL6A6,-0.03453063
TRIM10,CSMD3,-0.0046790894
MRPL49,CSMD3,-0.0013128382
CD48,CSMD3,-0.003666366
CLEC4D,CSMD3,-0.0053616855
FOXD4L1,CSMD3,-0.0015876574
ZNF239,CSMD3,-0.00047052177
CST8,CSMD3,-0.003483555
SIK1,CSMD3,-0.0009194554
GSTZ1,CSMD3,-0.0071612215
RPS3A,CSMD3,-0.0021877745
PGM5,CSMD3,-0.0007411789
GATB,CSMD3,-0.003690058
PMVK,CSMD3,-0.002184757
ACTN2,CSMD3,-0.001958137
PLEKHA5,CSMD3,-0.0037665116
PRMT8,CSMD3,-0.0071736653
ANXA8,CSMD3,-0.0033352822
SNX14,CSMD3,0.0007926124
GALNT15,CSMD3,-0.0037207548
MBOAT2,CSMD3,-0.0051334775
NELL1,CSMD3,-0.016115144
PCBP4,CSMD3,-0.0069070114
BTN2A1,CSMD3,-0.00048616086
HSPA12B,CSMD3,-0.00745953
GDPD2,CSMD3,-0.0046624667
VAMP7,CSMD3,-0.0031211353
RGS6,CSMD3,-0.004878479
ZNF362,CSMD3,-0.005722761
PCDHB15,CSMD3,-0.0041113296
PLA2G4F,CSMD3,1.532522e-05
TMC8,CSMD3,-0.044829745
ADRB3,CSMD3,-0.007355206
PPP3R1,CSMD3,-0.0072370116
ZNF677,CSMD3,-0.00024432805
VCX,CSMD3,-0.012425189
TGM2,CSMD3,-0.0037603634
NUDT15,CSMD3,-0.00683195
GPR50,CSMD3,-0.0017171995
TAX1BP1,CSMD3,-0.00022351375
DSEL,CSMD3,-0.00033076986
C11orf80,CSMD3,-0.008473403
NXF1,CSMD3,-0.0013176955
UBE2C,CSMD3,-0.011743136
FUCA2,CSMD3,-0.0009885695
TM2D1,CSMD3,-0.0010162368
INSRR,CSMD3,-0.013526947
CLDN12,CSMD3,-0.0027528356
ELP5,CSMD3,-0.008509489
HOXC10,CSMD3,-0.0030940685
COX6B2,CSMD3,-0.003320947
COMMD9,CSMD3,-0.0026452113
TCEAL5,CSMD3,-0.008331673
EPHA4,CSMD3,-0.007925472
ADAM20,CSMD3,-0.007693117
MCF2L2,CSMD3,0.00012437621
USP6,CSMD3,-0.008141858
PLA2G3,CSMD3,-0.0059437053
CBLN2,CSMD3,-0.0014293129
IL27RA,CSMD3,-0.005206368
NUBPL,CSMD3,0.00035682024
ZNF616,CSMD3,-0.005909995
GPNMB,CSMD3,-0.0088994615
CXCL12,CSMD3,-0.0031141636
CDH8,CSMD3,-0.0049412264
PROK2,CSMD3,-0.031387977
RTN4IP1,CSMD3,-0.006510376
ICAM1,CSMD3,-0.0018295503
CDC42SE1,CSMD3,-0.0111887995
ERRFI1,CSMD3,-0.00827501
PCDHGC3,CSMD3,-0.022021163
ZAN,CSMD3,-0.0058825267
EMC1,CSMD3,-0.021705559
SLC46A3,CSMD3,-0.003652383
CADM2,CSMD3,-0.0014421364
BCAS1,CSMD3,-0.0015105925
POLR3H,CSMD3,-0.007807991
FAM53B,CSMD3,-0.0044900924
CTSA,CSMD3,-0.0023818493
NANOS3,CSMD3,-0.0020218263
STC1,CSMD3,-0.004677358
NXPH3,CSMD3,-0.0040540146
GPR158,CSMD3,-0.0073238895
ODC1,CSMD3,-0.011390666
PITRM1,CSMD3,-0.016374193
CCDC69,CSMD3,-0.0037789359
FAS,CSMD3,-0.00905021
HCAR3,CSMD3,-0.0037332114
ADRB1,CSMD3,-0.013083839
VMO1,CSMD3,-0.0041573443
PDC,CSMD3,-0.007849357
ANTKMT,CSMD3,-0.0030466185
ZBTB21,CSMD3,-0.01896187
SOST,CSMD3,-0.0055176863
DPYSL4,CSMD3,-0.0076937643
APC2,CSMD3,-0.019720562
DCAF12L2,CSMD3,-0.0041944697
C1orf53,CSMD3,-0.0009867965
CDT1,CSMD3,-0.00066953135
DET1,CSMD3,-0.005766952
TMEM237,CSMD3,-0.0041664275
POLR2H,CSMD3,-0.0057105306
BTG2,CSMD3,-0.007244108
FAM167A,CSMD3,-0.00290891
LURAP1L,CSMD3,-0.012346902
SYNE4,CSMD3,-0.027849551
MAPK8IP1,CSMD3,-0.0041852132
FABP6,CSMD3,-0.008959155
DBI,CSMD3,-0.008014115
CADPS,CSMD3,-0.0055418634
CCZ1,CSMD3,-0.0074726027
PRSS1,CSMD3,-0.020866746
CXCL16,CSMD3,-0.00074327533
PSG7,CSMD3,-0.0136625925
UPK1A,CSMD3,-0.030633826
RYR2,CSMD3,-0.019252237
GRPEL2,CSMD3,-0.0075166128
PSG4,CSMD3,-0.03757734
PRDX2,CSMD3,-0.007850643
SOX10,CSMD3,-0.004361399
ZDHHC9,CSMD3,-0.00075624767
CABP1,CSMD3,-0.008771913
HILPDA,CSMD3,-0.00047787637
FAM20A,CSMD3,-0.0018320301
CWF19L2,CSMD3,-0.011583999
GATA5,CSMD3,-0.006821543
RNF7,CSMD3,-0.005112143
BMP4,CSMD3,-0.0057624006
AQP4,CSMD3,-0.0030379756
ONECUT2,CSMD3,-0.0014422988
MIPEP,CSMD3,-0.012266127
LRRC61,CSMD3,-0.036568753
CAAP1,CSMD3,-0.0039070165
CLEC12A,CSMD3,-0.008731027
KAT5,CSMD3,-0.011388724
SLC30A8,CSMD3,-0.006662725
DDX58,CSMD3,-0.04319563
TSPAN5,CSMD3,-0.013776888
FAM71F2,CSMD3,-0.008996713
LCE1B,CSMD3,-0.009793614
CYP2J2,CSMD3,-0.0074828854
TBX22,CSMD3,-0.0012512057
CCNP,CSMD3,-0.0055066384
TRPM2,CSMD3,-0.0024743094
DUSP12,CSMD3,-0.0027669312
GTPBP2,CSMD3,-0.008803311
TMEM60,CSMD3,-0.009849198
UCHL1,CSMD3,-0.011053034
PCDHGA1,CSMD3,-0.014671516
MIS18A,CSMD3,-0.0031482498
CADM4,CSMD3,-0.0020591638
TYMP,CSMD3,-0.0065493365
ZP3,CSMD3,-0.0035172915
MGST1,CSMD3,-0.1169578
IRX1,CSMD3,-0.01089109
EPO,CSMD3,-0.010007922
LBX1,CSMD3,-0.05031348
CALCR,CSMD3,-0.0035734642
RNF126,CSMD3,-0.008590298
RBM20,CSMD3,-0.040351957
HOXB2,CSMD3,-0.018002462
MRPS24,CSMD3,-0.005816918
IGFLR1,CSMD3,-0.007891336
SUSD6,CSMD3,-0.0003268836
PNLDC1,CSMD3,-0.003961504
SLC16A13,CSMD3,-0.001349324
BID,CSMD3,-0.006983516
MTOR,CSMD3,-0.029601198
CATSPERB,CSMD3,-0.004216168
KCNN1,CSMD3,-0.0042533064
RBKS,CSMD3,-0.006257767
SLC33A1,CSMD3,-0.0129907215
CYB5D2,CSMD3,-0.006437366
C2CD4C,CSMD3,-0.003323876
MMP16,CSMD3,-0.0032392174
PSMC3IP,CSMD3,-0.0005142495
SGIP1,CSMD3,-0.0029416173
ESS2,CSMD3,-0.005928583
CARD16,CSMD3,-2.2285672e-05
PCDHGA4,CSMD3,-0.006029473
CRELD2,CSMD3,-0.007054523
CTAGE4,CSMD3,-0.004255442
TDO2,CSMD3,-0.0041246647
DZIP1,CSMD3,-0.0048151445
HMCES,CSMD3,-0.011101653
PCDHGB2,CSMD3,-0.0069562956
BCO2,CSMD3,-0.0070965807
CFAP77,CSMD3,-0.0040703607
ETV4,CSMD3,-0.0033282836
CLASRP,CSMD3,-0.0060421
CNTNAP3,CSMD3,-0.003991876
TMBIM4,CSMD3,-0.008040851
RPL4,CSMD3,-0.0070582754
BABAM2,CSMD3,-0.0020537223
CDC16,CSMD3,-0.02067415
CCL11,CSMD3,-0.006250263
LRRC7,CSMD3,-0.014053685
OBP2A,CSMD3,-0.0029825848
ERN2,CSMD3,-0.047504906
CD300E,CSMD3,-0.00744894
MUC5B,CSMD3,-0.0038678558
LIPN,CSMD3,-0.013072789
DCLK1,CSMD3,-0.0020887705
LUC7L,CSMD3,-0.0076328507
CCDC151,CSMD3,-0.019998025
COMMD1,CSMD3,-0.005421253
OXCT2,CSMD3,-0.0076662824
BAIAP2,CSMD3,-0.0048102066
ZNF467,CSMD3,-0.004913904
HCRT,CSMD3,-0.008846771
MAL2,CSMD3,-0.0063897357
CCDC90B,CSMD3,-0.004255988
SPATC1L,CSMD3,-0.0125161195
RTF2,CSMD3,-0.006237153
MED11,CSMD3,-0.0071165543
NKX2-1,CSMD3,-0.04337874
CYREN,CSMD3,-0.011450035
TBC1D17,CSMD3,-0.0044936687
DNAJC5,CSMD3,-0.00723675
ERMP1,CSMD3,-0.004862632
C11orf91,CSMD3,-0.00573625
TSPAN32,CSMD3,-0.0054317275
GRB7,CSMD3,-0.01376352
CORO6,CSMD3,-0.0021323278
TMPRSS7,CSMD3,-0.01325749
SPATS2L,CSMD3,-0.0014123623
ADGRE2,CSMD3,-0.0073613334
TAS2R4,CSMD3,-0.004729055
RNPEPL1,CSMD3,-0.0021935978
CCDC33,CSMD3,-0.00768069
SKA3,CSMD3,-0.009653082
PLD6,CSMD3,-0.0020321333
KRT34,CSMD3,-0.011279388
EIF5AL1,CSMD3,-0.0026199159
MRPL47,CSMD3,-0.003369148
LANCL2,CSMD3,-0.023017133
PKNOX2,CSMD3,-0.001578835
PAX5,CSMD3,-0.0024405608
FGFBP3,CSMD3,-0.006059201
COQ2,CSMD3,-0.006198966
CBFA2T3,CSMD3,-0.004650062
SLC16A7,CSMD3,-0.007698776
BMERB1,CSMD3,-0.0009203336
SRSF9,CSMD3,-0.009720148
EMILIN3,CSMD3,0.00027503824
RFX2,CSMD3,-0.003932161
PLB1,CSMD3,-0.009458187
WNT8B,CSMD3,-0.004467183
UAP1L1,CSMD3,-0.0046606655
LRRC43,CSMD3,-0.012898327
TMEM86B,CSMD3,-0.0113435285
ALPL,CSMD3,-0.008251314
GCA,CSMD3,-0.0054225125
SERPIND1,CSMD3,-0.0035681122
IL1RAP,CSMD3,-0.011005205
SLC7A4,CSMD3,-0.008392009
OR10H5,CSMD3,-0.0037572975
FCHO2,CSMD3,-0.004599036
TSTD1,CSMD3,-0.0076336106
NDUFA4L2,CSMD3,-0.0035911975
FST,CSMD3,-0.0051272623
RCE1,CSMD3,-0.0069071776
CCDC68,CSMD3,-0.0024963068
TEX11,CSMD3,-0.0119381435
CMTM2,CSMD3,-0.0025488783
ADGRG3,CSMD3,-0.0034892706
ZNF280B,CSMD3,-0.0048502805
TRHDE,CSMD3,-0.012575762
HORMAD1,CSMD3,-0.019686889
ACTR3B,CSMD3,-0.010421707
CRB1,CSMD3,-0.0072007943
MOK,CSMD3,-0.005781214
TMEM191C,CSMD3,-0.024597643
ZCWPW2,CSMD3,-0.0074514514
TICAM2,CSMD3,-0.0053972616
AC055839.2,CSMD3,-0.0031161907
CDADC1,CSMD3,0.005044508
IL24,CSMD3,-0.009184286
PSTPIP1,CSMD3,-0.013592763
SMAD3,CSMD3,-0.000463885
SCN3B,CSMD3,-0.008739321
CCDC88B,CSMD3,-0.0074243713
RNF24,CSMD3,-0.030279612
HOXA9,CSMD3,-0.022708822
ABLIM3,CSMD3,-0.008840111
TRPA1,CSMD3,-0.012641643
CHRM3,CSMD3,-0.00267843
MFGE8,CSMD3,-0.0041047023
SMIM14,CSMD3,-0.006337514
CTNNA2,CSMD3,-0.0010485596
C1orf21,CSMD3,-0.006144734
CRLS1,CSMD3,-0.0077298833
NFE2L2,CSMD3,-0.002228554
CKS1B,CSMD3,0.00055142876
GPR157,CSMD3,-0.004558426
PNPLA7,CSMD3,-0.0092396615
GLOD4,CSMD3,-0.0030721251
IL31RA,CSMD3,-0.003819509
CNKSR3,CSMD3,-0.008665796
NLGN4X,CSMD3,-0.0031264566
ZNF621,CSMD3,-0.009366297
ZC3HC1,CSMD3,-0.010133109
GPR78,CSMD3,-0.010981432
FSIP2,CSMD3,-0.006309803
ADRB2,CSMD3,-0.005885788
PSCA,CSMD3,-0.01400236
KCNIP2,CSMD3,-0.012731503
RPUSD1,CSMD3,-0.0069823214
NDUFS3,CSMD3,-0.0017124538
TSKU,CSMD3,-0.008078431
MACROD1,CSMD3,-0.006154018
HAUS4,CSMD3,-0.0016509139
METTL22,CSMD3,-0.024081977
UBE2G1,CSMD3,-0.02062819
EXO1,CSMD3,0.00091019913
FUT1,CSMD3,-0.0032164773
LRRC28,CSMD3,-0.007496684
CARHSP1,CSMD3,-0.001633766
HUS1B,CSMD3,-0.010997695
COBL,CSMD3,-0.0054061017
NEK9,CSMD3,-0.013578392
ZNF83,CSMD3,-0.012154871
ENO3,CSMD3,5.2122323e-05
IFIT3,CSMD3,-0.0018268903
STIMATE,CSMD3,-0.008704744
PHF11,CSMD3,-0.0077928733
MANBAL,CSMD3,-0.0045042937
AKR1B1,CSMD3,-0.0010281043
MYO18B,CSMD3,-0.0076426715
IFIH1,CSMD3,-0.013994976
UGT2B17,CSMD3,-0.0039969436
SSPN,CSMD3,-0.0042198617
EMC6,CSMD3,-0.0063440213
MSC,CSMD3,-0.0069773267
CD72,CSMD3,-0.0046234946
ATAD3C,CSMD3,-0.0011638217
RNF212,CSMD3,-0.014829315
GSTO1,CSMD3,-0.025336936
LY96,CSMD3,-0.010170333
ING2,CSMD3,-0.005871029
TBC1D32,CSMD3,-0.010179964
NCF2,CSMD3,-0.0027633437
XRCC4,CSMD3,-0.008262665
MTURN,CSMD3,-0.007237171
NHLH2,CSMD3,-0.009161329
SEMA4D,CSMD3,-0.0016231994
PMFBP1,CSMD3,-0.00929464
RIPOR1,CSMD3,-0.0018622556
GAL3ST2,CSMD3,-0.017193373
CPD,CSMD3,-0.0139345415
NKX1-2,CSMD3,-0.002839785
CLK1,CSMD3,0.0006113343
SEMA5A,CSMD3,-0.0131497085
STK4,CSMD3,-0.008286963
CLEC1B,CSMD3,-0.0076335585
MDFIC,CSMD3,-0.010178309
HLA-DRB1,CSMD3,-0.009657614
XRCC1,CSMD3,-0.0004900896
NOS1,CSMD3,-0.005330299
NPBWR1,CSMD3,-0.0050697885
SAMD10,CSMD3,-0.008551311
KLHL25,CSMD3,-0.0068173124
INSIG1,CSMD3,-0.008861692
CHMP1B,CSMD3,-0.010170863
ALG14,CSMD3,-0.016646923
HBB,CSMD3,-0.0018438402
MIEF2,CSMD3,-0.033194724
ZNF121,CSMD3,-0.0069251647
WDR72,CSMD3,-0.005666071
CDCA4,CSMD3,-0.015453572
SPAG7,CSMD3,-0.0037367966
SIRPA,CSMD3,0.0012404342
SIM2,CSMD3,-0.011761478
TTBK2,CSMD3,-0.0015244281
MBNL3,CSMD3,-0.008108156
PTPRQ,CSMD3,-0.020283632
TRMT2A,CSMD3,-0.0043137567
MITD1,CSMD3,-4.9550916e-05
BMP2,CSMD3,-0.018341802
MALRD1,CSMD3,-0.008470061
CDC42SE2,CSMD3,-0.006322867
LEP,CSMD3,-0.0016086192
SMN2,CSMD3,-0.0130985025
L3MBTL4,CSMD3,-0.005554828
CT45A1,CSMD3,-0.011555046
ANGPTL3,CSMD3,-0.008377721
RBM19,CSMD3,-0.012255526
C2CD6,CSMD3,-0.01437966
RPS6KA6,CSMD3,-0.0006493738
NAV1,CSMD3,-0.008992417
DISP3,CSMD3,-0.006627278
FAM83C,CSMD3,-0.005465122
SLC35F4,CSMD3,-0.006062591
TMEM107,CSMD3,-0.007411157
PLAC8L1,CSMD3,-0.008012713
S100Z,CSMD3,-0.007114858
NPM2,CSMD3,-0.03717571
TUBGCP5,CSMD3,-0.0073281983
POU6F2,CSMD3,-0.033581935
NETO1,CSMD3,-0.0014269602
AGMAT,CSMD3,-0.013011752
B4GALNT2,CSMD3,-0.021196555
MPND,CSMD3,0.00036388976
CRABP1,CSMD3,-0.017536778
CCN5,CSMD3,-0.009426685
SH2B1,CSMD3,-0.012569417
MAP1LC3C,CSMD3,-0.022219822
PIGW,CSMD3,-0.002383115
PPP1R3C,CSMD3,-0.0025247273
EIF3E,CSMD3,-0.002500523
CFAP45,CSMD3,-0.002868266
PRAME,CSMD3,-0.0039218175
RNF225,CSMD3,-0.016750965
PDLIM3,CSMD3,-0.0066819824
PHF1,CSMD3,-0.008028006
MAFB,CSMD3,-0.01894905
SERPINA6,CSMD3,-0.0005474153
RDH13,CSMD3,-0.0040963353
CASP6,CSMD3,-0.014068208
UBE2N,CSMD3,-0.0009031049
CSF2RB,CSMD3,-0.0030494833
CDK7,CSMD3,-0.0059536286
PRR20G,CSMD3,-0.0027514244
GLI4,CSMD3,-0.01477212
RPEL1,CSMD3,-0.00906577
KRT31,CSMD3,-0.015684547
DDX28,CSMD3,-0.0007132428
C9orf78,CSMD3,-0.0061436505
KRT4,CSMD3,-0.0047778147
CCL20,CTNND2,-0.028541096
IL1R2,CTNND2,-0.0073295715
ZNF714,CTNND2,-0.014300677
SIGLEC8,CTNND2,-0.008074517
PHOSPHO2,CTNND2,-0.017827459
CRIPT,CTNND2,-0.0031417867
TRUB2,CTNND2,-0.016014295
SLC7A5,CTNND2,-0.01244359
EGLN3,CTNND2,-0.041125886
UCHL5,CTNND2,-0.049640015
SOX9,CTNND2,-0.031931374
TRPV1,CTNND2,-0.016415006
GEMIN2,CTNND2,-0.0100177815
ZBTB17,CTNND2,-0.013043662
SESN3,CTNND2,-0.021618279
CAP1,CTNND2,-0.0045181555
ROR2,CTNND2,-0.030380059
EBF3,CTNND2,-0.013275617
VPS11,CTNND2,-0.016672516
ATP2B2,CTNND2,-0.00979886
SPCS1,CTNND2,-0.013540358
OPRD1,CTNND2,-0.008965281
CDH4,CTNND2,-0.018122409
CHIC2,CTNND2,-0.002751308
CAMK2A,CTNND2,-0.02468098
UGDH,CTNND2,-0.048851553
ATP6AP1L,CTNND2,-0.008868037
LRRC8B,CTNND2,-0.13804646
SLPI,CTNND2,-0.023012908
WDR91,CTNND2,-0.04195215
CYP2C9,CTNND2,-0.04035126
LGALS9C,CTNND2,-0.0117662875
STON1,CTNND2,-0.017512565
KCTD14,CTNND2,-0.008160568
CHUK,CTNND2,-0.06800749
WDR27,CTNND2,-0.021434497
CCDC68,CTNND2,-0.05492051
SLC35B4,CTNND2,-0.024687761
DDN,CTNND2,-0.009308534
CD99,CTNND2,-0.03267952
PLEK2,CTNND2,-0.102490835
DMBT1,CTNND2,-0.004942139
FP565260.1,CTNND2,-0.01330487
SH3BGRL2,CTNND2,-0.020253504
PFN1,CTNND2,-0.027130302
C11orf1,CTNND2,-0.0201998
USP25,CTNND2,-0.016489217
DLGAP4,CTNND2,-0.039870646
DCST1,CTNND2,-0.0074678613
AC118553.2,CTNND2,-0.005804577
ARMC6,CTNND2,-0.014628551
NDEL1,CTNND2,-0.005737146
ZDHHC11,CTNND2,-0.006141863
MYBPC1,CTNND2,-0.03783819
SLC5A12,CTNND2,-0.03693744
SNX7,CTNND2,-0.07211524
TMEM196,CTNND2,-0.09432781
HOXB1,CTNND2,-0.01706334
PRKAA2,CTNND2,-0.0567529
UPK1A,CTNND2,-0.038265392
LRRC3,CTNND2,-0.032762755
CCT7,CTNND2,-0.0063511445
CCDC33,CTNND2,-0.010866742
NEK8,CTNND2,-0.0069448235
PER1,CTNND2,-0.0072503667
FCGBP,CTNND2,-0.07589095
CBR1,CTNND2,-0.023788031
EFR3A,CTNND2,-0.041673694
SLC39A8,CTNND2,-0.048818864
RIMBP2,CTNND2,-0.016346399
SH3BP2,CTNND2,-0.07460779
WSCD1,CTNND2,-0.011527222
ZSCAN23,CTNND2,-0.03577865
BAG6,CTNND2,-0.021462934
TMEM269,CTNND2,-0.024284426
EDN3,CTNND2,-0.036707044
TMOD3,CTNND2,-0.03391319
NFE2L2,CTNND2,-0.054133333
RPS6KB2,CTNND2,-0.017650336
STC1,CTNND2,-0.022223884
CARMIL3,CTNND2,-0.052135494
SH2D5,CTNND2,-0.03350822
GSTM1,CTNND2,-0.027176587
AK3,CTNND2,-0.010538059
ABCA10,CTNND2,-0.013104392
MICB,CTNND2,-0.034347035
HNF4G,CTNND2,-0.21461476
CLP1,CTNND2,-0.03669718
CLPSL2,CTNND2,-0.04099627
C1S,CTNND2,-0.020177359
GIMAP2,CTNND2,-0.0399687
GATAD1,CTNND2,-0.0033897175
KITLG,CTNND2,-0.01524265
DEFB126,CTNND2,-0.03389741
HSD3B7,CTNND2,-0.013608977
DISC1,CTNND2,-0.003838786
GAB1,CTNND2,-0.029905463
PRPF4,CTNND2,-0.0069936984
JAKMIP2,CTNND2,-0.020543966
ASB9,CTNND2,-0.06833134
FGF12,CTNND2,-0.014128065
TFEB,CTNND2,-0.013120076
NLRP6,CTNND2,-0.02339172
OR8S1,CTNND2,-0.031248963
DMTN,CTNND2,-0.033688895
OTX2,CTNND2,-0.04026269
ADGRV1,CTNND2,-0.06334571
CSMD3,CTNND2,-0.08729358
REST,CTNND2,-0.052388575
SP6,CTNND2,-0.026805628
FBXL8,CTNND2,-0.00193058
SERPINB6,CTNND2,-0.057277173
PAX1,CTNND2,-0.029821027
HOXD3,CTNND2,-0.035674687
MFSD10,CTNND2,-0.014992238
SFMBT1,CTNND2,0.0020508554
CBLIF,CTNND2,-0.027783927
PIK3CB,CTNND2,-0.007946336
CYB5D2,CTNND2,-0.015246928
LUZP4,CTNND2,-0.02319168
GYPE,CTNND2,-0.02883705
GGTLC2,CTNND2,-0.007918753
FUT1,CTNND2,-0.017605996
SLC25A47,CTNND2,-0.058859654
FAM111B,CTNND2,-0.11766272
FOXO1,CTNND2,-0.027475828
UGT3A2,CTNND2,-0.02029622
CELF5,CTNND2,-0.025698924
A2ML1,CTNND2,-0.033482783
RAD21L1,CTNND2,-0.014657975
SLC46A2,CTNND2,-0.021641742
HOXB13,CTNND2,-0.0817874
RAET1E,CTNND2,-0.03923384
FETUB,CTNND2,-0.035547517
ACOT8,CTNND2,-0.009255881
ATP6V1FNB,CTNND2,-0.027035657
DMRT1,CTNND2,-0.09775304
SLMAP,CTNND2,-0.012350143
HOPX,CTNND2,-0.034288347
AKIP1,CTNND2,-0.025052223
RPL9,CTNND2,-0.015426151
SORBS2,CTNND2,-0.021839233
CEP43,CTNND2,-0.015292412
PRDM8,CTNND2,-0.023522723
SMOC1,CTNND2,-0.021290928
UGT2B28,CTNND2,-0.00519763
ZNF738,CTNND2,-0.02581129
CTAGE1,CTNND2,-0.02471869
N6AMT1,CTNND2,-0.018569265
CKMT1A,CTNND2,-0.016327528
RAB30,CTNND2,-0.02274711
AL355312.5,CTNND2,-0.04142355
LETM2,CTNND2,-0.032947935
RBM27,CTNND2,-0.022480244
FXR2,CTNND2,-0.039050765
HNRNPDL,CTNND2,-0.012281187
DRD1,CTNND2,-0.010602755
RAB44,CTNND2,-0.041810643
CCDC96,CTNND2,-0.01663894
DPP6,CTNND2,-0.003951296
CCDC167,CTNND2,-0.032075763
TMCO1,CTNND2,-0.024831017
ZNRF2,CTNND2,-0.01264731
ISOC1,CTNND2,-0.0071230284
TSBP1,CTNND2,-0.05514955
ODC1,CTNND2,-0.07005475
ADORA3,CTNND2,-0.07089091
INPP5K,CTNND2,-0.026120877
LRRTM2,CTNND2,-0.018818349
FTCDNL1,CTNND2,-0.043310944
FAM155B,CTNND2,-0.057244897
SCN9A,CTNND2,-0.14204818
PWP2,CTNND2,-0.01709732
PLCG2,CTNND2,-0.030795492
TMPRSS15,CTNND2,-0.050792035
IL4R,CTNND2,-0.0003008554
FAM83D,CTNND2,-0.043191396
B2M,CTNND2,-0.0041725757
HPCAL1,CTNND2,-0.018245662
ELMO1,CTNND2,-0.024675136
PCDHB12,CTNND2,-0.038282093
MEGF9,CTNND2,-0.027984548
HOXD4,CTNND2,-0.037587002
SLCO6A1,DCHS2,-0.0023257053
DPF3,DCHS2,-0.01702879
UBE2S,DCHS2,-0.03114072
GCC1,DCHS2,-0.0018433289
SERPINA1,DCHS2,-0.009045138
CHI3L1,DCHS2,-0.028373238
STK33,DCHS2,-0.007853379
TMCO5A,DCHS2,-0.014976448
CYP26B1,DCHS2,-0.010458485
CAPNS1,DCHS2,-0.015651235
OTUB1,DCHS2,-0.0062362608
INHA,DCHS2,-0.023469456
TBC1D5,DCHS2,-0.028992992
SERF1B,DCHS2,-0.018140862
CLEC4D,DCHS2,-0.042998787
EBI3,DCHS2,-0.0022450008
TICRR,DCHS2,-0.035777614
AHDC1,DCHS2,-0.018676337
ZNF665,DCHS2,-0.026169965
LYNX1-SLURP2,DCHS2,-0.016286816
PPP1R3G,DCHS2,-0.023292772
HOXB4,DCHS2,-0.04235638
PAX8,DCHS2,-0.028726103
RALGPS1,DCHS2,-0.08942421
PIAS3,DCHS2,-0.027172633
SLC25A51,DCHS2,-0.005504253
SCIN,DCHS2,-0.05177272
AKTIP,DCHS2,-0.067243606
PCSK9,DCHS2,-0.003055847
OPCML,DCHS2,-0.0150341205
SPANXD,DCHS2,-0.018445944
SQLE,DCHS2,-0.0131600555
FGF22,DCHS2,-0.021758785
SCG3,DCHS2,-0.0071326857
NYAP1,DCHS2,-0.04166321
GALNT12,DCHS2,-0.0022385432
C19orf73,DCHS2,-0.015124005
CENPJ,DCHS2,-0.047293555
SPDYC,DCHS2,-0.028711937
CCDC130,DCHS2,1.6949543e-05
SIAH1,DCHS2,-0.010431738
FAT3,DCHS2,-0.06812341
ADAM22,DCHS2,-0.12069084
SCGB2A1,DCHS2,-0.0080981525
PILRB,DCHS2,-0.10992237
ACTRT3,DCHS2,-0.012681042
GTDC1,DCHS2,-0.018513856
UBE2H,DCHS2,-0.023314795
AP006621.6,DCHS2,-0.026230842
MUC22,DCHS2,-0.06059238
UBE2E3,DCHS2,-0.012488636
RAB43,DCHS2,-0.03322085
CNBD2,DCHS2,-0.04722342
ADM5,DCHS2,-0.109982744
MUC15,DCHS2,-0.01017806
DPF1,DCHS2,-0.012461236
KRT8,DCHS2,-0.070253946
ASS1,DCHS2,-0.02594439
OR5H1,DCHS2,-0.020789307
CHST1,DCHS2,-0.013180177
SPATS2L,DCHS2,-0.018264696
AC139491.7,DCHS2,-0.020094408
METTL8,DCHS2,-0.0114329625
ITGA2B,DCHS2,-0.31608534
SETD3,DCHS2,-0.019670604
GLYCTK,DCHS2,-0.02777808
NHLH2,DCHS2,-0.051727585
MARCKS,DCHS2,-0.011174283
ENTPD2,DCHS2,-0.04013211
SH2D4B,DCHS2,-0.043977153
PLPPR2,DCHS2,-0.019447522
ADPRH,DCHS2,-0.00692654
SYCP2,DCHS2,-0.06421322
PROKR1,DCHS2,-0.027513813
KIR3DL1,DCHS2,-0.011355989
ASL,DCHS2,-0.049751423
GALE,DCHS2,-0.076945014
DRAM1,DCHS2,-0.02734757
QSOX2,DCHS2,-0.027834928
MST1R,DCHS2,-0.015854115
FKBP4,DCHS2,-0.004611572
ZNF524,DCHS2,-0.0475737
ALKBH7,DCHS2,-0.00302484
HCAR2,DCHS2,-0.16789669
ANXA2R,DCHS2,-0.015204277
TEX53,DCHS2,-0.019013107
EIF4E,DCHS2,-0.1169587
PYM1,DCHS2,-0.03588668
C10orf62,DCHS2,-0.02858459
CCN6,DCHS2,-0.023783538
CPA2,DCHS2,-0.034720864
EXOSC5,DCHS2,-0.016044538
TIAF1,DCHS2,-0.113866
NPIPB11,DCHS2,-0.030001013
SLC1A7,DCHS2,-0.0018912049
EPOP,DCHS2,-0.020663619
VASH2,DCHS2,-0.00077797926
GABRQ,DCHS2,-0.013767777
ROR1,DCHS2,-0.02939906
RAB26,DCHS2,-0.019297643
BRCA2,DCHS2,-0.061590586
PGAP3,DCHS2,-0.008347992
PTGER3,DCHS2,-0.022271695
TCEAL2,DCHS2,-0.036849454
CDCP1,DCHS2,-0.018087383
GPER1,DCHS2,-0.011592311
INTS4,DCHS2,-0.08070627
CHIT1,DCHS2,-0.014400644
SPRED3,DCHS2,-0.022747116
HSD17B13,DCHS2,-0.06534582
PPAT,DCHS2,-0.14001432
FAM221A,DCHS2,-0.3151883
SOHLH1,DCHS2,-0.31865752
OR52L1,DCHS2,-0.022685157
KISS1,DCHS2,-0.051778488
CTSV,DCHS2,-0.008537158
TCEAL1,DCHS2,-0.019600268
RBP1,DCHS2,-0.02975535
CRACDL,DCHS2,-0.015198845
EMILIN2,DCHS2,-0.030362414
SLC7A9,DCHS2,-0.018705897
SLC17A7,DCHS2,-0.22075282
PINK1,DCHS2,-0.019116279
ZSWIM7,DCHS2,-0.027480528
ZNF184,DCHS2,-0.037589304
ZNF415,DCHS2,-0.03394388
CSAG3,DCHS2,-0.018080879
ANXA3,DCHS2,-0.016963512
OBSL1,DCHS2,-0.026200369
CNTN4,DCHS2,-0.022097632
FASTKD5,DCHS2,-0.006155894
GCK,DCHS2,-0.02316523
FAM178B,DCHS2,-0.013024457
BBS5,DCHS2,-0.008715748
FOXJ1,DCHS2,-0.025117049
ALOX15B,DCHS2,-0.022582503
GPR158,DCHS2,-0.017093863
CHIC2,DCHS2,-0.020393701
PCSK1,DCHS2,-0.01563112
KRTAP19-1,DCHS2,-0.021940678
MSTN,DCHS2,-0.0076347846
PLXNA4,DCHS2,-0.024594799
OVOL2,DCHS2,-0.051080525
ALDH1L2,DCHS2,-0.057999104
ENTPD8,DCHS2,-0.046165228
VCPKMT,DCHS2,-0.014538813
CYTH2,DCHS2,-0.03889857
FBXL17,DCHS2,-0.037080437
ARFGEF3,DCHS2,-0.06552567
AK3,DCHS2,-0.00742817
SULT2A1,DCHS2,-0.026214357
APOC1,DCHS2,-0.016007124
ZAN,DCHS2,-0.017462997
PIK3C2G,DCHS2,-0.026073394
H4C14,DNAH9,-0.001594006
SLC25A40,DNAH9,-0.009369558
PCOLCE2,DNAH9,-0.004350657
TRIM44,DNAH9,-0.014812041
TNFAIP1,DNAH9,-0.008235866
TNFRSF11B,DNAH9,-0.025663007
GNMT,DNAH9,-0.0078089274
SLC25A31,DNAH9,-0.011509552
PTEN,DNAH9,-0.008856022
PLA2G12A,DNAH9,-0.004660483
HTRA4,DNAH9,-0.0070458236
EIF4E2,DNAH9,-0.015581611
NSUN7,DNAH9,-0.007003618
RAB3GAP1,DNAH9,-0.00826764
DYRK4,DNAH9,-0.0179187
CLP1,DNAH9,-0.0072106374
GPNMB,DNAH9,-0.09509825
SMPD2,DNAH9,-0.014661599
PRXL2A,DNAH9,-0.008013241
PAGR1,DNAH9,-0.023408132
NPEPL1,DNAH9,-0.015085652
LY6D,DNAH9,-0.011432683
MFSD10,DNAH9,-8.670618e-05
MPZL3,DNAH9,-0.003825261
IQCG,DNAH9,-0.04680209
FZD6,DNAH9,-0.004890129
BHLHE41,DNAH9,-0.016389035
TTC21A,DNAH9,-0.008614083
TREML1,DNAH9,-0.007942631
AIM2,DNAH9,-0.002309852
MAGOHB,DNAH9,-0.0018994067
DAPP1,DNAH9,-0.0205731
YES1,DNAH9,-0.0044276407
PROCA1,DNAH9,-0.0069453493
ATP2C2,DNAH9,-0.007614431
CT45A1,DNAH9,-0.021182174
EPOP,DNAH9,-0.017094238
LRRC14,DNAH9,-0.003858821
CBLL1,DNAH9,-0.02201141
COLGALT2,DNAH9,-0.01603344
THNSL2,DNAH9,-0.0055989646
TRMT11,DNAH9,-0.009187814
GOLGA6L7,DNAH9,-0.0026144236
PCDHA3,DNAH9,-0.010769777
ZDHHC23,DNAH9,-0.012645406
MYZAP,DNAH9,-0.019273013
ZC3H11B,DNAH9,-0.012427786
IGSF3,DNAH9,-0.0078122485
BPNT1,DNAH9,-0.022261301
CAPNS2,DNAH9,-0.04382612
PCDH1,DNAH9,-0.0064590164
NUDT5,DNAH9,-0.0115919635
MS4A1,DNAH9,-0.0035302453
MEGF9,DNAH9,-0.030146714
TXLNA,DNAH9,-0.01117208
ATG9B,DNAH9,-0.026628101
RHEB,DNAH9,-0.028786112
CPA5,DNAH9,-0.01116451
STK17A,DNAH9,-0.010473293
IFI35,DNAH9,-0.0054426156
FRG1,DNAH9,-0.023669709
SNRPE,DNAH9,-0.00084267097
CALU,DNAH9,-0.008347822
SRGAP1,DNAH9,-0.018943526
TSR2,DNAH9,-0.009574232
CBLN1,DNAH9,-0.019834898
MAGEA4,DNAH9,-0.02439693
SEMA3B,DNAH9,-0.010277028
ANXA13,DNAH9,-0.048686653
ZSCAN16,DNAH9,-0.021817563
RNF175,DNAH9,-0.0076359175
PEDS1,DNAH9,-0.022005878
DENND5A,DNAH9,-0.029811893
SFMBT1,DNAH9,-0.014626383
C5orf24,DNAH9,-0.03519515
PADI1,DNAH9,-0.0043647494
ABCB9,DNAH9,-0.016061557
PRDM4,DNAH9,-0.012369787
UQCRQ,DNAH9,-0.009588071
ACTG2,DNAH9,-0.0023762977
CXCL13,DNAH9,-0.024419395
CCDC17,DNAH9,-0.032564927
TRPM6,DNAH9,-0.018176606
TNFRSF10B,DNAH9,-0.0118605355
AC008770.2,DNAH9,-0.013147598
PGAP4,DNAH9,-0.02572267
MRPL1,DNAH9,-0.017213287
TMEM88,DNAH9,-0.016313951
EIF6,DNAH9,-0.019414289
MMP10,DNAH9,-0.009969574
NPTX1,DNAH9,-0.0038714604
CCNQ,DNAH9,-0.0045600017
MFSD4B,DNAH9,-0.036042113
UAP1,DNAH9,-0.020890001
TTLL11,DNAH9,-0.006893724
INHA,DNAH9,-0.020879554
KCNC1,DNAH9,-0.019096062
OLFM2,DNAH9,-0.009657013
FMO3,DNAH9,-0.074988775
CEBPE,DNAH9,-0.0029301932
HDAC9,DNAH9,-0.010661175
FASTK,DNAH9,-0.04751841
ZNF43,DNAH9,-0.013308837
SLC1A3,DNAH9,-0.008093107
HMX1,DNAH9,-0.044644874
EPX,DNAH9,-0.011034374
MUL1,DNAH9,-0.011154613
SOX7,DNAH9,-0.03090195
PCDHB11,DNAH9,-0.010567021
ZNF14,DNAH9,-0.004061634
TP53I3,DNAH9,-0.04403927
DBNDD2,DNAH9,-0.04886715
ARF6,DNAH9,-0.01598285
CTIF,DNAH9,-0.0091390675
TEKT3,DNAH9,-0.0047491686
CRACR2B,DNAH9,-0.009355244
SDHAF3,DNAH9,-0.012674418
TCIRG1,DNAH9,-0.020345686
MPIG6B,DNAH9,-0.016145384
MMP11,DNAH9,-0.0059444453
RTN4,DNAH9,-0.013329258
GABBR1,DNAH9,-0.0063433177
ERC2,DNAH9,-0.020994358
PCDHGA11,DNAH9,-0.014339072
ANO3,DNAH9,-0.0059414012
ACVR1C,DNAH9,-0.03795419
PTGER3,DNAH9,-0.012588545
PIK3CD,DNAH9,-0.027086703
NUDT11,DNAH9,-0.014536273
IGLL5,DNAH9,-0.0071740104
MID1,DNAH9,-0.0029965094
AL355312.5,DNAH9,-0.0051588216
TM4SF1,DNAH9,-0.033494387
KRT32,DNAH9,-0.012365045
NANOS1,DNAH9,-0.05619237
SURF6,DNAH9,-0.044469967
CFAP97D2,DNAH9,-0.053067606
ERMN,DNAH9,-0.014838844
SLC28A2,DNAH9,-0.004425738
SERPINH1,DNAH9,-0.02648426
TESMIN,DNAH9,-0.04156982
PDZK1,DNAH9,-0.015182343
TRPM2,DNAH9,-0.025437823
MKRN2,DNAH9,-0.018541766
NR5A1,DNAH9,-0.05060751
HMGN5,DNAH9,-0.03903773
MYBL2,DNAH9,-0.022747535
ZSCAN9,DNAH9,-0.01301258
MTRNR2L1,DNAH9,-0.021393646
TCAF2,DNAH9,-0.006204935
PLSCR3,DNAH9,-0.007111541
PGLYRP4,DNAH9,-0.017656112
HPGDS,DNAH9,-0.007393283
AGAP3,DNAH9,-0.024011608
NODAL,DNAH9,-0.024255387
SREK1IP1,DNAH9,-0.010535046
SLC25A18,DNAH9,-0.02655945
CCDC151,DNAH9,-0.100688726
SMO,DNAH9,-0.0028202564
RPH3AL,DNAH9,-0.014402143
ABCG4,DNAH9,-0.007409893
BEST4,DNAH9,-0.06986435
SEMA7A,DNAH9,-0.013655321
PWP2,DNAH9,-0.08565894
HHAT,DNAH9,-0.01570319
SLC2A6,DNAH9,-0.030932039
MTUS1,DNAH9,-0.01289262
LAP3,DNAH9,-0.014423701
HLA-G,DNAH9,-0.016576603
CFAP298,DNAH9,-0.016266556
VPS25,DNAH9,-0.0045631663
THNSL1,DNAH9,-0.0037024382
CNIH2,DNAH9,-0.012243168
CDCA4,DNAH9,-0.01558279
IRS1,DNAH9,-0.01833448
ZG16B,DNAH9,-0.0029378487
HDX,DNAH9,-0.018158289
NWD1,DNAH9,-0.016192865
GALM,DNAH9,-0.0017163609
ANKRD42,DNAH9,-0.030507786
ZBTB40,DNAH9,-0.020822238
ELOB,DNAH9,-0.007264025
ZFP1,DNAH9,-0.0053640613
BAHCC1,DNAH9,-0.05287072
RPF2,DNAH9,-0.030710422
UPK1B,DNAH9,-0.065934286
STPG3,DNAH9,-0.0007613836
TMEM225B,DNAH9,-0.012936483
DNMT3B,DNAH9,-0.02257629
PSMG1,DNAH9,-0.021068314
IFITM3,DNAH9,-0.0073801926
CTSH,DNAH9,-0.009677996
ZDHHC2,DNAH9,-0.018857786
LYPD5,DNAH9,-0.008578609
FGFR1OP2,DNAH9,-0.0010643716
CDK5R1,DNAH9,-0.03977147
MAGEC2,DNAH9,-0.02546497
RAET1E,DNAH9,-0.011497792
BTBD16,DNAH9,-0.013354346
GTF2A1,DNAH9,-0.022346659
PER1,DNAH9,-0.003918614
QRICH2,DNAH9,-0.016157158
C9orf131,DNAH9,-0.01235283
TPRN,DNAH9,-0.0107157575
FAM3A,DNAH9,-0.027437108
NGB,DNAH9,-0.022985412
GATD3A,DNAH9,-0.01191408
CYP26B1,DNAH9,-0.010317476
TCERG1L,DNAH9,-0.00783353
ZNF605,DNAH9,-0.0011735919
TMEM89,DNAH9,-0.012829563
RGS19,DNAH9,-0.018816886
FSD1L,DNAH9,-0.015890012
IQGAP3,DNAH9,-0.013100877
SLC25A2,DNAH9,-0.015596416
PROKR1,DNAH9,-0.0067145214
RWDD1,DNAH9,-0.0133911995
SNX3,DNAH9,-0.04323704
LHPP,DNAH9,-0.018733896
LENG8,DNAH9,-0.014905648
NKIRAS1,DNAH9,-0.026985366
RDH10,DNAH9,-0.0032005005
SPINK2,DNAH9,-0.006331017
KALRN,DNAH9,-0.020630946
LGALS14,DNAH9,-0.023274742
IFI44L,DNAH9,-0.008852609
PRIMA1,DNAH9,-0.015841817
TOX2,DNAH9,6.175638e-05
PCDH8,DNAH9,-0.007894438
BMP8A,DNAH9,-0.008181078
CDK15,DNAH9,-0.008370013
MYOZ3,DNAH9,-0.014798774
RERE,DNAH9,-0.0066684317
ADGRL3,DNAH9,-0.00520518
DTNB,DNAH9,-0.006705392
H2AC18,DNAH9,-0.040964935
FIBCD1,DNAH9,-0.01389314
TPBGL,DNAH9,-0.018521104
ICAM1,DNAH9,-0.0444916
LY6K,DNAH9,-0.024727918
TLCD4-RWDD3,DNAH9,-0.04256553
RIOK3,DNAH9,-0.009769359
PLCZ1,DNAH9,-0.01001957
STK19,DNAH9,-0.024142224
YTHDF1,DNAH9,-0.015827073
SEL1L3,DNAH9,-0.043641604
HEXB,DNAH9,-0.030833649
CT45A10,DNAH9,-0.3526591
P4HTM,DNAH9,-0.02758925
LY6E,DNAH9,-0.00918451
GOSR2,DNAH9,-0.049803026
PLAA,DNAH9,-0.008017949
DPF3,DNAH9,-0.025773829
KRBA1,DNAH9,-0.018896785
KCNJ2,DNAH9,-0.003701178
DENND3,DNAH9,-0.004187229
NDRG4,DNAH9,-0.01822105
SHISA4,DNAH9,-0.011160848
IZUMO1,DNAH9,-0.04277457
RIPK2,DNAH9,-0.050433747
KLF17,DNAH9,-0.018352866
STYXL1,DNAH9,-0.012060158
C14orf119,DNAH9,-0.032748796
WBP2NL,DNAH9,-0.012852993
NTPCR,DNAH9,-0.0030744132
TMEM158,DNAH9,-0.042953376
LEFTY1,DNAH9,-0.018940862
IRF8,FAT2,-0.014277357
COL5A1,FAT2,-0.013077541
PGBD1,FAT2,-0.008208096
C20orf202,FAT2,-0.013680073
PCDHA6,FAT2,-0.002429842
NANS,FAT2,-0.004041718
PACSIN1,FAT2,-0.07131154
MAST1,FAT2,-0.028940072
CATIP,FAT2,-0.07552884
SERPINB4,FAT2,-0.052404482
CLEC12A,FAT2,-0.009052629
TCEAL9,FAT2,-0.034840215
MAGEA8,FAT2,-0.00958757
DDX23,FAT2,-0.022568762
IL17RC,FAT2,-0.01890316
GPC5,FAT2,-0.029373653
SECTM1,FAT2,-0.008691818
DNAJB12,FAT2,-0.011737342
NANOS1,FAT2,-0.062251944
OFD1,FAT2,-0.016249223
ERVFRD-1,FAT2,-0.0072247037
NXF1,FAT2,-0.005496597
NPIPB2,FAT2,-0.027344123
ADAM20,FAT2,-0.015117804
PLAAT4,FAT2,-0.01889881
IGFBPL1,FAT2,-0.12003585
TRIM11,FAT2,-0.07844889
PSKH1,FAT2,-0.06549118
SIX5,FAT2,-0.18372598
RGS18,FAT2,-0.010610507
MOB4,FAT2,-0.0066194953
TRIM7,FAT2,-0.025520887
WFIKKN2,FAT2,-0.048699703
FAN1,FAT2,-0.13523215
GABRE,FAT2,-0.022629213
HLA-A,FAT2,-0.013945464
FOCAD,FAT2,-0.05816885
AMMECR1,FAT2,-0.0069837077
AK8,FAT2,-0.031856105
FABP7,FAT2,-0.022521164
TMEM65,FAT2,-0.032266792
ALG1L2,FAT2,-0.050900154
TMEM123,FAT2,-0.025358835
HSD17B6,FAT2,-0.0147793405
H3-5,FAT2,-0.05319691
SAP30BP,FAT2,-0.03416594
ALOX15B,FAT2,-0.011401003
SCAF1,FAT2,-0.0089651225
PTCHD4,FAT2,-0.006781753
MTRNR2L1,FAT2,-0.048882768
SHISA5,FAT2,-0.01508843
PELI2,FAT2,-0.02474472
HSPD1,FAT2,-0.0117842825
ZSWIM4,FAT2,-0.018494416
LHX5,FAT2,-0.024629166
ETNPPL,FAT2,-0.022339232
CD1D,FAT2,-0.016971607
SLC35E2B,FAT2,-0.017937448
CORO6,FAT2,-0.016373372
FAM205A,FAT2,-0.021553202
KCTD2,FAT2,-0.027165571
CSPG5,FAT2,-0.16483934
HLCS,FAT2,-0.02215502
SLC10A3,FAT2,-0.0118331
PTGS1,FAT2,-0.009277678
SNRK,FAT2,-0.020969752
POLR2L,FAT2,-0.010730947
RPS6KA5,FAT2,-0.008163934
DCAF13,FAT2,-0.031177403
INSIG1,FAT2,-0.021165004
INTS3,FAT2,-0.01957697
EIF3L,FAT2,-0.020042505
GHITM,FAT2,-0.016914189
VPS37B,FAT2,-0.05274603
XPA,FAT2,-0.016787153
MAML2,FAT2,-0.017042747
MOGAT3,FAT2,-0.017337333
EBPL,FAT2,-0.022949727
EDDM13,FAT2,-0.0136362305
DEPTOR,FAT2,-0.011186067
MMAA,FAT2,-0.013794755
GOLGA1,FAT2,-0.002484472
SERPINA11,FAT2,-0.042655073
NUDT2,FAT2,-0.027937852
PSG9,FAT2,-0.019515892
CPT1C,FAT2,-0.018480549
ZIK1,FAT2,-0.012862342
NKX6-1,FAT2,-0.0127334865
FAM185A,FAT2,-0.033289112
APOL2,FAT2,-0.018918233
AMIGO1,FAT2,-0.017998068
ARRDC1,FAT2,-0.017465828
AGAP3,FAT2,-0.0024571142
MAG,FAT2,-0.026083076
METAP1D,FAT2,-0.025194397
SLCO2A1,FAT2,-0.011770226
RASEF,FAT2,-0.052535444
APBA1,FAT2,-0.065546334
BCL7C,FAT2,-0.018935995
BST2,FAT2,-0.030274378
FAM228B,FAT2,-0.016321022
USP40,FAT2,-0.017759547
IGF1,FAT2,-0.005916748
LAMP5,FAT2,-0.007900033
ACSS2,FAT2,-0.019059548
APMAP,FAT2,-0.008390395
KAT8,FAT2,0.0013002779
PFKFB4,FAT2,-0.06780747
HDAC5,FAT2,-0.013954704
AJAP1,FAT2,-0.068994336
NBPF26,FAT2,-0.020409094
THOC6,FAT2,-0.0133485375
RNF182,FAT2,-0.01826685
CYP11A1,FAT2,-0.010060761
RELL1,FAT2,-0.046038076
FBRSL1,FAT2,-0.011038658
FLVCR2,FAT2,-0.02899165
DZIP1,FAT2,-0.012129141
CX3CL1,FAT2,-0.007200988
FTCD,FAT2,-0.021395966
B4GALT5,FAT2,-0.045799185
PEPD,FAT2,-0.010083439
TSEN34,FAT2,-0.008483625
H2AZ2,FAT2,-0.034814447
DTX1,FAT2,-0.05662925
CA11,FAT2,-0.021250118
ACAA2,FAT2,-0.0060728607
BEGAIN,FAT2,-0.0068578687
ALDH1L1,FAT2,-0.015961256
PSMA5,FAT2,-0.0041787704
MT1G,FAT2,-0.009671795
ARF3,FAT2,-0.04319372
LAMA5,FAT2,-0.016310837
TREM2,FAT2,-0.007881609
SHANK2,FAT2,-0.03598846
RILPL2,FAT2,-0.02064936
ICA1L,FAT2,-0.0067938967
PELI3,FAT2,-0.038722277
RAB3IP,FAT2,-0.022083554
MRGPRX3,FAT2,-0.028886646
DDX3X,FAT2,-0.004386394
SCAPER,FAT2,-0.016040321
PNPLA3,FAT2,-0.03172028
FBXL16,FAT2,-0.016330255
UPK1A,FAT2,-0.030741949
PLAUR,FAT2,-0.009517331
DNASE2B,FAT2,-0.016335847
LYSMD1,FAT2,-0.059075166
PPM1B,FAT2,-0.058497462
LRRC14,FAT2,-0.066698544
TTLL9,FAT2,-0.03750084
MLXIP,FAT2,-0.022540312
CSE1L,FAT2,-0.022529066
RCBTB2,FAT2,-0.016315782
RTN2,FAT2,-0.09523963
YKT6,FAT2,-0.021229954
NEXMIF,FAT2,-0.00798366
KRT14,FAT2,-0.020623583
KDM4B,FAT2,-0.018147668
BMP5,FAT2,-0.083359845
MDGA1,FAT2,-0.014172842
ERG,FAT2,-0.015575684
SCML1,FAT2,-0.022274537
SLC47A1,FAT2,-0.011155027
GLIPR1L2,FAT2,-0.06330343
MGAT5B,FAT2,-0.0016063659
PGAM4,FAT2,-0.088062994
THAP5,FAT2,-0.018465769
ARHGEF4,FAT2,-0.031986717
WWOX,FAT2,-0.0814997
CABP1,FAT2,-0.018182281
SLITRK6,FAT2,-0.031042552
UGT1A6,FAT2,-0.022738405
COG3,FAT2,-0.07067936
CCPG1,FAT2,-0.005489392
CLEC5A,FAT2,-0.008934468
EML1,FAT2,-0.009624934
CST3,FAT2,-0.021703105
VSIG10,FAT2,-0.010525224
DYNC1I1,FAT2,-0.013471037
ARL11,FAT2,-0.016490163
ACE2,FAT2,-0.015324316
GPC4,FAT2,-0.03837561
RPGRIP1,FAT2,-0.019839363
IPMK,FAT2,-0.012389036
RTL3,FAT2,-0.026433732
PAGR1,FAT2,-0.023127213
SLC15A1,FAT2,-0.022024304
RHBDL3,FAT2,-0.0075109485
NEURL3,FAT2,-0.014575884
GFI1B,FAT2,-0.062339827
ZFYVE28,FAT2,-0.021061804
MROH1,FAT2,-0.034977324
SYT15,FAT2,-0.024147952
TBX18,FAT2,-0.012134422
NLRP7,FAT2,-0.087249584
RPL27A,FBXW7,-0.00752188
MEOX2,FBXW7,0.00059506285
DOP1A,FBXW7,-0.07078732
HPD,FBXW7,-0.016259324
RNASE2,FBXW7,7.451979e-05
NPIPB15,FBXW7,-0.008269844
APBB3,FBXW7,-0.0070801675
MPL,FBXW7,-0.012873032
CCDC69,FBXW7,-0.005282773
ERICH6,FBXW7,-0.049737208
ABHD17A,FBXW7,-0.031299267
ZBTB7C,FBXW7,-0.03128557
FAM83A,FBXW7,-0.003983942
TEX46,FBXW7,-0.01672629
KLRC2,FBXW7,-0.014195195
RCE1,FBXW7,-0.01877655
MANSC1,FBXW7,-0.053431332
RCOR2,FBXW7,-0.007100478
ASB2,FBXW7,-0.024362424
COQ4,FBXW7,-0.027106533
FBXL19,FBXW7,-0.011127263
NLRP7,FBXW7,-0.021303428
HSPB8,FBXW7,-0.043710582
OAF,FBXW7,-0.010934011
FADS3,FBXW7,-0.034414414
TTC39B,FBXW7,-0.047646042
NKPD1,FBXW7,-0.03678516
TRMT1,FBXW7,-0.025518935
HCAR3,FBXW7,-0.008467889
FGFRL1,FBXW7,-0.021061502
IL23A,FBXW7,-0.015016377
AC010542.3,FBXW7,-0.023863118
AFG1L,FBXW7,-0.0022312775
IGSF3,FBXW7,-0.023031922
SLC6A2,FBXW7,-0.018436445
WBP2,FBXW7,-0.017292079
IL27RA,FBXW7,-0.025487721
SLC25A53,FBXW7,-0.0129872495
TMEM242,FBXW7,-0.011958753
TEKT2,FBXW7,-0.01768917
NAA38,FBXW7,-0.012068695
AKNAD1,FBXW7,-0.016508583
PSD4,FBXW7,-0.0723991
IL17RE,FBXW7,-0.013206062
SIDT1,FBXW7,-0.019701043
RELA,FBXW7,-0.005946689
GATB,FBXW7,-0.01613904
MUCL1,FBXW7,-0.011548716
AGFG2,FBXW7,-0.3340048
CYP11B1,FBXW7,-0.013520187
GLB1L2,FBXW7,-0.0104646245
RRS1,FBXW7,-0.007822461
DSE,FBXW7,-0.0067487266
GBP3,FBXW7,-0.014970768
TUBAL3,FBXW7,-0.025184453
AXIN2,FBXW7,-0.08628641
PHF1,FBXW7,-0.016811313
PJA2,FBXW7,-0.02674891
DNAH5,FBXW7,-0.03280874
SMIM8,FBXW7,-0.015677055
FAHD1,FBXW7,-0.014629831
SCD,FBXW7,-0.05779406
FHL2,FBXW7,-0.28490052
ZNF311,FBXW7,-0.11741156
TAF12,FBXW7,-0.033278037
RWDD3,FBXW7,-0.0020141262
TEX10,FBXW7,-0.03112392
BBS2,FBXW7,-0.06512266
C19orf12,FBXW7,-0.023551878
SMCO2,FBXW7,-0.015060072
HYAL1,FBXW7,-0.0325561
CELA2B,FBXW7,-0.13193972
SRD5A3,FBXW7,-0.0683959
FCGBP,FBXW7,-0.019235967
EFNA2,FBXW7,-0.016907513
CFAP53,FBXW7,-0.024801584
IL6R,FBXW7,-0.021095129
ENPP7,FBXW7,-0.017255573
NUDT8,FBXW7,-0.049009945
MED31,FBXW7,-0.029713396
CDKN2AIPNL,FBXW7,-0.0029914584
AC010323.1,FBXW7,-0.01658813
TFEB,FBXW7,-0.024387801
MT-ND3,FBXW7,-0.023509808
CPEB2,FBXW7,-0.016228758
ZBBX,FBXW7,-0.013741866
ACO2,FBXW7,-0.085683465
SLC22A3,FBXW7,-0.032257218
SPTLC2,FBXW7,-0.041208114
DENND10,FBXW7,-0.02060216
PPM1D,FBXW7,-0.011646523
RASA4B,FBXW7,-0.028699195
PCBD2,FBXW7,-0.031087171
LCAT,FBXW7,-0.04968897
SHLD1,FBXW7,-0.17324094
LCE1F,FBXW7,-0.019756442
RBP1,FBXW7,-0.008851104
GZMA,FBXW7,0.00061888655
DHX32,FBXW7,-0.097743474
PLG,FBXW7,-0.012536499
CSRP2,FBXW7,-0.018085465
PIGL,FBXW7,-0.06675007
NDUFA1,FBXW7,-0.024912694
MROH6,FBXW7,-0.0093643665
KLHDC8B,FBXW7,-0.009991351
A4GALT,FBXW7,-0.030644018
AIDA,FBXW7,-0.00690447
LRRK2,FBXW7,-0.020454288
GATC,FBXW7,-0.0058731544
CBR1,FBXW7,-0.028032482
PCSK9,FBXW7,-0.012236558
TAGLN,FBXW7,-0.025507042
NLGN4X,FBXW7,-0.015750108
MMP12,FBXW7,-0.014140456
B3GNT5,FBXW7,-0.013451665
KLHL4,FBXW7,-0.004038605
FAM43A,FBXW7,-0.0033868446
C19orf73,FBXW7,-0.022360692
WSB1,FBXW7,-0.008343145
IRX4,FBXW7,-0.01593885
ACAD10,FBXW7,-0.03919447
ABAT,FBXW7,-0.18059213
NTF4,FBXW7,-0.05863038
IL10RB,FBXW7,-0.02687869
CZIB,FBXW7,-0.002794446
TXNDC17,FBXW7,-0.020242164
ACSL1,FBXW7,-0.024737373
PAG1,FBXW7,-0.06796776
AQP5,FBXW7,-0.019245284
LHB,FBXW7,-0.028784756
ZNF385B,FBXW7,-0.014983763
SPTSSB,FBXW7,-0.009937397
OTOP1,FBXW7,-0.016513623
TRIML1,FBXW7,-0.021995727
PIGW,FBXW7,-0.011923106
CFAP74,FBXW7,-0.09519735
GLTP,FBXW7,-0.018439326
IL27,FBXW7,-0.012662183
NME3,FBXW7,-0.014947294
RASGRF1,FBXW7,-0.030311441
MRRF,FBXW7,-0.01402626
STMP1,FBXW7,-0.069612764
COL26A1,FBXW7,-0.1418644
ZNF234,FBXW7,-0.021051653
LIG4,FBXW7,-0.02251045
NSG1,FBXW7,-0.014937113
ING1,FBXW7,-0.011869201
RORC,FBXW7,-0.12301674
XPNPEP3,FBXW7,-0.047182687
CLCF1,FBXW7,-0.029699422
SFXN4,FBXW7,-0.03280663
KIAA0586,FBXW7,-0.0028548401
ETFDH,FBXW7,-0.0066989586
TNFSF9,FBXW7,-0.066815
NDUFS7,FBXW7,-0.007729672
KRT3,FBXW7,-0.01555306
MAOB,FBXW7,-0.0053152526
TMEM156,FBXW7,-0.021804068
LANCL3,FBXW7,-0.016305955
MPC1,FBXW7,-0.032846857
PAQR6,FBXW7,-0.03698288
CCDC106,FBXW7,-0.007724481
TMEM225B,FBXW7,-0.008350187
BTN2A2,FBXW7,-0.046950098
SCGB3A2,FBXW7,-0.035541087
EFNA3,FBXW7,-0.025187371
MAD1L1,FBXW7,-0.014854437
NRBP2,FBXW7,-0.025015026
RAB36,FBXW7,-0.021465426
ADGRG6,FBXW7,-0.04198381
ZNF850,FBXW7,-0.01175798
TGIF1,FBXW7,-0.043243196
VDR,FBXW7,-0.026192434
TP53AIP1,FBXW7,-0.022239633
GUF1,FBXW7,-0.013018344
JHY,FBXW7,-0.028661653
PLEKHG7,FMN2,-0.004623984
SHISAL1,FMN2,-0.0047801766
AC068831.6,FMN2,-0.010959364
TBC1D3B,FMN2,-0.059675653
CACNA1B,FMN2,-0.0050247777
GRM4,FMN2,-0.013065412
SYT5,FMN2,-0.024597095
TNFRSF1A,FMN2,-0.046626396
GML,FMN2,-0.017556569
CIPC,FMN2,-0.015555058
CFAP99,FMN2,-0.015799765
SLC25A27,FMN2,-0.019793592
RSAD2,FMN2,-0.029385535
SAE1,FMN2,-0.009922648
ZBTB38,FMN2,-0.007955026
DCAF4,FMN2,-0.030300358
NANOS1,FMN2,-0.013833396
HILPDA,FMN2,-0.016203681
LAIR2,FMN2,-0.017698532
PRKAA2,FMN2,-0.07428002
CROCC,FMN2,0.00018502159
UCHL3,FMN2,-0.021269407
KLRC2,FMN2,-0.01463862
MXI1,FMN2,-0.0092690475
TMEM151A,FMN2,-0.028472152
IP6K2,FMN2,-0.017445726
C6orf132,FMN2,-0.018433286
KALRN,FMN2,-0.07745777
C13orf46,FMN2,-0.0067518787
MAZ,FMN2,-0.0044640866
TAGLN2,FMN2,-0.0039796703
APOBEC3A,FMN2,-0.010563174
DOT1L,FMN2,-0.033566628
MAFG,FMN2,-0.0013218818
GNL1,FMN2,-0.007918014
PCDH8,FMN2,-0.05175779
CA1,FMN2,-0.012278484
ERFL,FMN2,-0.024119051
EXOC4,FMN2,-0.07756996
TRMT13,FMN2,-0.009615939
IDH2,FMN2,-0.03138037
ARNTL2,FMN2,-0.014317071
KRI1,FMN2,-0.021156361
DAW1,FMN2,-0.012171935
LDLR,FMN2,-0.023592824
NACC1,FMN2,-0.04073509
IPO13,FMN2,-0.023080878
GRHPR,FMN2,-0.0050771954
SPCS2,FMN2,-0.023181174
KIRREL3,FMN2,-0.012525771
RRAGB,FMN2,-0.0068073575
SOWAHA,FMN2,-0.05198644
ADAM7,FMN2,-0.013064448
GPR182,FMN2,-0.010503801
CDR2L,FMN2,-0.0033302756
STX19,FMN2,-0.031810787
NPIPB13,FMN2,-0.009346492
ARHGEF16,FMN2,-0.028496392
ABCD1,FMN2,-0.015889822
PIGR,FMN2,-0.015270703
FAT3,FMN2,-0.011499338
FAM111A,FMN2,-0.058225065
FAM71F1,FMN2,-0.026765512
FBL,FMN2,-0.005028346
POU4F1,FMN2,-0.015492628
RANBP3,FMN2,-0.034886714
GPR19,FMN2,-0.101340614
FHL3,FMN2,-0.01338604
DNAJC19,FMN2,-0.022010854
DMP1,FMN2,-0.016499756
GBA2,FMN2,-0.05393514
ANO3,FMN2,-0.10661028
ZNF827,FMN2,-0.039848596
SMIM35,FMN2,-0.0022177992
CYB5A,FMN2,-0.009929169
WBP2NL,FMN2,-0.003629475
SDHAF2,FMN2,-0.02394542
WNT11,FMN2,-0.0029791584
CDH12,FMN2,-0.014266532
PIGF,FMN2,-0.02405998
PAIP2B,FMN2,-0.009741278
VANGL1,FMN2,-0.02036993
PHF10,FMN2,-0.022776946
UPK1A,FMN2,-0.034228586
RHOC,FMN2,-0.008746216
AQP6,FMN2,-0.012156133
ZNF117,FMN2,-0.025150726
EFNB2,FMN2,-0.04460883
FCN1,FMN2,-0.011714754
LIPG,FMN2,-0.025775472
UBAP1L,FMN2,-0.027379578
OTOA,FMN2,-0.012192066
CD151,FMN2,-0.010205205
ASNS,FMN2,-0.11429372
THOP1,FMN2,-0.015443197
ADCY1,FMN2,-0.009000516
ATP12A,FMN2,-0.02519704
NOM1,FMN2,-0.012994284
LPL,FMN2,-0.006386641
TAF11,FMN2,-0.06375803
KIF7,FMN2,-0.013732742
EN2,FMN2,-0.015364579
AMMECR1,FMN2,-0.017197695
SST,FMN2,-0.007887997
EFNB3,FMN2,-0.015485408
CR589904.2,FMN2,-0.015855644
EXOC7,FMN2,-0.0065105497
CILP2,FMN2,-0.009926857
MAP3K1,FMN2,-0.027647981
SMPD3,FMN2,-0.027458632
SPTB,FMN2,-0.0030328075
DEUP1,FMN2,-0.01785731
PKNOX1,FMN2,-0.029789224
FADD,FMN2,-0.01900327
ZBTB34,FMN2,-0.03649795
BAK1,FMN2,-0.008934057
PPP1R11,FMN2,-0.015313335
STEAP4,FMN2,-0.013761142
INPP5F,FMN2,-0.020941228
PFN3,FMN2,-0.015420894
DCLK1,FMN2,-0.027578546
HOATZ,FMN2,-0.11294029
CTSB,FMN2,-0.012038012
UBE2E2,FMN2,-0.015579328
SERAC1,FMN2,-0.01794296
USP40,FMN2,-0.009986953
HPSE,FMN2,-0.008633833
FCHO1,FMN2,-0.019852906
SERPINB10,FMN2,-0.019982923
NAGLU,FMN2,-0.012937696
UNC119,FMN2,-0.03788192
TIAM1,FMN2,-0.033410918
ARHGAP39,FMN2,-0.00862825
SHOC1,FMN2,-0.014238707
SHMT2,FMN2,-0.10543481
WDR27,FMN2,-0.010221271
MARCKS,FMN2,-0.017036684
RBFOX3,FMN2,-0.02568266
POMZP3,FMN2,-0.02141529
ZNF334,FMN2,-0.13552442
JAG2,FMN2,-0.02422472
RPL4,FMN2,-0.02676473
TXLNB,FMN2,-0.031006237
TMEM225B,FMN2,-0.02895997
FAS,FMN2,-0.012361151
FRA10AC1,FMN2,-0.0309534
MBLAC1,FMN2,-0.015126614
ERICH1,FMN2,-0.010302947
STK38,FMN2,-0.029405814
PRSS33,FMN2,-0.054080766
CTXN1,FMN2,-0.014674754
SLC36A2,FMN2,-0.014463168
POMGNT1,FMN2,-0.010060595
PARS2,FMN2,-0.016953828
C4orf19,FMN2,-0.009942948
TSPYL5,FMN2,-0.059337545
SLC44A4,FMN2,-0.04548166
TAF3,FMN2,-0.04964323
ARL6IP5,FMN2,-0.017486155
AMBP,FMN2,-0.009022788
PGLYRP1,FMN2,-0.022211535
IGSF8,FMN2,-0.012148894
ITGB6,FMN2,-0.0075498708
NFKB1,FMN2,-0.014903802
CCDC148,FMN2,-0.020807419
AC092587.1,FMN2,-0.017967148
PDXDC1,FMN2,-0.013519231
LHX3,FMN2,-0.010701551
MRFAP1,FMN2,-0.019915937
C12orf42,FMN2,-0.017081292
ZYX,FMN2,-0.015156314
XCL1,FMN2,-0.031503625
TBX10,FMN2,-0.14810319
POLE4,FMN2,-0.008528311
ADAMTS1,FMN2,-0.008489994
LCE1E,FMN2,-0.015237031
CCDC62,FMN2,-0.014245101
HSDL1,FMN2,-0.015931029
EXOSC3,FMN2,-0.020973198
SMPDL3A,FMN2,-0.013337803
KCNMA1,FMN2,0.0007823531
SLCO4C1,FMN2,-0.029200148
KLC2,FMN2,-0.02114741
SMPD2,FMN2,-0.009174424
NDOR1,FMN2,-0.023085445
DBN1,FMN2,-0.022035562
GALNT13,FMN2,-0.045221433
MREG,FMN2,-0.011128478
MAP10,FMN2,-0.024405302
ALDOC,FMN2,-0.16812718
COIL,FMN2,-0.03799075
FOXD4L4,FMN2,-0.013294627
TMEM53,FMN2,-0.013582511
PPP1R15A,FMN2,-0.0079739
LRIT3,FMN2,-0.016704855
GALNT7,FMN2,-0.07364025
TMUB1,FMN2,-0.011702457
GOLGA8N,FMN2,-0.0074323267
TRIB3,FMN2,-0.13064136
SLC49A3,FMN2,-0.0037566326
AZGP1,FMN2,-0.016390296
NMU,FMN2,-0.009683186
CEMIP2,FMN2,-0.09203119
BTBD3,FMN2,-0.028653875
NXNL2,FMN2,-0.01637245
HMCN2,FMN2,-0.029638061
CATSPERD,FMN2,-0.057667527
SCLY,FMN2,-0.017364884
CNTLN,FMN2,-0.010948309
MOV10,FMN2,-0.0027141068
SCNN1D,FMN2,-0.018449187
HLA-DOB,FMN2,-0.045057517
ARAF,FMN2,-0.03621413
KLHDC3,FMN2,-0.027803002
DIP2C,FMN2,-0.018582746
KAT5,HRAS,-0.008388236
SOAT2,HRAS,-0.007899161
LHX8,HRAS,-0.010489126
OR9K2,HRAS,-0.010919274
POLR3H,HRAS,-0.0058333874
HRAS,HRAS,-0.07003113
ATP6AP1,HRAS,-0.009648282
MARCHF3,HRAS,-0.043977603
DPP6,HRAS,-0.08057676
ADGRL1,HRAS,-0.03391187
ACAD8,HRAS,-0.025398022
ZNF256,HRAS,-0.020383308
NCMAP,HRAS,-0.05390689
RAB21,HRAS,-0.023410613
CCL19,HRAS,-0.021446843
SLC25A18,HRAS,-0.024508646
NLRP7,HRAS,-0.036394887
LMO1,HRAS,-0.116492145
CKB,HRAS,-0.18416703
RING1,HRAS,-0.024235219
SLC4A3,HRAS,-0.03806293
NHLRC1,HRAS,-0.1500412
RHBG,HRAS,-0.012151636
NUP210,HRAS,-0.002343063
MELTF,HRAS,-0.03622923
SLC12A7,HRAS,-0.23542266
EXOC3,HRAS,-0.06342097
CRTAC1,HRAS,-0.14670606
CFAP94,HRAS,-0.008429177
NPC1L1,HRAS,-0.017129324
PAPLN,HRAS,-0.009818108
LPCAT2,HRAS,-0.009126531
TMEM91,HRAS,-0.008582197
RBM47,HRAS,-0.031114928
LTF,HRAS,-0.27869958
BEX5,HRAS,-0.061629914
SLC22A31,HRAS,-0.008767432
PFKFB4,HRAS,-0.027051093
MRLN,HRAS,-0.02947493
AMIGO2,HRAS,-0.071637385
PLXNB1,HRAS,-0.024286272
MYBPHL,HRAS,-0.01495371
SFTPD,HRAS,-0.008862234
CHRDL1,HRAS,-0.017596634
MEPCE,HRAS,-0.03979262
GOLT1B,HRAS,-0.05519104
HSPA1A,HRAS,-0.0066305287
IFNLR1,HRAS,-0.044619888
MTCH1,HRAS,-0.04575201
TPRG1L,HRAS,-0.03613279
GOLGA6L2,HRAS,-0.035203326
GNAI2,HRAS,-0.015055753
CHCHD4,HRAS,-0.01700329
DNAI3,HRAS,-0.2705952
GABRQ,HRAS,-0.007800431
KIF9,HRAS,-0.029869786
MESP2,HRAS,-0.12437889
ALX1,HRAS,-0.034773406
FA2H,HRAS,-0.03699543
APEH,HRAS,-0.14949273
FOXP1,HRAS,-0.030946026
CEP72,HRAS,-0.06912563
RD3L,HRAS,-0.001027295
POU2F3,HRAS,-0.025806349
EPN3,HRAS,-0.031063499
GRB10,HRAS,-0.06688096
RPL15,HRAS,-0.04662895
KCNG3,HRAS,-0.04116621
C12orf56,HRAS,-0.011060519
TRIM15,HRAS,-0.015874911
MYH11,HRAS,-0.023523796
PTPRD,HRAS,-0.02583112
UBA7,HRAS,-0.032780163
RNF227,HRAS,-0.022469085
FABP4,HRAS,-0.013785442
DUSP6,HRAS,-0.027199889
ARMC9,HRAS,-0.080413185
DHX57,HRAS,-0.0072951433
SHH,HRAS,-0.05524043
EPS8L2,HRAS,-0.021746688
H4C14,HRAS,-0.016215062
SDK2,HRAS,-0.008854238
MAFA,HRAS,-0.026443526
CS,HRAS,-0.06287508
MTMR14,HRAS,-0.022928832
NPM2,HRAS,-0.018185178
LAPTM4B,HRAS,-0.9054469
PRRT4,HRAS,-0.06349716
C12orf54,HRAS,-0.027766952
CLDN1,HRAS,-0.04613431
CELSR3,HRAS,-0.024173325
PI16,HRAS,-0.040907543
NDRG4,HRAS,-0.07626785
NRTN,HRAS,-0.09624101
SORBS3,HRAS,-0.012882506
YBX2,HRAS,-0.0518456
GABRA3,HRAS,-0.03479595
LCMT1,HRAS,-0.0022930317
EGLN3,HRAS,-0.0019460573
RPP25,HRAS,-0.06603315
GSTA3,HRAS,-0.015975839
RPS13,HRAS,-0.015075892
ADGRG2,HRAS,-0.04804628
MAP7D1,HRAS,-0.000992757
LILRB5,HRAS,-0.014694829
PPARG,HRAS,-0.019543579
YKT6,HRAS,-0.01503027
FADD,HRAS,-0.028599653
PAK1,HRAS,-0.17679732
PNLDC1,HRAS,-0.008158863
GSTK1,HRAS,-0.02740819
RHCG,HRAS,-0.02202453
CLU,HRAS,-0.048816364
KRT71,HRAS,-0.030922556
ATL2,HRAS,-0.014367067
LMAN1,LAMA2,-0.006157581
PRSS35,LAMA2,-0.01395718
SPOCK1,LAMA2,-0.031032711
ATP6V1A,LAMA2,-0.011119604
PRKCI,LAMA2,-0.12192121
SLC16A5,LAMA2,-0.070635416
GOLGA8N,LAMA2,-0.009211099
MBD1,LAMA2,-0.045228913
C12orf75,LAMA2,-0.017880693
HOXB7,LAMA2,-0.014212468
SIDT2,LAMA2,-0.004760735
CHKB-CPT1B,LAMA2,-0.014599811
CHST9,LAMA2,-0.014562958
TSGA10,LAMA2,-0.045835625
FKBPL,LAMA2,-0.0453401
TMEM54,LAMA2,-0.015137358
HEATR4,LAMA2,-0.013361624
HOXA10,LAMA2,-0.019182423
PHKG2,LAMA2,-0.032495882
GYG1,LAMA2,-0.023949532
IL12RB2,LAMA2,-0.016022904
PAPPA,LAMA2,-0.018460767
NTAQ1,LAMA2,-0.005664007
PEAK3,LAMA2,-0.009881536
MECP2,LAMA2,-0.0078094993
CNTN6,LAMA2,-0.06830701
ATP6V0D1,LAMA2,-0.02406619
LEP,LAMA2,-0.011197911
MKRN3,LAMA2,-0.014899379
C11orf1,LAMA2,-0.016886463
SH3GL3,LAMA2,-0.16753295
RNF126,LAMA2,-0.00029466598
RPL35,LAMA2,-0.00906615
ZNF879,LAMA2,-0.010199257
CTSL,LAMA2,-0.015069329
SMPD3,LAMA2,-0.005945119
NEU1,LAMA2,-0.013587213
NPNT,LAMA2,-0.026540322
CPSF4,LAMA2,-0.0057962853
PWP2,LAMA2,-0.01745244
TM4SF19,LAMA2,-0.014868378
RPS6,LAMA2,-0.008580681
ZFY,LAMA2,-0.021385027
BHLHA15,LAMA2,-0.02267536
LCN12,LAMA2,-0.002675721
STEAP3,LAMA2,-0.004652241
PRB4,LAMA2,-0.019810477
RAD51AP2,LAMA2,-0.013800167
LNP1,LAMA2,-0.009510894
PAEP,LAMA2,-0.020072384
AIG1,LAMA2,-0.03215409
IQCH,LAMA2,-0.008923859
SPEF1,LAMA2,-0.015936079
TRIM24,LAMA2,-0.007226213
RPSA,LAMA2,-0.012080192
WNT16,LAMA2,-0.022597995
ALOX12B,LAMA2,-0.006197695
FPR3,LAMA2,-0.0066860365
RABGGTB,LAMA2,-0.023301912
TTF2,LAMA2,-0.007617417
HOXD4,LAMA2,-0.015328777
RPL28,LAMA2,-0.024510734
AK9,LAMA2,-0.004803194
GATD3A,LAMA2,-0.058750063
SLC35E3,LAMA2,-0.015157249
PDE6A,LAMA2,-0.0046730377
NHLRC1,LAMA2,-0.01809649
RRP36,LAMA2,-0.012694141
TEF,LAMA2,-0.009448885
SLC9A7,LAMA2,-0.0072570113
TEAD3,LAMA2,-0.0056170807
SLC28A2,LAMA2,-0.01152863
IDO1,LAMA2,-0.04296273
TLE5,LAMA2,-0.015867151
SH3YL1,LAMA2,-0.07787773
GALNT13,LAMA2,-0.018024754
AOC2,LAMA2,-0.021971907
FCGBP,LAMA2,-0.02766017
CCDC12,LAMA2,-0.035800613
XRCC4,LAMA2,-0.0225736
EPN3,LAMA2,0.00057642633
LRRIQ1,LAMA2,-0.008387289
ABCC6,LAMA2,-0.0013543015
FBP1,LAMA2,-0.014490126
NRG3,LAMA2,-0.03925991
TBL1Y,LAMA2,-0.014028068
DDOST,LAMA2,-0.008015256
ICMT,LAMA2,-0.017747302
ZNF726,LAMA2,-0.0056732143
FP565260.3,LAMA2,-0.031266235
RGS2,LAMA2,-0.01808719
CRACDL,LAMA2,-0.008650414
SCLT1,LAMA2,-0.003394283
CDC26,LAMA2,-0.03456057
ATP8B1,LAMA2,-0.022089915
SELENOT,LAMA2,-0.015053795
TSC22D1,LAMA2,-0.029834768
DDHD2,LAMA2,-0.0017667277
CDK5R2,LAMA2,-0.043340504
EVI5,LAMA2,-0.018588247
MT-ND2,LAMA2,-0.015079881
COX7B,LAMA2,-0.029554056
PIGN,LAMA2,-0.0010769452
ACTRT3,LAMA2,-0.0071316636
SCGB2B2,LAMA2,-0.0067574354
SLC29A1,LAMA2,-0.016163638
ACADSB,LAMA2,-0.08950513
TFDP1,LAMA2,-0.003595743
THEM5,LAMA2,-0.047767047
RMND1,LAMA2,-0.015342406
CFD,LAMA2,-0.013357255
SNRPD2,LAMA2,-0.010585085
BTNL8,LAMA2,-0.02006587
KCNA1,LAMA2,-0.0069640684
BAMBI,LAMA2,-0.017030863
EFNB2,LAMA2,-0.010474875
CDR2L,LAMA2,-0.025588013
GTF2IRD2B,LAMA2,-0.019206677
MUC5AC,LAMA2,-0.0156222265
BASP1,LAMA2,-0.015183599
ARTN,LAMA2,-0.048277367
SFT2D1,LAMA2,-0.047432464
ABHD1,LAMA2,-0.014565381
CCDC88B,LAMA2,-0.23775911
SLC5A12,LAMA2,-0.014108928
GINS2,LAMA2,-0.0054259473
TUSC3,LAMA2,-0.0033792113
GPCPD1,LAMA2,-0.009686367
AC087632.2,LAMA2,-0.014217881
TREM1,LAMA2,-0.020465966
NIBAN1,LAMA2,-0.021389965
ANKRD36C,LAMA2,-0.028350977
CBX5,LAMA2,-0.0031720542
SGSH,LAMA2,-0.039309677
PAFAH2,LAMA2,-0.021472292
SPATA5L1,LAMA2,-0.021449206
PPIH,LAMA2,-0.008061265
ACOT8,LAMA2,-0.07475883
INIP,LAMA2,-0.016300404
HS6ST2,LAMA2,-0.008430426
DNAJC15,LAMA2,-0.013308428
SDE2,LAMA2,-0.03150766
ABCB4,LAMA2,0.00041426515
BRAT1,LAMA2,-0.024102457
CASK,LAMA2,-0.20733643
RSPH1,LAMA2,-0.010193455
FAM181B,LAMA2,-0.050715152
CLEC11A,LAMA2,-0.011502981
VWA1,LAMA2,-0.009989387
CSDC2,LAMA2,-0.016845452
RNF19B,LAMA2,-0.08237382
SLC41A3,LAMA2,-0.011257438
ELF4,LAMA2,-0.01483574
PYROXD2,LAMA2,-0.0016035218
HCAR1,LAMA2,-0.04461451
HYAL4,LAMA2,-0.02974137
DEPDC7,LAMA2,-0.004259422
CDH6,LAMA2,-0.017685242
GHR,LAMA2,-0.037577275
FBXW12,LAMA2,-0.016737765
ARL13A,LAMA2,-0.022211166
KRT76,LAMA2,-0.023904527
EEPD1,LAMA2,-0.065589786
SERPINB1,LAMA2,-0.014084554
AVPI1,LAMA2,-0.012063607
MEIOC,LAMA2,-0.010772179
DNHD1,LAMA2,-0.055595092
ATP8B3,LAMA2,-0.023248402
LRRC7,LAMA2,-0.05170613
CRYBB2,LAMA2,-0.005043502
CALR,LAMA2,-0.019807804
SLC38A5,LAMA2,-0.06619384
H1-1,LAMA2,-0.011502177
CCL20,LAMA2,-0.032267503
HEATR1,LAMA2,-0.03686449
ANXA7,LAMA2,-0.016474169
NCK1,LAMA2,-0.006047791
PDE9A,LAMA2,-0.0061672647
MUC21,LAMA2,-0.019757323
FLACC1,LAMA2,-0.008289617
NBPF19,LAMA2,-0.011814697
SOST,LAMA2,-0.04617833
MAP3K5,LAMA2,-0.0039148405
ACTR3C,LAMA2,-0.03846421
SYCP2,LAMA2,-0.011589158
UGT8,LAMA2,-0.0035544536
KATNA1,LAMA2,-0.015490034
PLEKHF1,LAMA2,-0.00944086
NADSYN1,LAMA2,-0.008477008
CHFR,LAMA2,-0.010577392
YAP1,LAMA2,-0.032495823
AANAT,LAMA2,-0.012687287
FOXN1,LAMA2,-0.007980843
AP5B1,LAMA2,-0.07996788
POLR2C,LAMA2,-0.003948058
TSNAX,LAMA2,-0.024905555
NCR3LG1,LAMA2,-0.013234147
AIM2,LAMA2,-0.015251884
IRX1,LAMA2,-0.016494796
MDH1B,LAMA2,-0.047318574
TRAM1,LAMA2,-0.015107497
AKAP8L,LAMA2,-0.04642992
ZNF846,LAMA2,-0.0051591825
NDUFB7,LAMA2,-0.021289403
C10orf62,LAMA2,-0.02428272
STK19,LAMA2,-0.016175272
HENMT1,LAMA2,-0.010615238
PRADC1,LAMA2,-0.00936729
ACER1,LAMA2,-0.018741881
PNMA8A,LAMA2,-0.015253409
NEK11,LAMA2,-0.0058281757
OSBPL6,LAMA2,-0.0125732785
NPSR1,LAMA2,-0.1458437
NMNAT1,LAMA2,-0.024733353
TDRD6,LAMA2,-0.01656248
CCDC106,LAMA2,-0.15895475
LHX9,LAMA2,-0.007546449
OSR2,LAMA2,-0.032322224
SMAD3,LAMA2,-0.0018786932
EMP1,LAMA2,-0.0267629
PLEKHG4,LAMA2,-0.07083192
MORN1,LRP1B,-0.0011455913
POLDIP2,LRP1B,-0.008566419
TIMM10,LRP1B,-0.0015827129
RANGRF,LRP1B,-0.00066602207
ZNF292,LRP1B,-0.002784918
WDR81,LRP1B,-0.00655371
MUC17,LRP1B,-0.0046076584
CENPF,LRP1B,-0.005914614
FDXACB1,LRP1B,-0.00055368175
TMEM167B,LRP1B,-0.00061757327
BTN3A3,LRP1B,-0.013678713
LGI2,LRP1B,-0.0015108942
IRX1,LRP1B,-0.018694336
SPOCD1,LRP1B,-0.0023195469
IGFL3,LRP1B,-0.0056511736
ARF5,LRP1B,-0.014407393
CDK2AP2,LRP1B,-0.009005641
FBXO36,LRP1B,-0.02323404
TRABD2B,LRP1B,-0.0060836584
FOLR3,LRP1B,-0.012420859
ANKRD13C,LRP1B,-0.0071260324
PACS2,LRP1B,-0.0033107025
UFC1,LRP1B,-0.009379483
CCDC59,LRP1B,-0.007499076
TNFSF11,LRP1B,-0.0015153378
NEU4,LRP1B,-0.0070099407
SARDH,LRP1B,-0.009469195
BTN3A1,LRP1B,-0.0019628103
SEL1L3,LRP1B,-0.005634696
REEP1,LRP1B,-0.008605801
ELSPBP1,LRP1B,-0.0035509206
PIH1D2,LRP1B,-0.0059857396
FICD,LRP1B,-0.009240915
HSPB1,LRP1B,-0.010778303
CES1,LRP1B,-0.009325526
ENO2,LRP1B,-0.0134398835
PPM1L,LRP1B,-0.020660698
CPOX,LRP1B,-0.0008596936
SIGLEC12,LRP1B,-0.012541942
LZTS2,LRP1B,-0.010615264
CA13,LRP1B,-0.005040741
ITIH6,LRP1B,-0.006977632
ZNF726,LRP1B,-0.012256403
PMM1,LRP1B,-0.0022144301
ELOA2,LRP1B,-0.013752369
FRA10AC1,LRP1B,-0.0057868417
JPT2,LRP1B,-0.0034689296
ADGRG3,LRP1B,-0.00066032825
PDAP1,LRP1B,-0.010389902
MRPL43,LRP1B,-0.009100088
ZNF10,LRP1B,-0.01013276
SRFBP1,LRP1B,-0.0048079244
SAMD14,LRP1B,-0.0056091864
FAM20A,LRP1B,-0.0053847297
TBX18,LRP1B,-0.04050731
ZNF280A,LRP1B,-0.012701929
ADAP1,LRP1B,-0.0034562591
SERPINE2,LRP1B,-0.009194129
DPF1,LRP1B,-0.0044179074
INAFM2,LRP1B,-0.0007218305
NPBWR1,LRP1B,-0.01003281
CGRRF1,LRP1B,-0.018330082
KNDC1,LRP1B,-0.012129979
FUT10,LRP1B,-0.013965401
CIITA,LRP1B,-0.006471953
CCDC153,LRP1B,-0.015639352
PGR,LRP1B,-0.011122592
TOMM70,LRP1B,-0.0036279145
ANO9,LRP1B,-0.020023178
TNFAIP2,LRP1B,-0.009136913
ADAMTS18,LRP1B,-0.0065404777
APIP,LRP1B,-0.0060233856
FAT2,LRP1B,-0.00054734875
RWDD2A,LRP1B,-0.014957681
SPINK1,LRP1B,-0.025699234
MAGEA3,LRP1B,-0.009478145
OVOL1,LRP1B,-0.0049595125
TSBP1,LRP1B,-0.016498076
PRRT3,LRP1B,-0.004663614
ZNF543,LRP1B,0.00041081183
NCBP2AS2,LRP1B,-0.0038753743
ARL9,LRP1B,-0.010064846
AK6,LRP1B,-0.000663615
DUSP7,LRP1B,-0.004025026
TEC,LRP1B,-0.0058482494
SCN1A,LRP1B,-0.0048188316
AC090517.4,LRP1B,-0.0071264803
MPHOSPH8,LRP1B,-0.0015953945
PAQR6,LRP1B,-0.006838607
TSNARE1,LRP1B,-0.0004951169
FDX2,LRP1B,-0.0075980714
FAM180A,LRP1B,-0.009928821
CCL23,LRP1B,-0.0036169572
TCP1,LRP1B,-0.0050104274
ABCC6,LRP1B,-0.007322927
BIRC5,LRP1B,-0.0038621246
ZCCHC18,LRP1B,-0.0035897358
SPSB2,LRP1B,-0.012235086
HHLA1,LRP1B,-0.005166997
CTSZ,LRP1B,-0.008257001
REEP6,LRP1B,-0.002567217
WDR47,LRP1B,-0.007632488
ANKRD61,LRP1B,-0.0049808947
TMEM170B,LRP1B,-0.008965752
RCAN3,LRP1B,-0.005838126
RAB42,LRP1B,-0.0055890046
FDX1,LRP1B,-0.010984584
CYP3A7,LRP1B,-0.008698453
BRINP1,LRP1B,-0.0033302598
ZBTB8OS,LRP1B,-0.010530859
NMD3,LRP1B,-0.009551424
TAS2R60,LRP1B,-0.010968043
DPY19L1,LRP1B,-0.0156911
CTSB,LRP1B,-0.005285245
MAT2B,LRP1B,-0.009928757
ZDHHC3,LRP1B,-0.0045815096
MAN2B1,LRP1B,-0.0010162634
SCAMP2,LRP1B,-0.005050216
PP2D1,LRP1B,-0.02440815
MTF2,LRP1B,-0.00029945277
COL18A1,LRP1B,-0.0077188537
TCHP,LRP1B,-0.0072414856
MNS1,LRP1B,-0.009340108
ATP6V1C1,LRP1B,-0.00044773807
NPAS1,LRP1B,-0.009945053
FAM151A,LRP1B,-0.005644123
PRICKLE2,LRP1B,-0.0007681446
MEPCE,LRP1B,-0.0088513745
CD247,LRP1B,-0.014110094
ZNF777,LRP1B,-0.010562473
GLI1,LRP1B,-0.0017692338
TES,LRP1B,-0.0073639425
CPA2,LRP1B,-0.023567684
BRF1,LRP1B,-0.0033838563
ARHGEF10L,LRP1B,-0.005363758
NPY5R,LRP1B,-0.008174184
SALL4,LRP1B,-0.011440808
KCNQ1,LRP1B,-0.0052997028
IL7,LRP1B,-0.011770015
NBPF3,LRP1B,-0.0055723814
RFPL2,LRP1B,-0.01611985
GMPPA,LRP1B,-0.009124318
AC079447.1,LRP1B,-0.0042890417
DOHH,LRP1B,-0.0065860427
TACSTD2,LRP1B,-0.008897818
TSPAN9,LRP1B,-0.0038371116
PCDHB16,LRP1B,-0.005663407
CCDC185,LRP1B,-0.004608962
CHST6,LRP1B,-0.007219474
MTMR11,LRP1B,-0.017185364
AADAC,LRP1B,-0.0043534925
PRAG1,LRP1B,-0.0066080713
SMCO1,LRP1B,-0.0033364845
LRAT,LRP1B,-0.0072659887
RNF122,LRP1B,-0.001841926
GSTT2B,LRP1B,-0.01316234
FZD3,LRP1B,-0.0039169244
MYH3,LRP1B,-0.024285512
AK5,LRP1B,-0.0013401181
LRRC19,LRP1B,-0.01127912
TFF1,LRP1B,-0.006002122
GALNT5,LRP1B,-0.0066153915
THNSL2,LRP1B,-0.011293312
SPATA2L,LRP1B,-0.010526638
MUC3A,LRP1B,-0.002066791
H2AB1,LRP1B,-0.0056794323
TRIM56,LRP1B,-0.0068390765
PDE1A,LRP1B,-0.064515956
ESM1,LRP1B,-0.008238207
FABP12,LRP1B,-0.030848654
ATAD1,LRP1B,-0.008263587
WFDC2,LRP1B,-0.00602932
PLA2G4F,LRP1B,-0.0046926304
MT1G,LRP1B,-0.0071657924
ANKLE2,LRP1B,-0.01312059
TMEM179,LRP1B,-0.0069624446
FEZF1,LRP1B,-0.051854227
ZBED2,LRP1B,-0.014270355
POLN,LRP1B,-0.004549286
NPSR1,LRP1B,-0.014702196
CWC15,LRP1B,-0.0068295486
FLYWCH1,LRP1B,-0.008856743
RNPEPL1,LRP1B,-0.022875428
UBE2B,LRP1B,-0.0083254995
EIF3CL,LRP1B,-0.022054508
METTL2B,LRP1B,-0.035815388
ERBB4,LRP1B,-0.00734239
AP2B1,LRP1B,-0.0026882584
UBALD1,LRP1B,-0.0018617644
UACA,LRP1B,-0.0140938
FAM104B,LRP1B,-0.009946031
ERP44,LRP1B,-0.0067636296
ERO1A,LRP1B,-0.002313863
CCDC66,LRP1B,-0.007801677
CYP7B1,LRP1B,-0.0040315744
CEBPE,LRP1B,-0.023327623
FARP1,LRP1B,-0.0017829055
LRRC71,LRP1B,-0.031197706
MPP3,LRP1B,-0.0054133255
TTYH2,LRP1B,-0.021247368
CCDC38,LRP1B,-0.010259585
SSBP2,LRP1B,-0.015914066
ZFAND4,LRP1B,-0.011067137
EEF1AKMT2,LRP1B,-0.005026437
RSBN1L,LRP1B,-0.0044477005
ADHFE1,LRP1B,-0.0025861918
ZSCAN4,LRP1B,-0.005702406
FGFBP2,LRP1B,-0.041909724
PLD2,LRP1B,-0.0126287695
GOLGA8R,LRP1B,-0.0032265014
RSPO4,LRP1B,-0.015545657
ELAPOR2,LRP1B,-0.0043191216
PRMT8,LRP1B,-0.008018819
ZNF382,LRP1B,-0.0009759269
CCL24,LRP1B,-0.002286977
TREM1,LRP1B,-0.0032073841
ADAMTSL3,LRP1B,-0.0033487405
DNAJB13,LRP1B,-0.012255408
NWD2,LRP1B,-0.012378083
NLRP2,LRP1B,-0.011318717
PCED1B,LRP1B,-0.0063560843
TNFRSF11B,LRP1B,-0.0013691064
IQCK,LRP1B,-0.024096612
ELF4,LRP1B,-0.010455002
PLPP1,LRP1B,-0.002037764
MFSD2A,LRP1B,-0.0022078906
PLSCR1,LRP1B,-0.0072154296
CHI3L2,LRP1B,-0.024674043
ZNF514,LRP1B,-0.0050320043
PCDHGB6,LRP1B,-0.0006960393
ARL6,LRP1B,-0.019372275
PER1,LRP1B,-0.0068349997
ZNF429,LRP1B,-0.009133708
TOR4A,LRP1B,-0.015920358
RAB32,LRP1B,-0.0056060604
ANKS4B,LRP1B,-0.0042641573
TP53INP2,LRP1B,-0.013194378
MAST3,LRP1B,-0.0061362144
QPCTL,LRP1B,-0.021990735
ASB4,LRP1B,-0.008607014
VAPA,LRP1B,-0.0010312751
ST3GAL1,LRP1B,-0.0023927605
DESI1,LRP1B,-0.0050409213
USP46,LRP1B,-0.014686954
LRRC23,LRP1B,-0.018396731
MT1X,LRP1B,-0.007338482
NACA2,LRP1B,-0.008756112
APMAP,LRP1B,-0.019213837
MGST1,LRP1B,-0.008854145
AC011005.1,LRP1B,-0.023770804
ARMH4,LRP1B,-0.0139798345
SMOC1,LRP1B,-0.006529936
AL136531.2,LRP1B,-0.00430769
LAYN,LRP1B,-0.0069811307
FLII,LRP1B,-0.008128339
AKAP6,LRP1B,-0.06939651
HMCN1,LRP1B,-0.04423869
C20orf27,LRP1B,-0.028448995
IFIH1,LRP1B,-0.058662742
HEMK1,LRP1B,-0.0060500577
MAPT,LRP1B,-0.00824235
PID1,LRP1B,-0.054015074
MSC,LRP1B,-0.0064600017
BARX1,LRP1B,-0.008554139
RASGRP2,LRP1B,-0.001639691
ORMDL2,LRP1B,-0.015585925
ZFYVE19,LRP1B,-0.0026520495
C11orf54,LRP1B,-0.0021497249
PRRT1B,LRP1B,-0.011586245
ANKRD55,LRP1B,-0.01743571
NCKAP5L,LRP1B,-0.0028519256
ASGR1,LRP1B,-0.0038102518
PTPN2,LRP1B,-0.005364943
POLR2F,LRP1B,-0.010407857
H2BC10,LRP1B,-0.020130828
CCDC152,LRP1B,-0.0031885179
ELL2,LRP1B,-0.006970087
CFHR3,LRP1B,-0.016082091
RPS24,LRP1B,0.00016415934
SUB1,LRP1B,-0.0046950495
BCS1L,LRP1B,-0.01649531
SLC35C1,LRP1B,-0.019692715
RASSF5,LRP1B,-0.00576731
CTRC,LRP1B,-0.0066087116
C4orf54,LRP1B,-0.011053227
DEDD2,LRP1B,-0.004579812
SLITRK5,LRP1B,-0.007405907
FGFRL1,LRP1B,-0.0024003254
CDIP1,LRP1B,-0.0032551764
CHD3,LRP1B,-0.010842612
OR2A4,LRP1B,-0.021076497
KIRREL2,LRP1B,-0.009340891
CDH1,LRP1B,-0.017394513
HECTD2,LRP1B,-0.0043641618
MMP10,LRP1B,-0.0076835793
ZNF525,LRP1B,-0.007967023
DAPP1,LRP1B,-0.009404444
SGSM3,LRP1B,-0.0017021782
ABLIM2,LRP1B,-0.005234924
ACSF2,LRP1B,-0.005354085
NCALD,LRP1B,-0.0013393655
WDR35,LRP1B,-0.0034652087
C19orf81,LRP1B,-0.0070310566
BCL11A,LRP1B,-0.017871648
FHL3,LRP1B,-0.0030036427
HAND2,LRP1B,-0.005889419
KCNJ1,LRP1B,-0.011570188
ATP5IF1,LRP1B,-0.013292368
ZFYVE27,LRP1B,-0.01298031
CARD17,LRP1B,-0.030814348
ARL14EP,LRP1B,-0.0013489221
TAF11L11,LRP1B,-0.0071880165
SLC6A2,LRP1B,-0.014360823
SST,LRP1B,-0.02796529
ARHGAP10,LRP1B,-0.006110305
PIP4P1,LRP1B,-0.01209434
SESN2,LRP1B,-0.016558269
TF,LRP1B,-0.006782716
MUC5B,LRP1B,-0.006628617
RASAL1,LRP1B,-0.004762823
TEPSIN,LRP1B,-0.006920958
MAFF,LRP1B,-0.004963176
ZNF814,LRP1B,-0.0044667833
ZNF792,LRP1B,-0.0016950514
FBXO2,LRP1B,-0.00766761
RCL1,LRP1B,-0.0016882078
KIAA0753,LRP1B,-0.0057935556
SPAAR,LRP1B,-0.0071283206
TLE6,LRP1B,-0.03135913
TSTD1,LRP1B,-0.018842839
ZNF747,LRP1B,-0.0015867366
NFYA,LRP1B,-0.0070857187
ZNF467,LRP1B,-0.005198863
PBX3,LRP1B,-0.0039469227
PLEKHF2,LRP1B,-0.00714655
HECA,LRP1B,-0.013635476
LST1,LRP1B,-0.012434658
EXOSC3,LRP1B,-0.00057070603
MBIP,LRP1B,-0.006705862
FAM183A,LRP1B,-0.009424336
CCR3,LRP1B,-0.0050875708
NT5C3A,LRP1B,-0.010584371
MSTO1,LRP1B,-0.0050850846
ZNF556,LRP1B,-0.01619243
CLUAP1,LRP1B,-0.003691117
PNKP,LRP1B,-0.005215945
C1GALT1,LRP1B,-0.004911122
ADAM9,LRP1B,-0.007985291
GON7,LRP1B,-0.005231812
TYW1B,LRP1B,-0.0040760273
RNF217,LRP1B,-0.034357496
FH,LRP1B,-0.0057486068
LMLN,LRP1B,-0.011138899
PCDHGA10,LRP1B,-0.012858432
MED19,LRP1B,-0.007919151
CCL26,LRP1B,-0.014969264
FAAH2,LRP1B,-0.0102233635
GTPBP2,LRP1B,-0.0025733018
SLC1A6,LRP1B,-0.007290142
NOL4,LRP1B,-0.005521737
NLGN4X,LRP1B,-0.0049398784
PCDHB9,LRP1B,-0.0038879982
COPS7A,LRP1B,-0.010066015
TRPC7,LRP1B,-0.0053986073
FAM135A,LRP1B,-0.003472768
ALS2CL,LRP1B,-0.0040199426
LRRN4CL,LRP1B,-0.0106320605
GGT2,LRP1B,-0.008793495
SLCO6A1,LRP1B,-0.0058389283
GTF2A1,LRP1B,-0.0043812017
SP7,LRP1B,-0.0021791805
KCTD15,LRP1B,-0.0025187598
NUDT7,LRP1B,-0.018129056
COL2A1,LRP1B,-0.005480073
AGRN,LRP1B,-0.0013920622
SHROOM2,LRP1B,-0.01081263
IFRD2,LRP1B,-0.0059707165
ACTR3B,LRP1B,-0.017761895
FCGBP,LRP1B,-0.013030523
TOMM20L,LRP1B,-0.012935907
SLC27A3,LRP1B,-0.00946308
UGT1A6,LRP1B,-0.00015900917
RPP25,LRP1B,-0.00784682
NPEPPS,LRP1B,-0.0073022125
APOB,LRP1B,-0.009927155
KIAA0586,LRP1B,-0.0056272093
DIMT1,LRP1B,-0.014201791
C20orf202,LRP1B,-0.0067956042
RPL4,LRP1B,-0.010760134
DOK7,LRP1B,-0.013182085
OR2J3,LRP1B,-0.0077104066
NR4A1,LRP1B,-0.011611669
SHTN1,LRP1B,-0.0036712387
RPUSD4,LRP1B,-0.011866703
SNPH,LRP1B,-0.010634299
PEX12,LRP1B,-0.0166768
PIP5K1C,LRP1B,-0.0074215964
SPINT1,LRP1B,-0.004192704
DCTN6,LRP1B,-0.0017659462
TOR1B,LRP1B,-0.008415422
ARHGAP22,LRP1B,-0.005731302
SLC4A2,LRP1B,-0.0027068525
F2RL3,LRP1B,-0.013282368
KIAA1755,LRP1B,-0.005673533
SLCO1A2,LRP1B,-0.0064111534
CDKN1A,LRP1B,-0.008454146
LRP2BP,LRP1B,-0.008845426
GH2,LRP1B,-0.0010776152
KIF24,LRP1B,-0.0069020814
NOVA1,LRP1B,-0.0044692648
GPR150,LRP1B,-0.0026208914
AIPL1,LRP1B,-0.0063890666
TSKS,LRP1B,-0.008184135
PCDHB8,LRP2,-0.01798081
VKORC1,LRP2,-0.01059476
ABI2,LRP2,-0.00788015
SLC29A2,LRP2,-0.0014803681
RPN2,LRP2,-0.008352119
RCN2,LRP2,-0.004920408
DAPK3,LRP2,-0.011486087
DEPP1,LRP2,-0.012820414
CTAGE8,LRP2,-0.0040433607
PCMTD1,LRP2,-0.0065366263
PIGO,LRP2,-0.010500383
BMT2,LRP2,-0.06134115
CYP27C1,LRP2,-0.02774888
TNFRSF13C,LRP2,-0.02445311
CD74,LRP2,-0.0008582727
GORAB,LRP2,-0.028200207
TNFRSF18,LRP2,-0.035920683
DNAAF3,LRP2,-0.019097695
SCYL3,LRP2,-0.009491842
ARRB1,LRP2,-0.015999919
NLRP1,LRP2,-0.0024234809
NADK2,LRP2,-0.012380992
TYW3,LRP2,-0.058646355
NFE2,LRP2,-0.008744377
TMEM169,LRP2,-0.019171597
DCT,LRP2,-0.008773935
NOTUM,LRP2,-0.020427477
SNTA1,LRP2,-0.014102201
RSPO4,LRP2,-0.0072011114
SLC25A13,LRP2,-0.005514699
DDX47,LRP2,-0.02717837
MTCL1,LRP2,-0.044344347
PCCB,LRP2,-0.009479875
TMEM187,LRP2,-0.012166156
KBTBD8,LRP2,-0.009625722
RBM42,LRP2,-0.033883017
OCIAD2,LRP2,-0.033124592
SEMG2,LRP2,-0.004365095
RNF25,LRP2,-0.016467018
ISLR2,LRP2,-0.0034324897
FNDC5,LRP2,-0.028317358
UBE2K,LRP2,-0.008289676
MFSD14A,LRP2,-0.005621791
REPS2,LRP2,-0.10071947
PIGF,LRP2,-0.020994812
NT5DC3,LRP2,-0.012966316
MSL1,LRP2,-0.0056574373
GRAMD4,LRP2,-0.010944792
CACNA2D3,LRP2,-0.0068537206
NANOGP8,LRP2,-0.006768247
APRT,LRP2,-0.00503169
LIPA,LRP2,-0.0038592648
SLC22A4,LRP2,-0.012508547
PGS1,LRP2,-0.00965901
KANK1,LRP2,-0.013933076
APEH,LRP2,-0.010653796
KCNE5,LRP2,-0.009120276
IER2,LRP2,-0.015692156
CXADR,LRP2,-0.014749192
JUP,LRP2,-0.052086636
NLRP7,LRP2,-0.012592294
RGS2,LRP2,-0.022678263
ASB6,LRP2,-0.0041189645
AC008073.3,LRP2,-0.0036821917
SPATA6L,LRP2,-0.014605064
MCM3,LRP2,-0.015381196
TBC1D1,LRP2,-0.023736477
ABLIM3,LRP2,-0.04581798
SPINK6,LRP2,-0.05005623
GRB14,LRP2,-0.007838631
PVALB,LRP2,-0.021369502
FABP5,LRP2,-0.0179825
ZNHIT1,LRP2,-0.008505911
VLDLR,LRP2,-0.060098268
XKR9,LRP2,-0.019734723
C2CD6,LRP2,-0.06976328
C11orf87,LRP2,-0.020770105
IMPACT,LRP2,-0.02676803
TSTD3,LRP2,-0.0449462
FBXL16,LRP2,-0.056791067
ARHGEF4,LRP2,-0.021480115
CLBA1,LRP2,-0.020639667
TSC22D2,LRP2,-0.042520255
SP5,LRP2,-0.026973035
ARFRP1,LRP2,-0.020222452
RAB7B,LRP2,-0.0048360336
PCDHB2,LRP2,-0.013324584
TMEM255A,LRP2,-0.03039927
MFSD2B,LRP2,-0.0023527239
IGIP,LRP2,-0.014570221
FGF17,LRP2,-0.016105633
CDC5L,LRP2,-0.012809094
P2RY10,LRP2,-0.027513163
EIPR1,LRP2,-0.003702244
WNT4,LRP2,-0.0053545735
UBXN10,LRP2,-0.019604195
ARHGAP26,LRP2,-0.01844017
TRIM23,LRP2,-0.018801428
HAO2,LRP2,-0.011491595
VSTM5,LRP2,-0.0094054025
CCM2,LRP2,-0.06794753
PDSS1,LRP2,-0.009047872
RAMP2,LRP2,-0.03217734
PRPH,LRP2,-0.042946596
AKR1B1,LRP2,-0.0041818162
TTBK1,LRP2,-0.014106086
CMTM1,LRP2,-0.050520852
HP,LRP2,-0.010467888
ZFAND2B,LRP2,-0.0019688066
ZNF230,LRP2,-0.016660422
PDLIM2,LRP2,-0.015247922
CREG1,LRP2,-0.027238317
USP31,LRP2,-0.034957927
NLRP10,LRP2,-0.009922412
TIMM8A,LRP2,-0.0134741105
ASF1B,LRP2,-0.022517886
PODXL2,LRP2,-0.015730202
AKAP14,LRP2,-0.030061554
SP140,LRP2,-0.025624963
CELA2A,LRP2,-0.019759765
CHI3L2,LRP2,-0.010585131
KIF12,LRP2,-0.021520838
TNFSF10,LRP2,-0.067922875
CKMT2,LRP2,-0.02195456
SUCLG2,LRP2,-0.07691638
TMEM42,LRP2,-0.015884062
MED27,LRP2,-0.02159254
CUBN,LRP2,-0.007926828
MOGS,LRP2,-0.0026060718
MYO7A,LRP2,-0.006866954
APOE,LRP2,-0.012506171
MAB21L3,LRP2,-0.018381413
ADAMTSL5,LRP2,-0.031842694
NYNRIN,LRP2,-0.061514426
WDR92,LRP2,-0.0014086602
FKBPL,LRP2,-0.0205657
ART3,LRP2,-0.033885326
N4BP3,LRP2,-0.0048306636
SLC2A8,LRP2,-0.008685555
CDK2AP2,LRP2,-0.008052414
FDFT1,LRP2,-0.0041944147
PRH2,LRP2,-0.025599208
DNAH8,LRP2,-0.009658808
FOSB,LRP2,-0.0114246225
TCTN1,LRP2,-0.028708216
SPATA24,LRP2,-0.010870095
SYT17,LRP2,-0.010720756
KAZN,LRP2,-0.02971375
IRX1,LRP2,-0.07093454
IRGQ,LRP2,-0.025567124
VSNL1,LRP2,-0.012804112
PIDD1,LRP2,-0.026388865
RFX2,LRP2,-0.020417195
TCEAL8,LRP2,-0.040495157
POPDC3,LRP2,-0.025663475
MIGA2,LRP2,-0.03952102
SIPA1L2,LRP2,-0.08773003
SYNGR2,LRP2,-0.012978829
SRCIN1,LRP2,-0.05140398
NKX6-1,LRP2,-0.00782235
TNFRSF10A,LRP2,-0.011907238
NAPA,LRP2,-0.015262168
FBXO6,LRP2,-0.040702008
C1GALT1C1L,LRP2,-0.01770849
ZDHHC1,LRP2,-0.0044438997
ARL14,LRP2,-0.00888542
LKAAEAR1,LRP2,-0.03815907
GPR37,LRP2,-0.031275284
CLN8,LRP2,-0.016618583
ZNF585A,LRP2,-0.0054658023
LINGO2,LRP2,-0.015766002
CNGB1,LRP2,-0.049773645
DDX56,LRP2,-0.01018906
ECSCR,LRP2,-0.01977166
MEP1A,LRP2,-0.018529126
PPP2R2B,LRP2,-0.007928428
AHSG,LRP2,-0.025088536
FOSL1,LRP2,-0.02068084
MAPK13,LRP2,-0.027744254
GATA3,LRP2,-0.00528688
GLP1R,LRP2,-0.02481112
SLC47A2,LRP2,-0.040277988
FIGN,LRP2,-0.008581319
MORN4,LRP2,-0.0237371
MKRN3,LRP2,-0.10099894
DBI,LRP2,-0.031156396
CCDC71,LRP2,-0.013930659
IL22RA2,LRP2,-0.058256693
FCGR3B,LRP2,-0.01718015
AAR2,LRP2,-0.028828306
IFNGR1,LRP2,-0.013175668
FAM205A,LRP2,-0.02158698
NMB,LRP2,-0.014548711
MSX2,LRP2,-0.008389579
ASL,LRP2,-0.017782778
HLA-DQA2,LRP2,-0.020003371
ATP6V1B1,LRP2,-0.061433848
ULBP2,LRP2,-0.027771596
SGCG,LRP2,-0.055359226
GPX3,LRP2,-0.016845535
ORM1,LRP2,-0.11917785
FASTKD5,LRP2,-0.09100993
TBX5,LRP2,-0.051691245
ACTL8,LRP2,-0.100631125
CCNG1,LRP2,-0.030188812
EHHADH,LRP2,-0.009169234
QSOX1,LRP2,-0.027670816
DOHH,LRP2,-0.019450994
LRRC19,LRP2,-0.06741359
U2AF1L5,LRP2,-0.012915025
CMTM2,LRP2,-0.018634485
MMP1,LRP2,-0.07885097
MYO7B,LRP2,-0.014208646
CDC6,LRP2,-0.014312924
CCDC177,LRP2,-0.026800456
AL049779.1,LRP2,-0.017594244
EML6,LRP2,-0.082145736
ENDOU,LRP2,-0.03189629
LILRA2,LRP2,-0.022807268
ITPK1,LRP2,-0.059641138
PCDHB11,LRP2,-0.06832319
TMC7,LRP2,-0.034700036
KLHL35,LRP2,-0.013236735
NATD1,LRP2,-0.022545816
HRNR,LRP2,-0.010294697
KCNK9,MUC16,-0.0016808942
COL4A6,MUC16,-0.0019829408
LRRC6,MUC16,-0.004651739
LY96,MUC16,-0.00084995
ZNF830,MUC16,-0.012466935
SMS,MUC16,-0.0027410958
CLEC2L,MUC16,-0.010379872
JADE2,MUC16,-0.0049673836
GPRASP2,MUC16,-0.0014884134
ITGA2B,MUC16,-0.0031868326
KCNJ14,MUC16,-0.002289819
ACVR1C,MUC16,-0.0011231505
LRIG3,MUC16,-0.005905989
LOXL2,MUC16,-0.005144941
GLDC,MUC16,-0.0055003734
PACC1,MUC16,-0.0034444735
SLC17A5,MUC16,-0.0016695799
C5orf24,MUC16,-0.0022588882
MTRF1L,MUC16,-0.0018393635
SH3YL1,MUC16,-0.011606424
CMTR1,MUC16,-0.0033298733
NGFR,MUC16,-0.005193915
PROS1,MUC16,-0.00058371556
SYAP1,MUC16,-0.006484752
AQP3,MUC16,-0.0042800414
VEZT,MUC16,-0.009075079
PTGES3L,MUC16,-0.0033892829
ASAH2,MUC16,-0.0003755962
SELENOK,MUC16,-0.003288506
TBC1D7,MUC16,-0.0037949176
ALDH1A2,MUC16,-0.0061140223
SBF2,MUC16,-0.005052475
CYP3A4,MUC16,-0.0066286568
KRT82,MUC16,-0.0062777842
RAD52,MUC16,0.00066836743
CBLC,MUC16,-0.024503125
LGMN,MUC16,-0.0046714074
TMEM92,MUC16,-0.0033674354
DCUN1D3,MUC16,-0.0013614228
CRTAC1,MUC16,-0.006468057
MAP1S,MUC16,-0.003367576
RNF7,MUC16,-0.008024348
TMEM204,MUC16,-0.0037831352
SLC52A1,MUC16,-0.0039162845
BCAR1,MUC16,-0.006116369
RAD9B,MUC16,-0.0065472107
ELOVL3,MUC16,-0.0016898472
FOXD3,MUC16,0.0012187172
ARL3,MUC16,-0.024709491
WNT11,MUC16,-0.0024432088
VCX,MUC16,-0.008682769
BNIPL,MUC16,-0.019771809
NDOR1,MUC16,-0.00041721697
POLR1G,MUC16,-0.005569947
OR7G2,MUC16,-0.0053276294
IL36A,MUC16,-0.0027875486
CEP164,MUC16,-0.008561086
SRRM5,MUC16,-0.0044821813
CHD3,MUC16,-0.016129358
BANK1,MUC16,-0.011475636
DNAH17,MUC16,-0.0071392623
PLCH2,MUC16,-0.00528786
TMEM242,MUC16,-0.0074006054
HOXC12,MUC16,-0.032100428
CUTC,MUC16,-0.017370353
SAMD1,MUC16,-0.016581437
BNIP3L,MUC16,-0.019668832
ZYG11A,MUC16,-0.0060379743
LPIN1,MUC16,-0.007419859
BCAP31,MUC16,-0.0075862417
SLC6A1,MUC16,-0.0018980623
RBM48,MUC16,-0.006832975
ZFX,MUC16,-0.004064991
TOMM20L,MUC16,0.0017553905
RUSC1,MUC16,-0.029883958
DDX3Y,MUC16,-0.016736465
SPIDR,MUC16,-0.00076081627
PELI1,MUC16,-0.0049534286
MARK4,MUC16,-0.025197467
MMP8,MUC16,-0.023402464
CSKMT,MUC16,-0.0038544368
MINDY2,MUC16,-0.004143969
NBEA,MUC16,-0.007181329
NR0B1,MUC16,-0.0071916324
PARP4,MUC16,-0.0006351767
AGA,MUC16,-0.018563315
EID3,MUC16,-0.002298459
ATP2B2,MUC16,-0.0015357671
CFI,MUC16,-0.004127382
TRIM2,MUC16,-0.002119186
KCNIP2,MUC16,-0.006184948
TXN,MUC16,-0.0070255804
TMEM132A,MUC16,-0.0059945732
ARL14EP,MUC16,-0.01149165
ZNF839,MUC16,-0.0026082345
TRIM24,MUC16,-0.0021274136
FAM126A,MUC16,-0.00475017
CDRT1,MUC16,-0.0032216709
PTGER3,MUC16,-0.011000388
ZNF417,MUC16,-0.0010333727
GTPBP10,MUC16,-0.011205184
TFEB,MUC16,-0.008534598
UTP3,MUC16,-0.0019597518
DNAJC15,MUC16,-0.0057311268
DNAJC28,MUC16,-0.00953662
UQCC1,MUC16,-0.0010789577
SLC38A6,MUC16,-0.00048449045
ARRDC1,MUC16,-0.011502632
TBC1D2B,MUC16,-0.0043106657
MT1M,MUC16,-0.010748142
CLEC4M,MUC16,-0.006481859
FABP3,MUC16,-0.0052773985
ATP5ME,MUC16,-0.00436467
FAM151A,MUC16,-0.005047276
PNLIPRP3,MUC16,-0.035059895
EEF2KMT,MUC16,-0.0014253306
ASPH,MUC16,-0.017453738
RCN3,MUC16,-0.008884825
BARX1,MUC16,-0.002542792
CACNB3,MUC16,-0.01916634
WDFY1,MUC16,-0.017124545
FLG2,MUC16,-0.0039004248
TNFSF4,MUC16,-0.008228328
MTERF1,MUC16,-0.029812014
IL10RB,MUC16,-0.017142767
GMIP,MUC16,-0.0019353138
FCHO2,MUC16,-0.0045704767
KRCC1,MUC16,0.00047658887
DMKN,MUC16,-0.01521732
DPYD,MUC16,-0.013697836
PYGB,MUC16,-0.0013883844
ATG9B,MUC16,-0.0074750152
ANKRD18B,MUC16,-0.0038613025
TFCP2L1,MUC16,-0.0051613445
GADD45B,MUC16,-0.0051551363
HNF4G,MUC16,-0.00207799
CARMIL2,MUC16,-0.00696084
MSH3,MUC16,-0.011091821
CHPF2,MUC16,-0.009578842
RAB3B,MUC16,-0.005673944
LRRC42,MUC16,-0.006400112
MED17,MUC16,-0.0024848934
PLAG1,MUC16,-0.008302785
CAPN8,MUC16,-0.007833585
CPT1C,MUC16,-0.00065682986
AKT1,MUC16,-0.006095164
VIPAS39,MUC16,-0.005762834
MRPL15,MUC16,-0.00668356
DNM3,MUC16,-0.058826618
HNRNPA1,MUC16,-0.011533819
EFHD2,MUC16,-0.0052782735
DSTN,MUC16,-0.007818599
RPS19BP1,MUC16,-0.010491876
MEX3A,MUC16,-0.008355993
CHST1,MUC16,-0.006423157
TET1,MUC16,-0.0041020047
SMC1B,MUC16,-0.0018499552
ZBTB8OS,MUC16,-0.0036962624
OSBPL1A,MUC16,-0.009509309
HPGD,MUC16,-0.005024179
ACTG2,MUC16,-0.0030374557
INIP,MUC16,0.0008938846
TTC19,MUC16,-0.0016060971
TCAF2,MUC16,-0.0030375996
EIF1AX,MUC16,-0.010486528
DYNLRB1,MUC16,-0.007908759
RPSA,MUC16,-0.0017326514
SLC35G1,MUC16,-0.007667492
CXCL1,MUC16,-0.0054353112
SLC22A16,MUC16,-0.0018767297
PF4V1,MUC16,-0.0031767313
HUNK,MUC16,-0.0040819813
VEGFC,MUC16,-0.010500271
EBF1,MUC16,-0.021010527
MAP3K9,MUC16,-0.003954345
P2RY2,MUC16,-0.0046611805
ENTPD2,MUC16,-0.009575231
PRAME,MUC16,-0.008083266
TMEM165,MUC16,-0.0026587301
INKA1,MUC16,-0.0018585087
SPESP1,MUC16,-0.020689512
WFDC12,MUC16,-0.0009839556
STAT2,MUC16,-0.009070839
THEMIS,MUC16,-0.0011431254
CFH,MUC16,-0.001647078
NEIL3,MUC16,-0.009423634
F2RL1,MUC16,-0.004350594
RFC4,MUC16,-0.0047568697
UNC79,MUC16,-0.005440299
WFIKKN1,MUC16,-0.0015935631
TMEM62,MUC16,-0.0041069067
KRT31,MUC16,-0.0064366474
DAGLB,MUC16,-0.0008173208
TPRG1,MUC16,-0.014245858
ANKRD29,MUC16,-0.006714413
TTC39C,MUC16,-0.010359268
STK3,MUC16,-0.0018068242
ZIC1,MUC16,-0.089980476
SH2D1B,MUC16,-0.0058728624
HSPA2,MUC16,-0.008584801
FCGRT,MUC16,0.000486442
TANK,MUC16,-0.018692859
PTGFRN,MUC16,-0.0018572373
ANAPC10,MUC16,-0.006641944
H3C13,MUC16,-0.0063482197
NSUN6,MUC16,-0.0035328842
NES,MUC16,-0.00639997
WFDC5,MUC16,-0.0049595344
ZNF730,MUC16,-0.009716701
CYP4Z1,MUC16,-0.0032750373
TIMM17A,MUC16,-0.0055354405
TRARG1,MUC16,-0.012201325
SEMA4G,MUC16,-0.0002902631
BTNL8,MUC16,-0.0030026883
PBOV1,MUC16,-0.0038678623
MASTL,MUC16,-0.007081246
SYNGR1,MUC16,-0.0075512785
IGF2BP2,MUC16,-0.0051431363
KLHDC4,MUC16,0.002289038
ITPRID2,MUC16,-0.0044073267
ANXA4,MUC16,-0.00864383
SDR16C5,MUC16,-0.007747136
TLR5,MUC16,-0.002690832
MT-ATP8,MUC16,-0.009677305
THBS3,MUC16,-0.0012673709
TMA7,MUC16,-0.0056810263
SMARCA1,MUC16,-0.012521207
RNASEH2B,MUC16,-0.0022736643
CCDC9B,MUC16,0.0019172796
PITPNB,MUC16,-0.040612336
KIR2DL1,MUC16,-0.006083159
ZNF878,MUC16,-0.0040496755
AGAP9,MUC16,-0.0031992774
DUS1L,MUC16,-0.0047457484
TRIM38,MUC16,-0.0078371875
VANGL1,MUC16,-0.007095734
DACT3,MUC16,-0.008206974
WNT10A,MUC16,-0.0029577387
OSBPL7,MUC16,-0.006259455
IL22RA2,MUC16,-0.006121208
STK4,MUC16,0.0005878978
ZC3H8,MUC16,-0.00043629739
LACTB,MUC16,-0.015739672
SMIM8,MUC16,-0.015687754
SLC22A18,MUC16,-0.006562454
DHRS7,MUC16,-0.004872252
PC,MUC16,-0.0088546155
CPS1,MUC16,-0.038394626
SOCS4,MUC16,-0.013493905
PCGF5,MUC16,-0.001637268
FDX1,MUC16,-0.004317407
NAXD,MUC16,-0.008560667
SLC7A11,MUC16,-0.010602182
MARVELD2,MUC16,-0.015309989
CD53,MUC16,-0.0009869756
MMAB,MUC16,-0.005752015
TXNDC17,MUC16,-0.006693257
SORCS2,MUC16,-0.030326795
HCAR3,MUC16,-0.004562764
POGLUT3,MUC16,-0.005775152
SNRPB2,MUC16,-0.0049892063
USP26,MUC16,-0.003501329
GATD3A,MUC16,-0.0027889507
GGH,MUC16,-0.003694319
CHST11,MUC16,-0.0063759577
GAS2L1,MUC16,-0.002196857
TACR3,MUC16,-0.005752228
CEP250,MUC16,-0.02168598
CXCL3,MUC16,-0.013536176
RALBP1,MUC16,-0.010824765
LPAR3,MUC16,-0.005631403
SHISAL1,MUC16,0.00039127973
MIIP,MUC16,-0.013147771
CLOCK,MUC16,-0.00045923036
HSD17B10,MUC16,-0.0066388156
SPACA3,MUC16,-0.0013930394
MPL,MUC16,-0.0027968641
HSD17B1,MUC16,-0.005137323
CAGE1,MUC16,-0.0021776292
KRT16,MUC16,-0.0053886003
HCCS,MUC16,-0.018153919
LRP6,MUC16,-0.0025041986
DVL3,MUC16,-0.0059107984
FNBP4,MUC16,0.0010348174
GM2A,MUC16,-0.0036361683
CHST8,MUC16,-0.0031856447
KMT2C,MUC16,-0.0009836149
GRIN2A,MUC16,-0.008089281
CTAGE8,MUC16,-0.0069406163
IFT74,MUC16,-0.008707413
CLIP1,MUC16,-0.006359258
UROD,MUC16,-0.00063210126
NEMP2,MUC16,-0.0064393543
RGS2,MUC16,-0.0062851873
B3GNT3,MUC16,-0.0060086967
MLH3,MUC16,-0.008390603
DENND2B,MUC16,-0.004240313
NBEAL1,MUC16,-0.0039080116
C1orf68,MUC16,-0.044925462
FAM32A,MUC16,-0.001230125
SLC35E3,MUC16,-0.013941873
MSTN,MUC16,-0.0025752457
LARP6,MUC16,-0.008860421
FUT11,MUC16,-0.016213553
EHBP1L1,MUC16,-0.030724352
ZNF431,MUC16,-0.004212616
TMEM269,MUC16,-0.0049432595
CMTR2,MUC16,-0.0013946776
PROM1,MUC16,-0.04323312
CDHR1,MUC16,0.0006072767
SEC16B,MUC16,-0.008988785
FGA,MUC16,-0.0141274035
MISP,MUC16,-0.008337408
IWS1,MUC16,-0.021291006
SLCO1B1,MUC16,-0.0072339564
SLC9C1,MUC16,-0.007582545
KIF24,MUC16,-0.007815377
EIF2B2,MUC16,-0.023608118
SRPX,MUC16,-0.0036518993
SPSB3,MUC16,-0.0317112
ASPHD2,MUC16,-0.008691928
SLC25A26,MUC16,-0.0006935284
UACA,MUC16,-0.0063323895
DENND5B,MUC16,-0.005922952
H2AC4,MUC16,-0.005017013
RIDA,MUC16,-0.0039942274
ATG12,MUC16,-0.008212848
SIRPB1,MUC16,-0.004612583
XBP1,MUC16,-0.034135036
H2BC15,MUC16,-0.0017698648
ZFP1,MUC16,-0.0071932836
RRH,MUC16,-0.005836217
ZC3H12A,MUC16,-0.044010825
CNTROB,MUC16,-0.0026219715
MIA2,MUC16,-0.0091269985
SLC35F3,MUC16,-0.02759546
STAMBPL1,MUC16,-0.003635962
DISP3,MUC16,-0.026798265
FAM180A,MUC16,-0.005434912
FCN1,MUC16,-0.0054263794
ZIC4,MUC16,-0.040010642
RPLP2,MUC16,-0.0034086942
RHOB,MUC16,-0.007917246
CLEC18A,MUC16,-0.004284766
CMTM2,MUC16,-0.013932171
PDE2A,MUC16,-0.011542431
ADGRG7,MUC16,-0.012200672
IFNA1,MUC16,-0.004222273
DCBLD2,MUC16,-0.0013752076
ZNF433,MUC16,-0.02401353
NAB2,MUC16,-0.023617934
LRRIQ3,MUC16,-0.008358543
TXLNG,MUC16,-0.008205892
SERPINB1,MUC16,-0.0123471655
ABHD17A,MUC16,-0.0061973105
TRMT9B,MUC16,-0.0101102255
ADAMTS8,MUC16,-0.011310367
ZNF512,MUC16,-0.01134902
PELI2,MUC16,-0.01696541
AP001931.1,MUC16,-0.0037126497
RNF39,MUC16,-0.0173307
C10orf67,MUC16,-0.009880724
NPHP3,MUC16,-0.016036237
GUSB,MUC16,-0.0028737695
NHLH2,MUC16,-0.0051686703
HSDL2,MUC16,-0.00011057524
MLLT6,MUC16,0.00059586816
PCDHGA10,MUC16,-0.0040245145
FOXI2,MUC16,-0.00986471
MFGE8,MUC16,-0.0035563742
MFSD6,MUC16,-0.009406669
BSCL2,MUC16,-0.0038412428
PCDHGB4,MUC16,-0.012641303
ELOVL4,MUC16,-0.002627525
AFAP1L1,MUC16,-0.003531198
CCDC107,MUC16,-0.0033420152
MT-CO1,MUC16,-0.0071582524
GINS1,MUC16,-0.005688363
LYRM2,MUC16,-0.0034917204
IL17RA,MUC16,-0.002249496
GBP3,MUC16,-0.0036287988
MON1A,MUC16,-0.010177569
ITFG1,MUC16,-0.0061358875
NOD2,MUC16,-0.004710201
TIGD7,MUC16,-0.0103129875
BRIP1,MUC16,-0.013747844
HHLA2,MUC16,-0.038518164
EMG1,MUC16,-0.0049935784
ABCB11,MUC16,-0.010992857
SLC19A3,MUC16,-0.0063316682
AVEN,MUC16,-0.0088629965
GOLGA6L10,MUC16,-0.006182078
ZNF629,MUC16,-0.0022457608
UXT,MUC16,-0.006267856
PAX5,MUC16,-0.0119305905
PCDHGA6,MUC16,-0.0029606824
PTPRD,MUC16,-0.005906743
PPIL3,MUC16,-0.0029875254
ZNF345,MUC16,-0.0024525365
GTF2H2,MUC16,-0.0036330814
AVIL,MUC16,-0.004650014
GRIN2D,MUC16,-0.009218433
MT-ND2,MUC16,-0.016086403
SPRED2,MUC16,-0.017074004
PRKY,MUC16,-0.0043605072
NMNAT1,MUC16,-0.005846812
PLTP,MUC16,-0.005410971
EIF1AY,MUC16,-0.012166147
VSNL1,MUC16,-0.018095173
PRDM8,MUC16,-0.0069264057
ZBTB24,MUC16,-0.0027356504
MLLT3,MUC16,-0.0029493656
KLHDC7A,MUC16,-0.0074968333
TINCR,MUC16,-0.023881769
ZNF160,MUC16,-0.0012689464
C12orf42,MUC16,-0.0049312217
OOEP,MUC16,-0.0042735916
SPRR2F,MUC16,-0.004341333
HOATZ,MUC16,-0.0050021256
CCDC54,MUC16,-0.0020808002
ASB16,MUC16,-0.009976023
ZNF655,MUC16,-0.0018839295
TTC24,MUC16,-0.0403198
NLRP12,MUC16,-0.001491177
REPS1,MUC16,-0.006905928
HOMEZ,MUC16,-0.02616704
DNASE1L3,MUC16,-0.02425437
CASP1,MUC16,-0.0039086384
AOC3,NFE2L2,-0.014238793
MRPL41,NFE2L2,-0.00492333
PLD6,NFE2L2,-0.0035276515
GSTA1,NFE2L2,-0.013314755
ZSCAN30,NFE2L2,-0.19282788
ANXA10,NFE2L2,-0.058400262
PDC,NFE2L2,-0.0071374546
PANX2,NFE2L2,-0.21670422
POLR3G,NFE2L2,-0.08391165
JAZF1,NFE2L2,-0.007436355
XRRA1,NFE2L2,-0.023807438
G6PD,NFE2L2,-0.03509522
PTPRJ,NFE2L2,-0.006059951
GABRB3,NFE2L2,-0.025019547
ACER3,NFE2L2,-0.022609835
H2BC11,NFE2L2,-0.005468111
ETFB,NFE2L2,-0.021398356
GOLGA6L22,NFE2L2,-0.024033377
CLPTM1L,NFE2L2,-0.042209215
ZNF525,NFE2L2,-0.027526297
CPA3,NFE2L2,-0.0137466695
CYP4F3,NFE2L2,-0.083260916
TNFRSF9,NFE2L2,-0.03898575
NRCAM,NFE2L2,-0.0051540397
SLC39A13,NFE2L2,-0.032961458
ZSCAN16,NFE2L2,-0.01916742
SOX2,NFE2L2,-0.010585843
KAZALD1,NFE2L2,-0.01782993
SLC29A1,NFE2L2,-0.03551469
GAS2L2,NFE2L2,-0.016982535
FRAT2,NFE2L2,-0.012444343
PLCH2,NFE2L2,-0.028928949
BTBD3,NFE2L2,-0.0093860375
SIK1B,NFE2L2,-0.0041348133
MSGN1,NFE2L2,-0.014826245
PAX1,NFE2L2,-0.017600982
CABLES1,NFE2L2,-0.06910697
PPP2CB,NFE2L2,0.0013688891
RPS6KL1,NFE2L2,-0.010167505
NDFIP2,NFE2L2,-0.04620291
PAQR4,NFE2L2,-0.029960858
CNTNAP3B,NFE2L2,-0.052945565
UGT8,NFE2L2,-0.019693362
MFSD9,NFE2L2,-0.014268458
STXBP6,NFE2L2,-0.0069641317
MAP2,NFE2L2,-0.062385436
EDIL3,NFE2L2,-0.001112338
WNT10B,NFE2L2,-0.025259476
SP6,NFE2L2,-0.011947018
CYP4F11,NFE2L2,-0.49440187
TCIM,NFE2L2,-0.020559875
OR10H4,NFE2L2,-0.01302931
INKA2,NFE2L2,-0.5457909
FGD3,NFE2L2,-0.037114296
CHERP,NFE2L2,-0.06270869
DIAPH3,NFE2L2,-0.025931343
PPP2R5D,NFE2L2,-0.04995746
MAST4,NFE2L2,-0.01965172
SH3KBP1,NFE2L2,-0.0025916279
ANGPTL8,NFE2L2,-0.017516727
TPSB2,NFE2L2,-0.013420302
ASCC3,NFE2L2,-0.021720167
UGT1A6,NFE2L2,-0.036703434
ZSCAN20,NFE2L2,-0.08115711
CRYBB3,NFE2L2,-0.009951358
ATP13A5,NFE2L2,-0.01226491
RUNDC3A,NFE2L2,-0.064389996
CLDN8,NFE2L2,-0.0250289
XAF1,NFE2L2,-0.00512419
PAAF1,NFE2L2,-0.032184254
PADI4,NFE2L2,-0.012516489
GSTM3,NFE2L2,-0.06985536
POLR1G,NFE2L2,-0.0017576823
RNF121,NFE2L2,-0.024478985
AIP,NFE2L2,-0.033184927
SOST,NFE2L2,-0.06262308
IBA57,NFE2L2,-0.025021702
SYNGR2,NFE2L2,-0.016401669
CRYGC,NFE2L2,-0.018333538
C8G,NFE2L2,-0.026371974
AIRE,NFE2L2,-0.018862858
ABCB11,NFE2L2,-0.010920503
CNGB3,NFE2L2,-0.017142631
ALG9,NFE2L2,-0.04098693
NFASC,NFE2L2,-0.022108175
GPR37L1,NFE2L2,-0.056026656
VIRMA,NFE2L2,-0.25218147
TDRD6,NFE2L2,-0.0048896093
PIR,NFE2L2,-0.053476315
HENMT1,NFE2L2,-0.031356104
AGR3,NFE2L2,-0.021878213
ASCL2,NFE2L2,-0.020540204
MIEN1,NFE2L2,-0.15323569
NEU3,NFE2L2,-0.02541364
HSD17B6,NFE2L2,-0.0096836295
KCNC4,NFE2L2,-0.024394035
DIO1,NFE2L2,-0.17960745
SHISA2,NFE2L2,-0.0166552
UBA6,NFE2L2,-0.047258407
SLC7A11,NFE2L2,-0.0687872
TMCC2,NFE2L2,-0.04028681
RASGRP4,NFE2L2,-0.004098061
TMED1,NFE2L2,-0.011926501
WWC1,NFE2L2,-0.0660156
NAA20,NFE2L2,-0.023966769
EN1,NFE2L2,-0.07431523
EAF1,NFE2L2,-0.0030227215
UGT1A7,NFE2L2,-0.01873575
UGDH,NFE2L2,-0.037640445
ATP6V0D2,NFE2L2,-0.012469177
NAXD,NFE2L2,-0.0464017
RNPC3,NFE2L2,-0.016591487
CLEC16A,NFE2L2,-0.040096283
CES1,NFE2L2,-0.35695446
NR1H2,NFE2L2,-0.0032663457
PPM1J,NFE2L2,-0.019155195
CYREN,NFE2L2,-0.009153025
ATP9A,NFE2L2,-0.012256417
CFAP251,NFE2L2,-0.07506391
PNMA6A,NFE2L2,-0.07025234
TMOD2,NFE2L2,-0.008454529
FAM110A,NFE2L2,-0.01657618
DYNC1I2,NFE2L2,-0.17195858
KCNA7,NFE2L2,-0.003033066
STARD10,NFE2L2,-0.019074097
RDM1,NFE2L2,-0.014502315
GGACT,NFE2L2,-0.009832016
CCDC160,NFE2L2,-0.019261776
YAP1,NFE2L2,-0.010242744
SAMD5,NFE2L2,-0.05259767
NRBP2,NFE2L2,-0.040955756
CYP2J2,NOTCH1,-0.0053955633
SYT15,NOTCH1,-0.0010488819
PDE8B,NOTCH1,-0.00300408
SAP30BP,NOTCH1,-0.0019418929
NDUFA5,NOTCH1,-0.00087835005
OPRM1,NOTCH1,-0.00049685553
RAB8B,NOTCH1,-0.004270055
ABCC10,NOTCH1,-0.00013154326
CHST8,NOTCH1,-1.2574544e-05
ADRB2,NOTCH1,-0.00069873704
KCNN4,NOTCH1,-0.0035512117
ECHDC1,NOTCH1,-0.004709039
SSC4D,NOTCH1,-0.0039412673
PPP1R1C,NOTCH1,-0.005678599
KLHL25,NOTCH1,-0.012518816
GLYCTK,NOTCH1,-0.0071761217
INPP5D,NOTCH1,0.002035289
EOLA1,NOTCH1,-0.0095754545
RHNO1,NOTCH1,0.004481538
ZNF787,NOTCH1,-0.020706797
ZNF576,NOTCH1,-0.0026701863
MVP,NOTCH1,-0.014001677
NOTCH2,NOTCH1,-0.009540482
POLR2J2,NOTCH1,-0.006075316
IL6R,NOTCH1,-0.004687064
SHBG,NOTCH1,-0.005435056
SERPINB11,NOTCH1,-0.0038313512
CHD1L,NOTCH1,-0.005742841
FZD3,NOTCH1,-0.0030770637
PSME1,NOTCH1,-0.0011861812
CDIP1,NOTCH1,0.003211598
ANKRD18B,NOTCH1,-0.007737364
CHRNB1,NOTCH1,-0.013586067
JAG2,NOTCH1,-0.00474713
RRP8,NOTCH1,-0.0042732772
MACROD2,NOTCH1,-0.011322217
HSP90AA1,NOTCH1,4.5862264e-05
DEUP1,NOTCH1,-0.028811023
ESYT3,NOTCH1,-0.006952678
CXCL6,NOTCH1,-0.0030557683
M1AP,NOTCH1,-0.044875946
PSG6,NOTCH1,-0.0012911415
RIMS1,NOTCH1,-0.005093408
TRPM4,NOTCH1,0.00019724667
JPH4,NOTCH1,-0.0017608725
ENKUR,NOTCH1,-0.007262126
FPGT,NOTCH1,-0.0071214275
LHX9,NOTCH1,-0.0044197366
KLK14,NOTCH1,-0.004616751
PROCR,NOTCH1,-0.021603424
CELF5,NOTCH1,-0.00082552095
MSTO1,NOTCH1,-0.010945947
RPL3,NOTCH1,0.00034207766
TRMT44,NOTCH1,-0.012294796
LMO1,NOTCH1,-0.012448181
CEACAM1,NOTCH1,-0.0029171102
SLC2A12,NOTCH1,-0.006408157
CLK2,NOTCH1,-0.026822712
DHDDS,NOTCH1,-0.007445784
RNASE10,NOTCH1,-0.0033652536
SOWAHD,NOTCH1,0.00079231086
SFTPB,NOTCH1,-0.005391488
EMG1,NOTCH1,-0.00515111
PPP2R2D,NOTCH1,-0.03255977
FAM118B,NOTCH1,-0.0021292437
KIR3DL1,NOTCH1,-0.002260579
RIPPLY1,NOTCH1,-0.016002249
SNCB,NOTCH1,-0.0068140686
CENPS-CORT,NOTCH1,-0.0022402063
NRARP,NOTCH1,-0.011404914
FBXO27,NOTCH1,-0.030658072
INO80C,NOTCH1,-0.00038867383
SHROOM1,NOTCH1,-0.01074989
IRF9,NOTCH1,-0.0060367677
H2AC6,NOTCH1,-0.00016863277
TPH1,NOTCH1,-0.005724978
TEX11,NOTCH1,-0.0053871055
SLC16A10,NOTCH1,-0.00796687
TMEM68,NOTCH1,-0.031206124
DHRS11,NOTCH1,-0.008202181
PHACTR3,NOTCH1,-0.0023197979
OR52A1,NOTCH1,-0.019149655
UPK3BL2,NOTCH1,-0.004967544
KCNK10,NOTCH1,-0.005876202
PSMC4,NOTCH1,-0.010612092
PCSK1,NOTCH1,-0.006171523
IGSF9B,NOTCH1,-0.01604265
THAP6,NOTCH1,-0.006789939
RPS10,NOTCH1,-0.008294149
GFPT2,NOTCH1,-0.001116717
ACOT1,NOTCH1,0.0022582933
SLC46A1,NOTCH1,-0.008518145
FMO1,NOTCH1,-0.012772495
ABTB2,NOTCH1,-0.0049389983
C1orf100,NOTCH1,-0.007051742
TEX10,NOTCH1,-0.010031824
FCRL2,NOTCH1,-0.005445681
TRPM1,NOTCH1,-0.024207864
SNAPC2,NOTCH1,-0.011401052
CLIC1,NOTCH1,-0.015238181
BIRC7,NOTCH1,-0.009975514
RIN2,NOTCH1,-0.006339203
TRPC4,NOTCH1,-0.003077424
PRRG1,NOTCH1,-0.0046341554
PIGT,NOTCH1,-0.0024447094
JUND,NOTCH1,-0.004909707
ZNF782,NOTCH1,-0.0008764554
TAF3,NOTCH1,-0.0026622359
WFDC2,NOTCH1,0.0009048492
KRT34,NOTCH1,-0.09400895
NDUFV3,NOTCH1,0.00097254594
PPP1R36,NOTCH1,-0.00083057745
TMEM255B,NOTCH1,-0.0028209751
NCSTN,NOTCH1,-0.01243013
TRAF2,NOTCH1,-0.0063880454
SUCNR1,NOTCH1,-0.0069496906
RHOG,NOTCH1,-0.011522443
SPINK1,NOTCH1,-0.004799307
C10orf90,NOTCH1,-0.0045481003
RAB15,NOTCH1,-0.011010768
CAMK2N2,NOTCH1,-0.011287043
AFF2,NOTCH1,-0.0035545123
OIT3,NOTCH1,-0.002820889
SH2D3A,NOTCH1,-0.01144327
FGF5,NOTCH1,-0.0041599735
ZG16,NOTCH1,-0.009615407
FLVCR1,NOTCH1,-0.006314878
ACTR8,NOTCH1,-0.008422749
COX6B1,NOTCH1,-0.0074817664
TMIGD2,NOTCH1,-0.0041845813
UBE2QL1,NOTCH1,-0.0059033507
HACD2,NOTCH1,-0.007976973
PMS1,NOTCH1,-0.03404412
UBE2A,NOTCH1,-0.011781705
PUS1,NOTCH1,-0.009812966
TXNRD2,NOTCH1,-0.024592295
MMAA,NOTCH1,-0.0028885785
H4C13,NOTCH1,-0.007981567
SLC37A1,NOTCH1,-0.0015404151
SHC2,NOTCH1,-0.008102197
NACAD,NOTCH1,0.0013193319
MARCKS,NOTCH1,-0.01592789
CASR,NOTCH1,-0.0058998247
PFN4,NOTCH1,-0.008430719
KLHL29,NOTCH1,-0.0047669252
FBXO22,NOTCH1,-0.015196945
CYP39A1,NOTCH1,-0.0135207
TRIM36,NOTCH1,-0.0015369125
SYT17,NOTCH1,-0.06955682
PLA2G3,NOTCH1,-0.004150398
PCLO,NOTCH1,-0.004649093
SEMA5B,NOTCH1,-0.04670932
ADH7,NOTCH1,-0.009092234
CTSH,NOTCH1,-0.00352687
SLC25A39,NOTCH1,-0.0056182495
SLC22A1,NOTCH1,-0.0032334686
CLEC4E,NOTCH1,-0.015252556
MUC5B,NOTCH1,-0.0091571165
ACSL5,NOTCH1,-0.009631237
MKI67,NOTCH1,0.0005002482
ELL,NOTCH1,-0.0085780155
CSRP2,NOTCH1,-0.017870344
CRNKL1,NOTCH1,-0.00501407
CMC2,NOTCH1,-0.010414838
CFAP410,NOTCH1,-0.010007956
PGRMC2,NOTCH1,-0.0053967927
IFITM10,NOTCH1,-0.00045723573
PNPLA3,NOTCH1,0.0003668031
CCDC190,NOTCH1,-0.025769439
SLC28A3,NOTCH1,-0.005331789
STX3,NOTCH1,-0.005290003
RGPD2,NOTCH1,-0.0025404817
FGF4,NOTCH1,-0.008878339
JADE3,NOTCH1,-0.0021146885
KRT83,NOTCH1,-0.0034199916
TFCP2L1,NOTCH1,-0.012917043
GRTP1,NOTCH1,-0.039721265
SS18L2,NOTCH1,-0.009192014
SCN5A,NOTCH1,-0.0035207921
TBXT,NOTCH1,-0.0014337617
OFD1,NOTCH1,-0.011397733
KIAA1217,NOTCH1,-0.005969951
MFGE8,NOTCH1,-0.005843147
OSBPL6,NOTCH1,-0.01038933
GPR68,NOTCH1,-0.005119758
ATP23,NOTCH1,-0.06607168
ALG10B,NOTCH1,-0.015392467
NLRP2,NOTCH1,-0.010505708
CC2D1A,NOTCH1,-0.0043391534
RBX1,NOTCH1,-0.0031495595
ZNF474,NOTCH1,-0.0042305924
PTGS1,NOTCH1,-0.008366375
CDK16,NOTCH1,0.00095000415
HOXA9,NOTCH1,-0.0058057606
SLFN13,NOTCH1,-0.016093737
PAPLN,NOTCH1,-0.00313002
FGFBP3,NOTCH1,-0.004727117
YIPF2,NOTCH1,-0.0010120866
FLCN,NOTCH1,-0.004441137
SLC44A5,NOTCH1,-0.01335763
MANEAL,NOTCH1,-0.021859454
TNFRSF10D,NOTCH1,-0.00026644467
PRKAR1B,NOTCH1,-0.009279001
ZNF488,NOTCH1,-0.019838065
TRAPPC1,NOTCH1,-0.006688155
PPP1R13L,NOTCH1,-0.024133304
TUFT1,NOTCH1,-0.01349257
PSMD10,NOTCH1,-0.010671683
CLTRN,NOTCH1,-0.0063713216
KIF5C,NOTCH1,-0.012625383
MRPL18,NOTCH1,-0.004956923
RRN3,NOTCH1,-0.012500271
AC011498.4,NOTCH1,-0.0052296505
DDO,NOTCH1,-0.004950057
MLKL,NOTCH1,-0.00676922
MICA,NOTCH1,-0.00588813
ODR4,NOTCH1,-0.015111983
MSX2,NOTCH1,-0.021885632
ATAD2,NOTCH1,-0.015181958
LBHD2,NOTCH1,-0.004092583
CAMK2B,NOTCH1,-0.0052992012
PRMT6,NOTCH1,-0.03227172
SIRT5,NOTCH1,-0.008337002
SARDH,NOTCH1,-0.0014329774
COA7,NOTCH1,-0.016192308
RHOV,NOTCH1,-0.0059417263
EDDM13,NOTCH1,-0.0054795505
PDCD2,NOTCH1,-0.000515153
JMJD4,NOTCH1,-0.043311927
CIR1,NOTCH1,-0.00088239816
SLC22A18,NOTCH1,-0.0011244752
TSGA10,NOTCH1,-0.010478544
PCDHB6,NOTCH1,-0.0021564625
PSMB5,NOTCH1,-0.0025545245
CBR4,NOTCH1,-0.0056690294
ARHGAP40,NOTCH1,-0.007374949
ZPR1,NOTCH1,-0.03178808
ZNF695,NOTCH1,-0.012544341
WRAP73,NOTCH1,-0.010716313
C4orf50,NOTCH1,-0.0019447085
RND3,NOTCH1,-0.006180771
APOB,NOTCH1,-0.0020880022
ST3GAL5,NOTCH1,-0.016572617
ESPNL,NOTCH1,-0.0090529295
BTBD6,NOTCH1,0.00034309956
TTC39B,NOTCH1,-0.004478578
MS4A14,NOTCH1,-0.011111469
TP53I3,NOTCH1,-0.027371695
RPS27,NOTCH1,-0.0031266324
HSPA1A,NOTCH1,-0.017452981
APEH,NOTCH1,-0.021048777
NOS1,NOTCH1,-0.005690553
MTRF1L,NOTCH1,-0.007817604
COPS7A,NOTCH1,-0.033568654
TNFSF15,NOTCH1,-0.0027858212
C1orf35,NOTCH1,-0.023590216
JHY,NOTCH1,-0.004521101
SP9,NOTCH1,-0.00023665756
MORN4,NOTCH1,-0.011632226
PTHLH,NOTCH1,-0.0044276495
C9orf152,NOTCH1,0.0007915411
APOH,NOTCH1,-0.004967221
CAGE1,NOTCH1,-0.008578796
TBX2,NOTCH1,-0.009741768
AL391650.1,NOTCH1,-0.0028891496
CCK,NOTCH1,-0.009266278
ENKD1,NOTCH1,-0.018481402
PGAM4,NOTCH1,-0.0010936352
DIRAS1,NOTCH1,-0.0029141582
ELOVL4,NOTCH1,-0.0058159903
BEND6,NOTCH1,-0.0052924063
SMPDL3A,NOTCH1,-0.0018994363
HESX1,NOTCH1,-0.0055978205
CD1B,NOTCH1,-0.0043149875
GNG13,NOTCH1,-0.00041375714
PET100,NOTCH1,-0.003029063
CC2D2A,NOTCH1,-0.0077076983
RAB41,NOTCH1,-0.006678346
CCM2,NOTCH1,-0.0069986037
LRRC63,NOTCH1,-0.010478009
COQ7,NOTCH1,-0.011494418
TSBP1,NOTCH1,-0.008923444
OR2L2,NOTCH1,-0.011864047
NFU1,NOTCH1,-0.006901213
FCRLB,NOTCH1,-0.016676981
C11orf68,NOTCH1,-0.0043595466
BMP4,NOTCH1,-0.009458818
THUMPD1,NOTCH1,-0.023892868
QDPR,NOTCH1,-0.029849859
SH3GL3,NOTCH1,-0.020449752
FAM78B,NOTCH1,-0.008843532
RBP3,NOTCH1,-0.02995302
RPS3A,NOTCH1,0.001987821
STARD4,NOTCH1,-0.014894691
RBM3,NOTCH1,-0.011181055
LEAP2,NOTCH1,-0.03316826
GREM1,NOTCH1,-0.002745395
AC010255.2,NOTCH1,-0.006724188
STXBP1,NOTCH1,-0.0060692253
NRN1,NOTCH1,-0.008862748
DCSTAMP,NOTCH1,-0.0028583675
TMEM151A,NOTCH1,-0.00024200762
ZNF257,NOTCH1,-0.013880563
KRT15,NOTCH1,0.0019542556
GIPR,NOTCH1,-0.003071559
FOXN4,NOTCH1,-0.0045704725
SLC38A5,NOTCH1,-0.0043776287
GIN1,NOTCH1,-0.01017248
NMU,NOTCH1,-0.005965405
PCNX3,NOTCH1,-0.020405577
RNF112,NOTCH1,-0.00024037184
CA3,NOTCH1,-0.006366332
GHITM,NOTCH1,-0.004093655
MTCH2,NOTCH1,0.00477468
MYRFL,NOTCH1,-0.005097362
RTP3,NOTCH1,-0.0018219961
CGNL1,NOTCH1,-0.017823644
IL1R2,NOTCH1,-0.0020783683
RASSF7,NOTCH1,-0.009382256
VEGFC,NOTCH1,-0.00991212
FGF12,NOTCH1,-0.010754736
PLAU,NOTCH1,-0.00876978
CADM3,NOTCH1,-0.015009404
CPS1,NOTCH1,-0.002074711
MAD1L1,NOTCH1,-0.0020812743
NTNG1,NOTCH1,-0.033947513
GSDMC,NOTCH1,-0.0051653227
TUBA3E,NOTCH1,-0.0051687364
RPS26,NOTCH1,-0.00956445
RPS6,NOTCH1,-0.0032509472
ZMYND8,NOTCH1,-0.028718196
PPP2R5A,NOTCH1,-0.049090147
TBX19,NOTCH1,-0.0025949283
ARF3,NOTCH1,-0.016760118
MLLT10,NOTCH1,-0.0075225728
ERCC3,NOTCH1,-0.002586951
FDFT1,NOTCH1,-0.0044902144
NOXA1,NOTCH1,-0.0066600363
SAMD9,NOTCH1,-0.00085832615
PANK4,NOTCH1,-0.0018012954
OCIAD2,NOTCH1,-0.01127877
CLINT1,NOTCH1,-0.0024596043
NOP9,NOTCH1,-0.019504715
PTGR1,NOTCH1,-0.0021563915
POGLUT3,NOTCH1,-0.018968208
USP43,NOTCH1,-0.011021414
CHP2,NOTCH1,-0.009638312
MRPS22,NOTCH1,-0.0024468484
MAGOHB,NOTCH1,-0.007463963
HNF4A,NOTCH1,-0.0057557505
TCEANC,NOTCH1,-0.0069454117
ZNF563,NOTCH1,-0.009498427
SIRPB1,NOTCH1,-0.0077113356
RPE65,NOTCH1,-0.019206844
PKD2L2,NOTCH1,-0.010200109
TMEM184A,NOTCH1,-0.0083974935
SERPINB10,NOTCH1,-0.014163081
KRT6B,NOTCH1,-0.0053172125
VPS72,NOTCH1,-0.008390555
CCR3,NOTCH1,-0.004126054
AP1M2,NOTCH1,-0.009309812
POLR2J3,NOTCH1,-0.011741694
B4GALNT1,NOTCH1,-0.004336548
TEPP,NOTCH1,-0.007640128
HSPA14,NOTCH1,-0.005303179
CPA6,NOTCH1,-0.009671672
FDX2,NOTCH1,-0.0067085205
TRIM28,NOTCH1,-0.009939886
KIF9,NOTCH1,-0.00620515
MAPK3,NOTCH1,-0.00046833704
GABPA,NOTCH1,0.003886832
TRPS1,NOTCH1,-0.018594287
ATXN2,NOTCH1,-0.0013316576
NKX2-2,NOTCH1,-0.004106053
FGF8,NOTCH1,-0.002986262
COX6A1,NOTCH1,-0.008890401
ZNF227,NOTCH1,-0.03154931
CNOT2,NOTCH1,-0.0075485436
IRGM,NOTCH1,-0.0046780556
HES4,NOTCH1,-0.015875874
ZSCAN5A,NOTCH1,-0.0026541469
TAOK3,NOTCH1,-0.0008560479
TMPRSS5,NOTCH1,-0.0042258142
GPR146,NOTCH1,0.0072629973
CMTM7,NOTCH1,-0.0035478473
S100A11,NOTCH1,-0.0269027
PIN1,NOTCH1,-0.0109864995
H1-0,NOTCH1,-0.0028990002
ATF7,NOTCH1,-0.012280499
ANGPTL4,NOTCH1,-0.0048419423
HS1BP3,NOTCH1,-0.0028377152
PEX2,NOTCH1,-0.0736724
ALKBH1,NOTCH1,-0.003261264
FDX1,NOTCH1,-0.005797529
CCL24,NOTCH1,-0.005189433
GDPD5,NOTCH1,-0.00988884
CLEC1B,NOTCH1,-0.004161202
SLC29A3,NOTCH1,-0.0040206388
COG2,NOTCH1,0.0024369985
ALDH7A1,NOTCH1,-0.0048898454
MTHFSD,NOTCH1,-0.0060088676
SCN3A,NOTCH1,-0.003517124
MTCL1,NOTCH1,-0.0058787344
B3GNT6,NOTCH1,-0.0033193447
CTNND1,NOTCH1,-0.013828327
AATK,NOTCH1,-0.015159648
ABCC9,NOTCH1,-0.001591976
TBX1,NOTCH1,-0.008010772
RAPGEF4,NOTCH1,-0.0033005814
SLC25A18,NOTCH1,-0.005667258
NME2,NOTCH1,-0.009725819
GPAA1,NOTCH1,-0.005913698
RGSL1,NOTCH1,-0.009846408
IP6K2,NOTCH1,-0.0051578656
LAPTM5,NSD1,0.00042214003
MAGOH,NSD1,-0.008107149
AMZ1,NSD1,-0.0007235283
AHSG,NSD1,-0.00032461114
ZNF354B,NSD1,-0.0013478502
COL8A1,NSD1,-0.0014923249
FAM220A,NSD1,0.0018316393
LCT,NSD1,-0.026878031
CSK,NSD1,-0.004838898
RAVER2,NSD1,-0.030913258
CAPN6,NSD1,-0.082520336
OTUD1,NSD1,-0.026713934
ZBTB8OS,NSD1,-0.0006678097
FCRLB,NSD1,-0.007450595
ZNF302,NSD1,-0.014801579
TMEM223,NSD1,-0.003540039
DUSP23,NSD1,-0.01720476
FOXH1,NSD1,-0.23576663
SPC24,NSD1,-0.00886184
HAX1,NSD1,-0.0029100333
SNAI1,NSD1,-0.009148165
HINT1,NSD1,-0.012207318
FNTB,NSD1,-0.009106195
SPTBN4,NSD1,-0.018479422
CIBAR2,NSD1,-0.01579838
ZFP41,NSD1,-0.010682981
ADAMTS16,NSD1,-0.0035594464
HNRNPA1P48,NSD1,-0.033354852
AL357673.1,NSD1,-0.010690867
SPDYC,NSD1,-0.34022254
ITLN2,NSD1,-0.021736162
SCAI,NSD1,-0.0019502403
OXA1L,NSD1,-0.03105856
KCNQ4,NSD1,-0.0016524439
PTCD1,NSD1,-0.009946993
MCOLN3,NSD1,-0.025725553
PIWIL2,NSD1,-0.19747284
CLEC12B,NSD1,-0.018486373
SALL4,NSD1,-0.013437652
FOXQ1,NSD1,-0.0076356465
MSANTD2,NSD1,-0.05333959
TMEM37,NSD1,-0.007868125
HOXD3,NSD1,-0.0105038015
SPDYE1,NSD1,0.0014703282
ACAT2,NSD1,-0.0018951835
SRI,NSD1,-0.01940189
SYPL1,NSD1,-0.025340036
PLA2G2C,NSD1,-0.001465478
PHYHD1,NSD1,-0.337705
APOL1,NSD1,-0.032577623
FIBCD1,NSD1,-0.024958828
SERPINB6,NSD1,-0.32577184
TMEM120B,NSD1,-0.0096323285
VPS53,NSD1,-0.040825903
RPL22L1,NSD1,-0.03537847
FAM163A,NSD1,-0.054113097
C3orf38,NSD1,-0.011136056
MMP26,NSD1,-0.011436627
ACAD11,NSD1,-0.004681366
TRNP1,NSD1,-0.010250076
RAB3IL1,NSD1,-0.028248096
H3-5,NSD1,-0.015716081
BAMBI,NSD1,-0.010963757
SYNGR1,NSD1,-0.010879664
TPM2,NSD1,-0.004807171
RIPPLY2,NSD1,-0.01755209
GRM4,NSD1,-0.07530134
GNAI1,NSD1,-0.016738063
ZNF224,NSD1,-0.011187257
LLCFC1,NSD1,-0.014403531
BNIP5,NSD1,-0.016712867
B3GNT7,NSD1,-0.003641743
SCAMP3,NSD1,-0.004826566
PRDM1,NSD1,-0.01048613
AUNIP,NSD1,-0.060552076
RET,NSD1,-0.0043487824
GPER1,NSD1,-0.012085238
HABP2,NSD1,-0.008659245
LRRC8B,NSD1,-0.016688757
FOXRED1,NSD1,-0.010962151
SPEM3,NSD1,-0.021957822
KRBOX1,NSD1,-0.006477209
AIF1L,NSD1,-0.009528885
KIRREL2,NSD1,-0.009543685
REG1A,NSD1,-0.02290455
ADGRL3,NSD1,-0.02178118
TMED4,NSD1,-0.0032424405
LGI2,NSD1,-0.006372103
MOCOS,NSD1,-0.015084294
C1QL4,NSD1,-0.010141776
THRSP,NSD1,-0.0544487
ANXA2R,NSD1,-0.03242458
SLC1A6,NSD1,-0.029542182
EMX2,NSD1,-0.0129319215
SNCAIP,NSD1,-0.015224925
TTC39B,NSD1,-0.00090271764
ERP29,NSD1,-0.044306036
CASP8,NSD1,-0.0716936
KRTAP20-2,NSD1,-0.010245038
MIOX,NSD1,-0.1440372
RGS16,NSD1,-0.02694049
PIAS1,NSD1,-0.0076254383
SLC1A2,NSD1,-0.03258096
LY75,NSD1,-0.052431647
ZBTB3,NSD1,-0.017745234
GATA6,NSD1,-0.022599012
CHRM3,NSD1,-0.0024936183
PLEKHB2,NSD1,-0.007318818
F2,NSD1,-0.027568504
LBP,NSD1,-0.036782738
TDRKH,NSD1,-0.006604641
CCND1,NSD1,-0.01526365
EFCAB1,NSD1,-0.019678215
PER1,NSD1,-0.0053562955
KLK3,NSD1,0.0037670105
BCL2L10,NSD1,-0.014968345
LIPT2,NSD1,-0.00730554
DIXDC1,NSD1,-0.003297133
TAL1,NSD1,-0.006478078
PDXK,NSD1,-0.017744854
CADM4,NSD1,-0.036168832
NOBOX,NSD1,-0.20433514
SDHAF4,NSD1,-0.018036209
HCN3,NSD1,-0.0030956597
SLC25A11,NSD1,-0.046898145
OTOA,NSD1,-0.014126266
RTL10,NSD1,-0.011804321
BARX2,NSD1,-0.004911339
NR5A1,NSD1,-0.29641673
C6orf226,NSD1,-0.017213702
PIK3C3,NSD1,-0.011797817
FZD10,NSD1,-0.020280994
PSCA,NSD1,-0.09045874
FGFBP2,NSD1,-0.039078463
RNF24,NSD1,-0.013531854
GIPC2,NSD1,-0.057508826
TFPI2,NSD1,-0.009979534
TOM1L2,NSD1,-0.0016188823
NEIL3,NSD1,-0.021289302
RAP1B,NSD1,-0.0158012
PTPRR,NSD1,-0.016177252
RPL18A,NSD1,-0.015600484
LRCH3,NSD1,0.002178181
UBE2D4,NSD1,-0.008301465
RHBDL1,NSD1,-0.021128617
ESPNL,NSD1,-0.011918117
MROH2A,NSD1,-0.01085013
PCSK9,NSD1,-0.019793905
PCDHGA3,NSD1,-0.003916909
LMO3,NSD1,-0.015100131
KIR3DL2,NSD1,-0.12700173
BMP5,NSD1,-8.2264574e-05
ZMYND8,NSD1,-0.03143129
CMBL,NSD1,-0.03017415
THEM4,NSD1,-0.011329758
RIOX1,NSD1,-0.009723386
PTX4,NSD1,-0.11916603
PNMA5,NSD1,-0.023081651
CRACR2B,NSD1,-0.026105842
TUSC1,NSD1,-0.03551721
CAMTA1,NSD1,-0.017399278
SEC13,NSD1,-0.006915867
S100P,NSD1,-0.031034423
PDCD6-AHRR,NSD1,-0.008440403
AL353572.3,NSD1,-0.029110972
SDC4,NSD1,-0.0007199484
SNRPF,NSD1,-0.010148988
MAB21L2,NSD1,-0.005591593
UBA52,NSD1,-0.014048361
TAB1,NSD1,-0.0019416151
BBOX1,PAPPA2,-0.01560131
B3GAT3,PAPPA2,-0.0027569644
ALG10,PAPPA2,-0.030839184
SERPINA7,PAPPA2,-0.0024675785
YTHDC2,PAPPA2,-0.0012886769
NKX6-1,PAPPA2,-0.21571095
RND3,PAPPA2,-0.0014961642
PXN,PAPPA2,-0.0027661726
KCNE5,PAPPA2,-0.010787382
AK6,PAPPA2,-0.0050197463
TCEAL7,PAPPA2,-0.003344211
SQLE,PAPPA2,-0.005009889
ETV2,PAPPA2,-0.0038595584
GJA5,PAPPA2,-0.018527001
PXMP4,PAPPA2,-0.029921183
TUSC1,PAPPA2,-0.027452733
CD55,PAPPA2,-0.01785674
LMAN1,PAPPA2,-0.021759978
GPR37,PAPPA2,-0.070294715
CIAO3,PAPPA2,-0.009770374
DRD4,PAPPA2,-0.01497955
RNF213,PAPPA2,-0.0009830308
ZNF589,PAPPA2,-0.014646689
CTXND1,PAPPA2,-0.004042249
CBLN4,PAPPA2,-0.014752881
GIMAP4,PAPPA2,-0.014263288
TSTD3,PAPPA2,-0.0036657606
ZNF276,PAPPA2,-0.017699298
DYNLRB2,PAPPA2,-0.0023250454
RASGRP1,PAPPA2,-0.008345351
ALB,PAPPA2,-0.009274279
MAP3K7CL,PAPPA2,-0.016255673
SPINK2,PAPPA2,-0.010119124
ABLIM1,PAPPA2,-0.014975916
LETM1,PAPPA2,-0.00619616
BORCS7,PAPPA2,-0.024712805
ABCD3,PAPPA2,-0.03179219
TNKS1BP1,PAPPA2,-0.009803289
C2,PAPPA2,-0.018034963
RDH16,PAPPA2,-0.014822606
ECEL1,PAPPA2,-0.004740276
ZNF710,PAPPA2,-0.018753204
SBK1,PAPPA2,-0.0071591237
ZFP36,PAPPA2,-0.009963767
RASGEF1B,PAPPA2,-0.00046523887
OST4,PAPPA2,-0.025751483
TIMP3,PAPPA2,-0.030546816
KCNH3,PAPPA2,-0.0064568804
B3GALNT2,PAPPA2,-0.006818833
RMND5B,PAPPA2,-0.0090728
RGS17,PAPPA2,-0.010360711
CTSL,PAPPA2,-0.015538023
SH3KBP1,PAPPA2,-0.016714986
NAGS,PAPPA2,-0.03094238
TBCC,PAPPA2,-0.0053698895
HOGA1,PAPPA2,-0.018304564
GLRA3,PAPPA2,-0.015269361
GSTA1,PAPPA2,-0.013395993
TNFRSF10C,PAPPA2,-0.0018089949
GLMP,PAPPA2,-0.0066260295
LRRC7,PAPPA2,-0.023836521
GNG7,PAPPA2,-0.036563873
C17orf97,PAPPA2,-0.009732527
SPDYC,PAPPA2,-0.05211648
C20orf141,PAPPA2,-0.031703528
EYA4,PAPPA2,-0.010030168
MROH9,PAPPA2,-0.01362829
GBP3,PAPPA2,-0.014022637
LIN37,PAPPA2,-0.009057992
CCDC91,PAPPA2,-0.0059833936
NUPR1,PAPPA2,-0.008821174
TMEM45B,PAPPA2,-0.0056715296
FBXO10,PAPPA2,-0.0215792
PMP2,PAPPA2,-0.017397953
NRXN1,PAPPA2,-0.006632012
RPUSD1,PAPPA2,-0.021157166
SCN4B,PAPPA2,-0.08936027
ADAMTSL3,PAPPA2,-0.006738167
RPS3,PAPPA2,-0.026231682
CIP2A,PAPPA2,-0.0076961885
DUOX1,PAPPA2,-0.010887102
LURAP1L,PAPPA2,-0.0038090143
LRRC8C,PAPPA2,-0.019012067
NSD3,PAPPA2,-0.017810611
GPR137,PAPPA2,-0.0073033776
PCK1,PAPPA2,-0.007311393
GSAP,PAPPA2,-0.03529736
BPI,PAPPA2,-0.0107843075
NR5A1,PAPPA2,-0.0186083
ENY2,PAPPA2,-0.015953962
FAM166C,PAPPA2,-0.009077457
CD300LG,PAPPA2,-0.035599772
ANAPC16,PAPPA2,-0.03360369
AP003071.5,PAPPA2,-0.0038947954
VILL,PAPPA2,-0.04842226
ZNF766,PAPPA2,-0.013253859
NMNAT2,PAPPA2,-0.040349465
SFTPD,PAPPA2,-0.012726251
ADCK5,PAPPA2,-0.020837115
LYSMD2,PAPPA2,-0.028238378
THEG,PAPPA2,-0.0064924243
POLN,PAPPA2,-0.012471114
SEC22B,PAPPA2,-0.018529862
PDCD6IP,PAPPA2,-0.02067094
FO681492.1,PAPPA2,-0.013208219
PABPC1L2A,PAPPA2,-0.008834884
NYAP1,PAPPA2,-0.016091812
PET117,PAPPA2,-0.040847465
PURA,PAPPA2,-0.009291098
ELP3,PAPPA2,-0.010725795
FHAD1,PAPPA2,-0.01472765
CCL5,PAPPA2,-0.01648574
TSHZ3,PAPPA2,-0.011262949
MTERF3,PAPPA2,-0.07891226
IER3IP1,PAPPA2,-0.035566777
ZMYND12,PAPPA2,-0.013143418
RHBG,PAPPA2,-0.032738917
HOXD1,PAPPA2,-0.011567256
GCAT,PAPPA2,-0.08029733
MAB21L2,PAPPA2,-0.036909536
GPR61,PAPPA2,-0.012669971
TCTEX1D1,PAPPA2,-0.007056047
ATG2A,PAPPA2,-0.017707204
MOB3B,PAPPA2,-0.047702096
DYDC1,PAPPA2,-0.006145932
FAM221A,PAPPA2,-0.03181366
LINGO2,PAPPA2,-0.024770908
PHETA2,PAPPA2,-0.01867831
PFDN5,PAPPA2,-0.05336878
MRGPRX3,PAPPA2,-0.002380905
LZTS2,PAPPA2,-0.0031435278
GPR1,PAPPA2,-0.010023256
ABCD1,PAPPA2,-0.014289774
GAS8,PAPPA2,-0.029343402
FAM155A,PAPPA2,-0.051780123
VCX,PAPPA2,-0.020571839
COL2A1,PAPPA2,-0.032324664
CLCNKB,PAPPA2,-0.011411699
GPX3,PAPPA2,-0.037781548
ZNF549,PAPPA2,-0.03716848
PYCARD,PAPPA2,-0.015586383
ZNF229,PAPPA2,-0.024879243
GAS6,PAPPA2,-0.0061622164
GALNT5,PAPPA2,-0.004335365
TSPAN1,PAPPA2,-0.006874351
CDK16,PAPPA2,-0.0065142456
SEC11C,PAPPA2,-0.007374509
PRR22,PAPPA2,-0.0153732905
ROS1,PAPPA2,-0.011114227
HIF1AN,PAPPA2,-0.0031559796
C6orf163,PAPPA2,-0.022616334
AC087289.3,PAPPA2,-0.007563024
CD40,PAPPA2,-0.00044800612
C11orf96,PAPPA2,-0.014741585
ZNF569,PAPPA2,-0.0063642203
HS3ST3B1,PAPPA2,-0.012009908
WARS2,PAPPA2,-0.03511362
CD300E,PAPPA2,0.0014584094
TTLL11,PAPPA2,-0.070879556
PRADC1,PAPPA2,-0.026348103
AGL,PAPPA2,0.0014967354
MIS12,PAPPA2,-0.020257719
AK9,PAPPA2,-0.2273629
TMPRSS12,PAPPA2,-0.007825772
TTF1,PAPPA2,0.0014927215
ATP10B,PAPPA2,-0.050620697
ARHGAP23,PAPPA2,-0.020361677
SST,PAPPA2,-0.26948586
ADRB2,PAPPA2,-0.044567596
CDHR2,PAPPA2,-0.002991978
SLC35G2,PAPPA2,-0.046908803
KCNS1,PAPPA2,-0.04326478
TMEM192,PAPPA2,-0.0072558187
TMEM230,PAPPA2,-0.0028204708
CRELD1,PAPPA2,-0.060250856
TMTC1,PAPPA2,-0.018649302
GCNA,PAPPA2,-0.058888905
TMEM263,PAPPA2,-0.024895452
HERC5,PAPPA2,-0.0065974323
PLA2G12B,PAPPA2,-0.01558042
KRT13,PAPPA2,-0.0064838612
EWSR1,PAPPA2,-0.02582905
MUC21,PAPPA2,-0.018850889
TRIM2,PAPPA2,-0.013594029
HSPB1,PAPPA2,-0.029156141
CFH,PAPPA2,-0.016684957
SERPINB5,PAPPA2,-0.015769236
FUT6,PAPPA2,-0.005519884
RAB6D,PAPPA2,-0.01885044
LRRC19,PAPPA2,-0.014934933
NXPE4,PAPPA2,-0.014647304
XKR8,PAPPA2,-0.0021842502
SCX,PAPPA2,-0.040868778
NAB1,PAPPA2,-0.016496269
MCOLN2,PAPPA2,-0.031434238
CHIC2,PAPPA2,-0.037507962
IL22,PAPPA2,-0.0012088268
GPC2,PAPPA2,-0.007666944
GRK3,PAPPA2,-0.010221147
DKKL1,PAPPA2,-0.008542767
RAB11FIP2,PAPPA2,-0.0057580853
SLC22A1,PAPPA2,-0.018587625
LRRN4,PAPPA2,-0.008100346
DYNLL2,PAPPA2,-0.019396612
NDUFAF8,PAPPA2,-0.009777204
SGK2,PAPPA2,-0.03431057
ZNF628,PAPPA2,-0.018263506
HEXIM1,PAPPA2,-0.0026260517
ADAMTS4,PAPPA2,-0.0409561
AXDND1,PAPPA2,-0.01984061
FUT9,PAPPA2,-0.005498704
ITGB3BP,PAPPA2,-0.013553728
IL17C,PAPPA2,-0.06633267
S100A5,PAPPA2,-0.076331794
KCNG2,PAPPA2,-0.0104540335
PWP2,PAPPA2,-0.007237826
NBPF20,PAPPA2,-0.024771662
CEL,PAPPA2,-0.02772491
FFAR3,PAPPA2,-0.0065261563
SCART1,PAPPA2,-0.056049503
AK4,PAPPA2,-0.0066967295
HYAL4,PAPPA2,-0.011768035
ADSS1,PAPPA2,-0.07380793
TMPRSS11B,PAPPA2,-0.01628969
COL4A6,PAPPA2,-0.0056542996
FBXO27,PAPPA2,-0.037735116
GP6,PAPPA2,-0.02204337
ZFP41,PAPPA2,-0.00832971
LRGUK,PAPPA2,-0.14964041
TRA2A,PAPPA2,-0.049603097
KLHL4,PAPPA2,-0.0057345666
C3,PAPPA2,-0.024455419
PCED1A,PAPPA2,-0.026832197
ABHD17B,PAPPA2,-0.011613497
SUGT1,PAPPA2,-0.023048699
C18orf21,PAPPA2,-0.011504267
ABHD11,PCDH10,-0.0029065053
CXXC1,PCDH10,-0.0031492156
DEPDC4,PCDH10,-0.013618256
DDIT3,PCDH10,-0.1291784
USP18,PCDH10,-0.05236045
DCDC2C,PCDH10,-0.030454837
UTF1,PCDH10,-0.013542949
WDR26,PCDH10,-0.015395308
CXCL16,PCDH10,-0.02508927
ANKRD20A1,PCDH10,-0.012336405
MB21D2,PCDH10,-0.06591088
MYOZ3,PCDH10,-0.1366142
TBC1D8B,PCDH10,-0.016294274
RXRG,PCDH10,-0.12980619
SNX4,PCDH10,-0.041063335
TGM5,PCDH10,-0.01608247
SERPINB3,PCDH10,-0.011116386
DMAC2,PCDH10,-0.043654237
RGP1,PCDH10,-0.005488384
RSPH3,PCDH10,-0.0077574356
LY6G6E,PCDH10,-0.026076473
PAX8,PCDH10,-0.076638885
GRIN2C,PCDH10,-0.014544932
CPVL,PCDH10,-0.04283495
LCE5A,PCDH10,-0.028469631
NKD1,PCDH10,-0.0175238
GRM2,PCDH10,-0.08212261
GPR155,PCDH10,-0.0355938
ZNF467,PCDH10,-0.0145251155
ATP8B3,PCDH10,-0.024076605
ELAPOR1,PCDH10,-0.0087084025
RPS7,PCDH10,-0.02215374
MMUT,PCDH10,-0.029351668
SYN1,PCDH10,-0.014366409
NCOA7,PCDH10,-0.10293593
PAK1IP1,PCDH10,-0.007971404
MAP7D1,PCDH10,-0.007174451
MPG,PCDH10,-0.036551192
VSIG8,PCDH10,-0.016365565
CISD3,PCDH10,-0.04130142
NKX2-1,PCDH10,-0.016256541
FAM110D,PCDH10,-0.0054515894
MAP1S,PCDH10,-0.0047718817
CKAP2,PCDH10,-0.008281672
HSD17B1,PCDH10,-0.030389275
TNIP3,PCDH10,-0.06957289
COMMD7,PCDH10,-0.0077538453
ZNF442,PCDH10,-0.016571878
PPP1R35,PCDH10,-0.07725823
TRIM4,PCDH10,-0.012206079
PRELID3A,PCDH10,-0.05310329
HPDL,PCDH10,-0.023200924
HOXB7,PCDH10,-0.07196843
RSU1,PCDH10,-0.006509618
ATF5,PCDH10,-0.007441675
GCKR,PCDH10,-0.072325
TEX101,PCDH10,-0.023015486
MAN2B1,PCDH10,-0.017084703
ITGB1BP1,PCDH10,-0.028999407
PARP12,PCDH10,-0.017909085
ESRRB,PCDH10,-0.06703661
CYP4F22,PCDH10,-0.04482763
RPL13,PCDH10,-0.07038934
SPINK7,PCDH10,-0.012666315
GLT1D1,PCDH10,-0.06066048
SLC16A11,PCDH10,-0.012078217
FNDC4,PCDH10,-0.0101924995
CPT1C,PCDH10,-0.022519749
GRK4,PCDH10,-0.011689758
TCEAL8,PCDH10,-0.03078469
RCBTB2,PCDH10,-0.017448304
SEMA6B,PCDH10,-0.055954438
CCDC51,PCDH10,-0.030909488
RIPOR3,PCDH10,-0.014312946
XKR9,PCDH10,-0.01239793
CARD11,PCDH10,-0.019543312
PRAF2,PCDH10,-0.008309749
SFTPD,PCDH10,-0.0066739963
TBC1D23,PCDH10,-0.025646007
HNRNPA1L2,PCDH10,-0.0063109146
HIBADH,PCDH10,-0.029737102
ARHGAP32,PCDH10,-0.0043163556
CALM1,PCDH10,-0.02417128
DDO,PCDH10,-0.024675094
SCN2A,PCDH10,-0.08978863
NR3C2,PCDH10,-0.025081145
RDH11,PCDH10,-0.026216509
PCDHA3,PCDH10,-0.024097985
NMT2,PCDH10,-0.0376441
CDH2,PCDH10,-0.013813783
PSIP1,PCDH10,-0.00630479
TRNP1,PCDH10,-0.015790176
PRB2,PCDH10,-0.035451695
PLAC1,PCDH10,-0.006831595
CCDC92,PCDH10,-0.089395754
DMRT3,PCDH10,-0.019738302
MAP1LC3C,PCDH10,-0.06857653
UPK1B,PCDH10,-0.062708795
SLC25A25,PCDH10,-0.04111424
ARF4,PCDH10,-0.029840074
GTF2H2,PCDH10,-0.016958207
BCL11B,PCDH10,-0.015157152
ERCC6L,PCDH10,-0.007093895
SNPH,PCDH10,-0.012886475
MMP7,PCDH10,-0.01336685
RHCG,PCDH10,-0.021947747
MYOM3,PCDH10,-0.019247789
SERPIND1,PCDH10,-0.05883983
SOX11,PCDH10,-0.0175079
SIK1,PCDH10,-0.068745896
WDR62,PCDH10,-0.013131445
FYB2,PCDH10,-0.03544879
GID8,PCDH10,-0.0020787702
BEX5,PCDH10,-0.009147656
ARID3A,PCDH10,-0.018514037
PDE4B,PCDH10,-0.0102698775
CSKMT,PCDH10,-0.042017635
FZD1,PCDH10,-0.01139202
ADAM19,PCDH10,-0.007434379
FOS,PCDH10,-0.12859565
LRRTM1,PCDH10,-0.04880977
HERC3,PCDH10,-0.021034297
MEGF8,PCDH10,-0.05199564
ECE1,PCDH10,-0.004503677
YBX1,PCDH10,-0.02690439
SMPD3,PCDH10,-0.042615
ENPP4,PCDH10,-0.007851022
DACT2,PCDH10,-0.016217938
POLA2,PCDH10,-0.0047145365
GRHL1,PCDH10,-0.0045474493
FAM181B,PCDH10,-0.003250873
UBALD1,PCDH10,-0.004239712
GON7,PCDH10,-0.014555003
LYVE1,PCDH10,-0.058780655
FOXD1,PCDH10,-0.024595875
CAPN6,PCDH10,-0.017315445
ZNF544,PCDH10,-0.018494023
WSB2,PCDH10,-0.04826969
CFAP70,PCDH10,-0.030488394
PRDX6,PCDH10,-0.12027598
NME9,PCDH10,-0.012232221
PCK2,PCDH10,-0.025861142
SIDT1,PCDH10,-0.022033596
C1GALT1C1L,PCDH10,-0.008247832
STK32B,PCDH10,-0.04215646
KYAT3,PCDH10,-0.06523302
IGBP1,PCDH10,-0.024101887
SERAC1,PCDH10,-0.0102898795
SRRM3,PCDH10,-0.014264772
GPA33,PCDH10,-0.06062247
LRCH1,PCDH10,-0.06279626
MPP7,PCDH10,-0.008673322
GALK1,PCDH10,-0.037513945
SUPT5H,PCDH10,-0.07643145
PRPH2,PCDH10,-0.04495654
ATL1,PCDH10,-0.0064245095
AACS,PCDH10,-0.0065685357
SNX31,PCDH10,-0.029342027
RAD51AP2,PCDH10,-0.0397859
STIM2,PCDH10,-0.014559986
TPRN,PCDH10,-0.012097012
HEATR4,PCDH10,-0.022958508
CARNMT1,PCDH10,-0.008481076
CACNG4,PCDH10,-0.013660734
CDX2,PCDH10,-0.020744199
AQP10,PCDH10,-0.015646068
GPR25,PCDH10,-0.0069306754
ATP6V0A1,PCDH10,-0.024270847
B3GNT2,PCDH10,-0.015939005
FOLR2,PCDH10,-0.023122745
APRT,PCDH10,-0.012586568
PLEKHM2,PCDH10,-0.024402522
SOGA1,PCDH10,-0.017448185
CLEC19A,PCDH10,-0.01798351
VCPKMT,PCDH10,-0.032814354
KRT76,PCDH10,-0.017065737
DHRS9,PCDH10,-0.06437705
ANKRD33B,PCDH10,-0.059574284
EAPP,PCDH10,-0.013566435
NKX2-2,PCDH10,-0.010367978
CLVS2,PCDH10,-0.010134235
HOXB3,PCDH10,-0.06725512
ACTG2,PCDH10,-0.031647407
CCDC38,PCDH10,-0.022637883
UBALD2,PCDH10,-0.0872106
SLC25A18,PCDH10,-0.01627105
TCHP,PCDH10,-0.02138044
RPL27A,PCDH10,-0.02214184
SLC44A1,PEG3,-0.004809594
ATP11C,PEG3,-0.005739904
SCN8A,PEG3,-0.06277498
C22orf23,PEG3,-0.056234132
AL049844.1,PEG3,-0.007607434
ADAMTS2,PEG3,-0.019083371
CGGBP1,PEG3,-0.009061287
TNFAIP2,PEG3,-0.0016979278
ZNF433,PEG3,-0.012032343
RIC3,PEG3,-0.026690094
HSPB9,PEG3,-0.00980349
SNX11,PEG3,-0.0063934303
GALR1,PEG3,-0.080913134
KDELR2,PEG3,-0.008168252
VMP1,PEG3,-0.02468736
AASDH,PEG3,-0.011121998
NAPB,PEG3,-0.010408871
CLEC12A,PEG3,-0.056568872
PAK6,PEG3,-0.0077274195
DHRS11,PEG3,-0.01007586
GDF6,PEG3,-0.010358618
LTF,PEG3,-0.014184483
ULBP2,PEG3,-0.07586741
KLC3,PEG3,-0.016185073
FAM50B,PEG3,-0.013199971
ADH6,PEG3,-0.048829705
FGGY,PEG3,-0.012849636
LEKR1,PEG3,-0.0061316546
CCDC160,PEG3,-0.05580595
PIGP,PEG3,-0.0052515278
AQP5,PEG3,-0.016788838
EMC8,PEG3,-0.019012805
OSBP2,PEG3,-0.008739765
CXCL1,PEG3,-0.01248232
RPS4X,PEG3,-0.010199803
SH3D21,PEG3,-0.014847528
ENDOV,PEG3,-0.006126071
GAR1,PEG3,-0.013424205
MICB,PEG3,-0.0014637688
DNTTIP1,PEG3,-0.022121303
NOL3,PEG3,-0.006997773
HMOX2,PEG3,-0.009389176
CNNM1,PEG3,0.0032533065
OST4,PEG3,-0.008041293
CPPED1,PEG3,-0.089689866
RIPK3,PEG3,-0.016207302
NXPH1,PEG3,-0.018777888
OGFOD2,PEG3,-0.15980743
TUBB3,PEG3,-0.016688975
POU3F2,PEG3,-0.03390238
SKA3,PEG3,-0.08098174
TMEM11,PEG3,-0.01478772
GPR183,PEG3,-0.0077645453
RAD51,PEG3,-0.013130825
TUBA4B,PEG3,-0.05810943
NOA1,PEG3,-0.059144516
SSPN,PEG3,-0.023076264
MKRN3,PEG3,-0.01488217
DNAH14,PEG3,-0.0321539
MS4A2,PEG3,-0.04170156
HOXA10,PEG3,-0.039292205
ZNF311,PEG3,-0.010394611
MRC2,PEG3,-0.0011851889
TMPRSS7,PEG3,-0.0106337285
LEMD1,PEG3,-0.021123042
H2AX,PEG3,-0.015951635
TTC39A,PEG3,-0.011583892
SNX21,PEG3,-0.036964234
GABARAPL2,PEG3,-0.00834356
C20orf202,PEG3,-0.009737154
UBR3,PEG3,-0.01781891
CNTNAP3B,PEG3,-0.018764956
KIRREL3,PEG3,-0.03461789
TRMT10B,PEG3,-0.018105054
LYPD1,PEG3,-0.026314229
NACA,PEG3,-0.0133399265
FGF1,PEG3,-0.013776061
CD177,PEG3,-0.010399131
BLNK,PEG3,-0.009365311
CTAGE8,PEG3,-0.016318968
FOXK1,PEG3,-0.017467042
TLR1,PEG3,-0.013931354
SH2D4B,PEG3,-0.028364606
CAPNS2,PEG3,-0.025019983
NSG1,PEG3,-0.02506433
TLCD5,PEG3,-0.09213016
TRAPPC1,PEG3,-0.006507844
THEM6,PEG3,-0.034191612
FUT1,PEG3,-0.06424938
CXXC5,PEG3,-0.08034727
MFSD2A,PEG3,-0.013393275
ADRA1A,PEG3,-0.011409162
WDR45B,PEG3,-0.028698796
PRKD2,PEG3,-0.016570723
FIP1L1,PEG3,-0.013286985
FBXL8,PEG3,-0.0085017495
PIWIL2,PEG3,-0.01847576
SLC19A1,PEG3,-0.0102424715
DEF8,PEG3,-0.013402674
ZDHHC8,PEG3,-0.014957117
MYO1G,PEG3,-0.0133818025
DMRT2,PEG3,-0.80049866
TMEM221,PEG3,-0.026208336
BMP8B,PEG3,-0.014160322
TACC3,PEG3,-0.018402997
PIK3C2G,PEG3,-0.021559613
PRSS23,PEG3,-0.01887322
GPSM1,PEG3,-0.015013392
EIF2S3B,PEG3,-0.02967729
KLHDC2,PEG3,-0.03139713
PPP3CB,PEG3,-0.23765531
MEPCE,PEG3,-0.014826643
RHD,PEG3,-0.01292013
SPOCD1,PEG3,-0.023574138
DEDD2,PEG3,-0.12213798
CIRBP,PEG3,-0.029357523
B4GALNT2,PEG3,-0.013775598
TLR6,PEG3,-0.047518335
LRG1,PEG3,-0.031061893
KCTD17,PEG3,-0.014672172
CSDE1,PEG3,-0.004721912
CLOCK,PEG3,-0.010203584
CXCR1,PEG3,-0.04593946
NOX5,PEG3,-0.06619995
DAPK1,PEG3,-0.0029260374
CTU1,PEG3,-0.027123703
ELL,PEG3,-0.027422037
ATRN,PEG3,-0.014630875
OR13A1,PEG3,-0.021787137
SLC12A4,PEG3,-0.031445637
ADM,PEG3,-0.099771954
AIG1,PEG3,-0.09051992
CENPT,PEG3,-0.012639866
SLC37A2,PEG3,-0.007984106
TMEM42,PEG3,-0.008812602
AC013470.2,PEG3,-0.0070080776
ST6GALNAC1,PEG3,-0.05021536
B3GAT2,PEG3,-0.0018536611
OR2A7,PEG3,-0.012919302
P2RX6,PEG3,-0.023214497
APOBEC3A,PEG3,-0.008315996
USP3,PEG3,-0.024721885
CEACAM3,PEG3,-0.010622547
TRIM3,PEG3,-0.06492885
GPD2,PEG3,-0.026155883
ZNF622,PEG3,-0.014667961
P4HA2,PEG3,-0.019185958
SUMF2,PEG3,-0.033889517
FAM111B,PEG3,-0.019778658
HOXA13,PEG3,-0.021886049
AFAP1L1,PEG3,-0.108725734
SEC14L2,PEG3,-0.022431554
CSF1R,PEG3,-0.01281767
ANKRD50,PEG3,-0.007134605
AC008397.1,PEG3,-0.041675255
IFI27L1,PEG3,-0.017069397
SETSIP,PEG3,-0.1255406
PCDHA2,PEG3,-0.026494494
TMED6,PEG3,-0.010996913
SH2D3A,PEG3,-0.014690089
NLRP7,PEG3,-0.12062039
MBLAC1,PEG3,-0.016905373
CDHR4,PEG3,-0.016292429
UBE2V2,PEG3,-0.013327229
CENPH,PEG3,-0.006963222
UBAC2,PEG3,-0.0328887
DHPS,PEG3,-0.008319274
TRPV2,PEG3,-0.020419456
MEST,PEG3,-0.13481885
ACAT1,PKHD1,-0.0054603065
PGBD1,PKHD1,-0.03352399
CDC20,PKHD1,-0.0053562964
MPHOSPH8,PKHD1,-0.024400052
FAN1,PKHD1,-0.008176237
PCDHGB3,PKHD1,-0.0038559316
ZNF846,PKHD1,-0.09163547
BCAN,PKHD1,-0.002602363
ERCC6L,PKHD1,-0.009157232
DNMT3B,PKHD1,-0.013044507
GPR132,PKHD1,-0.0065268455
LEPROT,PKHD1,-0.011153418
OCIAD2,PKHD1,-0.003990732
GATD3B,PKHD1,-0.019287061
ZNF789,PKHD1,-0.019716691
IZUMO1,PKHD1,-0.02504191
CAPS,PKHD1,-0.02659508
ASCL5,PKHD1,-0.02548052
SYT8,PKHD1,-0.044336285
SFSWAP,PKHD1,-0.021499606
COL4A3,PKHD1,-0.038493518
TMEM17,PKHD1,-0.010744707
WFDC2,PKHD1,-0.019150537
FKBP15,PKHD1,-0.02643785
CTNNAL1,PKHD1,-0.008826898
LRRC75A,PKHD1,-0.016667422
AQP6,PKHD1,-0.0072195525
DDX23,PKHD1,-0.0022742727
RSBN1,PKHD1,-0.013425296
SERF1A,PKHD1,-0.021330237
CCL4L2,PKHD1,-0.025610864
PPP1R3G,PKHD1,-0.058881793
ZDHHC18,PKHD1,-0.017501397
ING2,PKHD1,-0.010816046
DPF2,PKHD1,-0.008979235
PSG7,PKHD1,-0.02323055
SLCO5A1,PKHD1,-0.013910336
PDE7A,PKHD1,-0.015073905
CCDC13,PKHD1,-0.012695635
TNK2,PKHD1,-0.18308228
CCR9,PKHD1,-0.009587262
MALT1,PKHD1,-0.044357955
FBXO2,PKHD1,-0.015544548
DSG4,PKHD1,-0.0144153545
PACC1,PKHD1,-0.013774999
NUDT14,PKHD1,-0.013092053
NFIA,PKHD1,-0.012860729
RHOB,PKHD1,-0.026518587
KCNJ10,PKHD1,-0.07146437
PSMB7,PKHD1,-0.023256792
PDLIM4,PKHD1,-0.022578416
ZFYVE28,PKHD1,-0.027157135
STC2,PKHD1,-0.013653137
VPS29,PKHD1,-0.026429424
HOXB4,PKHD1,-0.0065050167
BCAR3,PKHD1,-0.025539197
FPR3,PKHD1,-0.007672026
ZNF510,PKHD1,-0.009973467
NAMPT,PKHD1,-0.10425307
SORCS1,PKHD1,-0.033949047
BAP1,PKHD1,-0.011022311
GADD45GIP1,PKHD1,-0.015138876
MGAM2,PKHD1,-0.013080728
STOML1,PKHD1,-0.012180118
LRRC14,PKHD1,-0.032789137
TAS2R3,PKHD1,-0.017470766
MOB2,PKHD1,-0.0005504588
PSTPIP1,PKHD1,-0.10675688
PCDHGA10,PKHD1,-0.008623589
CDK18,PKHD1,-0.0036455088
MRPS12,PKHD1,-0.0227385
PCDHB12,PKHD1,-0.03553409
PTMS,PKHD1,-0.03186553
ANXA5,PKHD1,-0.016472155
ASIC4,PKHD1,-0.032318354
IDH3G,PKHD1,-0.014005011
ZNF492,PKHD1,-0.013772546
UGT1A10,PKHD1,-0.012306011
SCNN1B,PKHD1,-0.023817584
RAB19,PKHD1,-0.025554325
PDE6G,PKHD1,-0.041733667
TRIM38,PKHD1,-0.006131092
IMMT,PKHD1,-0.018817158
CXADR,PKHD1,-0.011079155
VSIG10,PKHD1,-0.027051456
DHRS2,PKHD1,-0.009654502
C16orf54,PKHD1,-0.021055656
ITGB7,PKHD1,-0.052813042
RDH16,PKHD1,-0.01563075
TDRD10,PKHD1,-0.02618474
LACTB2,PKHD1,-0.0106827365
TMEM242,PKHD1,-0.038685262
SQLE,PKHD1,-0.026886826
ARF5,PKHD1,-0.08592864
POLD3,PKHD1,-0.007451774
KIF19,PKHD1,-0.003482228
DGAT2,PKHD1,-0.043653175
TMIE,PKHD1,-0.028046496
KIAA1586,PKHD1,-0.027270563
TMEM114,PKHD1,-0.013866579
KRT24,PKHD1,-0.016436588
PROX2,PKHD1,-0.014245425
KLHL6,PKHD1,-0.01581023
PCDHGA11,PKHD1,-0.019450787
B3GNT5,PKHD1,-0.013670514
HOXD9,PKHD1,-0.036774136
GNB5,PKHD1,-0.014586437
WNT1,PKHD1,-0.013804804
ZNF573,PKHD1,-0.0055044834
NPTN,PKHD1,-0.0052926727
CHST2,PKHD1,-0.014572338
THBD,PKHD1,-0.027435414
UROS,PKHD1,-0.086333826
SCYL1,PKHD1,-0.12074024
ADGRD2,PKHD1,-0.02607184
SMCO1,PKHD1,-0.01543039
IVD,PKHD1,-0.093644686
MYO16,PKHD1,-0.052760392
GZMB,PKHD1,-0.01482175
IL20RB,PKHD1,-0.011017327
PTHLH,PKHD1,-0.021807596
IL27RA,PKHD1,-0.013254248
GOLGA8M,PKHD1,-0.010972943
RANBP17,PKHD1,-0.011847345
TGFA,PKHD1,-0.018714735
FBXO40,PKHD1,-0.011365357
GPATCH3,PKHD1,-0.06333155
ZNF585A,PKHD1,-0.013618116
ZBED2,PKHD1,-0.028050521
MAFA,PKHD1,-0.0152069945
DCLK1,PKHD1,-0.008705419
ITFG1,PKHD1,-0.017243084
DNAH5,PKHD1,-0.01799717
BHMT,PKHD1,-0.031396974
OTOP3,PKHD1,-0.049490444
BORCS7,PKHD1,-0.02200707
SLC4A4,PKHD1,-0.019744536
KCTD5,PKHD1,-0.016811348
GATA2,PKHD1,-0.004986398
FBXO27,PKHD1,-0.015598474
CCDC88B,PKHD1,-0.04184452
SEC14L2,PKHD1,-0.01276898
XPR1,PKHD1,-0.009588193
LANCL3,PKHD1,-0.018962262
RABL3,PKHD1,-0.0068162936
GABRP,PKHD1,-0.02975235
SCRN3,PKHD1,-0.016487934
PCDHB15,PKHD1,-0.018665753
DUOX1,PKHD1,-0.006916682
CXXC5,PKHD1,-0.0042282823
NAIF1,PKHD1,-0.005958973
XKR3,PKHD1,-0.02217092
CKB,PKHD1,-0.03326042
CER1,PKHD1,-0.028527195
SRSF12,PKHD1,-0.02384387
PRR5L,PKHD1,-0.020582391
SH3YL1,PKHD1,-0.021766864
IPO7,PKHD1,-0.00084829784
SLC25A34,PKHD1,-0.027289376
CYBA,PKHD1,-0.017838685
DRD4,PKHD1,-0.03394858
SMCO3,PKHD1,-0.013157194
LURAP1L,PKHD1,-0.007117688
LAD1,PKHD1,-0.034002546
SLC19A3,PKHD1,-0.08356302
SSBP2,PKHD1,-0.02374468
ZNF586,PKHD1,-0.0617169
MYO3A,PKHD1,-0.013917799
DDX56,PKHD1,-0.018785128
DGKI,PKHD1,-0.015063894
HLA-DQB1,PKHD1,-0.0392945
SUV39H1,PKHD1,-0.05977881
FEZ1,PKHD1,-0.008334657
GSTM1,PKHD1,-0.018220313
OLFML2A,PKHD1,-0.019219486
CDC42BPG,PKHD1,-0.013814204
IFNG,PKHD1,-0.017352486
PLAGL1,PKHD1,-0.021225192
RRBP1,PKHD1,-0.01047997
FHDC1,PKHD1,-0.015568846
ST3GAL6,PKHD1,-0.05025243
RHBDL3,PKHD1,-0.033151664
SLC25A21,PKHD1,-0.008914008
MDH2,PKHD1,-0.046049964
NKPD1,PKHD1,-0.08801878
CYB5R1,PKHD1,-0.014714395
HSD17B8,PKHD1,-0.0055021504
UCHL1,PKHD1,-0.021906046
COL9A3,PKHD1,-0.028566439
MIF,PKHD1,-0.1140402
IL1RAPL1,PKHD1,-0.0042529018
THBS3,PKHD1,-0.002158119
ZSCAN22,PKHD1,-0.017225143
AANAT,PKHD1,-0.017807102
NKX1-2,PKHD1,-0.013502232
CKMT1B,PKHD1,-0.01711886
FBXO36,PKHD1,-0.014352877
HID1,PKHD1,-0.01973467
CFAP251,PKHD1,-0.124906726
AMN,PKHD1,-0.018084025
USP26,PKHD1,-0.020783525
RNF10,PKHD1,-0.014158374
PDLIM3,PKHD1,-0.007342074
FOSB,PKHD1,-0.022521542
XKR6,PKHD1,-0.09060823
SLC4A8,PKHD1,-0.037282962
SLC37A1,PKHD1,-0.0066779545
TMEM14C,PKHD1,-0.0032063508
PCGF2,PKHD1,-0.00847773
MB,PKHD1,-0.016249573
TKT,PKHD1,-0.019061955
RNF7,PKHD1,-0.043389313
UQCC1,PKHD1,-0.015999809
PLA2G3,PKHD1,-0.011586809
MRGPRF,PKHD1,-0.005017363
DHX29,PKHD1,-0.04087551
WFDC5,PKHD1,-0.03640977
OR9Q1,PKHD1,-0.0062524737
LRRN2,PKHD1L1,-0.009169659
ZNF432,PKHD1L1,-0.0072558676
PDCD4,PKHD1L1,-0.0057914103
DNAJB14,PKHD1L1,-0.0024969906
USP13,PKHD1L1,-0.0026733864
RIC1,PKHD1L1,0.0003570507
AGXT,PKHD1L1,-0.0089579355
SPEM3,PKHD1L1,-0.0080518415
MARCKSL1,PKHD1L1,-0.0029176401
POF1B,PKHD1L1,-0.0039136405
POFUT1,PKHD1L1,-0.019527463
KHDC1,PKHD1L1,-0.05908097
KRTAP2-4,PKHD1L1,-0.009408038
LRRC2,PKHD1L1,-0.018799027
FAM183A,PKHD1L1,-0.002676989
IFT172,PKHD1L1,-0.00037580193
SLC24A5,PKHD1L1,-0.011091452
MARCO,PKHD1L1,-0.009023599
ENTPD2,PKHD1L1,-0.04893737
ZC2HC1A,PKHD1L1,-0.004822821
MEF2A,PKHD1L1,-0.011913011
SYCE1L,PKHD1L1,-0.003357158
TRAF6,PKHD1L1,-0.0038150284
OSBPL9,PKHD1L1,-0.0010283388
MRPS21,PKHD1L1,-0.006308301
RPLP1,PKHD1L1,-0.021938572
HILPDA,PKHD1L1,-0.092624456
RNLS,PKHD1L1,-0.007496263
THNSL2,PKHD1L1,-0.0077210427
ERCC8,PKHD1L1,-0.015436852
FSIP2,PKHD1L1,-0.04218104
BRSK2,PKHD1L1,-0.014449836
NPIPB15,PKHD1L1,-0.008668279
MCF2,PKHD1L1,-0.025080167
DUSP1,PKHD1L1,-0.019427687
PLA2G2C,PKHD1L1,-0.014623438
PDCD2L,PKHD1L1,-0.009694402
PPIF,PKHD1L1,-0.022390733
VIT,PKHD1L1,-0.01706387
HOXA5,PKHD1L1,-0.019682834
SLC1A4,PKHD1L1,-0.023707602
ASCC2,PKHD1L1,-0.0112320315
ZDHHC13,PKHD1L1,-0.03861566
CTAG2,PKHD1L1,-0.013531631
FBXO7,PKHD1L1,-0.006764467
C22orf42,PKHD1L1,-0.017681146
SLC6A11,PKHD1L1,-0.010686389
RAVER2,PKHD1L1,-0.00832857
GOLT1A,PKHD1L1,-0.011283277
BTBD6,PKHD1L1,-0.016690457
C5AR2,PKHD1L1,-0.05125458
TMEM187,PKHD1L1,-0.014042812
MAN1C1,PKHD1L1,-0.0048535937
ELFN2,PKHD1L1,-0.03857367
KYNU,PKHD1L1,-0.035446823
SNCG,PKHD1L1,-0.002452808
DPEP1,PKHD1L1,-0.00942023
EHD4,PKHD1L1,-0.008181913
NKIRAS2,PKHD1L1,-0.008303846
NCLN,PKHD1L1,-0.006868189
FAM149B1,PKHD1L1,-0.020783382
NR1H4,PKHD1L1,-0.03407647
TGFB1,PKHD1L1,-0.0033227275
MT-CO2,PKHD1L1,-0.012611775
TRABD2B,PKHD1L1,-0.010901976
CCDC90B,PKHD1L1,-0.0092455065
GPSM3,PKHD1L1,-0.0039618677
PKD2L2,PKHD1L1,-0.015975168
ANKS1A,PKHD1L1,-0.007057224
ISOC1,PKHD1L1,-0.016411219
AVEN,PKHD1L1,-0.022227086
ONECUT1,PKHD1L1,-0.009290825
EVA1C,PKHD1L1,-0.00944387
CCDC68,PKHD1L1,-0.07364242
LDHA,PKHD1L1,-0.0061462284
CMTM2,PKHD1L1,-0.015016872
PCSK6,PKHD1L1,-0.012857575
MTHFR,PKHD1L1,0.00031512085
ALG1L,PKHD1L1,-0.016024167
PCGF5,PKHD1L1,-0.008993019
CEP135,PKHD1L1,-0.019546442
PCSK4,PKHD1L1,-0.021034028
CXCL2,PKHD1L1,-0.00397475
SSPN,PKHD1L1,-0.026849821
NDUFAB1,PKHD1L1,-0.015697364
AKR7A3,PKHD1L1,-0.0020706083
SLITRK6,PKHD1L1,-0.03924553
BIRC5,PKHD1L1,-0.009187855
CIAPIN1,PKHD1L1,-0.010712434
NUPR1,PKHD1L1,-0.0038302862
ATP6V0E1,PKHD1L1,-0.012711877
MAP3K6,PKHD1L1,-0.018452866
MEFV,PKHD1L1,-0.005035609
ITGA6,PKHD1L1,-0.004284278
AP006621.6,PKHD1L1,-0.007977184
SART1,PKHD1L1,-0.011511672
ZNF726,PKHD1L1,-0.036056396
SCGB2A1,PKHD1L1,-0.007959121
LRRC69,PKHD1L1,-0.025413543
FOXK1,PKHD1L1,-0.030148918
RABEP2,PKHD1L1,-0.005094073
LDLR,PKHD1L1,-0.0074411384
MT-ATP6,PKHD1L1,-0.007613895
TEX13B,PKHD1L1,-0.00878371
STX3,PKHD1L1,-0.013618462
RNF165,PKHD1L1,0.0008102367
VPS35,PKHD1L1,-0.014113098
HOXA7,PKHD1L1,-0.0093300035
INPP4B,PKHD1L1,-0.036608364
TRPM4,PKHD1L1,-0.016098874
WNK4,PKHD1L1,-0.012972956
SRSF5,PKHD1L1,-0.002122281
RBP1,PKHD1L1,-0.02133951
AP1S3,PKHD1L1,-0.006845489
DYNLT3,PKHD1L1,-0.019757826
ATG10,PKHD1L1,-0.012156327
TNFRSF18,PKHD1L1,-0.013079012
TRMT44,PKHD1L1,-0.005312784
PTCD1,PKHD1L1,0.002929186
FCN3,PKHD1L1,-0.01108964
LINC00514,PKHD1L1,-0.0522721
PNPLA5,PKHD1L1,-0.010468556
PCDH8,PKHD1L1,-0.004339513
ARHGAP23,PKHD1L1,-0.0031695298
CLDN10,PKHD1L1,-0.01313492
LLGL2,PKHD1L1,-0.039236773
ANKHD1,PKHD1L1,-0.04845288
SPDYC,PKHD1L1,-0.043695256
ARHGAP12,PKHD1L1,-0.05090485
OLFM4,PKHD1L1,-0.026493287
PHF20,PKHD1L1,-0.006030579
TUBE1,PKHD1L1,-0.0028164634
EFHB,PKHD1L1,-0.007706379
AC244197.3,PKHD1L1,-0.014450926
PDE12,PKHD1L1,-0.016179597
PCDHGB1,PKHD1L1,-0.011465676
DBNDD1,PKHD1L1,-0.013570192
SLC30A9,PKHD1L1,-0.005090546
RASIP1,PKHD1L1,-0.02079601
TMED10,PKHD1L1,-0.038661506
NLRP5,PKHD1L1,-0.0107227415
HES5,PKHD1L1,-0.018281098
AHR,PKHD1L1,-0.00670451
MYL6B,PKHD1L1,-0.01784329
LRCH3,PKHD1L1,-0.0076733395
FAAP24,PKHD1L1,-0.0034706283
GDNF,PKHD1L1,-0.012908035
TOX2,PKHD1L1,-0.017885799
UHRF1BP1L,PKHD1L1,-0.023952499
PLK3,PKHD1L1,-0.016199837
CRYM,PKHD1L1,-0.0060071405
TRPM6,PKHD1L1,-0.0144968135
DDIT4L,PKHD1L1,-0.023946328
PCBD1,PKHD1L1,-0.02841837
NUDC,PKHD1L1,-0.0070725367
SLITRK4,PKHD1L1,-0.10442096
PALMD,PKHD1L1,-0.015511628
NFKBIE,PKHD1L1,-0.016260112
H3C6,PKHD1L1,-0.008110301
FDCSP,PKHD1L1,-0.024733152
BAALC,PKHD1L1,-0.019211503
CDC42EP5,PKHD1L1,-0.009444396
SLC22A2,PKHD1L1,-0.037655015
MAB21L2,PKHD1L1,-0.008654745
CCSER1,PKHD1L1,-0.010468241
RIN1,PKHD1L1,-0.0135106575
SP6,PKHD1L1,-0.017796097
CATSPERG,PKHD1L1,-0.021403844
WNT4,PKHD1L1,-0.0084756715
PCDHGB2,PKHD1L1,-0.0027212144
KRT83,PKHD1L1,-0.014032764
SRP68,PKHD1L1,-0.002935526
ZAN,PKHD1L1,-0.0049514556
EPHX2,PKHD1L1,-0.0064746654
PIGR,PKHD1L1,-0.03677053
HLA-B,PKHD1L1,-0.048654642
PKN3,PKHD1L1,-0.012709
ACHE,PKHD1L1,-0.03581148
TPD52,PKHD1L1,-0.015079419
CRBN,PKHD1L1,-0.04978629
CAPZA2,PKHD1L1,-0.004644656
TRMT9B,PKHD1L1,-0.010619804
KRT12,PKHD1L1,-0.021654913
PCDHB11,PKHD1L1,-0.013370654
MCRIP1,PKHD1L1,-0.0073220786
SYCP2,PKHD1L1,-0.015102778
FEM1C,PKHD1L1,-0.008549116
ABLIM3,PKHD1L1,-0.018299041
VPS16,PKHD1L1,-0.009899811
FBXL16,PKHD1L1,-0.03806938
H2AC6,PKHD1L1,-0.006721958
ZNF681,PKHD1L1,-0.01765461
CNTF,PKHD1L1,-0.007079254
THG1L,PKHD1L1,-0.0013673006
PSMG1,PKHD1L1,-0.006150592
RNASE10,PKHD1L1,-0.01912141
FGFR4,PKHD1L1,-0.016706461
AKIRIN1,PKHD1L1,-0.0045518423
TMEM62,PKHD1L1,-0.053727485
ZNF264,PKHD1L1,-0.007879221
DCK,PKHD1L1,-0.007497806
OR2W3,PKHD1L1,-0.012935274
CRYBA2,PKHD1L1,-0.016722223
SH3PXD2A,PKHD1L1,-0.0130044585
DCTN4,PKHD1L1,-0.013532454
LHX6,PKHD1L1,-0.014546181
BICDL2,PKHD1L1,-0.00848921
CMTR1,PKHD1L1,-0.0009190139
MLH3,PKHD1L1,-0.008222268
NFKBIZ,PKHD1L1,-0.009474319
FN3K,PKHD1L1,-0.012980191
NKAIN2,PKHD1L1,-0.018309126
RDH13,PKHD1L1,-0.03365275
MRPL11,PKHD1L1,-0.0069697057
STAP2,PKHD1L1,-0.0026900414
PRRG3,PKHD1L1,-0.013733343
FOXL1,PKHD1L1,-0.01379016
AL136531.2,PKHD1L1,-0.020183224
ARHGAP10,PKHD1L1,-0.021660076
PTCD2,PKHD1L1,-0.035733186
RFC2,PKHD1L1,-0.0022576714
ZNF136,PKHD1L1,-0.004499984
TRIM26,PKHD1L1,-0.008819081
B3GNTL1,PKHD1L1,-0.023928655
GBE1,PKHD1L1,-0.025727557
TCEAL1,PKHD1L1,-0.020312466
PNLDC1,PKHD1L1,-0.029598698
PHAX,PKHD1L1,-0.0063857213
ATOX1,PKHD1L1,-0.0031465509
ERP27,PKHD1L1,-0.012880426
LILRA5,PKHD1L1,-0.00204297
ERVV-2,PKHD1L1,-0.016641557
DEXI,PKHD1L1,-0.017811043
PHYHIP,PKHD1L1,-0.017393041
NANOS1,PKHD1L1,-0.010312315
RRAD,PKHD1L1,-0.18490572
HOXB8,PKHD1L1,-0.005324342
MUCL3,PKHD1L1,-0.056748386
CMYA5,PKHD1L1,-0.010929463
PHYHIPL,PKHD1L1,-0.005543102
SRRD,PKHD1L1,-0.007375121
ATP2C2,PKHD1L1,-0.011243419
TMEM43,PKHD1L1,-0.0047837454
ALDH1L2,PKHD1L1,-0.022526825
SLC30A3,PKHD1L1,-0.004102349
ANO5,PKHD1L1,-0.039321885
MELK,PKHD1L1,-0.022819187
ITIH6,PKHD1L1,-0.009421179
NYAP1,PKHD1L1,-0.013555515
LGALS7,PKHD1L1,-0.008687311
BTBD16,PKHD1L1,-0.19898759
CCDC187,PKHD1L1,-0.019124875
FAM131C,PKHD1L1,-0.018573156
ZNF814,PKHD1L1,-0.032070894
ARMH3,PKHD1L1,-0.02291266
LRRC3,PKHD1L1,-0.019628918
NOBOX,PKHD1L1,-0.009105143
POLR1G,PKHD1L1,-0.005636493
AP3M1,PKHD1L1,-0.017942697
VSIG10L,PKHD1L1,-0.018519478
PVALEF,PKHD1L1,-0.08729492
RPL22L1,PKHD1L1,-0.034096584
MORN4,PKHD1L1,-0.017807607
MYOZ3,PKHD1L1,-0.017728603
HMGB3,PKHD1L1,-0.027636157
C5orf38,PKHD1L1,-0.008030883
HAS2,PKHD1L1,-0.020532072
KCNJ9,PKHD1L1,-0.024790943
EPAS1,PKHD1L1,-0.012204896
MC4R,PKHD1L1,-0.006595024
MYBPHL,PKHD1L1,-0.028729992
NDUFB4,PKHD1L1,-0.044159543
MED21,PKHD1L1,-0.026982034
TOX,PKHD1L1,-0.0045813993
TMEM50A,PKHD1L1,-0.009766923
IGFBP6,PKHD1L1,-0.013030721
RPL10L,PKHD1L1,-0.033266526
GPANK1,PKHD1L1,-0.005317942
ARC,PKHD1L1,-0.012187813
GPHA2,PKHD1L1,-0.009740615
RFX2,PKHD1L1,-0.024199784
SLC2A3,PKHD1L1,-0.015611842
CCDC154,PKHD1L1,-0.013505131
BRD7,PKHD1L1,-0.0014659507
B3GNT9,PRDM9,-0.011954893
SERPINA3,PRDM9,-0.0067304517
GDF7,PRDM9,-0.007584545
GPR68,PRDM9,-0.03107485
RAB15,PRDM9,-0.007725356
SNN,PRDM9,-0.035020478
NOVA2,PRDM9,-0.020839093
DEFB126,PRDM9,-0.008704008
LRCH2,PRDM9,0.0024360851
ENPP3,PRDM9,-0.039773263
FAS,PRDM9,-0.03570201
FBXL2,PRDM9,-0.03072484
CWH43,PRDM9,-0.016493635
SLC8A3,PRDM9,-0.012449788
ZFP92,PRDM9,-0.020900758
NAT2,PRDM9,-0.004879086
SPAG1,PRDM9,-0.034467015
C9,PRDM9,-0.024087856
INAFM1,PRDM9,-0.010969433
CD52,PRDM9,-0.011411338
RAB3B,PRDM9,-0.047035173
RTTN,PRDM9,-0.021828072
PNPLA7,PRDM9,-0.0072312932
SPESP1,PRDM9,-0.008835392
KCNN2,PRDM9,-0.050394572
METTL16,PRDM9,-0.0026239066
DNAJC6,PRDM9,-0.052570593
CYTH4,PRDM9,-0.02132371
SNX31,PRDM9,-0.12888774
ARHGEF35,PRDM9,-0.019802028
USP40,PRDM9,-0.029229203
KCNK5,PRDM9,-0.015335897
PCDHB15,PRDM9,-0.028428035
ZNF705G,PRDM9,-0.017560057
TPP2,PRDM9,-0.039664637
AC092718.3,PRDM9,-0.005318729
VSTM5,PRDM9,-0.04593399
KPNA6,PRDM9,-0.0020833125
ANGPT2,PRDM9,-0.0155087765
CCDC152,PRDM9,-0.015624769
KCNS1,PRDM9,-0.013889224
CXXC5,PRDM9,-0.06346384
SLC5A11,PRDM9,-0.019683413
DIAPH2,PRDM9,-0.052804388
TMEM187,PRDM9,-0.00738261
ANKHD1-EIF4EBP3,PRDM9,-0.011370667
RER1,PRDM9,-0.0144034475
IRX1,PRDM9,-0.00592997
RHCG,PRDM9,-0.05635958
RFC1,PRDM9,-0.010829413
NDRG4,PRDM9,-0.0822497
ALDOA,PRDM9,0.00090000575
CEP250,PRDM9,-0.009219592
PPL,PRDM9,-0.047061905
NSMAF,PRDM9,-0.019867381
HMOX1,PRDM9,-0.0135199055
AZIN2,PRDM9,-0.0082698865
SNAI1,PRDM9,-0.0012060761
CCNY,PRDM9,-0.013227084
USP44,PRDM9,-0.014151648
POP7,PRDM9,-0.021383952
OR2A1,PRDM9,-0.049598634
HCLS1,PRDM9,-0.00937277
DPCD,PRDM9,-0.033446208
MTMR14,PRDM9,-0.01048943
CUL1,PRDM9,-0.01055738
TUBB1,PRDM9,-0.042368248
AARS2,PRDM9,-0.009178139
GALNT15,PRDM9,-0.009798962
ADAM33,PRDM9,-0.11766233
CCNP,PRDM9,-0.018861985
APOBR,PRDM9,-0.016398452
PMFBP1,PRDM9,-0.013287488
USP41,PRDM9,-0.028591827
STAU1,PRDM9,-0.026177166
TCF7L2,PRDM9,-0.032996856
PRAME,PRDM9,-0.026087977
GOLGA6L9,PRDM9,-0.025263647
TUBGCP2,PRDM9,-0.014453205
KLHL4,PRDM9,-0.012566475
NUDT19,PRDM9,-0.008133506
PCIF1,PRDM9,-0.008457402
REPS1,PRDM9,-0.018006073
THOC5,PRDM9,0.00043960818
MSRA,PRDM9,-0.041145664
HORMAD1,PRDM9,-0.15647015
TRABD2B,PRDM9,-0.010528652
TTC23,PRDM9,-0.015776467
HOXB5,PRDM9,-0.022895303
HSPA4L,PRDM9,-0.022980668
TAF9B,PRDM9,-0.06609686
RPE65,PRDM9,-0.0037726534
UNC93A,PRDM9,-0.022403236
OR6C2,PRDM9,-0.018432362
OLFM2,PRDM9,-0.03461538
HMCN1,PRDM9,-0.018651763
RNF212,PRDM9,-0.013623776
ATP7B,PRDM9,-0.008458141
NEUROG3,PRDM9,-0.009924264
SERTM2,PRDM9,-0.016003327
SNX19,PRDM9,-0.009810524
SPICE1,PRDM9,-0.0029566363
USP16,PRDM9,-0.0072694547
SELENOM,PRDM9,-0.0118120415
CLCNKB,PRDM9,-0.0797341
PLAGL2,PRDM9,-0.019172423
DLGAP3,PRDM9,-0.007566791
RSPH6A,PRDM9,0.0027762572
KIFC2,PRDM9,-0.02094815
NLRP6,PRDM9,-0.014144491
ZSCAN4,PRDM9,-0.009051109
MAP1LC3C,PRDM9,-0.043726195
PRR19,PRDM9,-0.038488973
TCF25,PRDM9,-0.042995077
WDR7,PRDM9,-0.026290083
POLL,PRDM9,-0.013158465
ZBTB12,PRDM9,-0.0023063202
STK31,PRDM9,-0.009663464
MAGEB2,PRDM9,-0.027449029
AGL,PRDM9,-0.008052626
LPL,PRDM9,-0.020370776
ARID3A,PRDM9,-0.014763418
CAPN9,PRDM9,-0.024876148
ATP6V1FNB,PRDM9,-0.08398951
POLR2L,PRDM9,-0.008561692
DGAT2,PRDM9,-0.0328671
ARF5,PRDM9,-0.013804055
CCDC106,PRDM9,-0.025542373
MRPL23,PRDM9,-0.013197896
PIP5KL1,PRDM9,-0.020349042
GRIN1,PRDM9,-0.035985425
EDIL3,PRDM9,-0.015098173
IFTAP,PRDM9,-0.032950543
ATP2B2,PRDM9,-0.029941756
SOCS2,PRDM9,-0.01812231
GET1,PRDM9,-0.06216349
ITGB1,PRDM9,-0.02416104
SPATA2,PRDM9,-0.005036411
KCNK17,PRDM9,-0.0075494354
CCDC122,PRDM9,-0.025421327
CZIB,PRDM9,-0.012499095
N4BP3,PRDM9,-0.010030296
C3orf38,PRDM9,-0.013412522
MLLT11,PRDM9,-0.020617727
PIFO,PRDM9,-0.012388538
RPS5,PRDM9,-0.010758314
AMER3,PRDM9,-0.006184147
TOP1MT,PRDM9,-0.03597386
OGDHL,PRDM9,-0.06757268
MTAP,PRDM9,-0.05276843
BTBD17,PRDM9,-0.0056228596
ZNF506,PRDM9,-0.14328165
FFAR1,PRDM9,-0.0152132
ITGA6,PRDM9,-0.024811735
KCNB1,PRDM9,-0.0065144463
PARP8,PRDM9,-0.029972764
LAMB1,PRDM9,-0.015255442
CXCL10,PRDM9,2.44078e-05
HOXC6,PRDM9,-0.004909208
ANKRD34A,PRDM9,-0.02718953
RTKN2,PRDM9,-0.018426094
NRXN3,PRDM9,-0.04601942
AGT,PRDM9,-0.0215078
SIPA1L2,PRDM9,-0.029946435
GAD1,PRDM9,-0.0057493774
SST,PRDM9,-0.023237718
FAM72B,PRDM9,-0.008208543
EFCAB10,PRDM9,-0.04277324
PLEKHH1,PRDM9,-0.026370209
RAB44,PRDM9,-0.029464034
CGB2,PRDM9,-0.052065287
DSCAML1,PRDM9,-0.0037941993
C19orf67,PRDM9,-0.012946324
MYEOV,PRDM9,-0.013998733
VWCE,PRDM9,-0.002317312
DPP3,PRDM9,-0.008376146
PI15,PRDM9,-0.01079442
ZNF300,PRDM9,-0.07772439
SLC39A9,PRDM9,-0.007242183
TMEM196,PRDM9,-0.19219565
KCNQ1,PRDM9,-0.019880123
PHKG1,PRDM9,-0.010476971
CPB1,PRDM9,-0.0829496
MAFB,PRDM9,-0.021705406
OTOA,PRDM9,-0.009115541
SUN2,PRDM9,-0.1485324
HOXB3,PRDM9,-0.04660239
PHPT1,PRDM9,-0.029110368
TCF21,PRDM9,-0.042257093
WBP1L,PRDM9,-0.101942204
ZNF541,PRDM9,-0.011338116
CLOCK,PRDM9,-0.029782243
MTUS2,PRDM9,-0.010569074
LRIF1,PRDM9,-0.071045496
PPP1R3G,PRDM9,-0.071524546
ARL5A,PRDM9,-0.0038044616
NPR1,PRDM9,-0.035077505
OLFM1,PRDM9,-0.009878206
RAB5IF,PRDM9,-0.010256251
CYP1B1,PRDM9,-0.008457656
IGFBP2,PRDM9,-0.043086503
GALNT17,PRDM9,-0.029417194
PAQR8,PRDM9,-0.03476001
COL18A1,PRDM9,-0.059580877
NBN,PRDM9,-0.029158853
NAP1L1,PRKDC,-0.013315539
ELP1,PRKDC,-0.04645491
REEP1,PRKDC,-0.003089109
H2AX,PRKDC,-0.010519829
MTMR12,PRKDC,-0.003154384
UFSP2,PRKDC,-0.024054075
AQP1,PRKDC,-0.011031267
PAAF1,PRKDC,-0.013142946
THEM4,PRKDC,-0.0045181857
OR6B1,PRKDC,-0.017234772
CCDC167,PRKDC,-0.016266491
TECPR1,PRKDC,-0.08511023
GAGE2E,PRKDC,-0.014493451
ZFPM1,PRKDC,-0.030709384
ZNF502,PRKDC,-0.012248939
RAI1,PRKDC,-0.011313879
COMT,PRKDC,-0.050849766
EZH2,PRKDC,-0.0083313035
DCPS,PRKDC,-0.011283209
NWD1,PRKDC,-0.010386712
MANEAL,PRKDC,-0.018863793
GPR155,PRKDC,-0.07302041
RXRB,PRKDC,-0.007991912
RPS25,PRKDC,-0.03471591
CARD14,PRKDC,-0.025951166
STXBP5L,PRKDC,-0.03324154
KIF12,PRKDC,-0.021747207
IZUMO4,PRKDC,-0.00925789
PGLYRP4,PRKDC,-0.0017693177
POLK,PRKDC,-0.0101463
PCDHB12,PRKDC,-0.012550236
N4BP2L1,PRKDC,-0.02846204
PLCH2,PRKDC,-0.04094062
PTCD2,PRKDC,-0.0430746
C11orf68,PRKDC,-0.0146690905
C3orf80,PRKDC,-0.00729258
FGA,PRKDC,-0.019438745
DOCK9,PRKDC,-0.052875116
MAGEC1,PRKDC,-0.050523132
NALCN,PRKDC,-0.014759136
UNC5B,PRKDC,-0.015869329
STING1,PRKDC,-0.019969895
F2,PRKDC,-0.078533135
ESR2,PRKDC,-0.014449872
HOXA11,PRKDC,-0.018043231
DDB2,PRKDC,-0.048926532
ECHDC1,PRKDC,-0.009475134
SIRPB1,PRKDC,-0.023473425
DNAL4,PRKDC,-0.03888749
SULT1C2,PRKDC,-0.025331542
SH3GLB1,PRKDC,-0.010703335
PRDM5,PRKDC,-0.009702372
SPINK1,PRKDC,-0.022733873
TMEM184A,PRKDC,-0.065336436
IFNA1,PRKDC,-0.15671389
STX8,PRKDC,-0.017026063
SLC2A13,PRKDC,-0.039304167
MFN2,PRKDC,-0.012155009
C1orf226,PRKDC,-0.008596388
DNAJB6,PRKDC,-0.005359688
PNOC,PRKDC,-0.01107185
MMP10,PRKDC,-0.027647737
S100A14,PRKDC,-0.08100486
GFOD1,PRKDC,-0.058896955
SDS,PRKDC,-0.014228239
PBK,PRKDC,-0.0074533084
STPG2,PRKDC,-0.006913541
CFHR4,PRKDC,-0.06720468
PRPF40B,PRKDC,-0.016272724
PFDN2,PRKDC,-0.0011940439
DBNL,PRKDC,-0.018498221
FLRT3,PRKDC,-0.014830489
PTGDS,PRKDC,-0.009325065
TMCO4,PRKDC,-0.038364694
CCM2,PRKDC,-0.04940431
KLK14,PRKDC,-0.019531421
KLHL30,PRKDC,-0.03010056
GBX2,PRKDC,-0.0069977758
SERF1B,PRKDC,-0.016546464
CDH8,PRKDC,-0.03008799
GALM,PRKDC,-0.0168571
CYGB,PRKDC,-0.011372677
NPIPB12,PRKDC,-0.020352162
CSNK1D,PRKDC,-0.011468667
ZC4H2,PRKDC,-0.025613852
EXOC2,PRKDC,-0.02034774
GPRIN2,PRKDC,-0.06962974
UFSP1,PRKDC,-0.0063903956
SLCO6A1,PRKDC,-0.020292727
CCDC77,PRKDC,-0.010813592
DNM1L,PRKDC,-0.07616171
MVD,PRKDC,-0.015789075
KCNH4,PRKDC,-0.017916495
TCERG1L,PRKDC,-0.018010229
NLRX1,PRKDC,-0.19009182
ATP5PD,PRKDC,-0.037715923
FZD8,PRKDC,-0.0127991205
OVOL2,PRKDC,-0.20209192
GTF2I,PRKDC,-0.009664233
MGAT1,PRKDC,-0.024479616
AL135905.2,PRKDC,-0.034915216
FASN,PRKDC,-0.03911911
PCDHGA2,PRKDC,-0.011332316
ZBED6CL,PRKDC,-0.04910228
RPL27,PRKDC,-0.0538776
CHADL,PRKDC,-0.024335423
PPP1R3C,PRKDC,-0.016154084
HDGFL1,PRKDC,-0.014644319
AZGP1,PRKDC,-0.04302545
GYS1,PRKDC,-0.035813298
PKD2L2,PRKDC,-0.03362748
TRIM14,PRKDC,-0.005439981
ARID3C,PRKDC,-0.04032476
MED17,PRKDC,-0.010557621
SPRR1B,PRKDC,-0.008836928
GARNL3,PRKDC,-0.060326997
BORCS8,PRKDC,-0.010825563
IAH1,PRKDC,-0.06198713
NOP14,PRKDC,-0.019398654
MAGEA12,PRKDC,-0.029866554
RNF224,PRKDC,-0.018877044
SFTPB,PRKDC,-0.008836986
UBE3D,PRKDC,-0.03446552
NAA35,PRKDC,-0.03343272
FBXL5,PRKDC,-0.06255493
RTL8A,PRKDC,-0.028365303
THBS4,PRKDC,-0.027457133
TAS1R2,PRKDC,-0.09816757
ORM2,PRKDC,-0.017121423
HCN2,PRKDC,-0.03151782
KHDC1,PRKDC,-0.037766423
ODF3L1,PRKDC,-0.028361205
BRSK2,PRKDC,-0.0294432
SCIN,PRKDC,-0.04273904
CKAP5,PRKDC,-0.024147838
MRPS18B,PRKDC,-0.038152575
ZDHHC19,PRKDC,-0.033559144
CNN1,PRKDC,-0.030163387
WFDC12,PRKDC,-0.0118595995
MUC7,PRKDC,-0.027560178
SH3BGRL,PRKDC,-0.008353376
VIT,PRKDC,-0.009032487
KRT17,PRKDC,-0.01846786
CRIP3,PRKDC,-0.021736821
MEN1,PRKDC,-0.011538077
SP5,PRKDC,-0.12267337
CEBPD,PRKDC,-0.015761293
EPHX2,PRKDC,-0.024803782
NSUN5,PRKDC,-0.015522742
OXER1,PRKDC,-0.01580619
CDKL3,PRKDC,-0.004453048
PIP4K2A,PRKDC,-0.019141998
CDC34,PRKDC,-0.009848689
VAT1,PRKDC,-0.024697425
SLC41A3,PRKDC,-0.036997307
DNASE1L1,PRKDC,-0.030904392
MMP9,PRKDC,-0.009208016
LRP11,PRKDC,-0.028377118
HNRNPA1P48,PRKDC,-0.017684903
CETN2,PRKDC,-0.0047274204
B3GNT8,PRKDC,-0.07832585
FBXO17,PRKDC,-0.02872468
LY6G6C,PRKDC,-0.076193266
GRIN2D,PRKDC,-0.1712596
ID1,PRKDC,-0.019727292
MGST1,PRKDC,-0.03476402
AP2M1,PRKDC,-0.007175286
RRM2B,PRKDC,-0.013996013
SREBF2,PRKDC,-0.04659853
IVL,PRKDC,-0.13616106
LPCAT1,PRKDC,-0.01516428
INO80B,PRKDC,-0.02700036
CLDN14,PRKDC,-0.01792079
CTSZ,PRKDC,-0.00044210674
ELOVL5,PRKDC,-0.006147179
RANBP3L,PRKDC,-0.024637038
SCO2,PRKDC,-0.017335167
CSAG1,PRKDC,-0.017980875
IKBKE,PRKDC,-0.016914168
MOK,PRKDC,-0.13258812
EFNB3,PRKDC,-0.0445291
CASP9,PRKDC,-0.013802021
CASZ1,PRKDC,-0.005073943
SPA17,PRKDC,-0.019694272
PIH1D2,PRKDC,-0.032782834
CGA,RP1,-0.0012492253
TCEAL1,RP1,-0.00633371
AMBRA1,RP1,-0.009913081
CXCR6,RP1,-0.0038304154
MCCC2,RP1,-0.015841572
PPP1CC,RP1,-0.011721638
MYL9,RP1,-0.0019962739
JUP,RP1,-0.014074839
KDM4C,RP1,-0.0061487216
KRT81,RP1,-0.06121922
RGSL1,RP1,-0.014900284
CNMD,RP1,-0.033752915
CSAG1,RP1,-0.058789007
LIFR,RP1,-0.009828093
GSTA3,RP1,-0.07546397
LRIT3,RP1,-0.019358052
SLC25A43,RP1,-0.0061946185
CLPX,RP1,-0.012269267
CXCL11,RP1,-0.007364569
ATPSCKMT,RP1,-0.01818817
MTHFSD,RP1,-0.02005642
KLF4,RP1,-0.02331529
PCDHGA10,RP1,-0.009225209
MRGPRD,RP1,-0.0260453
SFTPD,RP1,-0.015387449
ACSF2,RP1,-0.017732212
EPN3,RP1,-0.005163108
QPCTL,RP1,-0.017527265
KIF1C,RP1,-0.033575483
COL7A1,RP1,-0.043106757
ZNF527,RP1,-0.014784353
POTEE,RP1,-0.010202794
HCAR1,RP1,-0.011024796
ZNF878,RP1,-0.010990233
TTC22,RP1,-0.018439906
MUC5B,RP1,-0.018861799
KRT85,RP1,-0.095043615
OGFR,RP1,0.00014179351
CTSW,RP1,-0.010950318
SLC38A5,RP1,-0.036521822
LEXM,RP1,-0.012814254
WASHC2C,RP1,-0.00632361
LIPE,RP1,-0.04123741
DNAAF1,RP1,-0.024161026
PNMA8B,RP1,-0.0049715927
LDHD,RP1,-0.014281846
ZC3H12A,RP1,-0.03144068
TMEM44,RP1,-0.02663709
PTPN7,RP1,-0.032213032
C6orf118,RP1,-0.010135789
MYRFL,RP1,-0.020921648
ARMH1,RP1,-0.027004149
CELA2A,RP1,-0.009789983
RELT,RP1,-0.019166343
REG4,RP1,-0.0068321074
TMEM74,RP1,-0.021773076
ZCCHC8,RP1,-0.016695464
GOLGA8O,RP1,-0.029373081
MUC13,RP1,-0.06116766
FBN2,RP1,-0.011476696
RPS3,RP1,-0.012649397
CDCA2,RP1,-0.0138884755
VANGL2,RP1,-0.015654838
TPSAB1,RP1,-0.017675929
PTPRT,RP1,-0.036241863
MDFI,RP1,-0.035229262
RHOC,RP1,-0.031224273
GALNT13,RP1,-0.021269226
CT55,RP1,-0.013848129
GNG5,RP1,-0.0060743312
CDC23,RP1,-0.052050386
IFT74,RP1,-0.017870195
PPP2R3B,RP1,-0.0127254035
RNF14,RP1,-0.015568728
TYW1B,RP1,-0.008034072
OPCML,RP1,-0.007688045
NDRG4,RP1,-0.008105481
INPP5E,RP1,-0.018401247
FNBP1L,RP1,-0.006542657
COX15,RP1,-0.06221845
YPEL5,RP1,-0.035459332
SLAMF1,RP1,-0.022407549
WASF3,RP1,-0.102673
SEMA7A,RP1,-0.08207871
ADPGK,RP1,-0.1115359
GGT5,RP1,-0.0074266708
PKD2,RP1,-0.010514298
ADM2,RP1,-0.0125501165
DNM1L,RP1,-0.029116433
COL9A3,RP1,-0.009788922
PVR,RP1,-0.04240026
RASSF10,RP1,-0.026616419
ZCCHC2,RP1,-0.004503252
ADGRF4,RP1,-0.02731747
PRICKLE2,RP1,-0.005564465
FOXC2,RP1,-0.12526338
CALB1,RP1,-0.017688977
SLC30A1,RP1,-0.01573362
SPRR5,RP1,-0.006287172
RPUSD3,RP1,-0.027096944
SNX3,RP1,-0.025912095
SCRG1,RP1,-0.016578222
GPR157,RP1,-0.007017752
UNKL,RP1,-0.022250405
ARL15,RP1,-0.010803252
COX16,RP1,-0.02497963
GALNT1,RP1,-0.025754273
ZNF101,RP1,-0.019276863
MICB,RP1,-0.025885975
KCNK4,RP1,-0.031424817
RBM27,RP1,-0.013955403
GLRA4,RP1,-0.031866245
ZNRD2,RP1,-0.0037982834
FAF2,RP1,-0.017566929
WSCD1,RP1,-0.0190452
TMEM222,RP1,-0.038509987
VSTM5,RP1,-0.029314978
RAB8B,RP1,-0.053994596
ZNF280B,RP1,-0.008001974
SLC38A11,RP1,-0.024529193
CHST10,RP1,-0.002313489
CCL28,RP1,-0.010964445
FGFBP2,RP1,-0.018923284
SDSL,RP1,-0.1531951
C2CD4C,RP1,-0.010461815
SLC13A4,RP1,-0.022750938
TRADD,RP1,-0.0031916087
S1PR3,RP1,-0.041944925
TAS2R10,RP1,-0.0046230294
FRMD5,RP1,-0.010017565
COL27A1,RP1,-0.0002829327
GIPC3,RP1,-0.010634554
HADH,RP1,-0.023037493
LINC00514,RP1,-0.029851945
KRBOX4,RP1,-0.0032577354
FKBP1B,RP1,-0.02224717
OTC,RP1,-0.014874656
RPL10,RP1,-0.016566476
SFXN1,RP1,-0.012121305
REEP3,RP1,-0.028148856
SH2D1B,RP1,-0.1610412
TMEM45A,RP1,-0.0577793
SECTM1,RP1,-0.012788126
CES3,RP1,-0.10454258
TBPL2,RP1,-0.012858692
ARNTL2,RP1,-0.061602715
AQP5,RP1,-0.019836184
ZNF721,RP1,-0.0019808835
ANGPT4,RP1,-0.012671985
FAM216A,RP1,-0.0053805066
URGCP,RP1,-0.016388161
NSD2,RP1,-0.02318172
CRYBB2,RP1,-0.013984015
ATL1,RP1,-0.0107366415
HOXD4,RP1,-0.018043488
CHRNA7,RP1,-0.008440753
KLRK1,RP1,-0.060351856
GADD45GIP1,RP1,-0.014553221
LYZ,RP1,-0.008595985
VPS53,RP1,-0.011202307
POLR2M,RP1,-0.010054445
LHX9,RP1,-0.042220373
NUP98,RP1,-0.00580225
SLC2A3,RP1,-0.03192033
ERAP1,RP1,-0.01635629
TRIM16,RP1,-0.0051844134
ZNF573,RP1,-0.015119491
CCIN,RP1,-0.029405473
GCKR,RP1,-0.09295822
BTG3,RP1,-0.013644474
NEDD8,RP1,-0.014969634
KLHL17,RP1,-0.012783115
UNC93A,RP1,-0.0948105
FOXD4L4,RP1,-0.014948672
TGM2,RP1,-0.010076558
SLC19A3,RP1,-0.22230242
AQP6,RP1,-0.01384844
CCDC85C,RP1,-0.0093799895
ZNF433,RP1,-0.030844409
MUL1,RP1,-0.012636889
CACNG5,RP1,-0.067691065
ZMYM1,RP1,-0.034081288
PERM1,RP1,-0.008309709
XCL1,RP1,-0.015914036
TMEM239,RP1,-0.006742452
FAM124A,RP1,-0.013448126
PPP1R35,RP1,-0.022631133
TSSC4,RP1,-0.003017012
TCAF2,RP1,-0.009809039
KIF19,RP1,-0.026930694
COQ3,RP1,-0.037060563
TOMM40,RP1,-0.01138211
CALN1,RP1,-0.011633465
ENDOV,RP1,-0.01628649
PLEK2,RP1,-0.024657605
TIGD7,RP1,-0.030085877
TOMM7,RP1,-0.008923054
MEX3A,RP1,-0.013722615
MSH3,RP1,-0.019169755
ITIH5,RP1,-0.033876874
TBC1D7,RP1,-0.012072973
AMPD3,RP1,-0.006637252
NCBP2AS2,RP1,-0.05152168
CAMKV,RP1,-0.01922987
ERFL,RP1,-0.009240859
PLSCR1,RP1,-0.04857386
ZNF483,RP1,-0.059149545
CSPP1,RP1,-0.02339982
CNTLN,RP1,-0.0034972671
DIRAS3,RP1,-0.019221209
CCL20,RP1,-0.023788944
C9,RP1,-0.011988334
MFNG,RP1,-0.016881745
GRIN3B,RP1,-0.013110502
GINS1,RP1,-0.008816068
PPP1R3C,RP1,-0.006752506
HGD,RP1,-0.011471051
SLC36A4,SI,-0.006015129
FIBCD1,SI,-0.007127988
C6orf136,SI,-0.005799556
SWSAP1,SI,-0.0042303447
SORCS1,SI,-0.008211774
KIAA0040,SI,-0.010396862
FCGBP,SI,-0.014244229
BDP1,SI,-8.345479e-05
PCYT1B,SI,-0.049480934
EXOC4,SI,-0.009194109
MATN1,SI,-0.0036033106
MAB21L1,SI,-0.0065027666
OOSP3,SI,-0.0030246351
LRRC3,SI,-0.014059448
CERS5,SI,-0.017933048
OPRK1,SI,-0.005556283
RFK,SI,-0.02477403
PPWD1,SI,-0.009348668
DLGAP3,SI,-0.011858316
ARFIP2,SI,-0.062699035
PPP1R14B,SI,-0.031657606
AGPAT4,SI,-0.0057849125
RAMAC,SI,-0.008210208
VIP,SI,-0.004192969
FOXC1,SI,-0.0013941932
TF,SI,-0.007161454
DMRT2,SI,-0.010712253
SAPCD2,SI,-0.016198061
SLC35D2,SI,-0.047231644
SALL2,SI,-0.015308394
PPM1M,SI,-0.012327279
TTLL10,SI,-0.009001067
ADGRE1,SI,-0.005648942
TMEM219,SI,-0.008274187
RTL9,SI,-0.015140254
FAM133B,SI,-0.033875294
POTEF,SI,-0.009699779
MFAP2,SI,-0.00339269
PITX2,SI,-0.0055691893
RAB5B,SI,-0.020839956
THAP6,SI,-0.039053988
MRPL40,SI,-0.02580651
GABRD,SI,-0.0056935535
CPN2,SI,-0.01426404
TSSC4,SI,-0.0071813245
ZCCHC4,SI,-0.0106962295
CDC25B,SI,-0.0066765114
C11orf21,SI,-0.008419979
MORN2,SI,-0.013108837
ARMC12,SI,-0.023042303
UPF3B,SI,-0.015214463
TTC36,SI,-0.0104892105
NPFFR1,SI,-0.008986306
RND3,SI,-0.09419252
SYNPO2L,SI,-0.029547865
MEPCE,SI,-0.0059096403
C10orf67,SI,-0.009404145
COPS7A,SI,-0.0132630225
ASGR1,SI,-0.005160287
SENP2,SI,-0.011840249
RIOK2,SI,-0.025667008
ACOX3,SI,-0.007312339
FAM156B,SI,-0.017729715
PRPF3,SI,-0.0005267001
PGLS,SI,-0.019960692
CD8B2,SI,-0.056208026
IL1B,SI,-0.048189443
HOXC11,SI,-0.01870404
VILL,SI,-0.011965988
TECPR1,SI,-0.01693354
NDUFV3,SI,-0.009809
NAA10,SI,-0.014773649
CALCR,SI,-0.004644818
TRIM46,SI,-0.010700757
RIC3,SI,-0.027840842
TEDC1,SI,-0.0048642834
GSTO1,SI,-0.01260858
SLCO6A1,SI,-0.013711115
MDH1B,SI,-0.026811179
MSRB1,SI,-0.0077157845
STX10,SI,-0.010587141
ANGPT2,SI,-0.00027967253
ABCB5,SI,-0.016508855
MYO18B,SI,-0.0067870584
EFCAB2,SI,-0.03307468
EVL,SI,-0.023220072
IDNK,SI,-0.0070247795
SPN,SI,-0.0015597125
RNF7,SI,-0.020657493
B4GALT2,SI,-0.017923543
AK4,SI,0.001325402
HVCN1,SI,-0.011940152
ZAN,SI,-0.010636272
TMEM53,SI,-0.007602087
PARD3,SI,-0.020780824
PGBD2,SI,-0.0024656681
EXOSC10,SI,-0.025405217
ZNF785,SI,-0.017229715
ASPHD2,SI,-0.030196887
MPP2,SI,-0.01017272
TMEM132E,SI,-0.015999146
PBXIP1,SI,-0.03411642
BTBD17,SI,-0.030951682
LRRC37A2,SI,-0.016739255
CC2D1A,SI,-0.105895124
TEF,SI,-0.0100956615
IL27RA,SI,-0.0058583613
DBP,SI,-0.01642649
GNG4,SI,-0.013874887
ARL4A,SI,-0.008362588
RNF175,SI,-0.0092427945
RPP40,SI,-0.0069299536
CPSF4,SI,-0.013640348
ALDH1A3,SI,-0.013971842
DIABLO,SI,-0.009549013
HOXA10,SI,-0.025071962
MUCL1,SI,-0.010015786
USF2,SI,-0.008640771
RAB1A,SI,0.00030121213
TRIM68,SI,-0.022247173
FAM183A,SI,-0.004371288
ACSM2B,SI,-0.014081842
PSMD13,SI,-0.04034761
TM4SF19,SI,-0.0033601436
DACT3,SI,-0.029035734
NT5C1B,SI,-0.051461797
C11orf49,SI,-0.0051692883
GAS2L2,SI,-0.0060319738
DIRAS3,SI,-0.018176945
MTMR8,SI,-0.030027198
MT1G,SI,-0.0778654
SRSF5,SI,-0.011372009
MAP2K3,SI,-0.018278087
NAT9,SI,-0.022174
GJC2,SI,-0.08569784
CD177,SI,-0.010240094
GRP,SI,-0.0076901754
C19orf81,SI,-0.018515622
WIZ,SI,-0.033665303
KRT6A,SI,-0.0039822366
NYAP2,SI,-0.035353392
OAF,SI,-0.015157487
TRMT9B,SI,-0.027025199
ZSCAN9,SI,-0.0008065051
PAX5,SI,-0.008608636
SLCO1A2,SI,-0.012251981
HSPH1,SI,-0.06271617
HOMER3,SI,-0.0058200886
HACD3,SI,-0.03485997
LPCAT4,SI,-0.009730553
PLPPR5,SI,-0.018059792
TRAM1L1,SI,-0.06430034
SMIM24,SI,-0.013500066
GALNT8,SI,-0.025745556
IGFL3,SI,-0.026314998
CIDEA,SI,-0.013223137
PCSK5,SI,-0.008400097
MRPL22,SI,-0.0085263485
NDUFS5,SI,-0.0072588734
SLC5A11,SI,-0.017264146
RGL2,SI,-0.004069642
AC079447.1,SI,-0.010804275
DLX6,SI,-0.02203742
MXRA7,SI,-0.013005512
MAOB,SI,-0.02188458
GPRC5C,SI,-0.0266384
CENPU,SI,-0.004756967
SNX24,SI,-0.014366753
MPEG1,SI,-0.017627705
CCDC89,SI,-0.0067070387
MAP11,SI,-0.011438684
MFSD9,SI,-0.13536888
SEC14L2,SI,-0.022302132
ASTN1,SI,-0.0467013
KRT37,SI,-0.004791694
KCNT1,SI,-0.019414874
AP2A1,SI,-0.0015237409
TAS1R3,SI,-0.011214889
CA6,SI,-0.009217165
CCDC200,SI,-0.01962933
STAR,SI,-0.011430693
NRF1,SI,-0.0071440027
ZNF429,SI,-0.006694916
GXYLT2,SI,-0.018234264
MNT,SI,-0.002559827
NUBPL,SI,-0.008824051
GABRB2,SI,-0.0026060161
REXO5,SI,-0.015998643
GJD4,SI,-0.011943541
FGFR4,SI,-0.023250498
MUC16,SI,-0.013295512
APOBEC3H,SI,-0.042564157
KLHDC4,SI,-0.02372041
IDH3G,SI,-0.02902494
P2RY14,SI,-0.0022209468
CRIP2,SI,-0.011739968
SLC25A12,SI,-0.004745997
PSMD4,SI,-0.0025596847
CSRNP2,SI,-0.012381245
TMSB15B,SI,-0.0023638364
FCRLB,SI,-0.041634504
EIF4ENIF1,SI,-0.044008546
MAPRE3,SI,-0.11556124
NOP16,SI,-0.023253955
TOLLIP,SI,-0.07108815
BEAN1,SI,-0.019516317
RASGRF1,SI,0.0004600431
MFNG,SI,-0.009036529
SIRT3,SI,-0.01080145
TNC,SI,-0.009872942
ERI3,SI,-0.0056605013
PCDHB8,SI,-0.021387009
WDR31,SI,-0.027668213
RUFY2,SI,-0.005158937
PCBP1,SI,-0.010710768
CYP4F22,SI,-0.013567652
NMRAL1,SI,-0.0049947402
H2BC5,SI,-0.02310944
UBE2Q2,SI,-0.005101888
ALDH3B2,SI,-0.004275177
KATNA1,SI,-0.014711507
ZFP42,SI,-0.012333909
SLC25A5,SI,-0.03463535
GPM6B,SI,-0.038802598
MRM1,SI,-0.01309118
AAMDC,SI,-0.016544914
TRHR,SI,-0.014674107
CDC14A,SI,-0.0046977373
SAT1,SI,-0.03658011
CDK8,SI,-0.009578211
STARD3NL,SI,-0.012778813
SREK1IP1,SI,-0.010635659
PRDM4,SI,-0.02018294
CAMK1G,SI,-0.048713464
HACD4,SI,-0.057515357
PPIG,SI,-0.0014533107
SH3YL1,SI,-0.0013761414
MMP11,SI,-0.026649427
SET,SI,-0.0029736897
NKAIN1,SI,-0.011011376
PTPRN2,SI,-0.011084851
MAPKAP1,SI,-0.0061339173
TMEM223,SI,-0.0060539134
DAPK3,SI,-0.020342816
ANKRD13A,SI,-0.016683752
ZFYVE19,SI,-0.012687301
B3GNT5,SI,-0.016705891
STEAP4,SI,-0.026561538
DIRAS1,SI,-0.008225974
LILRA5,SI,-0.015635397
MTFP1,SI,-0.0063584857
SPART,SI,-0.04562813
PHLDA1,SI,-0.049739707
PEX16,SI,-0.053358905
RAPSN,SI,-0.007302771
ADGRG4,SI,-0.012508069
PLK2,SI,-0.03308973
ZSCAN12,SI,-0.0008624487
GJB7,SI,-0.021778278
PPIF,SI,-0.008294761
DPP3,SI,-0.016260402
RTL8A,SI,-0.011665321
ITPRID2,SI,-0.018528394
H2AC12,SI,-0.0065551265
TREM1,SI,-0.010488176
THRB,SI,-0.009871568
SRGAP2,SI,-0.020325232
HOXB7,SI,-0.017642653
ZBTB17,SI,-0.012051496
ABCC11,SI,-0.028272077
SLC6A1,SI,-0.0076935873
ZSCAN31,SI,-0.007158663
MAPKAPK3,SI,-0.009100799
TRDN,SI,-0.009148096
CACNG5,SI,-0.0049707633
TIGD4,SI,-0.021850681
CNTN1,SI,-0.026771862
SHPK,SI,-0.0068829446
EZR,SI,-0.006278773
KCNF1,SI,-0.017021274
GADD45A,SI,-0.019212306
NSUN5,SYNE1,-0.0011140173
KBTBD2,SYNE1,-0.003066304
GAS7,SYNE1,-0.0020705399
KIFBP,SYNE1,-0.0037108655
MOB4,SYNE1,-0.0056226635
SASH1,SYNE1,-0.0133056
UGT2B15,SYNE1,-0.0017570322
FAM86B2,SYNE1,-0.004868539
ZNF534,SYNE1,-0.0013088533
ATOX1,SYNE1,-0.004189508
PGLYRP2,SYNE1,-0.0063463314
ITPR2,SYNE1,-0.00063114375
RGS18,SYNE1,-0.0055254335
PSG11,SYNE1,-0.0042329268
AADAT,SYNE1,-0.012501997
PARP12,SYNE1,-0.013374237
DHRS9,SYNE1,-0.0049898834
CASP1,SYNE1,-0.002992694
DRD4,SYNE1,-0.0064551416
CTLA4,SYNE1,-0.007756651
SULT1A3,SYNE1,-0.006092861
EIF5AL1,SYNE1,-0.029104639
DOHH,SYNE1,0.0008997567
C1QTNF12,SYNE1,-0.004562216
SEMA7A,SYNE1,-0.009853586
GOT2,SYNE1,-0.0046274625
NMNAT1,SYNE1,-0.001958546
NOMO3,SYNE1,-0.0029112874
CCN3,SYNE1,-0.010764642
SFRP1,SYNE1,-0.0061723804
SMN2,SYNE1,-0.0033170476
SALL4,SYNE1,-0.011831531
NKX2-8,SYNE1,-0.006866554
ASB13,SYNE1,-0.0012741821
GABRP,SYNE1,-0.0056537064
DMD,SYNE1,-0.006250271
RETNLB,SYNE1,-0.012659281
RDH10,SYNE1,-0.013685287
APH1B,SYNE1,-0.0046811276
PRPF40B,SYNE1,-0.010968551
SH3TC2,SYNE1,-0.007644158
SCAMP2,SYNE1,-0.0049983733
PCDHGA2,SYNE1,-0.0059549296
CCBE1,SYNE1,-0.007229227
ZNF503,SYNE1,-0.004532649
VSIG8,SYNE1,-0.009336068
DNASE1L3,SYNE1,-0.011732873
TBC1D5,SYNE1,-0.0038730428
LMOD3,SYNE1,-0.0035369303
GPR149,SYNE1,-0.0074089263
SCN3A,SYNE1,-0.0051041744
HCN2,SYNE1,-0.0041690646
AHRR,SYNE1,-0.005080486
FCRL6,SYNE1,-0.005633669
MYLK4,SYNE1,-0.0043401453
CCDC158,SYNE1,-0.0010437381
HOATZ,SYNE1,-0.005922002
FUS,SYNE1,-0.011733314
EMC4,SYNE1,-0.0006117015
PHYHIP,SYNE1,-0.0008503771
PRADC1,SYNE1,-0.01921034
OR10H1,SYNE1,-0.00548517
AGTRAP,SYNE1,-0.0026126793
PPP1R3B,SYNE1,-0.0019462858
PTGR2,SYNE1,-0.0033755752
AMT,SYNE1,-0.0023838463
TTC14,SYNE1,-0.01629093
AKR1B10,SYNE1,-0.0103614535
SLAMF1,SYNE1,-0.012447035
NKX3-1,SYNE1,-0.005326737
ABHD6,SYNE1,-0.005775947
MMP10,SYNE1,-0.019449709
ZFYVE28,SYNE1,-0.0035545747
KIF25,SYNE1,-0.013042065
RGL1,SYNE1,-0.044166707
COQ9,SYNE1,-0.0053361314
BTD,SYNE1,-0.010881157
SLC38A6,SYNE1,-0.0038122793
NELFE,SYNE1,-0.00829623
FDCSP,SYNE1,-0.0063708667
HEATR6,SYNE1,-0.004135033
H2AX,SYNE1,-0.02469533
CFAP61,SYNE1,-0.0334664
LSM6,SYNE1,-0.014820684
TNNT1,SYNE1,-0.004904949
TRPS1,SYNE1,-0.008732612
CFB,SYNE1,-0.009206784
ZPLD1,SYNE1,-0.013177876
BAG1,SYNE1,-0.00527142
RGS20,SYNE1,-0.008201062
CDC42EP4,SYNE1,0.0017904226
PIK3C2G,SYNE1,-0.022872824
NFKBIA,SYNE1,-0.005760457
CRYZ,SYNE1,-0.008722005
GRM4,SYNE1,-0.03560406
FNDC10,SYNE1,-0.004566262
VLDLR,SYNE1,-0.0041805133
ACSBG1,SYNE1,-0.010712291
UCN2,SYNE1,-0.014426314
VPS53,SYNE1,-0.00800401
KCNT1,SYNE1,-0.0028384842
CDHR4,SYNE1,-0.01730466
BTNL9,SYNE1,-0.056672778
MMUT,SYNE1,-0.0030327635
VSTM2L,SYNE1,-0.0061873356
ASNS,SYNE1,-0.00216701
CLDN2,SYNE1,-0.006269203
NRP2,SYNE1,-0.0057610576
HSPH1,SYNE1,-0.0007041296
AFP,SYNE1,-0.034540143
CALCOCO1,SYNE1,-0.0024576876
HYAL2,SYNE1,-0.0026125307
SEM1,SYNE1,-0.0069456333
SNX10,SYNE1,-0.015537396
PABPC1,SYNE1,-0.0057601337
OPLAH,SYNE1,-0.01542039
SSTR2,SYNE1,-0.011909771
MMP17,SYNE1,-0.0074279085
PARD6G,SYNE1,-0.0015863167
ENTPD6,SYNE1,-0.012992162
MYO1D,SYNE1,-0.015781973
PAX1,SYNE1,-0.0037368685
LRRC7,SYNE1,-0.006633757
MAGEA10,SYNE1,-0.011084273
CCL14,SYNE1,-0.0063245147
PTPMT1,SYNE1,-0.04500752
TDRD5,SYNE1,-0.0033799557
FANCG,SYNE1,-0.006343558
NUP210,SYNE1,-0.011312905
C1QL4,SYNE1,-0.0074750856
FAM178B,SYNE1,-0.0036273978
FOXL2NB,SYNE1,-0.0039732214
SSX5,SYNE1,-0.0029361057
CHPF2,SYNE1,-0.013208267
KLF5,SYNE1,-0.00027651538
ACYP2,SYNE1,-0.033960905
H2BC6,SYNE1,-0.0066133467
MRM3,SYNE1,-0.008009048
NAP1L1,SYNE1,-0.001781629
GSTT2B,SYNE1,-0.013193824
TP53AIP1,SYNE1,-0.019817462
FUT11,SYNE1,-0.0048567816
IMPG2,SYNE1,-0.019406918
CASKIN1,SYNE1,-0.0037161966
CUTA,SYNE1,-0.00566976
ZNF846,SYNE1,-0.00861899
DCDC2B,SYNE1,-0.0028430205
APOL2,SYNE1,-0.0029355483
RPRM,SYNE1,-0.007507871
CCT6B,SYNE1,-0.011865127
C6orf141,SYNE1,-0.011168698
CDYL2,SYNE1,-0.003850591
CTAGE6,SYNE1,-0.01724627
PDE4D,SYNE1,-0.027786061
MTMR11,SYNE1,-0.015309905
ZNF562,SYNE1,-0.0006186066
MICU3,SYNE1,-0.0041419896
ABLIM1,SYNE1,-0.009402177
CGREF1,SYNE1,-0.0006862037
TMEM17,SYNE1,-0.007399954
SLC25A39,SYNE1,-0.005626331
ULK1,SYNE1,-0.06128054
RP1,SYNE1,-0.03579056
MDK,SYNE1,-0.0072229826
PI4K2A,SYNE1,-0.019175347
RTCB,SYNE1,-0.002497276
UBL3,SYNE1,-0.020437025
TNN,SYNE1,-0.004051093
COMMD7,SYNE1,-0.015540447
FETUB,SYNE1,-0.00250595
TERF1,SYNE1,-0.014544388
RSPO4,SYNE1,-0.017151503
PDZD2,SYNE1,-0.008584199
NUDT12,SYNE1,-0.005252646
ABHD12B,SYNE1,-0.0063349027
NDUFB6,SYNE1,-0.0057083317
MSGN1,SYNE1,-0.01211537
ANKRD55,SYNE1,-0.0007721107
NHP2,SYNE1,-0.008541502
PLXNA3,SYNE1,-0.010561475
MAGEA1,SYNE1,-0.0061826
AUNIP,SYNE1,-0.008192273
XCL1,SYNE1,-0.009880888
ZFPL1,SYNE1,-0.0065082344
TLCD4-RWDD3,SYNE1,-0.008706667
AGAP1,SYNE1,-0.0031689864
SERPINB6,SYNE1,-0.014362285
GATD3B,SYNE1,-0.05163597
SLC25A34,SYNE1,-0.011366308
KCNE1B,SYNE1,-0.0052091386
SHROOM3,SYNE1,-0.022091417
NANOS1,SYNE1,-0.02024438
B9D1,SYNE1,-0.00427206
AFAP1L2,SYNE1,-0.0002414033
EIF2S2,SYNE1,-0.009569831
DIRAS3,SYNE1,-0.020150648
GDNF,SYNE1,-0.015996004
SERPINA12,SYNE1,-0.013672813
ZFP36L2,SYNE1,-0.002455288
PROX1,SYNE1,-0.004860789
WNT11,SYNE1,-0.014782312
EIPR1,SYNE1,-0.0036307618
LRRC38,SYNE1,-0.010557059
KRT19,SYNE1,-0.0025925394
MTRNR2L12,SYNE1,-0.018643837
SUV39H1,SYNE1,-0.0010832984
RETN,SYNE1,-0.0045009344
RELN,SYNE1,-0.005826751
ANO6,SYNE1,-0.0066222725
EXOSC4,SYNE1,-0.013858155
PRNP,SYNE1,-0.003629308
FRAS1,SYNE1,-0.020367507
ATP6V0D2,SYNE1,-1.6458129e-05
SIGLEC11,SYNE1,-0.0435858
ADGRF3,SYNE1,-0.024860363
FCRLB,SYNE1,-0.01485585
ARID4B,SYNE1,-0.005578558
S1PR4,SYNE1,-0.0072382744
CLDN18,SYNE1,-0.0064878054
WSB1,SYNE1,-0.01606462
RECQL4,SYNE1,-0.0138023505
CEP70,SYNE1,-0.0042677065
ITPK1,SYNE1,-0.0108429575
P2RX4,SYNE1,-0.019077623
ADRB2,SYNE1,-0.01087723
NOBOX,SYNE1,-0.008332717
EZH1,SYNE1,-0.006888822
ZC3H12C,SYNE1,-0.008968835
POLR2K,SYNE1,-0.04038076
BABAM2,SYNE1,-0.00839636
VAT1,SYNE1,-0.026243556
MRPL4,SYNE1,-0.005752136
SSX2IP,SYNE1,-0.0071928594
ZNF710,SYNE1,-0.010297805
C8B,SYNE1,-0.004912045
ZAP70,SYNE1,-0.0127465585
ZCWPW1,SYNE1,-0.0061011543
PDK4,SYNE1,-0.007860835
RIDA,SYNE1,-0.008003684
NDUFS4,SYNE1,-9.0737885e-05
HOXA1,SYNE1,-0.010875857
EXOC3L4,SYNE1,-0.009341292
CRNN,SYNE1,-0.0068350607
BCL2L14,SYNE1,-0.0068603717
CCDC40,SYNE1,-0.003392398
MAFA,SYNE1,-0.006236542
DHX38,SYNE1,-0.0027943
TCEAL8,SYNE1,-0.0028857
ULK4,SYNE1,-0.0011432096
HSPA1A,SYNE1,-0.004494301
COQ6,SYNE1,0.00054880226
RLBP1,SYNE1,-0.008355871
GAS2L2,SYNE1,-0.013659368
VPS39,SYNE1,-0.0017889033
C8orf48,SYNE1,-0.009419555
LYNX1-SLURP2,SYNE1,-0.054189183
LYZ,SYNE1,-0.02170487
SAMD15,SYNE1,-0.0040958403
APLN,SYNE1,-0.018047987
NECAB2,SYNE1,-0.018067462
GPR87,SYNE1,-0.020338673
ARHGAP19,SYNE1,-0.0136818765
ANXA3,SYNE1,-0.0028084107
CHST1,SYNE1,-0.0062234774
LRG1,SYNE1,-0.03442969
MAGEA6,SYNE1,-0.02117453
TK2,SYNE1,-0.0022127237
TXNDC11,SYNE1,-0.10042613
NEUROD2,SYNE1,-0.021439435
TRERF1,SYNE1,-0.0005584093
TBPL1,SYNE1,-0.021253968
CBY2,SYNE1,-0.005023175
AZGP1,SYNE1,-0.056951795
ERN2,SYNE1,-0.008294802
TNFRSF11B,SYNE1,-0.004841551
HIP1R,SYNE1,-0.005459854
HOXC12,SYNE1,-0.013270666
ISL2,SYNE1,-0.008921143
DHRS7,SYNE1,-0.013327497
FANCF,SYNE1,-0.01018659
RRP7A,SYNE1,-0.007884608
SAA2,SYNE1,-0.008427035
TRIM7,SYNE1,-0.0023999792
SRGAP2B,SYNE1,-0.004860799
RGMA,SYNE1,-0.014582318
NIP7,SYNE1,-0.006881787
LIG4,SYNE1,-0.009566542
CTDSPL,SYNE1,-0.0039489176
MAS1L,SYNE1,-0.020932531
PIWIL2,SYNE1,-0.008017655
RORC,SYNE1,-0.00587116
TEPSIN,SYNE1,-0.006896802
ELAVL3,SYNE1,-0.008880613
ZFP91,SYNE1,-0.006631398
ADRB1,SYNE1,-0.006857982
TXNDC9,SYNE1,-0.0021537864
RFK,SYNE1,-0.018915456
TNFAIP6,SYNE1,-0.0011438467
TCEAL9,SYNE1,-0.006141879
RBM28,SYNE1,-0.0110599995
COX19,SYNE1,-0.013546733
VSIG10L,SYNE1,-0.002718227
FAM209B,SYNE1,-0.005751398
PLPPR2,SYNE1,-0.04095933
MEF2D,SYNE1,0.0013532973
MANEA,SYNE1,-0.020877784
SPPL3,SYNE1,-0.0110795675
L1CAM,SYNE1,-0.005325596
AGBL1,SYNE1,-0.004715692
HSBP1,SYNE1,-0.013110032
PRDM5,SYNE1,-0.0074573886
MKRN3,SYNE1,-0.01627188
PDK3,SYNE1,-0.017187681
TM9SF1,SYNE1,-0.022292126
MYO16,SYNE1,-0.016001636
MRPS27,SYNE1,-0.007947442
GFAP,SYNE1,-0.0029655024
STRIP2,SYNE1,-0.012776614
CDK1,SYNE1,-0.018527284
SMOX,SYNE1,-0.0058261203
SMIM17,SYNE1,-0.007995153
C4BPA,SYNE1,-0.00501741
PTN,SYNE1,-0.012959337
MARCHF3,SYNE1,-0.0033867415
HID1,SYNE1,-0.0059135817
RBKS,SYNE1,-0.005661822
SH3BP1,SYNE1,-0.004118003
TTC6,SYNE1,-0.033505533
IL3RA,SYNE1,-0.0066039567
DHCR7,SYNE1,0.0010443428
LRRC9,SYNE1,-0.002411029
C6orf52,SYNE1,-0.0039576
PRKAR1B,SYNE1,-0.008032292
EGR4,SYNE1,-0.005444543
KCNJ11,SYNE1,-0.0052747186
ALCAM,SYNE1,-0.0043391637
MFSD9,SYNE1,-0.014533372
SMPD3,SYNE1,-0.010864787
CCR3,SYNE1,-0.0034016215
ANOS1,SYNE1,-0.0065966495
CCL16,SYNE1,-0.006413093
CR589904.2,SYNE1,-0.006918027
MYH7B,SYNE1,-0.009127511
APOLD1,SYNE1,-0.0024452477
ACTL6B,SYNE1,-0.007968374
CALB2,SYNE1,-0.013154967
HSPA1B,SYNE1,-0.025901936
SOX12,SYNE1,-0.0049010073
RPS26,SYNE1,-0.0057012336
ARNTL2,SYNE1,0.002127271
FNDC4,SYNE1,-0.008649371
FTSJ1,SYNE1,-0.009420253
KCP,SYNE1,-0.00444351
IQCA1,SYNE1,-0.011548261
TXNDC2,SYNE1,-0.0010387645
ADSS1,SYNE1,-0.0037729014
MOV10,SYNE1,-0.0051828455
SQLE,SYNE1,-0.0073334654
AC007040.2,SYNE1,-0.0020495506
ADCY1,SYNE1,-0.0044680624
GIPC2,SYNE1,-0.0070331725
MMP24OS,SYNE1,-0.013318856
FCHO2,SYNE1,-0.011089712
ARHGEF33,SYNE1,-0.012721664
RBBP5,SYNE1,-0.0041339668
RANBP1,SYNE1,-0.013086692
ATOH7,SYNE1,-0.009008244
TMEM159,SYNE1,-0.008002597
ACBD4,SYNE1,-0.009361361
CBFA2T3,SYNE1,-6.0384744e-05
C6orf62,SYNE1,-0.027108207
TREX2,SYNE1,-0.005656113
HDLBP,SYNE1,-0.0027056003
C9orf43,SYNE1,-0.012260448
MT1G,SYNE1,-0.0045621265
CRYBG2,SYNE1,-0.0058515654
GDPD3,SYNE1,-0.034950133
YWHAZ,SYNE1,-0.012611555
ALS2,SYNE1,-0.0014772386
ETHE1,SYNE1,-0.0039608306
REM2,SYNE1,-0.015029259
ANO5,SYNE1,-0.008859482
CLTCL1,SYNE1,-0.0041038403
GALNT18,SYNE1,-0.0005206775
THAP8,SYNE1,-0.010800755
UNC13B,SYNE1,-0.015864583
RBFOX3,SYNE1,-0.00910029
TCIRG1,SYNE1,-0.007285257
ODAM,SYNE1,-0.004545603
TLX3,SYNE1,-0.019702079
EIF2S3B,SYNE1,-0.029234305
ZNF419,TENM1,-0.012493435
LTA,TENM1,-0.011665174
NFATC2,TENM1,-0.002450064
SEPTIN7,TENM1,-0.035195813
DIPK1B,TENM1,-0.009765455
TRHDE,TENM1,-0.05005587
AP3S2,TENM1,-0.011207705
UBA1,TENM1,-0.02021366
GEN1,TENM1,-0.0029915057
ABCA10,TENM1,-0.050183035
XKR9,TENM1,-0.019535232
EXOC3,TENM1,-0.01220764
TRIM5,TENM1,-0.08200159
SSX4,TENM1,-0.015118493
RBP1,TENM1,-0.007944429
EFNA1,TENM1,-0.026314804
CCDC102A,TENM1,-0.017621428
SERPINB13,TENM1,-0.018810866
SH2B1,TENM1,-0.03062492
MFAP4,TENM1,-0.0032026304
REEP3,TENM1,-0.009799844
BMP4,TENM1,-0.011224046
TPSB2,TENM1,-0.01439817
MRM3,TENM1,-0.010111802
FGF5,TENM1,-0.012640107
ERVMER34-1,TENM1,-0.0064542945
SLC44A2,TENM1,-0.023637943
TSPAN8,TENM1,-0.010591011
SST,TENM1,-0.06633382
TST,TENM1,-0.0127031235
FADS2,TENM1,-0.020261854
LSMEM1,TENM1,-0.07276458
GPNMB,TENM1,-0.03092887
EDEM3,TENM1,-0.097793
GPX4,TENM1,-0.024472348
CFAP65,TENM1,-0.014001101
CCNJL,TENM1,-0.02337662
CDH22,TENM1,-0.010341357
ADAM20,TENM1,-0.022833398
ZNF683,TENM1,-0.028312113
DEFB4B,TENM1,-0.024139358
SLC25A45,TENM1,-0.017024372
SKIL,TENM1,-0.042964794
ANXA13,TENM1,-0.011660462
MXRA5,TENM1,-0.0555655
RMC1,TENM1,-0.05146031
POU3F2,TENM1,-0.012943502
MAGEA6,TENM1,-0.052215453
C11orf86,TENM1,-0.036897905
C1orf94,TENM1,-0.014129649
TMEM232,TENM1,-0.0666523
PTGR2,TENM1,-0.027168635
SLITRK6,TENM1,-0.018551208
MTA1,TENM1,-0.011084374
TIMM22,TENM1,-0.011018784
IGSF22,TENM1,-0.012834641
CCDC181,TENM1,-0.008270262
SZRD1,TENM1,-0.038668457
SEZ6L,TENM1,-0.0073119444
SPATA32,TENM1,-0.046954993
GOLGA6L22,TENM1,-0.026640017
PSMG1,TENM1,-0.009580989
ETV2,TENM1,-0.013048524
ADA,TENM1,-0.017462255
SREK1IP1,TENM1,-0.0041013053
GPR63,TENM1,-0.2367173
AC005726.1,TENM1,-0.012495321
PTPRH,TENM1,-0.011735824
SOX17,TENM1,-0.019745467
ANKZF1,TENM1,-0.028000584
SS18,TENM1,-0.015519284
FP565260.1,TENM1,-0.00807257
LAMA1,TENM1,-0.025116142
NLGN4Y,TENM1,-0.01437365
AUH,TENM1,-0.009496994
GRAMD2A,TENM1,-0.011967179
IRAK1BP1,TENM1,-0.017721565
ADAT2,TENM1,-0.0074957963
DNAI2,TENM1,-0.019832106
SLC25A52,TENM1,-0.01820308
EIF4EBP1,TENM1,-0.0107026
ATRNL1,TENM1,-0.010697183
PVR,TENM1,-0.0446898
LEMD1,TENM1,-0.004301072
NYNRIN,TENM1,-0.02524554
TMIGD3,TENM1,-0.032010086
ALCAM,TENM1,-0.04044419
IRF7,TENM1,-0.068731196
IFRD2,TENM1,-0.01424492
S100A3,TENM1,-0.04727303
TEKT4,TENM1,-0.019418124
C9orf153,TENM1,-0.020316558
RGS16,TENM1,-0.037884243
SNX31,TENM1,-0.019628365
TTR,TENM1,-0.017090304
TRIM9,TENM1,-0.034090005
ALK,TENM1,-0.008303901
APCDD1L,TENM1,-0.016136443
GPR146,TENM1,-0.022326186
ARRB2,TENM1,-0.007993809
B3GNT8,TENM1,-0.015214349
KRTAP13-2,TENM1,-0.017744686
TSPAN5,TENM1,-0.030466773
TTYH2,TENM1,-0.021032998
SPAG17,TENM1,-0.016611949
WSB1,TENM1,-0.014580287
KDM5D,TENM1,-0.031449407
TPST1,TENM1,-0.028669858
EIF3D,TENM1,-0.0066112294
NXPH2,TENM1,-0.007452806
VCX3B,TENM1,-0.111773476
GPR61,TENM1,-0.011080615
S100A6,TENM1,-0.033100303
SLC7A9,TENM1,-0.023718784
ZBTB8OS,TENM1,-0.0089252135
IER2,TENM1,-0.018738566
FBXO10,TENM1,-0.0141945835
ITIH2,TENM1,-0.012500766
PKP3,TENM1,-0.022654472
TECR,TENM1,-0.00777268
MEA1,TENM1,-0.024236007
HTR2B,TENM1,-0.043013185
KCNQ3,TENM1,-0.021254437
POU5F1B,TENM1,-0.022599528
UNC5A,TENM1,-0.021269903
MOCS1,TENM1,-0.019291945
TCTE3,TENM1,-0.054788645
ADGRV1,TENM1,-0.011703945
WNT11,TENM1,-0.021576673
DUSP8,TENM1,-0.0118183475
CRABP1,TENM1,-0.010176324
ANK3,TENM1,-0.028308615
DNASE1L2,TENM1,-0.011009347
ASMT,TENM1,-0.031333573
PIN4,TENM1,-0.013844297
RPL39,TENM1,-0.041401565
VSIG2,TENM1,-0.06309951
MTUS1,TENM1,-0.013848447
SHISA2,TENM1,-0.035198014
ERVW-1,TENM1,-0.06371929
GK3P,TENM1,-0.014921826
CIB3,TENM1,-0.004973579
METTL16,TENM1,-0.014815425
PCP4,TENM1,-0.012621234
ACY1,TENM1,-0.0082917195
FAM189A2,TENM1,-0.054800592
MARCO,TENM1,-0.033821892
ST8SIA5,TENM1,-0.1294674
FP565260.3,TENM1,-0.028178265
MUC20,TENM1,-0.041401383
ZNF213,TENM1,-0.01859346
SPSB3,TENM1,-0.050228678
RTL8A,TENM1,-0.042637
KCNAB3,TENM1,-0.034196936
MEDAG,TENM1,-0.002069475
LRGUK,TENM1,-0.0074381107
QRFPR,TENM1,-0.014155349
CTAG2,TENM1,-0.027063599
ZC4H2,TENM1,-0.012756612
RAB26,TENM1,-0.02320669
CCR3,TENM1,-0.010514161
HSPB8,TENM1,-0.022709372
SLC27A6,TENM1,-0.020890823
GRK5,TENM1,-0.009247856
HSPA13,TENM1,-0.02483787
GSTO2,TENM1,-0.01901312
HIGD1B,TENM1,-0.035479657
PROCR,TENM1,-0.051443025
RSKR,TENM1,-0.014275254
GYG2,TENM1,-0.020638222
ZAN,TENM1,-0.0148090115
SPATA18,TENM1,-0.0030284277
GRIP1,TENM1,-0.011804351
FUZ,TENM1,-0.007746885
PSD3,TENM1,-0.07260177
WDR89,TENM1,-0.004518404
DHX33,TENM1,-0.006763927
CEBPD,TENM1,-0.019636448
FAM71E1,TENM1,-0.024229387
RASD2,TENM1,-0.09973068
TMEM132C,TENM1,-0.018348517
HAL,TENM1,-0.0015113638
TBC1D32,TENM1,-0.11517824
CST1,TENM1,-0.013032429
MBLAC1,TENM1,-0.0062579196
EIF4B,TENM1,-0.0033905252
ZNF559,TENM1,-0.027668417
DMBT1,TENM1,-0.006860058
DKK1,TENM1,-0.010871472
CD248,TENM1,-0.012063455
GABRG2,TENM1,-0.02187427
ENTHD1,TENM1,-0.01538851
GRIK2,TENM1,-0.011523397
TMEM132B,TENM1,-0.028476888
ARHGEF26,TENM1,-0.031162942
STX5,TENM1,-0.012303553
FAHD2B,TENM1,-0.0066016307
CTAGE4,TENM1,-0.04998756
FOXA3,TENM1,-0.0045829937
MT-CO3,TENM1,-0.038933817
ST6GALNAC4,TENM1,-0.028442193
VIT,TENM1,-0.0018339913
RFXAP,TENM1,-0.034858834
PPP1R3G,TENM1,-0.014873238
JMJD1C,TENM1,-0.016298493
IRX1,TENM1,-0.12323896
GRIK1,TENM1,-0.043604143
ARSI,TENM1,-0.054494664
RNF141,TENM1,-0.046487812
PHF2,TENM1,-0.01846469
CNOT1,TP53,-0.0009430439
KIF17,TP53,0.0044502607
APOL2,TP53,0.0033775663
MTDH,TP53,0.005741956
ZFP28,TP53,0.0025884744
GNG7,TP53,0.0042436766
ZNF273,TP53,-0.0008506127
LAMP3,TP53,0.0027789208
MSL1,TP53,0.0033067039
THEG,TP53,0.006340204
FAM89A,TP53,0.0069564073
TUBA4A,TP53,0.006870537
INKA2,TP53,0.0022542493
TAMM41,TP53,0.042561665
CDKN2AIPNL,TP53,0.008517336
CXCL14,TP53,0.0015895882
SRCIN1,TP53,0.0026064243
SCAP,TP53,0.0043133623
PPP1R9A,TP53,0.008676889
RTN4RL1,TP53,0.005802938
B3GNT4,TP53,0.0067910356
SH3BP5L,TP53,0.0073702144
VKORC1L1,TP53,0.004113614
TNFSF14,TP53,0.0035903251
COL2A1,TP53,0.003474889
FAM241B,TP53,0.020294352
ACSL1,TP53,0.0007966251
SESN1,TP53,0.012197475
FAM71F1,TP53,0.008596993
SMYD4,TP53,0.0056238365
RPL14,TP53,0.014030886
PDHB,TP53,0.00428285
SGK1,TP53,0.009732045
GNG8,TP53,0.00608943
IKZF3,TP53,0.0119846715
PRPH,TP53,0.013108938
SREK1IP1,TP53,0.006055957
PEBP1,TP53,0.006769095
FZD9,TP53,0.010425133
DISP2,TP53,0.0058736587
SLC3A1,TP53,-0.0003871721
DNAJB11,TP53,0.017487898
CDIPT,TP53,0.0071725384
FOXD2,TP53,0.013582687
HS1BP3,TP53,0.0076929284
CHRM3,TP53,0.0025432855
UPB1,TP53,0.0082701035
COL4A6,TP53,0.0036359022
SLC38A6,TP53,0.020158414
MTLN,TP53,0.0032842194
GCSH,TP53,-0.0007815945
CA2,TP53,0.0029495053
AMDHD1,TP53,0.0024639869
DACT2,TP53,0.0032561994
ZNF541,TP53,0.012795362
H1-3,TP53,0.00802382
CTAGE8,TP53,0.0028866543
CPTP,TP53,0.0019381901
RABGEF1,TP53,0.005811058
SLC29A3,TP53,0.0058769365
PIK3R1,TP53,0.0007313212
EGLN2,TP53,-0.0020567612
RGPD2,TP53,0.009998197
CSDE1,TP53,0.006155765
DERA,TP53,0.007731295
NAGPA,TP53,0.011828948
TMEM191B,TP53,0.006071671
PLPP6,TP53,0.0014604938
NYAP2,TP53,0.00025295615
SCARB1,TP53,0.01220291
IFI27L2,TP53,0.022035886
ADAD2,TP53,0.008877067
DRC1,TP53,0.0048469333
SLC15A1,TP53,0.0066923187
MATN2,TP53,0.0052811797
BIK,TP53,0.0041333814
ACY3,TP53,0.0002569923
SPESP1,TP53,0.0039047478
OAF,TP53,0.0068706055
ARHGEF5,TP53,0.0041851965
SLC19A3,TP53,0.011023654
NSD2,TP53,-0.0006990469
MAK16,TP53,0.0057420935
TMEM204,TP53,0.00838909
KIF22,TP53,0.0006769476
CSAG1,TP53,0.004870833
GAST,TP53,0.0011466116
ZDHHC11B,TP53,0.0065861084
NCAM2,TP53,-0.0006705624
SPATA18,TP53,0.06866154
S100A5,TP53,0.01594603
SNRPN,TP53,0.0013732996
NKX3-1,TP53,0.0015510946
PRDX2,TP53,0.00017281456
PTGDR2,TP53,0.008596591
IGFBP6,TP53,0.00045989716
MEIS2,TP53,0.0014312355
CLEC4C,TP53,0.0031996549
ANKRD30B,TP53,0.0049356413
C16orf89,TP53,0.004979537
FOXP1,TP53,0.03710529
RASEF,TP53,0.0010486478
MAP1LC3C,TP53,0.0043521062
HSDL2,TP53,0.008834279
SLC5A9,TP53,0.007933803
PLPPR5,TP53,0.008372155
AEBP2,TP53,0.0064904084
CDKN2A,TP53,0.008190336
KIF13B,TP53,0.0022371484
COPS7A,TP53,0.007049091
DNER,TP53,0.0045762868
EPO,TP53,0.005207751
CTXN3,TP53,-0.00044845772
RGS6,TP53,0.0049869763
ACOX2,TP53,0.022749895
BCAP29,TP53,0.006812081
LGALS12,TP53,0.008645823
REXO5,TP53,0.00045171136
CCDC12,TP53,0.0016230042
BCO2,TP53,0.0005284712
TEC,TP53,0.0040007764
ZBED9,TP53,0.004437107
SEC14L4,TP53,0.005047772
OTUD7A,TP53,-0.0027049435
EGFL6,TP53,0.00038738683
CYP4F11,TP53,0.00010766885
HDAC11,TP53,-0.002528565
EEF1A2,TP53,0.004189346
EPHA8,TP53,0.0037367605
GALT,TP53,0.0017485532
TMEM9,TP53,0.021146266
GABBR1,TP53,0.019010229
SOWAHC,TP53,0.005258557
CR589904.2,TP53,0.007901468
ANO1,TP53,0.0056809545
SERPINB10,TP53,0.0013180232
CREB3L3,TP53,0.004683741
MORN1,TP53,0.0058044815
IGSF1,TP53,0.0031654749
TGFBI,TP53,0.010055367
DCTN5,TP53,0.00021054363
SMC1B,TP53,0.13058744
TSKS,TP53,0.00588838
MICA,TP53,0.0141749885
CSF2,TP53,0.0016311428
CAPN6,TP53,0.00016812452
RETNLB,TP53,0.0014110644
MEI1,TP53,0.001683229
GPX3,TP53,0.0067035463
CLEC2L,TP53,0.005797425
HOXA1,TP53,0.004422545
PLB1,TP53,0.003986708
STX1A,TP53,0.006258013
TLE4,TP53,0.0051027965
MRPL39,TP53,0.0013390273
MAGEH1,TP53,-0.00022153827
NPSR1,TP53,0.007955793
MAGEA9B,TP53,0.0051846122
MYO15A,TP53,0.0018253705
LRRIQ1,TP53,0.0013193048
GAL,TP53,-0.0003021758
PGLYRP2,TP53,0.005066822
NUTM2F,TP53,0.008000354
EOLA1,TP53,0.015648888
AKR1C2,TP53,0.0021436932
TRMT1,TP53,0.00812637
ARL4C,TP53,-0.0044234274
EFNB3,TP53,0.010467108
DNPH1,TP53,-0.001965236
PDCD6IP,TP53,0.00981652
MAGEA3,TP53,0.0026618831
MUC3A,TP53,0.004658774
MT-ND6,TP53,0.0017466489
DNAI3,TP53,0.023297127
LAPTM4B,TP53,0.008203675
CFAP20,TP53,0.000254572
SDC3,TP53,0.0042722384
TEPP,TP53,0.0074274265
NINJ1,TP53,0.006661249
ADGRB1,TP53,0.0019805594
NYAP1,TP53,-7.854776e-05
TDGF1,TP53,0.0051282346
STYK1,TP53,0.0080452915
RNF112,TP53,0.0058586556
TIFA,TP53,0.0017827296
CWC15,TP53,0.0011309938
UST,TP53,0.0025470308
CYP3A5,TP53,0.002880393
SYT12,TP53,0.013107797
AVPI1,TP53,0.010151637
LGALS1,TP53,0.0019735354
NOP14,TP53,0.00076217117
C2CD4B,TP53,-0.00032879607
BCL2,TP53,0.003844803
RPL3L,TP53,0.02352402
GALNS,TP53,0.081021026
SERPINA6,TP53,0.0036727362
RFX3,TP53,0.003608684
KRT37,TP53,0.020638451
FBXW5,TP53,-0.0010618108
DENND3,TP53,0.010241292
TBPL2,TP53,0.0025976035
ZNF211,TP53,-0.004040769
RMI2,TP53,-0.003052431
MGST2,TP53,0.0036215305
PCSK1N,TP53,0.005073495
SPDYC,TP53,0.0048371195
SGK3,TP53,0.013166756
HTR5A,TP53,0.0033630608
CCDC25,TP53,0.0039642956
NR2F1,TP53,-0.0013974574
RYR2,TP53,0.005264854
CDSN,TP53,0.0059949807
ZBTB33,TP53,0.008431677
CHFR,TP53,-0.000761813
FAM3A,TP53,0.0050922176
LRRC37A3,TP53,0.0104560405
LGALS3,TP53,0.010130965
INPP5E,TP53,0.010938319
LYPD5,TP53,0.006131633
VRK2,TP53,0.00982766
LGR6,TP53,0.0050120987
DKKL1,TP53,0.0014043525
ZFR2,TP53,0.07814402
RNF212,TP53,0.023066036
YDJC,TP53,0.023525456
SOHLH2,TP53,0.0026833615
TAF8,TP53,0.016475556
LYPD3,TP53,0.0038391761
HOXC12,TP53,0.0019585323
KCNJ15,TP53,0.0020236382
PICK1,TP53,0.0011411216
LVRN,TP53,0.0012596394
VIT,TP53,0.0034212468
CREB5,TP53,0.016007803
C5orf34,TP53,0.009164647
C1S,TP53,0.0013354558
C1orf21,TP53,0.005514538
TEX264,TP53,0.012942797
CBWD1,TP53,0.00948169
PLTP,TP53,0.0049182866
CDHR4,TP53,0.0036174087
BTF3,TP53,0.008589206
ANKRD29,TP53,0.0063771443
LRIF1,TP53,0.007206807
TM9SF1,TP53,0.0020367454
SELENOS,TP53,0.011318244
FOXJ2,TP53,0.008170272
CCNG1,TP53,0.006105521
CAND2,TP53,-0.0027432507
ARHGEF33,TP53,0.0017288955
APEH,TP53,0.008701038
GALNT6,TP53,0.0006742151
POLR2G,TP53,0.0037699495
ITGB1BP1,TP53,0.014904114
SCN3A,TP53,0.010123727
INPP5D,TP53,0.0025308542
PIH1D1,TP53,0.007804346
ZNF622,TP53,0.0039840466
CLCF1,TP53,0.008230008
CLEC1B,TP53,0.0067710527
CIDEA,TP53,0.0051510907
TST,TP53,0.004809723
PCDHGA8,TP53,0.0040027546
CLTCL1,TP53,0.0093355775
DALRD3,TP53,0.002975678
TAS2R60,TP53,0.0031899177
IP6K2,TP53,0.0062818388
MRPL23,TP53,-0.0017858311
MAGEA4,TP53,0.0080936495
NBEA,TP53,0.012393961
FAM178B,TP53,0.0013180724
SLC22A18AS,TP53,0.0044627236
NT5C,TP53,-0.0042180433
CACNA1B,TP53,0.0059595946
NACAD,TP53,0.004707149
RPP14,TP53,0.0020079748
MAJIN,TP53,-0.007409558
H2BC18,TP53,0.010085011
RCE1,TP53,0.003730775
TREM2,TP53,0.0072169313
ADCK2,TP53,0.005996567
CRYBB3,TP53,0.008304735
CEP164,TP53,0.0081299255
AK3,TP53,-0.00016342953
NSMCE2,TP53,0.018097179
ACOT13,TP53,5.156987e-05
FNDC10,TP53,6.414345e-05
SLC4A8,TP53,0.0018484055
SRPK2,TP53,0.006056252
KLF10,TP53,0.0019689554
TTLL4,TP53,0.006367794
PLPPR3,TP53,0.0108254105
RBM34,TP53,0.0061244587
TRIM17,TP53,0.0023854694
RENBP,TP53,0.00055237336
ASPA,TP53,0.008738859
HMSD,TP53,0.0051531945
CEP112,TP53,0.007954225
CYFIP2,TP53,0.03410943
SERPINF2,TP53,0.012284998
ALPK2,TP53,0.0018422052
ATP2A3,TP53,0.007132909
CDC20B,TP53,0.022324564
CYP7B1,TP53,-0.0007135292
SPPL3,USH2A,-0.013416777
SEMA5B,USH2A,-0.00957804
HOXC10,USH2A,-0.0016428516
LTBP1,USH2A,-0.04364885
GREB1,USH2A,-0.009471213
STX4,USH2A,-0.007816498
EIF5A2,USH2A,-0.0066942982
PTGER2,USH2A,-0.015497132
SGCD,USH2A,-0.0037129933
PPM1J,USH2A,-0.012828508
DLGAP2,USH2A,-0.023462027
ASPHD2,USH2A,-0.02958533
INSYN1,USH2A,-0.011848454
FAM86B1,USH2A,-0.012886826
CELSR3,USH2A,-0.0245799
SHISA7,USH2A,-0.0041332426
SLC35G5,USH2A,-0.005328819
ATF4,USH2A,0.00012802637
POLA1,USH2A,-0.002147601
HBA2,USH2A,-0.0073657953
NOL12,USH2A,-0.013419373
EFCAB10,USH2A,-0.008324937
CYP1A2,USH2A,-0.03529196
ZNF518B,USH2A,-0.020923205
LRRC34,USH2A,-0.031779476
PEDS1,USH2A,-0.005294105
EPN1,USH2A,-0.010226165
BUD23,USH2A,-0.021251205
CSAG2,USH2A,-0.030938167
MAGEA10,USH2A,-0.018649628
KRT19,USH2A,-0.009662713
CYP4Z1,USH2A,-0.0017965118
AVPI1,USH2A,-0.0057621384
DUSP16,USH2A,-0.071703136
GPR37L1,USH2A,-0.052843742
BPGM,USH2A,-0.009070959
ZNF419,USH2A,-0.010064575
SPOCK3,USH2A,-0.020453865
CPEB4,USH2A,-0.0022794947
ANAPC15,USH2A,-0.0059179887
PTGES3L,USH2A,-0.012514397
PTPN12,USH2A,-0.046908997
TFF3,USH2A,-0.011538594
IL1RL2,USH2A,-0.020046636
YEATS4,USH2A,-0.004823801
TBC1D31,USH2A,-0.0057933372
CLDN17,USH2A,-0.01149978
BATF2,USH2A,-0.0044697747
HSPB1,USH2A,-0.0045226826
CLEC4E,USH2A,-0.014556763
HRH2,USH2A,-0.001857901
IKBKE,USH2A,-0.003448709
PGM1,USH2A,-0.0074016824
AEBP2,USH2A,-0.015064689
ALG14,USH2A,-0.023859609
TMSB10,USH2A,-0.00972749
CALML3,USH2A,-0.0066834227
SST,USH2A,-0.08596973
ZNF721,USH2A,-0.007582976
LHFPL2,USH2A,-0.01273056
EFCC1,USH2A,-0.09899339
SMIM10L2B,USH2A,-0.0056685917
KIF5A,USH2A,-0.0106561305
TSEN54,USH2A,-0.026739169
RHPN1,USH2A,-0.0068132756
TRIM36,USH2A,-0.006059219
RGPD4,USH2A,-0.009832844
NT5DC2,USH2A,-0.007948926
FOXO3,USH2A,-0.003421875
RGS6,USH2A,-0.0010340345
ING4,USH2A,0.00011460103
RBM28,USH2A,-0.0001716537
ZNF528,USH2A,-0.008136723
TMEM150A,USH2A,-0.011014286
ENDOD1,USH2A,-0.009295501
SLITRK4,USH2A,-0.01426236
CHI3L1,USH2A,-0.017871153
NSUN5,USH2A,-0.0055418955
C19orf73,USH2A,-0.0201338
HSPA5,USH2A,-0.0072329883
PTN,USH2A,-0.015652383
NDUFS1,USH2A,-0.0006527179
PTPMT1,USH2A,-0.0075417543
NFKBID,USH2A,-0.0034234484
MACROH2A2,USH2A,-0.036718473
SLC2A8,USH2A,-0.0028650835
TCN1,USH2A,-0.0059856777
MYLK3,USH2A,-0.0088555915
TPM3,USH2A,-0.0018177583
CFAP97,USH2A,-0.008980731
NTN1,USH2A,-0.010241301
CMTM7,USH2A,-0.023937698
RELN,USH2A,-0.006279195
POLR1B,USH2A,-0.0068100975
SLC2A7,USH2A,-0.0069526164
AMPH,USH2A,-0.008784836
PKDREJ,USH2A,-0.008537752
C1QTNF3,USH2A,-0.011942144
TPPP,USH2A,-0.012371825
SLC35E3,USH2A,-0.012548465
LRRC49,USH2A,-0.015943047
FAM89B,USH2A,-0.0046051084
BICRAL,USH2A,-0.010278201
LRRC47,USH2A,-0.031691086
GFPT2,USH2A,-0.0068852394
PRR33,USH2A,-0.017522978
TRAPPC3L,USH2A,-0.007322306
NDUFB2,USH2A,-0.03907163
TMOD2,USH2A,-0.00852116
CHORDC1,USH2A,-0.010267086
HAMP,USH2A,-0.0029915683
NAA80,USH2A,-0.0140834125
TYRO3,USH2A,-0.012648703
C18orf25,USH2A,-0.005460486
APOBEC3C,USH2A,-0.014727387
LSM2,USH2A,-0.0043568914
RPL30,USH2A,-0.0046475437
CCDC198,USH2A,-0.0049339244
PCDHGA5,USH2A,-0.029271439
HLX,USH2A,-0.012198693
THYN1,USH2A,-0.007134062
PPIG,USH2A,-0.0032401395
SLBP,USH2A,-0.007635744
IDH3B,USH2A,-0.023883432
CDKN2C,USH2A,-0.010636056
NUP58,USH2A,-0.019869745
SLC35A2,USH2A,-0.0046019037
NDUFV2,USH2A,-0.0049026953
GPR55,USH2A,-0.011606888
NAV1,USH2A,-0.014499133
DTX2,USH2A,-0.0057565863
PCDHB11,USH2A,-0.017049246
STAU2,USH2A,0.00038182427
RNF169,USH2A,-0.004430182
KCNH7,USH2A,-0.0068918304
KCNT1,USH2A,-0.0031729387
CNTN1,USH2A,-0.0101589365
TMEM248,USH2A,-0.0026136995
GUF1,USH2A,-0.0037256782
UTP14A,USH2A,-0.004600107
MMP25,USH2A,-0.0063069044
SMIM22,USH2A,-0.026956212
PLCB3,USH2A,-0.003364291
GUCY2C,USH2A,-0.016214307
SEC61A2,USH2A,-0.0011782543
KLHL31,USH2A,-0.008981271
TTN,USH2A,-0.003213855
VPS35L,USH2A,-0.007002316
XPNPEP1,USH2A,-0.0065854136
PAAF1,USH2A,-0.031061456
CYP2J2,USH2A,-0.026621444
NRG4,USH2A,-0.011015529
KRT31,USH2A,-0.0135357035
ERAP2,USH2A,-0.008682393
HBB,USH2A,-0.015375161
C2CD6,USH2A,-0.02074672
CHRM5,USH2A,-0.038035616
PCP2,USH2A,-0.013490228
C2CD2,USH2A,-0.003337037
NR4A2,USH2A,-0.002779351
SMC1B,USH2A,-0.024680842
ACTRT3,USH2A,-0.0029240213
BOD1,USH2A,-0.0021578502
NYAP1,USH2A,-0.022119028
RPTOR,USH2A,-0.00096984376
IL18,USH2A,-0.0059159934
OR2I1P,USH2A,-0.027241765
GPI,USH2A,-0.012946393
ZSWIM5,USH2A,-0.010921229
UCHL3,USH2A,-0.011029136
TMEM129,USH2A,-0.009606003
ZNF501,USH2A,-0.008963606
KCNA10,USH2A,-0.012718066
DNAI3,USH2A,-0.0419359
FAM107A,USH2A,-0.00570363
SERINC2,USH2A,-0.02326012
TEX101,USH2A,-0.009422105
GPANK1,USH2A,-0.013048165
TTC7B,USH2A,-0.016640441
KCNQ5,USH2A,-0.011189546
SNAP25,USH2A,-0.009135207
PRSS21,USH2A,-0.009681435
DNASE1L3,USH2A,-0.01897835
LPCAT3,USH2A,-0.016547807
ANGPTL8,USH2A,-0.007768709
TUSC1,USH2A,-0.06566311
B3GNT4,USH2A,-0.0036991008
ERCC2,USH2A,-0.022018408
PIK3IP1,USH2A,-0.011931968
KLC4,USH2A,-0.005587827
NAE1,USH2A,-0.0028436668
RPL7,USH2A,-0.013175005
SLC5A11,USH2A,-0.0103166355
SYN1,USH2A,-0.00723132
BTG2,USH2A,-0.015630547
PSMD12,USH2A,-0.0007548507
SAA1,USH2A,-0.006204428
FKBP11,USH2A,-0.014264509
GAST,USH2A,-0.004267023
C18orf54,USH2A,9.328425e-05
UBE2Q2,USH2A,-0.026288206
SLC25A11,USH2A,-0.0077012987
ARHGAP39,USH2A,-0.010658203
CLEC4D,USH2A,-0.029258456
GRHPR,USH2A,-0.01848076
COMT,USH2A,-0.020751478
HDAC3,USH2A,-0.0147087155
IRAK2,USH2A,-0.0052821157
FRMPD2,USH2A,-0.05546724
CCL11,USH2A,-0.029992046
APOL1,USH2A,-0.005264388
EFNB3,USH2A,-0.02938356
LPCAT4,USH2A,-0.026141377
HSPB8,USH2A,-0.026578471
DZIP3,USH2A,-0.00033887563
SLC9A1,USH2A,-0.0078599695
VTI1B,USH2A,-0.01171085
PI4K2A,USH2A,-0.006066893
TRIM62,USH2A,-0.019836104
CYB5R3,USH2A,-0.005695752
ATP6V0A4,USH2A,-0.009520178
SHPK,USH2A,-0.01415398
OSBPL10,USH2A,-0.0078665195
TSC22D1,USH2A,-0.014750761
THOC1,USH2A,-0.018681372
SPRYD7,USH2A,-0.019400442
XRRA1,USH2A,-0.01230498
ACAA2,USH2A,-0.045581214
MYL12A,USH2A,-0.00620169
HIPK1,USH2A,-0.019379355
PRR32,USH2A,-0.061546583
DKKL1,USH2A,-0.0052936184
SIAH1,USH2A,-0.009953733
TIMM23B,USH2A,-0.009701565
CCDC85B,USH2A,-0.0049010436
R3HDM4,USH2A,-0.033454217
C4orf47,USH2A,-0.039239842
PTS,USH2A,-0.010171005
POLH,USH2A,-0.01668448
EEF1AKMT1,USH2A,-0.014334619
GALNT18,USH2A,-0.023910947
CCDC201,USH2A,-0.0060883644
FOXI3,USH2A,-0.00654377
MMP24OS,USH2A,-0.004430546
EXOC3L4,USH2A,-0.005988665
CFD,USH2A,-0.0048206397
EPHX3,USH2A,-0.008113422
ADAM33,USH2A,-0.018419106
RPP25L,USH2A,-0.0025982799
OR14L1P,USH2A,-0.020823374
VRK1,USH2A,-0.015461435
DDRGK1,USH2A,-0.0116057815
LYPLA2,USH2A,-0.007936354
CTTN,USH2A,-0.014117056
KNG1,USH2A,-0.0043416847
CDHR3,USH2A,-0.0076365145
TOPBP1,USH2A,-0.021613246
SLC5A12,USH2A,-0.0067635
SP140L,USH2A,-0.012053456
CCDC71L,USH2A,-0.11755748
SLC44A4,USH2A,-0.00784488
MAGEA6,USH2A,-0.009013908
TNFRSF21,USH2A,-0.010502156
HORMAD1,USH2A,-0.013754164
NIPAL1,USH2A,-0.0023381
ASAP3,USH2A,-0.014561591
CNTLN,USH2A,-0.011023935
THBD,USH2A,-0.020554844
FHDC1,USH2A,-0.009516479
WNT10A,USH2A,-0.004402946
MARVELD3,USH2A,-0.01270158
BCAP29,USH2A,-0.005470517
CCS,USH2A,-0.018250171
OR2F2,USH2A,-0.006522243
MASP1,USH2A,-0.046512593
KCTD13,USH2A,-0.013084102
ADCK1,USH2A,-0.004268539
PDLIM2,USH2A,-0.007847347
FOXD1,USH2A,-0.034853626
MAGEA4,USH2A,-0.0077100517
FAM178B,USH2A,-0.0016078805
C11orf54,USH2A,-0.011378735
TIMM23,USH2A,-0.003365238
GLA,USH2A,-0.047480736
FAF1,USH2A,-0.011110315
HOXB3,USH2A,-0.004536118
PITX2,USH2A,-0.06904118
SYNM,USH2A,-0.012697341
TRNP1,USH2A,-0.008900761
PRAP1,USH2A,-0.012069626
TMEM132E,USH2A,-0.016909273
MTIF3,USH2A,-0.013693395
BIRC3,USH2A,-0.026225524
OPN4,USH2A,-0.008045394
E4F1,USH2A,-0.02584472
USP14,USH2A,-0.016444685
ZNF334,USH2A,-0.0032663965
XAF1,USH2A,-0.019312955
RINL,USH2A,-0.00092223973
PCDHB10,USH2A,-0.006555567
MT1F,USH2A,-0.009241713
ZDHHC9,USH2A,-0.0078472765
TPT1,USH2A,-0.006146074
PANK2,USH2A,-0.013325974
IER2,USH2A,-0.0068017566
PCDHB2,USH2A,-0.007424681
IRX1,USH2A,-0.015228135
SHROOM3,USH2A,-0.009287487
LCMT2,USH2A,-0.019235427
TMUB2,USH2A,-0.0047765435
AP4S1,USH2A,-0.01034008
STING1,USH2A,-0.004587438
SMYD2,USH2A,-0.022548107
F3,USH2A,-0.013023057
CHST1,USH2A,-0.012493511
UST,USH2A,-0.008754559
TUFT1,USH2A,-0.016387522
ENGASE,USH2A,-0.005524779
VAPB,USH2A,-0.003864109
FA2H,USH2A,-0.026203038
AC008687.4,USH2A,-0.013396058
CLIC1,USH2A,-0.00838404
PPP1R3D,XIRP2,-0.0077618025
CCDC113,XIRP2,-0.0038011824
ZCCHC14,XIRP2,-0.009265788
KITLG,XIRP2,-0.014115279
SLC37A4,XIRP2,-0.010085765
PSMG2,XIRP2,-0.005208027
DGAT2,XIRP2,-0.20809355
IDI1,XIRP2,-0.012743456
ADCY5,XIRP2,-0.0006772573
RAG1,XIRP2,-0.022496719
TMED5,XIRP2,-0.0043434603
LENG9,XIRP2,-0.0058196043
SYT12,XIRP2,-0.03158765
NAT10,XIRP2,-0.010575425
STK24,XIRP2,-0.0037718965
CFAP46,XIRP2,-0.010919501
ISG20L2,XIRP2,-0.004451702
SERPIND1,XIRP2,-0.022881068
GPR150,XIRP2,-0.035709385
NDUFB3,XIRP2,-0.015384135
APOL4,XIRP2,-0.0040633506
SYCE3,XIRP2,-0.012442823
RNASE13,XIRP2,-0.0074750767
STK17A,XIRP2,-0.01148993
HNRNPD,XIRP2,-0.003041218
TXNIP,XIRP2,-0.0033084515
PHLPP1,XIRP2,-0.006246685
IL18,XIRP2,-0.0041667493
QPCTL,XIRP2,-0.007911976
TUBB2B,XIRP2,-0.006318079
CRELD2,XIRP2,-0.0037068136
TCERG1L,XIRP2,-0.02838548
DNAI4,XIRP2,-0.0072300653
GABRA3,XIRP2,-0.010540328
GNG4,XIRP2,-0.0046963473
NSD1,XIRP2,-0.023026468
RGS6,XIRP2,-0.002053382
TNFRSF18,XIRP2,-0.012407809
PEMT,XIRP2,-0.06208703
PPID,XIRP2,-0.010087623
LGALS4,XIRP2,-0.012544498
FHIT,XIRP2,-0.013986936
BRSK1,XIRP2,-0.014275777
FLRT1,XIRP2,-0.014363581
MTHFD2L,XIRP2,-0.008804135
BCL2L10,XIRP2,-0.018369917
H1-5,XIRP2,-0.038327932
HOXA1,XIRP2,-0.0127443345
PHETA2,XIRP2,-0.0022902617
DEPP1,XIRP2,-0.010260372
KAT2A,XIRP2,-0.03654177
IL37,XIRP2,-0.016484931
ZHX1,XIRP2,-0.008250292
NT5DC1,XIRP2,-0.023448115
B3GALT2,XIRP2,-0.0030552307
TEKT4,XIRP2,-0.008301868
GCDH,XIRP2,-0.01926522
GRIK2,XIRP2,-0.004654028
PF4V1,XIRP2,-0.0028854874
GPR157,XIRP2,-0.04380393
IGLON5,XIRP2,-0.015184924
TTC26,XIRP2,-0.0023898191
CXXC5,XIRP2,-0.031522524
SERPINA6,XIRP2,-0.022815358
EFNA5,XIRP2,-0.008550661
GNG3,XIRP2,-0.007115756
ZNF419,XIRP2,-0.016137702
RPL23A,XIRP2,-0.0029038924
LRRC61,XIRP2,-0.011322351
ANKRD45,XIRP2,-0.063715756
OSBPL5,XIRP2,-0.028923094
C19orf47,XIRP2,-0.007094888
PIP5K1B,XIRP2,-0.0044783168
CYP1A1,XIRP2,-0.033990387
LINGO2,XIRP2,-0.004643554
SLC12A1,XIRP2,-0.008188733
FDXACB1,XIRP2,-0.020553857
DUSP22,XIRP2,-0.0027336203
KCNMB1,XIRP2,-0.030586377
CTAG2,XIRP2,-0.00661352
COL4A6,XIRP2,-0.043063555
GCFC2,XIRP2,-0.024426095
TM4SF18,XIRP2,-0.0019046215
TPP1,XIRP2,-0.0033421405
GNB4,XIRP2,-0.04770481
CSRP2,XIRP2,-0.0102765355
ATP6V0A4,XIRP2,-0.023790922
UBALD1,XIRP2,-0.008388834
CTPS1,XIRP2,-0.021955526
GANAB,XIRP2,-0.0082223965
MTLN,XIRP2,-0.01587479
GALNT17,XIRP2,-0.008107656
EPHB4,XIRP2,-0.022701254
CIBAR1,XIRP2,-0.008665057
KIAA1549L,XIRP2,-0.010766514
SYDE2,XIRP2,-0.0023121436
KRT4,XIRP2,-0.0072213183
GALNT6,XIRP2,-0.07535678
CCAR2,XIRP2,-0.0116918795
ZDHHC7,XIRP2,-0.02125988
ST3GAL2,XIRP2,-0.008859124
PDLIM4,XIRP2,-0.01176078
FAM50B,XIRP2,-0.0049688783
TMEM116,XIRP2,-0.0032647625
RPGR,XIRP2,-0.031525593
ADGRG3,XIRP2,-0.012224724
C1QC,XIRP2,-0.008553572
C10orf143,XIRP2,-0.024057979
KIR3DL2,XIRP2,-0.03700191
ZNF821,XIRP2,-0.0036382396
CYP27B1,XIRP2,-0.0017679331
TMEM178B,XIRP2,-0.0039842697
TPD52L1,XIRP2,-0.013272985
TBL1Y,XIRP2,-0.009440483
CDH8,XIRP2,-0.011511995
SLC26A7,XIRP2,-0.01410076
CENATAC,XIRP2,-0.01106017
INSRR,XIRP2,-0.0049309656
HSP90B1,XIRP2,-0.008118109
UBALD2,XIRP2,-0.017750157
RNASE1,XIRP2,-0.028592428
NPHP1,XIRP2,-0.014959528
CAPG,XIRP2,-0.014915003
HAPLN1,XIRP2,-0.034345653
LRG1,XIRP2,-0.0005172313
ITGB4,XIRP2,-0.0080428235
CRABP1,XIRP2,-0.017091636
GPR15,XIRP2,-0.00557137
BRAT1,XIRP2,-0.010268665
OTUD6B,XIRP2,-0.054747086
ARSF,XIRP2,-0.013603595
CPNE7,XIRP2,-0.010399255
SIVA1,XIRP2,-0.00077625155
SLC27A6,XIRP2,-0.01423145
ARTN,XIRP2,-0.08588706
ARMC5,XIRP2,0.00034285858
CYP19A1,XIRP2,-0.0048261266
RTBDN,XIRP2,-0.009020493
TRAK1,XIRP2,-0.020490345
LHFPL4,XIRP2,-0.027145384
PROSER3,XIRP2,-0.031109562
SIM2,XIRP2,-0.026568566
WTIP,XIRP2,-0.016132155
RALY,XIRP2,-0.021674719
PSPC1,XIRP2,-0.043540135
SLC22A5,XIRP2,-0.013995825
KCNK1,XIRP2,-0.009297134
GABBR2,XIRP2,-0.011828105
SHISAL1,XIRP2,-0.013484596
MRPL2,XIRP2,-0.007281993
C10orf67,XIRP2,-0.010515324
PCDHGA6,XIRP2,-0.007303045
PXMP2,XIRP2,-0.015437401
MAPK3,XIRP2,-0.018851686
CEP57L1,XIRP2,-0.012554531
SMIM19,XIRP2,-0.011585709
CITED4,XIRP2,-0.023371864
NDUFA7,XIRP2,-0.06423401
HSPA8,XIRP2,-0.005628102
MVP,XIRP2,-0.016503934
CES5A,XIRP2,-0.012350148
ACKR2,XIRP2,-0.006517096
CPN1,XIRP2,-0.007060567
SDHD,XIRP2,-0.026820742
C22orf42,XIRP2,-0.013841419
STEAP1B,XIRP2,-0.0038402758
EGFL6,XIRP2,-0.016228344
GRAMD2B,XIRP2,-0.019393958
ZNF311,XIRP2,-0.006599687
FABP7,XIRP2,-0.0071692164
RASSF3,XIRP2,-0.014068646
FBXW10,XIRP2,-0.012982372
ARSJ,XIRP2,-0.007994427
OR2I1P,XIRP2,-0.0006551031
NRG1,XIRP2,-0.03963938
NEURL1B,XIRP2,-0.03685165
DDX43,XIRP2,-0.0157523
SORT1,XIRP2,-0.003102183
CLK4,XIRP2,-0.005652053
MAP3K5,XIRP2,-0.0063703447
NHP2,XIRP2,-0.032152
RNF185,XIRP2,-0.009378128
SLC16A12,XIRP2,-0.006022201
LBX1,XIRP2,-0.039907176
RHOBTB3,XIRP2,-0.024401765
DLL1,XIRP2,-0.016061198
C2orf72,XIRP2,-0.013212275
MAPK11,XIRP2,-0.007220953
RIOX2,XIRP2,-0.0110706715
C11orf95,XIRP2,-0.0073122703
KLRB1,XIRP2,-0.0018022681
HMMR,XIRP2,-0.056834005
MYBPC1,XIRP2,-0.041657116
KCNH1,XIRP2,-0.01122743
SLITRK4,XIRP2,-0.012146259
KLK9,XIRP2,-0.0037236111
MROH8,XIRP2,-0.0035086197
SYNGR1,XIRP2,-0.010268474
HLX,XIRP2,-0.05586203
PKD2,XIRP2,-0.007711598
TEX264,XIRP2,-0.013401599
PRSS21,XIRP2,-0.005881011
PTPN21,XIRP2,-0.0052814716
CALM3,XIRP2,-0.029813701
IGFL2,XIRP2,-0.014789841
SERTAD1,XIRP2,-0.01316298
CCL16,XIRP2,-0.016627718
GALC,XIRP2,-0.014705739
SORBS2,XIRP2,-0.011250761
CHMP7,XIRP2,-0.00870773
SLC9A3,XIRP2,-0.028201733
AHSG,XIRP2,-0.00308558
TAMALIN,XIRP2,-0.0027550254
SUV39H1,XIRP2,-0.0057460056
CAPZA1,XIRP2,-0.040064882
U2AF1,XIRP2,-0.00666334
KLHL23,XIRP2,-0.023074578
ARHGEF33,XIRP2,-0.020108597
IQGAP2,XIRP2,-0.0003818438
PPP1R2B,XIRP2,-0.011603339
DLX1,XIRP2,-0.01607233
DPYSL4,XIRP2,-0.008734286
FOXP1,XIRP2,-0.032892574
MYH7,XIRP2,-0.01808243
CPM,XIRP2,-0.017691182
ZNF544,XIRP2,-0.0058308677
GJC1,XIRP2,-0.052673418
ZNF707,XIRP2,-0.014279972
CCDC82,XIRP2,-0.025936978
ADAM19,XIRP2,-0.024808992
SPAG4,XIRP2,-0.021694187
HOXD9,XIRP2,-0.021744227
ALDH3B2,XIRP2,-0.008622912
CPS1,XIRP2,-0.025200466
SPSB2,XIRP2,-0.031685475
AC005833.1,XIRP2,-0.011966221
ZNF585A,XIRP2,-0.0057459776
CCL4,XIRP2,-0.009975153
TSPAN1,XIRP2,-0.009909864
PPA2,XIRP2,-0.020516109
BTN2A2,XIRP2,-0.0037395211
MCEMP1,XIRP2,-0.009397332
KCTD14,XIRP2,-0.0153015265
SQOR,XIRP2,-0.010835547
HLA-DQB1,XIRP2,-0.011675427
AKR1B10,XIRP2,-0.012662803
GPR78,XIRP2,-0.036229197
INTS13,XIRP2,-0.038546126
TBL3,XIRP2,-0.01589915
LYPD3,XIRP2,-0.032138623
TTC3,XIRP2,0.00016615124
ASPDH,XIRP2,-0.015464954
OR1Q1,XIRP2,-0.019476948
NFE2L1,XIRP2,-0.009952481
CD99,XIRP2,0.0019139963
CARD17,XIRP2,-0.0045003747
ERFL,XIRP2,-0.04432442
PLEKHG3,XIRP2,-0.015292231
SCN2A,XIRP2,-0.042456824
PUM3,XIRP2,-0.00987926
DEPTOR,XIRP2,-0.015609991
CACTIN,XIRP2,-0.0013874915
KRT31,XIRP2,-0.019789724
B4GALT7,XIRP2,-0.005998189
CREG2,XIRP2,-0.007471953
POU2F3,XIRP2,-0.016640967
ASIP,XIRP2,-0.0067095254
ZNF385A,XIRP2,-0.017111035
MPP7,XIRP2,-0.007194065
FST,XIRP2,-0.013408896
POLR1D,XIRP2,-0.012971146
STARD5,XIRP2,-0.0069734002
RPL24,XIRP2,-0.014430049
CNN1,XIRP2,-0.033153158
NPIPA5,XIRP2,-0.029448073
SFR1,XIRP2,-0.011581286
PGM3,XIRP2,-0.012139541
SLC4A8,XIRP2,-0.02045614
AQP10,XIRP2,-0.022211455
ESPNL,XIRP2,-0.018280765
ARHGEF16,XIRP2,-0.02050609
WASL,XIRP2,-0.013681607
SCNN1B,XIRP2,-0.0038346082
BEX4,XIRP2,-0.02136067
HERPUD1,XIRP2,-0.044611756
SLC5A12,XIRP2,-0.005298556
GPR1,XIRP2,-0.003961769
CMYA5,XIRP2,-0.024523316
EPS8L3,XIRP2,-0.0058839694
POU4F3,XIRP2,-0.023115093
FAM72B,XIRP2,-0.0053939763
FZD3,XIRP2,-0.020691602
TBC1D3L,XIRP2,-0.007093244
BTBD6,XIRP2,-0.017254552
NOTUM,XIRP2,-0.0032932798
DNAH10,XIRP2,-0.022198165
SQSTM1,XIRP2,-0.019206332
MTERF4,XIRP2,-0.011018436
