feature,target,mean_shap
AHCY,ABCA12,-0.0077301254
HARS1,ABCA12,-0.017887902
YBX2,ABCA12,-0.0123630045
FBXO27,ABCA12,-0.009956212
KRT33B,ABCA12,-0.09750726
GDPGP1,ABCA12,-0.017161176
ADGRV1,ABCA12,-0.6065994
CLDN2,ABCA12,-0.035905007
ZSCAN2,ABCA12,-0.11401407
PLEKHB1,ABCA12,-0.010615684
SP9,ABCA12,-0.084853604
C2CD4B,ABCA12,-0.027002206
KCNT2,ABCA12,-0.01909717
ATP2C2,ABCA12,-0.03673963
REEP4,ABCA12,-0.01036287
KRTDAP,ABCA12,-0.031933684
RNF39,ABCA12,-0.030102791
MYO19,ABCA12,-0.011612442
CRIM1,ABCA12,-0.0419274
HSPB9,ABCA12,-0.0077644945
CLEC18A,ABCA12,-0.020912692
IL21,ABCA12,-0.057271693
ESYT3,ABCA12,-0.028439606
NTSR1,ABCA12,-0.013402556
PADI2,ABCA12,-0.14304939
CHFR,ABCA12,-0.316679
GABPB1,ABCA12,-0.038199797
C9,ABCA12,-0.01535792
OGT,ABCA12,-0.027399382
TMPRSS9,ABCA12,-0.024707736
PECR,ABCA12,-0.024746068
KRT80,ABCA12,-0.031227333
PAIP2B,ABCA12,-0.025958614
H2BC5,ABCA12,-0.031964704
ARHGEF9,ABCA12,-0.01862392
FOXB1,ABCA12,-0.020817805
LMF1,ABCA12,-0.019244742
ZBTB44,ABCA12,-0.022900803
GJB7,ABCA12,-0.020281702
SRCIN1,ABCA12,-0.054669503
EDN2,ABCA12,-0.027078366
KCND3,ABCA12,-0.16026431
OVOL2,ABCA12,-0.008276098
CXCL13,ABCA12,-0.22117145
HPGDS,ABCA12,-0.017105771
DMAC2,ABCA12,-0.016517527
GYG2,ABCA12,-0.051162068
NAIP,ABCA12,-0.03790374
SLURP2,ABCA12,-0.042171884
LRAT,ABCA12,-0.035183262
NEO1,ABCA12,-0.060629115
PRR15L,ABCA12,-0.017454458
SOCS6,ABCA12,-0.0018864125
LDHC,ABCA12,-0.012129588
CLTB,ABCA12,-0.025120255
PLK5,ABCA12,-0.009736237
IGSF9B,ABCA12,-0.003694616
SLC22A9,ABCA12,-0.018366657
TRNAU1AP,ABCA12,-0.0468337
MYO3B,ABCA12,-0.32744455
DCST1,ABCA12,-0.04485951
CDS1,ABCA12,0.00076096045
C11orf91,ABCA12,-0.028729903
SYNE4,ABCA12,-0.006449708
ERMN,ABCA12,-0.026319716
ARHGAP23,ABCA12,-0.04119986
ACAD10,ABCA12,-0.025410874
CYYR1,ABCA12,-0.031284403
IL18R1,ABCA12,-0.018455867
PAX7,ABCA12,-0.018092556
RALA,ABCA12,-0.014864757
OR56B2P,ABCA12,-0.041634414
CFAP97D1,ABCA12,-0.02452788
GOT2,ABCA12,-0.02538764
CDH16,ABCA12,-0.028688414
IDH3A,ABCA12,-0.03868324
KLHL10,ABCA12,-0.023365762
NOS2,ABCA12,-0.03874129
CFAP100,ABCA12,-0.05647891
EIF2B4,ABCA12,-0.048712067
PEX6,ABCA12,-0.025352309
PLA2G2F,ABCA12,-0.03593709
TTC14,ABCA12,-0.03873952
PTGER4,ABCA12,-0.035918973
MTTP,ABCA12,-0.25934598
DBNDD1,ABCA12,-0.023856277
ADPRHL1,ABCA12,-0.020089185
LRRC10B,ABCA12,-0.018293079
SLC15A1,ABCA12,-0.04067717
IFI27L1,ABCA12,-0.009266826
FJX1,ABCA12,-0.027303044
PLD3,ABCA12,-0.04504642
KBTBD11,ABCA12,-0.022527795
BFSP1,ABCA12,-0.14736676
C5AR2,ABCA12,-0.0071950974
PACC1,ABCA12,-0.1513973
SH3BP1,ABCA12,-0.071897976
FBLN7,ABCA12,-0.011725556
MLLT6,ABCA12,-0.0671458
NLRP7,ABCA12,-0.038999602
SKIL,ABCA13,-0.049039368
DNAH11,ABCA13,-0.024485623
NKX6-1,ABCA13,-0.09877324
PLPPR4,ABCA13,-0.010911849
NUTM2D,ABCA13,-0.027965432
ASAH2,ABCA13,-0.011490407
CLCN3,ABCA13,-0.013169006
SYNDIG1,ABCA13,-0.046844024
NR5A2,ABCA13,-0.014365965
KCNK15,ABCA13,-0.013192615
ERC2,ABCA13,-0.053457752
APOBEC3C,ABCA13,-0.039899517
AJAP1,ABCA13,-0.06543395
ACP7,ABCA13,-0.018557804
FAM162B,ABCA13,-0.033365466
CEACAM3,ABCA13,-0.07760648
PRODH,ABCA13,-0.04974876
SLC16A13,ABCA13,-0.21739736
EMCN,ABCA13,-0.0859409
PODN,ABCA13,-0.014226222
ZFP28,ABCA13,-0.027685573
ZNF586,ABCA13,-0.0501893
H3-3A,ABCA13,-0.0104665365
COL2A1,ABCA13,-0.028621744
ARAP2,ABCA13,-0.01987318
C1orf115,ABCA13,-0.04866646
VNN3,ABCA13,-0.09436734
CADM1,ABCA13,-0.019252814
SLC31A2,ABCA13,-0.08097175
SLC24A4,ABCA13,-0.037140917
GSTM5,ABCA13,-0.024551533
RNF141,ABCA13,-0.031178007
ZNF462,ABCA13,-0.24956134
GJC3,ABCA13,-0.034977693
TRPM5,ABCA13,-0.86485255
AHSG,ABCA13,-0.03401238
NID2,ABCA13,-0.015062879
CAMSAP2,ABCA13,-0.020723905
RPRM,ABCA13,-0.0198262
C11orf65,ABCA13,-0.020334989
TSPAN6,ABCA13,-0.090624124
FMN1,ABCA13,-0.08433089
ANKS1A,ABCA13,-0.03399784
ZNF568,ABCA13,-0.03139801
OR52N4,ABCA13,-0.034459878
ECM1,ABCA13,-0.06455979
ERICH4,ABCA13,-0.027839053
VIL1,ABCA13,-0.014999202
COMP,ABCA13,-0.013707653
LRRC9,ABCA13,-0.035803065
REN,ABCA13,-0.016523812
CCDC17,ABCA13,-0.017216556
PRSS33,ABCA13,-0.046321213
AP3S1,ABCA13,-0.023615154
SHE,ABCA13,-0.04848914
EIF2AK2,ABCA13,-0.032763954
KLF10,ABCA13,-0.020416489
ATP6V1D,ABCA13,-0.031868365
CCM2L,ABCA13,-0.028258523
ELOVL7,ABCA13,-0.10282182
AXIN2,ABCA13,-0.041141305
MEIS2,ABCA13,-0.035698168
VNN1,ABCA13,-0.039424725
AL591806.2,ABCA13,-0.10577589
FAM110D,ABCA13,-0.08629128
FAM156A,ABCA13,-0.022285352
TYRO3,ABCA13,-0.046815973
STK39,ABCA13,-0.0332255
TCF4,ABCA13,-0.5734354
CCNP,ABCA13,-0.0057988293
ZNF347,ABCA13,-0.016039563
ZNF223,ABCA13,-0.006356446
PI3,ABCA13,-0.19872412
KANK4,ABCA13,-0.041419856
PRSS12,ABCA13,-0.021321027
HOXA7,ABCA13,-0.0250805
PRSS22,ABCA13,-0.02165792
TSC22D3,ABCA13,-0.015526891
RHCG,ABCA13,-0.051183227
PTPRO,ABCA13,-0.024716662
ACSL3,ABCA13,-0.014681467
CCNL1,ABCA13,-0.014917047
IL36B,ABCA13,-0.031295717
MTM1,AHNAK,-0.018403009
ZBTB16,AHNAK,-0.0161867
CLMP,AHNAK,-0.012959784
BRAT1,AHNAK,-0.010014248
DNAJC10,AHNAK,-0.0046797167
DMRTA1,AHNAK,-0.055348136
SHISA2,AHNAK,-0.19781052
AAK1,AHNAK,-0.017445548
SLC35A1,AHNAK,-0.0058840984
ARC,AHNAK,-0.0634836
CFLAR,AHNAK,-0.02288298
ACAT1,AHNAK,-0.044354312
CAPNS2,AHNAK,-0.034512762
PSG2,AHNAK,-0.01877175
ACOXL,AHNAK,-0.03062226
SETD9,AHNAK,-0.06962124
ASIP,AHNAK,-0.014510659
ZNF878,AHNAK,-0.028905133
KANK3,AHNAK,-0.03497871
ACTR3C,AHNAK,-0.07369862
SLFN13,AHNAK,-0.05812215
ACAA2,AHNAK,-0.016084908
ACSBG1,AHNAK,-0.25978655
EIF4EBP2,AHNAK,-0.03153691
DUSP22,AHNAK,-0.10214911
VPS26B,AHNAK,-0.1165612
MACROH2A2,AHNAK,-0.0147616
CYS1,AHNAK,-1.0477055
RPUSD4,AHNAK,-0.04240606
DZIP3,AHNAK,-0.014575876
CREB5,AHNAK,-0.03280687
RASA3,AHNAK,-0.12884371
AL031708.1,AHNAK,-0.06568174
FOXP1,AHNAK,-0.0227678
PURB,AHNAK,-0.033738337
HDAC4,AHNAK,-0.038084935
CPTP,AHNAK,-0.035926834
VAT1L,AHNAK,-0.029882316
USP28,AHNAK,-0.02177159
MRAP2,AHNAK,-0.12375781
ALDOC,AHNAK,-0.021688089
XYLT1,AHNAK,-0.05546446
SLC25A16,AHNAK,-0.055266794
CA2,AHNAK,-0.02765363
NT5E,AHNAK,-0.078520305
FASN,AHNAK,-0.031097885
H2AX,AHNAK,-0.058383208
SPIN2A,AHNAK,-0.03613295
CCDC136,AHNAK,-0.022601893
H1-0,AHNAK,-0.012895115
PGK1,AHNAK,-0.009561672
BPIFB4,AHNAK,-0.024124037
AMT,AHNAK,-0.077414274
AP3M2,AHNAK,-0.01638974
TES,AHNAK,-0.028579272
HSPA12B,AHNAK,-0.07516132
COL24A1,AHNAK,-0.03830738
H4C9,AHNAK,-0.02053756
MAP2K4,AHNAK,-0.0050743776
ZSCAN12,AHNAK,-0.031820163
SLC29A4,AHNAK,-0.021481514
NEBL,AHNAK,-0.04512809
DPYSL3,AHNAK,-0.09876674
NEXMIF,AHNAK,-0.09092778
PROCA1,AHNAK,-0.2893055
ANG,AHNAK,-0.04442601
CYB5R2,AHNAK,-0.058541857
SCRIB,AHNAK,-0.03960033
FUT8,AHNAK,-0.05228259
MAST3,AHNAK,-0.01556154
PLB1,AHNAK,-0.042148832
PDIA2,AHNAK,-0.017152585
KDELR2,AHNAK,-0.106372125
PKIG,AHNAK,-0.09221042
PFKFB1,AHNAK,-0.010028308
CMYA5,AHNAK,-0.050072126
DCPS,AHNAK,-0.060830757
LRRC28,AHNAK,-0.048923448
CHGA,AHNAK,-0.071735285
ZNF782,AHNAK,-0.029770933
ZNF425,ALMS1,-0.03859172
CLDN6,ALMS1,-0.0033188215
USF2,ALMS1,-0.12940535
PTAFR,ALMS1,-0.0774624
XG,ALMS1,-0.029098457
TEDDM1,ALMS1,-0.16845357
CLEC10A,ALMS1,-0.017966017
CLPTM1,ALMS1,-0.024596918
PTMA,ALMS1,-0.034027748
TEAD2,ALMS1,-0.15326424
FADS2,ALMS1,-0.11914408
GRM4,ALMS1,-0.04659549
PDGFB,ALMS1,-0.0038231437
EDA,ALMS1,-0.015840365
MT1E,ALMS1,-0.034213446
RPAP1,ALMS1,-0.025084168
ERICH3,ALMS1,-0.018324625
DPEP1,ALMS1,-0.06162046
CRPPA,ALMS1,-0.0474377
MDGA1,ALMS1,-0.020121358
MAPK4,ALMS1,-0.0104391
CKM,ALMS1,-0.06241948
OIP5,ALMS1,-0.039051894
HCK,ALMS1,-0.01787325
SPDL1,ALMS1,-0.011695257
ESRRB,ALMS1,-0.016956042
RTN4RL2,ALMS1,-0.1296757
SULT2A1,ALMS1,-0.055039458
SLC9A2,ALMS1,-0.037165817
ISL2,ALMS1,-0.033894725
CCL17,ALMS1,-0.06489612
UBXN10,ALMS1,-0.15268445
ELL3,ALMS1,-0.041019738
FZD8,ALMS1,-0.05645935
MSLN,ALMS1,-0.024020083
FAM163B,ALMS1,-0.013243585
CCDC159,ALMS1,-0.033711918
DMKN,ALMS1,-0.20284635
SLC16A6,ALMS1,-0.03916641
IER2,ALMS1,-0.06264354
PAGR1,ALMS1,-0.07696647
JMJD7-PLA2G4B,ALMS1,-0.04574122
CCIN,ALMS1,-0.052359562
NME5,ALMS1,-0.012337644
FAM124A,ALMS1,-0.013670351
SHISA2,ALMS1,-0.016111325
ADH6,ALMS1,-0.05318669
PIR,ALMS1,-0.032281928
LYPD6B,ALMS1,-0.07014711
LRRC14B,ALMS1,-0.030696075
DIO1,ALMS1,-0.028526854
AMDHD1,ALMS1,-0.03125827
SPATA46,ALMS1,-0.020104233
C10orf67,ALMS1,-0.113779575
PHETA1,ALMS1,-0.023141228
ZFYVE19,ALMS1,-0.03970512
ITGB4,ALMS1,-0.02026414
SLC30A10,ALMS1,-0.028009668
IRAK2,ALMS1,-0.042634215
TCF15,ALMS1,-0.024792172
ALG13,ALMS1,-0.069532216
SRGAP2C,ALMS1,-0.026044047
CALML6,ALMS1,-0.27101025
GFRA3,ALMS1,-0.030816562
KRT1,ALMS1,-0.04249837
ATP6V0A2,ALMS1,-0.051944368
DDN,ALMS1,-0.07549024
FAM240C,ALMS1,-0.36131907
KCNA10,ALMS1,-0.025306618
ADGRL1,ALMS1,-0.009791246
RPL13A,ALMS1,-0.02395629
REEP1,ALMS1,-0.02531204
TCTN1,ALMS1,-0.045412045
TPGS2,ALMS1,-0.06382955
PI16,ALMS1,-0.08630037
MRPL2,ALMS1,-0.007872445
MGAT4C,ALMS1,-0.029079897
ZNF350,ALMS1,-0.018748391
ANG,ALMS1,-0.36430588
RAB32,ALMS1,-0.007553941
C12orf56,ALMS1,-0.029424211
BICD1,ALMS1,-0.04066463
DIPK2B,ALMS1,-0.14381433
TMCO2,ALMS1,-0.026939003
SPIN2A,ALMS1,-0.054127455
LCE1B,ALMS1,-0.06943112
LEXM,ALMS1,-0.078398846
TBC1D2B,ALMS1,-0.012578867
ZNF786,ALMS1,-0.015720462
KCND3,ALMS1,-0.038919475
ZBTB25,ALPK2,-0.014091854
SOBP,ALPK2,-0.018788833
SHISA2,ALPK2,-1.192563
RIC1,ALPK2,-0.2378297
WNT3A,ALPK2,-0.009366934
CAMKK1,ALPK2,-0.033768926
NKX3-1,ALPK2,-0.0035428086
TMEFF2,ALPK2,-0.006702812
FOSL1,ALPK2,-0.014125201
LBX2,ALPK2,-0.06012878
GNA12,ALPK2,-0.031228835
GSTM2,ALPK2,-0.020270256
MBLAC1,ALPK2,-0.013592507
NXF5,ALPK2,-0.042045895
ATP8A2,ALPK2,-0.06782734
FBXL16,ALPK2,-0.031320274
TRABD2B,ALPK2,-0.024868863
SPRR2A,ALPK2,-0.012415719
KIAA0895,ALPK2,-0.025544824
MYH3,ALPK2,-0.025753139
NKX1-2,ALPK2,-0.07138285
HECW2,ALPK2,-0.021044336
SLC18B1,ALPK2,-0.012899321
ZNF618,ALPK2,-0.013244019
GRAMD2B,ALPK2,-0.08008805
AC010422.8,ALPK2,-0.04122587
DIS3L2,ALPK2,-0.2714944
RPS6KA1,ALPK2,-0.48115468
LATS2,ALPK2,-0.023845011
OTULIN,ALPK2,-0.005411995
CAPN7,ALPK2,-0.011692162
DDX19B,ALPK2,-0.006311999
PKHD1,ALPK2,-0.037513863
AKAP7,ALPK2,-0.029687742
RNASEH2A,ALPK2,-0.018685231
ZNF280D,ALPK2,-0.010453208
RGR,ALPK2,-0.028090764
CCDC68,ALPK2,-0.056311425
CCNI,ALPK2,-0.043210715
PHF8,ALPK2,-0.014101409
ZSWIM3,ALPK2,-0.026602352
MTFP1,ALPK2,-0.08921405
DRC7,ALPK2,-0.15057752
RIMKLB,ALPK2,-0.021785513
UNC5CL,ALPK2,-0.014308432
KLK14,ALPK2,-0.026088024
MB21D2,ALPK2,-0.023103148
ZUP1,ALPK2,-0.108197436
ARMCX5,ALPK2,-0.032804474
LAMB4,ALPK2,-0.020785024
ARL5A,ALPK2,-0.010315634
TMEM25,ALPK2,-0.042498916
ABCA12,ALPK2,-0.04336599
MMP25,ALPK2,-0.01288766
MAK,ALPK2,-0.038107295
PCBP1,ALPK2,-0.04761593
VGLL1,ALPK2,-0.07163286
COL16A1,ALPK2,-0.18791983
GRAMD2A,ALPK2,-0.028135411
ENTPD2,ALPK2,-0.051198065
MDN1,ALPK2,-0.028006036
H3-4,ALPK2,-0.026239263
DRC1,ALPK2,-0.06660503
MMP1,ALPK2,-0.011188119
THRA,ALPK2,-0.043992475
MORN3,ALPK2,-0.032764897
GEM,ALPK2,-0.10683637
A2ML1,ALPK2,-0.03480346
AGXT,ALPK2,-0.028656455
CHTF8,ALPK2,-0.19816037
USH1G,ALPK2,-0.028243572
PNKP,ALPK2,-0.018486172
LRRN2,ALPK2,-0.031416133
CHAD,ALPK2,-0.012685248
DNAAF1,ALPK2,-0.022183644
BMP2,ALPK2,-0.028039042
DMAC2L,ALPK2,-0.019250194
RET,ALPK2,-0.072394885
ARHGEF2,ALPK2,-0.071021594
CRISPLD2,ANK2,-0.0069755935
CLCA2,ANK2,-0.028625192
CD80,ANK2,-0.0040583336
SAMD5,ANK2,-0.007801054
GLRA1,ANK2,-0.021184176
FDXR,ANK2,-0.007507493
ARR3,ANK2,-0.027858436
SSTR3,ANK2,-0.052105665
NT5M,ANK2,-0.120251
USP6,ANK2,-0.025956582
ZNF565,ANK2,-0.01126201
SLC10A4,ANK2,-0.03555844
DPPA4,ANK2,-0.02189018
ETS2,ANK2,-0.039658923
HOXD12,ANK2,-0.036722124
PAK4,ANK2,-0.011900829
PDE9A,ANK2,-0.17795864
RNASEH2B,ANK2,-0.02058579
SULT1B1,ANK2,-0.023967423
GRIN2D,ANK2,-0.09898176
MAP4,ANK2,-0.15574373
ACAP1,ANK2,-0.06314997
CCDC102B,ANK2,-0.13847435
FAM161A,ANK2,-0.012318179
PIGZ,ANK2,-0.08668085
PIK3CB,ANK2,-0.19793485
PYCARD,ANK2,-0.041719884
CNKSR1,ANK2,-0.051746283
TRIB1,ANK2,-0.08303892
AL135905.2,ANK2,-0.02335605
DNAJC25,ANK2,-0.046414603
TMEM44,ANK2,-0.06707267
KCNN1,ANK2,-0.24430741
TRMT112,ANK2,-0.030257484
CALB1,ANK2,-0.11047572
VDAC1,ANK2,-0.028927095
MIEN1,ANK2,-0.03495321
TEKT5,ANK2,-0.003875033
IL26,ANK2,-0.008989137
ALPL,ANK2,-0.017000929
LMNTD2,ANK2,-0.02946401
RGPD4,ANK2,-0.020631053
SUSD6,ANK2,-0.0066274577
BSG,ANK2,-0.17792661
ODF3L2,ANK2,-0.0071446607
ST14,ANK2,-0.16260068
ZFP28,ANK2,-0.03994982
TOP1MT,ANK2,-0.020896148
TRIM25,ANK2,-0.021230394
DYRK2,ANK2,-0.056317642
TCAP,ANK2,-0.029364565
MARK4,ANK2,-0.035920445
ADGRB1,ANK2,-0.032190733
FAM184A,ANK2,-0.028205283
IFNA1,ANK2,-0.04501297
SHC4,ANK2,-0.030900901
KRT2,ANK2,-0.007440534
ENDOV,ANK2,-0.02783628
SLC35E3,ANK2,-0.047508467
CLCA4,ANK2,-0.023086013
SMTN,ANK2,-0.03488115
C11orf94,ANK2,-0.02276534
CCL22,ANK2,-0.03640868
HAVCR1,ANK2,-0.03135625
ADGRE3,ANK2,-0.011637984
USP51,ANK2,-0.21599711
ZNF311,ANK2,-0.022179509
KAZN,ANK2,-0.037607882
FRMD7,ANK2,-0.06939776
CDC42EP1,ANK2,-0.011038358
C6orf136,ANK2,-0.027335282
FGFBP1,ANK2,-0.066605985
ZKSCAN7,ANK2,-0.013293203
UFM1,ANK2,-0.046182808
WASHC1,ANK2,-0.02933696
SYTL4,ANK2,-0.01873894
DNTTIP2,ANK2,-0.065183334
TMEM63B,ANK2,-0.061226934
CXCL2,ANK2,-0.012406825
ZC2HC1C,ANK2,-0.022481155
GFI1B,ANK2,-0.09222523
APOC1,ANK2,-0.06290521
EHD1,ANK2,-0.04626064
PNPLA7,ANK2,-0.051559854
COL13A1,ANK2,-0.015838778
SLC9A5,ANK2,-0.045576476
OVOL1,ANK2,-0.059008565
ARHGAP28,ANK2,-0.021127572
USP2,ANK2,-0.045078613
SAMHD1,ANK2,-0.075173736
NCEH1,ANK2,-0.016471194
NELL1,ANK2,-0.40302116
ZNF484,ANK2,-0.021238415
ALDOC,ANK2,-0.03220635
SLC5A12,ANK3,-0.05768774
TMEM199,ANK3,-0.0040239054
STAG2,ANK3,-0.020820526
NUDT19,ANK3,-0.003991132
CES1,ANK3,-0.010600135
SLC35E2B,ANK3,-0.033835392
H3C8,ANK3,-0.024294108
PRMT6,ANK3,-0.100802965
ADGRV1,ANK3,-0.01975154
HPS1,ANK3,-0.094546475
FAM241B,ANK3,-0.0044247336
ANKMY2,ANK3,-0.033035263
MGLL,ANK3,-0.02087819
MIOS,ANK3,-0.098598205
NPRL3,ANK3,-0.031579282
AC233723.1,ANK3,-0.102709115
ACIN1,ANK3,-0.07470334
TGM2,ANK3,-0.016213795
VEZT,ANK3,-0.01883086
PHF2,ANK3,-0.0036990037
FAM189A2,ANK3,-0.07452187
POTEF,ANK3,-0.3060164
SLC38A11,ANK3,-0.031065295
KIR3DL1,ANK3,-0.03635963
NOSTRIN,ANK3,-0.11336862
JUN,ANK3,-0.031578504
ME2,ANK3,-0.072932124
HOXA3,ANK3,-0.5715055
EDN2,ANK3,-0.04767929
MED9,ANK3,-0.023872752
CHD8,ANK3,-0.021764066
SETBP1,ANK3,-0.048218366
COL8A2,ANK3,-0.01981454
SCN3B,ANK3,-0.04132485
ATP5MC2,ANK3,-0.09853162
MTHFS,ANK3,-0.16745117
DFFB,ANK3,-0.67286015
RAPSN,ANK3,-0.032543436
PHRF1,ANK3,-0.09769151
AADAC,ANK3,-0.0307273
IL3RA,ANK3,-0.0138920685
DIO1,ANK3,-0.027128605
CCL20,ANK3,-0.036074203
MAST1,ANK3,-0.05762255
FBXW5,ANK3,-0.02990078
KLF2,ANK3,-0.038396336
MFSD8,ANK3,-0.004827182
FAM229B,ANK3,-0.033094488
SP5,ANK3,-0.32809052
ERVV-2,ANK3,-0.04089186
ROMO1,ANK3,-0.06362862
NRBP1,ANK3,-0.032772984
IDE,ANK3,-0.33033413
ICE2,ANK3,-0.020185323
CCDC62,ANK3,-0.057207685
GRIP1,ANK3,-0.016609104
CHD9,ANK3,-0.0033693004
LCT,ANK3,-0.15392917
CCNJ,ANK3,-0.08862403
HPGD,ANK3,-0.19455647
AP5B1,ANK3,-0.03430931
NEUROG2,ANK3,-0.03231055
LAMA3,ANK3,-0.044153083
ZNF541,ANK3,-0.017746022
TOGARAM1,ANK3,-0.005860585
FAM200B,ANK3,-0.036485296
STN1,ARID1A,-0.007755064
SGIP1,ARID1A,-0.0137575045
MIB2,ARID1A,-0.037831336
FLI1,ARID1A,-0.010942504
NCAN,ARID1A,-0.0044698655
ASTE1,ARID1A,-0.0059073376
LONP1,ARID1A,-0.13047557
PID1,ARID1A,-0.03194292
TVP23B,ARID1A,-0.03225826
ZMYM2,ARID1A,-0.011368746
TBX3,ARID1A,-0.027142271
UBE2S,ARID1A,-0.031334452
CIT,ARID1A,-0.017108543
RPUSD4,ARID1A,-0.048123173
CAGE1,ARID1A,-0.043522775
KDM6B,ARID1A,-0.0641815
PXK,ARID1A,-0.019455059
ABITRAM,ARID1A,-0.032435637
EPHB6,ARID1A,-0.06773574
DRICH1,ARID1A,-0.03325445
OR51E1,ARID1A,-0.104392655
RNF123,ARID1A,-0.78585064
MFSD4B,ARID1A,-0.045257024
COL23A1,ARID1A,-0.14179616
TTLL3,ARID1A,-0.019095987
SGF29,ARID1A,-0.030153159
TXNRD1,ARID1A,-0.0018669282
CPEB1,ARID1A,-0.05934998
C1orf21,ARID1A,-0.13873342
CORIN,ARID1A,-0.038248736
CLDN4,ARID1A,-0.036114115
C10orf105,ARID1A,-0.017923852
FILIP1,ARID1A,-0.04916218
MYLPF,ARID1A,-0.03286691
PDZD9,ARID1A,-0.04037411
BEND6,ARID1A,-0.05800599
MPP3,ARID1A,-0.03832851
HPCAL4,ARID1A,-0.007406496
SAYSD1,ARID1A,-0.0060392446
FBXO43,ARID1A,-0.027013265
CDH24,ARID1A,-0.061829403
FAM43B,ARID1A,-0.00881842
PDIA2,ARID1A,-0.050528474
SLC7A11,ARID1A,-0.009356794
AP000944.5,ARID1A,-0.2263632
KIF2A,ARID1A,-0.06979139
MRPL15,ARID1A,-0.04005206
ARID3B,ARID1A,-0.054347336
RASSF9,ARID1A,-0.034269992
TCTEX1D2,ARID1A,-0.013942773
SMAD7,ARID1A,-0.030468365
CD207,ARID1A,-0.12801501
ZC3H11B,ARID1A,-0.041681323
OTUD7A,ARID1A,-0.06673478
SPAAR,ARID1A,-0.027629986
HEATR4,ARID1A,-0.038474184
INKA2,ARID1A,-0.013080936
UBAP2,ARID1A,-0.024099773
GSTM2,ARID1A,-0.0961982
SORBS2,ARID1A,-0.089228906
SETBP1,ARID1A,-0.06767092
MICOS10,ARID1A,-0.026749272
AP2A2,ARID1A,-0.059793998
ADI1,ARID1A,-0.014594417
TAF13,ARID1A,-0.002561482
SCN4B,ARID1A,-0.2716385
ARID3A,ARID1A,-0.041112836
NEK4,ARID1A,-0.08479587
TPST2,ARID1A,-0.02498603
ZNF280B,ARID1A,-0.028166465
ACYP2,ARID1A,-0.048078142
KLRK1,ARID1A,-0.0027888925
CAMK2D,ARID1A,-0.023120953
FAM122A,ARID1A,-0.036061626
PFKFB4,ARID1A,-0.04783789
STK40,ARID1A,-0.037000224
GLUL,ARID1A,-0.22245792
ZDHHC14,ARID1A,-0.06193453
RASSF1,ARID1A,-0.051998988
HNRNPUL2,ARID1A,-0.024032153
ULK4,ARID1A,-0.05453382
NPEPPS,ARID1A,-0.038737155
BDH2,ARID1A,-0.03807797
SLC35E2B,ARID1A,-0.05555066
CKMT1A,ARID1A,-0.034753658
OMG,ARID1A,-0.02618869
FAM210B,ATRX,-0.027381295
ATP5PB,ATRX,-0.01701704
KIR3DL3,ATRX,-0.025484752
DNAH8,ATRX,-0.028345281
SAMD13,ATRX,-0.006301693
DOLPP1,ATRX,-0.010715435
PRDM6,ATRX,-0.032308336
SERPINB6,ATRX,-0.008187678
ZNF574,ATRX,-0.12838411
ACVR1C,ATRX,-0.03441827
CD226,ATRX,-0.0031003007
TSPO,ATRX,-0.08307445
SMOC1,ATRX,-0.046013046
CSRP2,ATRX,-0.005821909
IFT88,ATRX,-0.11597271
HS3ST3B1,ATRX,-0.019873386
SLC16A14,ATRX,-0.034171786
NCALD,ATRX,-0.07510314
ZBTB37,ATRX,-0.036843907
GYS1,ATRX,-0.030958878
CHRNA3,ATRX,-0.04066782
ZNF780B,ATRX,-0.03972073
SPEF2,ATRX,-0.036287826
PKDREJ,ATRX,-0.027250756
BLOC1S2,ATRX,-0.050001528
THOC6,ATRX,-0.020613633
HPCAL1,ATRX,-0.13717641
C18orf54,ATRX,-0.09854042
IFI30,ATRX,-0.04576872
CD300LD,ATRX,-0.014129234
XG,ATRX,-0.34681287
RAB11FIP1,ATRX,-0.011686234
HDC,ATRX,-0.48023683
DNAH2,ATRX,-0.04991315
LSM14A,ATRX,-0.06714848
PNPLA4,ATRX,-0.01921098
HABP2,ATRX,-0.023413181
MRPS21,ATRX,-0.041126028
INHBC,ATRX,-0.029263739
LRRC6,ATRX,-0.043738723
CD99,ATRX,-0.0663627
MFSD11,ATRX,-0.030334702
PKIA,ATRX,-0.037577506
TIMM23B,ATRX,-0.30315858
AMHR2,ATRX,-0.031562224
PLEK,ATRX,-0.027890213
TBC1D26,ATRX,-0.106943734
TBCB,ATRX,-0.02090452
ZNF765,ATRX,-0.09633887
DAB2,ATRX,-0.16034523
WNT7B,ATRX,-0.06922289
PTGER4,ATRX,-0.019028926
SUSD5,ATRX,-0.011248835
TAS2R38,ATRX,-0.0130886575
IFI44L,ATRX,-0.0077806455
HYDIN,ATRX,-0.03928154
CLEC6A,ATRX,-0.022447875
DLX6,ATRX,-0.08277681
TNFRSF19,ATRX,-0.39640483
ALDH1L1,ATRX,-0.024445336
POMZP3,ATRX,-0.019615088
TMEM200A,ATRX,-0.021824613
GNA12,ATRX,-0.010843083
BICDL1,ATRX,-0.12973782
HOMER2,ATRX,-0.0818093
DMAC2,ATRX,-0.025375215
EFHD1,ATRX,-0.04416033
DNAH5,ATRX,-0.06674826
HLA-DPA1,ATRX,-0.031906586
RAB4B,ATRX,-0.054655675
PCDHGA7,ATRX,-0.06358999
NDUFB10,ATRX,-0.013874803
IFT74,ATRX,-0.035226684
RPS16,ATRX,-0.11425418
TMEM61,ATRX,-0.012879471
TACC2,ATRX,-0.05397311
TFAP2B,ATRX,-0.14954036
PLAC8L1,ATRX,-0.00928996
KCNK3,ATRX,-0.059294354
OSCP1,ATRX,-0.015967174
ZNF813,ATRX,-0.038676687
CACNB2,ATRX,-0.015228212
PCDHGB6,BIRC6,-0.13980591
PCDHB15,BIRC6,-0.012770331
POTEF,BIRC6,-0.008751205
ZDHHC13,BIRC6,-0.014919236
MGLL,BIRC6,-0.13295202
NLRP4,BIRC6,-0.05054891
PCDHGA2,BIRC6,-0.027188806
NDEL1,BIRC6,-0.017533725
SELENOH,BIRC6,-0.11146755
PECR,BIRC6,-0.13224328
PLP1,BIRC6,-0.009634175
FYCO1,BIRC6,-0.015950218
NUDT8,BIRC6,-0.22404283
GNB4,BIRC6,-0.020565405
KRT86,BIRC6,-0.051228475
NPHP4,BIRC6,-0.5029019
STMN1,BIRC6,-0.08403814
WBP1,BIRC6,-0.08027511
FAM104A,BIRC6,-0.073896445
CLPTM1,BIRC6,-0.013146766
NLRP2,BIRC6,-0.01941498
SPRR1B,BIRC6,-0.049532223
POP7,BIRC6,-0.04039765
ANO1,BIRC6,-0.04781632
RPH3A,BIRC6,-0.041270245
GNRH2,BIRC6,-0.04939304
KCNJ10,BIRC6,-0.25489262
PRRX1,BIRC6,-0.04702989
EVC2,BIRC6,-0.032204732
PHOSPHO1,BIRC6,-0.08129061
RNASEK,BIRC6,-0.022319114
CELA2A,BIRC6,-0.03657309
SERPINB7,BIRC6,-0.15919583
APOM,BIRC6,-0.027240383
CRYBB1,BIRC6,-0.01694588
MACROH2A2,BIRC6,-0.011183017
B3GNT6,BIRC6,-0.042454705
CDH17,BIRC6,-0.043517563
ZNF221,BIRC6,-0.03137196
BMPR1B,BIRC6,-0.09298726
PTP4A3,BIRC6,-0.0261375
P2RX2,BIRC6,-0.23663354
FJX1,BIRC6,-0.063280255
MALSU1,BIRC6,-0.017765617
GNG3,BIRC6,-0.034306806
GRHL1,BIRC6,-0.031217147
FBXO2,BIRC6,-0.03489523
RAB42,BIRC6,-0.025902659
DRAXIN,BIRC6,-0.10032491
AKT1S1,BIRC6,-0.105733715
DAND5,BIRC6,-0.009454874
ARL9,BIRC6,-0.11330505
ARC,BIRC6,-0.07524047
LIG1,BIRC6,-0.018052237
RAMP3,BIRC6,-0.026252717
PLAC1,BIRC6,-0.023266751
ZNF547,BIRC6,-0.041213058
CCDC89,BIRC6,-0.023586504
CCDC191,BIRC6,-0.015873756
DOK3,BIRC6,-0.04750778
SMIM6,BIRC6,-0.06314591
CDH16,BIRC6,-0.11401332
PRPSAP1,BIRC6,0.0018315264
GRK3,BIRC6,-0.038500328
CCDC124,BIRC6,-0.25996497
CD59,BIRC6,-0.030318247
CCDC39,BIRC6,-0.015404589
ANXA3,BIRC6,-0.58183193
IGF1,BSN,-0.0045683496
ZC4H2,BSN,-0.004474703
ARL14EP,BSN,-0.004676322
SNPH,BSN,-0.017213522
ME2,BSN,-0.064171724
KCNA2,BSN,-0.2454022
NF1,BSN,-0.008487838
KRT5,BSN,-0.014500475
ECE1,BSN,-0.013620312
DHFR,BSN,-0.006902587
RNF144B,BSN,-0.010032946
SNX9,BSN,-0.05193568
KCNJ14,BSN,-0.014033994
TIGD5,BSN,-0.023037193
VGLL1,BSN,-0.024564672
YIF1B,BSN,-0.03037969
ADAMTS13,BSN,-0.028266659
GRIN1,BSN,-0.06757243
EDC4,BSN,-0.03341402
CARMIL2,BSN,-0.121450014
GJC3,BSN,-0.057128534
DCTN1,BSN,-0.031277042
CKMT2,BSN,-0.01937301
ABCB7,BSN,-0.054927807
PRAME,BSN,-0.02668132
GRIA3,BSN,-0.039846517
ST3GAL6,BSN,-0.015427896
KIR3DL1,BSN,-0.14187428
SCX,BSN,-0.18657455
SCFD2,BSN,-0.08805959
ZKSCAN5,BSN,-0.06310302
SPACA1,BSN,-0.029822342
PECR,BSN,-0.024866927
ARPC5,BSN,-0.037262306
TTC25,BSN,-0.021897117
MAP1LC3B,BSN,-0.021726975
PLSCR2,BSN,-0.008380695
PTGES3L,BSN,-0.01730154
DCLRE1A,BSN,-0.032386586
TOR1AIP2,BSN,-0.022428041
IGSF11,BSN,-0.03241706
RNF151,BSN,-0.027585754
PHGDH,BSN,-0.065775506
SLC9A3,BSN,-0.025277048
PML,BSN,-0.016029581
TFF2,BSN,-0.019704498
LEPROTL1,BSN,-0.022008736
TUBA1A,BSN,-0.02820221
C10orf67,BSN,-0.023232754
NUBPL,BSN,-0.026768276
PLIN2,BSN,-0.033692684
LRRC75B,BSN,-0.17495818
TSSK3,BSN,-0.083824605
FRMD3,BSN,-0.026895566
NRN1,BSN,-0.08908061
ADAM11,BSN,-0.023753082
ADGRG3,BSN,-0.012506381
ARGFX,BSN,-0.025899049
ATP1B2,BSN,-0.015871132
RHCE,BSN,-0.03824477
GLT8D2,BSN,-0.65858376
STMN1,BSN,-0.013360139
CCER2,BSN,-0.11812564
SCD,BSN,-0.02143645
VPS18,BSN,-0.0375588
HS1BP3,BSN,-0.009605089
ZC3H12D,BSN,-0.01830443
CACNA1A,BSN,-0.022427678
TCF7L1,BSN,-0.02785267
TPRG1,BSN,-0.09767891
TAFA3,BSN,-0.16668661
SH3D21,BSN,-0.020066679
ZNF334,BSN,-0.01918916
MTIF2,BSN,-0.048760258
FUCA2,BSN,-0.21417004
PCDHB9,BSN,-0.048027825
CLUH,BSN,-0.08572977
SV2C,BSN,-0.064036064
RNF224,BSN,-0.09975927
SOX5,BSN,-0.030163843
FOXD1,BSN,-0.040976748
PGAP3,BSN,-0.08105026
ATG10,BSN,-0.04138643
FAM229A,BSN,-0.01348345
ADRA2B,BSN,-0.02360272
PCSK5,BSN,-0.0314952
VAMP2,BSN,-0.0033735228
NT5M,BSN,-0.13818376
EPRS1,BSN,-0.026733102
ZNF280C,BSN,-0.015370868
FBXO32,BSN,-0.016355656
PIWIL2,BSN,-0.015848776
RTP5,BSN,-0.029952338
PLSCR1,CDK12,-0.04878457
TPST1,CDK12,-0.020739172
TEX22,CDK12,-0.038588345
TINF2,CDK12,-0.026979268
PLN,CDK12,-0.023788659
SNRPN,CDK12,-0.026390938
ANKRD1,CDK12,-0.030337006
NECAB3,CDK12,-0.017537333
PAX9,CDK12,-0.010047647
ATP2B3,CDK12,-0.08817564
USP44,CDK12,-0.04713576
CLDN16,CDK12,-0.09947696
ADGRE2,CDK12,-0.043539476
CD8A,CDK12,-0.024630968
FOXI3,CDK12,-0.03181899
MGAT2,CDK12,-0.19799002
MTFP1,CDK12,-0.014526106
TCTN1,CDK12,-0.00021589799
EMP1,CDK12,-0.031054726
CSDC2,CDK12,-0.12998879
SLC22A1,CDK12,-0.026764877
PROK2,CDK12,-0.052395333
MPO,CDK12,-0.033981055
ZNF648,CDK12,-0.03162886
CAMK2B,CDK12,-0.02312985
TFF1,CDK12,-0.06794444
ERVK3-1,CDK12,-0.006386829
DIPK2B,CDK12,-0.058957476
MED12L,CDK12,-0.05064477
CACFD1,CDK12,-0.0942987
FAM124A,CDK12,-0.018137287
FKBPL,CDK12,-0.007940153
SIRPB1,CDK12,-0.0076213293
ABHD12B,CDK12,-0.013368098
PPP1R13B,CDK12,-0.052367363
KCNIP3,CDK12,-0.06758761
LBX2,CDK12,-0.14367668
SEPTIN9,CDK12,-0.014052057
ARHGAP40,CDK12,-0.0063313465
MED18,CDK12,-0.034126252
CENPV,CDK12,-0.06429312
STMN2,CDK12,-0.05299532
FBXL16,CDK12,-0.048784286
TMEM45B,CDK12,-0.036736164
GSDMB,CDK12,-0.031107496
FCN3,CDK12,-0.07143709
COL4A2,CDK12,-0.13555266
ZNF615,CDK12,-0.111933164
FPR2,CDK12,-0.02829325
PXDC1,CDK12,-0.042912092
ALDOC,CDK12,-0.04773092
GCNT7,CDK12,-0.02552534
FRMD8,CDK12,-0.054856252
BCL2L2-PABPN1,CDK12,-0.07659752
RAB26,CDK12,-0.009952957
AQP9,CDK12,-0.10142754
PNLIPRP3,CDK12,-0.060553014
BCL2L15,CDK12,-0.03500237
MGLL,CDK12,-0.044765543
ADAMTS16,CDK12,-0.054585144
CCDC125,CDK12,-0.12555374
ZNF821,CDK12,-0.028113753
SULT1E1,CDK12,-0.030311946
SLC5A4,CDK12,-0.041959185
MARVELD2,CDK12,-0.09477718
MYCN,CDK12,-0.08396738
NOTCH4,CDK12,-0.02373164
C20orf204,CDK12,-0.014109742
ZNF75A,CDK12,-0.026913045
ZNF491,CDK12,-0.035496213
HRH2,CDK12,-0.023790458
MESP1,CDK12,-0.019854134
MAFB,CDK12,-0.009241013
JPH3,CDK12,-0.09919138
DNAH14,CDK12,-0.0037141468
MMEL1,CDK12,-0.005092661
ZNF552,CDK12,-0.02359387
AC004706.3,CDK12,-0.045882255
CYP27B1,CDK12,-0.036152624
ELMO3,CDK12,-0.06633409
CSF3R,CDK12,-0.018045597
SHISA2,CDK12,-0.024361309
COL11A1,CDK12,-0.011694479
GNL1,CDK12,-0.023106186
ZNF256,CDK12,-0.034381963
BCL6,CDK12,-0.04800338
SP8,CDK12,-0.019168219
CD8B2,CDK12,-0.03249065
SERPINB3,CDK12,-0.022803355
KAT8,CDK12,-0.0065896865
SHD,CDK12,-0.037617784
ABCC3,CDK12,-0.04027271
FAM83B,CDK12,-0.12954217
VIL1,CDK12,-0.007379674
CNTN5,CDK12,-0.03565662
LEP,CDK12,-0.033317916
FGF19,CDK12,-0.038107283
LZTR1,CDK12,-0.031241018
EYA4,CDK12,-0.074875936
HLA-DQA2,CDK12,-0.020933857
GPR135,CDK12,-0.04678384
ANG,CDK12,-0.03962204
CD300E,CDK12,-0.042118743
GRIN1,CDK12,-0.10415872
MAPK11,CDK12,-0.018736862
ZNF572,CDK12,-0.044504065
GSG1L,CDK12,-0.07762523
CRYZL1,CDK12,-0.007820771
ARHGDIA,CDK12,-0.10178795
CETN2,CELSR1,-0.023153853
PIEZO1,CELSR1,-0.006603237
CDCA7L,CELSR1,-0.012768457
INPP5B,CELSR1,-0.044053733
APBA2,CELSR1,-0.00925025
FBXL12,CELSR1,-0.022748817
CCL17,CELSR1,-0.025421815
HDHD2,CELSR1,-0.015476336
CRB1,CELSR1,-0.033066887
CDK15,CELSR1,-0.02688214
FAM133A,CELSR1,-0.038977265
GABRA3,CELSR1,-0.05064185
PPARGC1A,CELSR1,-0.09282682
GPR146,CELSR1,-0.019194514
ZDHHC16,CELSR1,-0.018301398
UROC1,CELSR1,-0.048419263
ZNF100,CELSR1,-0.06192357
MFSD4A,CELSR1,-0.009832533
OR5C1,CELSR1,-0.038728397
ZNF681,CELSR1,-0.031957667
MMP16,CELSR1,-0.044066865
MAGEC3,CELSR1,-0.059308667
THNSL2,CELSR1,-0.025211655
HEPHL1,CELSR1,-0.030412484
LIPG,CELSR1,-0.01972894
GPR20,CELSR1,-0.16946442
ACP7,CELSR1,-0.04113029
AQP3,CELSR1,-0.02672706
URB2,CELSR1,-0.026566658
AGT,CELSR1,-0.015330925
TCF3,CELSR1,-0.026123986
ZNF559-ZNF177,CELSR1,-0.038409177
DUSP5,CELSR1,-0.02299182
AADAC,CELSR1,-0.105402805
TBC1D4,CELSR1,-0.08911184
MS4A1,CELSR1,-0.012429364
KHDC1L,CELSR1,-0.07319256
HEXD,CELSR1,-0.10102105
PCDHA3,CELSR1,-0.029738337
B3GNTL1,CELSR1,-0.04016405
SP100,CELSR1,-0.044000436
OLA1,CELSR1,-0.02871564
CACYBP,CELSR1,-0.052090928
PRND,CELSR1,-0.05665638
LCN8,CELSR1,-0.019600913
NRCAM,CELSR1,-0.02309224
FABP4,CELSR1,-0.02190204
ZNF688,CELSR1,-0.059488665
CPNE7,CELSR1,-0.08729943
NIBAN3,CELSR1,-0.038772203
IKZF5,CELSR1,-0.023962032
PRSS2,CELSR1,-0.026635628
GNG4,CELSR1,-0.0042572417
RBM18,CELSR1,-0.09260582
LIN7B,CELSR1,-0.015888378
STRA8,CELSR1,-0.091466844
ACTN3,CELSR1,-0.05152536
APOA1,CELSR1,-0.11764699
DMRT2,CELSR1,-0.03127551
FP565260.1,CELSR1,-0.0900546
CPNE9,CELSR1,-0.037147913
APEH,CELSR1,-0.014362814
CEACAM1,CELSR1,-0.02059963
TSPYL1,CELSR1,-0.03867843
BSND,CELSR1,-0.06359099
IFITM5,CELSR1,-0.045935377
CAPN6,CELSR1,-0.014800279
LILRA1,CELSR1,-0.033558346
ABITRAM,CELSR1,-0.045924243
UBR3,CELSR1,-0.0150440885
CITED4,CELSR1,-0.00914169
PPP2R5B,CELSR1,-0.020544542
RIMBP2,CELSR1,-0.023596387
PNPLA1,CELSR1,-0.66424376
FANCC,CELSR1,-0.025840957
EIF5AL1,CELSR1,-0.044158477
XCL2,CELSR1,-0.024439638
SNAPC2,CELSR1,-0.039061744
KIF24,CELSR1,-0.0619664
HEY1,CELSR1,-0.03318483
ANKRD2,CELSR1,-0.049437184
ABHD17C,CELSR1,-0.021874314
ACSM4,CELSR1,-0.13862906
TOMM40L,CELSR1,-0.035469316
KCNMB2,CELSR1,-0.03910091
DNA2,CELSR1,-0.025641255
DNASE2,CELSR1,-0.047597397
SGSH,CELSR1,-0.019967755
ZNF668,CELSR1,-0.005014513
MARCHF9,CELSR1,-0.03868759
ENPP3,CELSR1,-0.114808545
LHX9,CELSR1,-0.034251392
FKBP14,CELSR1,-0.071829766
DNAJA1,CELSR1,-0.086069964
TMEM171,CELSR1,-0.003946068
FOXL1,CELSR1,-0.05170879
FUT11,CELSR1,-0.02810958
POM121C,CELSR1,-0.030281816
SAP130,CELSR1,-0.0677226
ACER1,CELSR1,-0.020609165
LHX2,CELSR1,-0.016827455
EYA4,CELSR1,-0.024230998
BMPR2,CELSR1,-0.028827187
TRPC1,CELSR1,-0.011749071
FEM1B,CELSR1,-0.0138279265
FGFBP2,CELSR1,-0.024074871
AKR1B1,CELSR1,-0.03024683
EPHB3,CHD6,-0.015455721
TRIM38,CHD6,-0.022350522
HTR2C,CHD6,-0.09158797
OPHN1,CHD6,-0.031199217
PARP3,CHD6,-0.0054065213
MAGEB17,CHD6,-0.0087537
SEMA3B,CHD6,-0.02569284
PRKCA,CHD6,-0.03006219
ZNF546,CHD6,-0.04275079
MYLK4,CHD6,-0.039184593
KATNAL2,CHD6,-0.01380141
ARMC12,CHD6,-0.018136086
CCBE1,CHD6,-0.037536163
NBPF11,CHD6,-0.024446655
CLEC20A,CHD6,-0.033724207
SCGB2A1,CHD6,-0.014391519
CFDP1,CHD6,-0.023356384
KRT8,CHD6,-0.020413103
FJX1,CHD6,-0.063782394
ROM1,CHD6,-0.09941008
CLDN8,CHD6,-0.023607185
NOG,CHD6,-0.01507682
SIPA1L2,CHD6,-0.011733358
YLPM1,CHD6,-0.009739032
OCEL1,CHD6,-0.0655777
LAMA1,CHD6,-0.041735068
TDRD15,CHD6,-0.014958743
ATP2A3,CHD6,-0.06326155
CD84,CHD6,-0.038852353
SSRP1,CHD6,-0.01251425
RFLNA,CHD6,-0.07308496
HIBCH,CHD6,-0.04030585
SIM2,CHD6,-0.034988552
MIDN,CHD6,-0.015284123
OMD,CHD6,-0.04762424
PET100,CHD6,-0.041188236
KLHL5,CHD6,-0.026359603
GCLM,CHD6,-0.021524802
CRLF1,CHD6,-0.04080345
VPS11,CHD6,-0.030904297
TRIM74,CHD6,-0.023394814
HCLS1,CHD6,-0.013371055
TACR2,CHD6,-0.023426626
RNF213,CHD6,-0.019500757
MANEAL,CHD6,-0.043147366
GATAD2A,CHD6,-0.036355276
CLEC3B,CHD6,-0.40358347
CLDN6,CHD6,-0.058673315
PCDHGB1,CHD6,-0.031029105
TMLHE,CHD6,-0.033428412
ZNF80,CHD6,-0.16754864
ARL10,CHD6,-0.03152569
MAP9,CHD6,-0.00851776
NRCAM,CHD6,-0.08528815
SLC34A3,CHD6,-0.020603487
AVPR1A,CHD6,-0.038565993
CAPN13,CHD6,-0.11701322
SLC9A3,CHD6,-0.03970748
MED17,CHD6,-0.020934308
IL17C,CHD6,-0.026441094
DIO1,CHD6,-0.0490452
CELF2,CHD6,-0.18367763
UPRT,CHD6,-0.0256977
IZUMO4,CHD6,-0.05748808
PATJ,CHD6,-0.07834631
ZNF610,CHD6,-0.022487864
CPNE7,CHD6,-0.005650921
PRKACB,CHD6,-0.041819748
C20orf27,CHD6,-0.045197677
ZDHHC24,CHD6,-0.01588165
CDKN1B,CHD6,-0.034113325
PMP22,CHD6,-0.19928557
ZNF155,CHD6,-0.45286036
DKK3,CHD6,-0.064208634
AK5,CHD6,-0.1182223
H2BC18,CHD6,-0.030152276
SUPV3L1,CHD6,-0.025081962
KRTAP10-2,CHD6,-0.02281186
TAF10,CHD6,-0.02009835
SHF,CHD6,-0.038698655
H2BC14,CHD6,-0.012573306
ZNF235,CHD6,-0.053432055
CELF4,CHD6,-0.02114319
TMEM116,CHD6,-0.0532793
SIX2,CHD6,-0.12431729
TTC28,CHD6,-0.02493027
DR1,CHD6,-0.0049786232
RAD51D,CHD6,-0.029397175
TPM2,CHD6,-0.116981275
RBBP8NL,CHD6,-0.04993845
LHFPL2,CHD6,-0.03403761
SCARF2,CHD6,-0.058729574
SHOC1,CHD6,-0.012070765
RGS13,CHD6,-0.031618312
EIF5,CHD6,-0.027254721
MB,CHD6,-0.059453275
CPSF4L,CHD6,-0.05462116
ZNF821,CHD6,-0.012127706
CACNA1B,CHD6,-0.04854689
DIO3,CHD6,-0.041522957
TMEM11,COL6A3,-0.01166349
TAOK1,COL6A3,-0.018225482
SORCS3,COL6A3,-0.09964531
GNLY,COL6A3,-0.019756354
TULP1,COL6A3,-0.023589578
ZNF534,COL6A3,-0.015631532
GPRC5B,COL6A3,-0.043151125
POLR2E,COL6A3,-0.024563685
NTN1,COL6A3,-0.047492344
MBD3,COL6A3,-0.050297294
GLIS3,COL6A3,-0.016009688
FAM229A,COL6A3,-0.06101074
THEG,COL6A3,-0.12315512
SLC52A3,COL6A3,-0.09164679
PAGE1,COL6A3,-0.052192867
TBC1D19,COL6A3,-0.06647563
GOT1,COL6A3,-0.045633968
PCDHGA3,COL6A3,-0.14228652
BOLA3,COL6A3,-0.020296736
TMOD4,COL6A3,-0.08742049
HES4,COL6A3,-0.077860944
SLC16A10,COL6A3,-0.11108748
KIR2DL1,COL6A3,-0.027176926
SLCO2A1,COL6A3,-0.11680948
TGFB1I1,COL6A3,-0.3127874
LPO,COL6A3,-0.040312286
TLL2,COL6A3,-0.0549976
PCOLCE2,COL6A3,-0.018024052
ASB12,COL6A3,-0.026733309
UBR7,COL6A3,-0.017080205
TMEM74B,COL6A3,-0.033118926
ANG,COL6A3,-0.025957383
GRK4,COL6A3,-0.032943677
VAV2,COL6A3,-0.04147363
AMDHD1,COL6A3,-0.06736562
TRIM11,COL6A3,-0.031682316
GRIN2D,COL6A3,-0.06889743
CEBPD,COL6A3,-0.09569681
CREBL2,COL6A3,-0.03595755
CACNA1A,COL6A3,-0.04728684
DACT2,COL6A3,-0.05402249
TRAP1,COL6A3,-0.0011501963
MAPK8IP1,COL6A3,-0.009288546
MELTF,COL6A3,-0.016376786
TEX19,COL6A3,-0.065835364
B3GNT8,COL6A3,-0.020929769
ALDOC,COL6A3,-0.026497733
SERP2,COL6A3,-0.010720055
RASGRF1,COL6A3,-0.029981807
CCND1,COL6A3,-0.042094324
PLA2G2D,COL6A3,-0.02314646
EFCC1,COL6A3,-0.0215877
CIBAR2,COL6A3,-0.07174298
NT5M,COL6A3,-0.28382462
RGS6,COL6A3,-0.02449798
HOXA11,COL6A3,-0.042617492
TMPRSS13,COL6A3,-0.027831143
PRDM16,COL6A3,-0.039443728
BSG,COL6A3,-0.04328106
PEX11G,COL6A3,-0.016977051
TMEM71,COL6A3,-0.033075627
DNAAF1,COL6A3,-0.038513742
ARMC3,COL6A3,-0.041882884
ARHGEF16,COL6A3,-0.017014675
PLIN2,COL6A3,-0.03007775
PLPP6,COL6A3,-0.08419263
MFHAS1,COL6A3,-0.031245347
ZNF793,COL6A3,-0.04166391
MEOX1,COL6A3,-0.031975348
GTPBP3,COL6A3,-0.032999877
AMT,COL6A3,-0.010587568
CD99,COL6A3,-0.05346633
TIGAR,COL6A3,-0.026454387
LDAH,COL6A3,-0.12946108
CHRNA10,COL6A3,-0.036734927
MRGPRE,COL6A3,-0.103687465
GRN,COL6A3,-0.105266124
DEPTOR,COL6A3,-0.017639231
APOM,COL6A3,-0.03574863
MIB2,COL6A3,-0.05542437
NUP210L,COL6A3,-0.03548475
SERPINE3,COL6A3,-0.039867196
CAVIN3,COL6A3,-0.06327192
SCG3,COL6A3,-0.12739412
PCDHB10,COL6A3,-0.03373029
FOXJ1,COL6A3,-0.02386433
FEM1C,COL6A3,-0.0011287383
C10orf82,COL6A3,-0.031730037
CAPS2,COL6A3,-0.032973956
SGF29,COL6A3,-0.012460092
AVIL,COL6A3,-0.07664636
CSF2,COL6A3,-0.07932531
PITRM1,COL6A3,-0.045862842
TTC7A,COL6A3,-0.025492156
GRAMD2B,COL6A3,-0.023100726
FASN,COL6A3,-0.16346553
MYH15,COL6A3,-0.032272574
C1orf116,CREBBP,-0.013067809
INPP1,CREBBP,-0.012259081
GNAI1,CREBBP,-0.00038027283
CLEC4E,CREBBP,-0.011645537
AC055839.2,CREBBP,-0.011167559
TRPV2,CREBBP,-0.0120474305
SNX3,CREBBP,0.00079475064
BEND7,CREBBP,-0.021523824
SCP2,CREBBP,-0.025460824
SHCBP1L,CREBBP,-0.003138823
COL12A1,CREBBP,-0.07782622
B3GALT2,CREBBP,-0.036930982
SIGLEC9,CREBBP,-0.16223839
DNAH2,CREBBP,-0.044478513
MPND,CREBBP,-0.03640478
NXF3,CREBBP,-0.017131329
TWIST1,CREBBP,-0.034584384
FAT4,CREBBP,-0.039186165
GMEB2,CREBBP,-0.028901925
ZNF160,CREBBP,-0.008132473
PLEKHO1,CREBBP,-0.04590531
NECTIN4,CREBBP,-0.031737015
SLC10A6,CREBBP,-0.047250137
TMC3,CREBBP,-0.009012548
PYGO2,CREBBP,0.0006183668
SMTNL1,CREBBP,-0.022997193
GJC2,CREBBP,-0.0022292617
MMP15,CREBBP,-0.018329967
DMKN,CREBBP,-0.014965002
TMEM74,CREBBP,-0.01679955
APOBEC1,CREBBP,-0.03270977
GPC5,CREBBP,-0.01884868
SLC25A6,CREBBP,-0.019382652
TMEM25,CREBBP,-0.026234994
LTBP4,CREBBP,-0.032151263
GBX1,CREBBP,-0.023269525
TRIM31,CREBBP,-0.12154334
GRB7,CREBBP,-0.015762366
BAK1,CREBBP,-0.005793176
CCND2,CREBBP,-0.018075868
GRK6,CREBBP,-0.021834869
SLC5A9,CREBBP,-0.03970284
PRRT1,CREBBP,-0.040259495
FAM83A,CREBBP,-0.009426381
CPLX1,CREBBP,-0.12940924
ATF5,CREBBP,-0.055046823
FUNDC2,CREBBP,-0.013537522
PTPRQ,CREBBP,-0.014671998
MYO18B,CREBBP,-0.08514062
EID3,CREBBP,-0.12899013
RAB19,CREBBP,-0.033318292
MAP3K21,CREBBP,-0.045410227
HSPA6,CREBBP,-0.046575453
GPSM1,CREBBP,-0.02302564
ZNF311,CREBBP,-0.014445926
C11orf45,CREBBP,-0.043111406
LILRB4,CREBBP,-0.03503785
MAPKAPK3,CREBBP,-0.07630955
NDP,CREBBP,-0.028232325
MMP14,CREBBP,-0.02063484
RSPH14,CREBBP,-0.003252725
C11orf1,CREBBP,-0.014513213
LETM1,CREBBP,-0.19876455
BAHCC1,CREBBP,-0.019382475
PLLP,CREBBP,-0.022505637
ZNF587B,CREBBP,-0.03075425
ADHFE1,CREBBP,-0.01285377
ERVV-2,CREBBP,-0.016438562
TMEM59,CREBBP,-0.014953172
STK4,CREBBP,-0.016775463
FERMT3,CREBBP,-0.04282226
DENND3,CREBBP,-0.008521771
CCN5,CREBBP,-0.040221244
SCNN1D,CREBBP,-0.042262733
HLA-C,CREBBP,-0.014885044
TMC7,CREBBP,-0.030904379
MAS1L,CREBBP,-0.037933778
UBE2QL1,CREBBP,-0.03932045
DCTN3,CREBBP,-0.030760452
NES,CREBBP,-0.041545752
ZNF775,CREBBP,-0.07687509
KCNK6,CREBBP,-0.07851754
STIMATE,CREBBP,-0.18000086
PSENEN,CREBBP,-0.013393482
SP110,CREBBP,-0.044141255
SLC1A2,CREBBP,-0.024940742
NDRG3,CREBBP,-0.01705289
CLBA1,CREBBP,-0.03339013
KLRG2,CREBBP,-0.026007144
CCNB1IP1,CREBBP,-0.07680359
ZNF217,CREBBP,-0.02942974
DKK1,CREBBP,-0.00974936
DRD4,CREBBP,-0.022383215
ABCA12,CREBBP,-0.022658743
OXA1L,CREBBP,-0.04094411
GALT,CREBBP,-0.07575873
ZDHHC9,CREBBP,-0.005787541
SOX9,CREBBP,-0.021881208
ERICH5,CREBBP,-0.01997771
DCTN1,CREBBP,-0.004516279
AGMO,CREBBP,-0.012498642
VSIR,CREBBP,-0.03572795
IGFALS,CREBBP,-0.031726595
TIMM8B,CREBBP,-0.7098407
BPHL,CREBBP,-0.037620425
DLX1,CREBBP,-0.045902118
KRT78,CREBBP,-0.10297542
IGFN1,CREBBP,-0.028827786
ZNF277,CREBBP,-0.0048282603
MGARP,CREBBP,-0.05340419
MED16,CREBBP,-0.036549523
PDCD1,CREBBP,-0.029069843
SLAMF7,CREBBP,-0.13371158
ID4,CREBBP,-0.068644755
HMGCL,CREBBP,-0.01293232
DNHD1,CREBBP,-0.010966388
TEX101,CREBBP,-0.015694154
ST6GAL2,CSMD1,-0.006562855
ITGA9,CSMD1,-0.015094241
SVIL,CSMD1,-0.011730625
TRNAU1AP,CSMD1,-0.0017632878
DMAP1,CSMD1,-0.07845834
C1orf122,CSMD1,-0.0055231764
PSMB6,CSMD1,-0.0020372302
CAST,CSMD1,-0.07018322
GP1BA,CSMD1,-0.011542673
PIGR,CSMD1,-0.026541855
ZNF730,CSMD1,-0.009978299
RAD23A,CSMD1,-0.07473263
RPGRIP1L,CSMD1,-0.007947884
CD99,CSMD1,-0.02390646
ZSWIM3,CSMD1,-0.024135485
HOXA4,CSMD1,-0.089540474
USP2,CSMD1,-0.017427912
RCAN2,CSMD1,-0.019159505
MTARC1,CSMD1,-0.017320773
SUCLA2,CSMD1,-0.014865761
TNNI3,CSMD1,-0.022936566
C22orf31,CSMD1,-0.0120961275
TPCN1,CSMD1,-0.008320706
WFDC3,CSMD1,-0.01811809
ALK,CSMD1,-0.04120851
DET1,CSMD1,-0.12617348
ZNF761,CSMD1,-0.016481541
GLB1L3,CSMD1,-0.020582218
SVIP,CSMD1,-0.017427605
ZNF689,CSMD1,-0.0071657673
FBXO24,CSMD1,-0.10269405
AK5,CSMD1,-0.016576324
PLB1,CSMD1,-0.046813834
PDSS1,CSMD1,-0.012307192
AGXT,CSMD1,-0.0113646975
CYP39A1,CSMD1,-0.02371807
CACNA1B,CSMD1,-0.015892781
FUS,CSMD1,-0.08885152
MSLNL,CSMD1,-0.01196109
ZXDC,CSMD1,0.0023309086
NUDT4,CSMD1,-0.01806986
MROH6,CSMD1,-0.026580872
TLX1,CSMD1,-0.015651474
CDHR1,CSMD1,-0.014156058
KIF5B,CSMD1,-0.010391302
ITIH6,CSMD1,-0.025939522
ZNF878,CSMD1,-0.050683837
BCL2L14,CSMD1,-0.009797237
SLC18A3,CSMD1,-0.019500995
CCDC178,CSMD1,-0.1261484
ZNF302,CSMD1,-0.10430612
FOXC1,CSMD1,-0.01993915
TRIM39,CSMD1,-0.0098699555
TUBGCP3,CSMD1,-0.010587191
APELA,CSMD1,-0.010116454
FOCAD,CSMD1,-0.019466424
PRICKLE2,CSMD1,-0.021008024
CHL1,CSMD1,-0.013934152
NDUFB3,CSMD1,-0.011248517
CLIC2,CSMD1,-0.11128644
PPP1R27,CSMD1,-0.14736979
ROR2,CSMD1,-0.022191558
C6orf163,CSMD1,-0.03342692
SERPINC1,CSMD1,-0.051425144
L1CAM,CSMD1,-0.014913865
CCDC114,CSMD1,-0.0071973493
NEBL,CSMD1,-0.018881075
NACC1,CSMD1,-0.012395391
MRAP2,CSMD1,-0.021487731
CLEC3B,CSMD1,-0.054891255
CENPK,CSMD1,-0.030721337
ZNF675,CSMD1,-0.013135661
EML5,CSMD1,-0.023001105
PLPPR4,CSMD1,-0.0058961976
MAST1,CSMD1,-0.024479073
APOA5,CSMD1,-0.03312324
ERMP1,CSMD1,-0.041145865
SLC25A19,CSMD1,-0.0068253106
TMEM71,CSMD1,-0.0297945
TNFRSF14,CSMD1,-0.028020564
ZNF580,CSMD1,-0.04616737
DCN,CSMD1,-0.03264099
TP53TG3D,CSMD1,-0.013263913
BGLAP,CSMD1,-0.054569863
GATD3A,CSMD1,-0.029750142
VPS13A,CSMD1,-0.0023599723
SYTL5,CSMD1,-0.019885665
STK39,CSMD1,-0.022677071
SCN1B,CSMD1,-0.04278138
GNRH1,CSMD1,-0.07409015
C12orf56,CSMD1,-0.03291111
WDR3,CSMD1,-0.008052214
HOXA3,CSMD1,-0.43643826
NDUFB4,CSMD1,-0.029062578
MPI,CSMD1,-0.071430646
TMEM63B,CSMD1,-0.037776995
KCNH8,CSMD1,-0.008374986
MARCHF4,CSMD1,-0.019411534
NEFM,CSMD1,-0.020795489
UNC5B,CSMD1,-0.015012336
CFAP57,CSMD1,-0.029068166
LRATD1,CSMD1,-0.0063131205
ZSCAN4,CSMD1,-0.058782108
RIMS3,CSMD1,-0.0232113
AJAP1,CSMD1,-0.011310232
HOXD3,CSMD1,-0.027915733
IL19,CSMD1,-0.030431587
CXCL1,CSMD1,-0.027209587
ALDOA,CSMD1,-0.012985354
KRT19,CSMD1,-0.0042959773
STRA6,CSMD1,-0.0033738248
RNF128,CSMD1,-0.0116036795
BRD3,CSMD1,-0.014646397
NR2F6,CSMD1,-0.025313364
H2BC15,CSMD1,-0.018558819
RHOU,CSMD1,-0.029854622
APMAP,CSMD1,-0.003394947
AP2B1,CSMD1,-0.13012421
FN3K,CSMD1,-0.0017938763
RIMKLB,CSMD1,-0.16301282
LIPC,CSMD1,-0.0214434
RASEF,CSMD1,-0.023298386
GAA,CSMD1,-0.020035228
KCNJ18,CSMD1,-0.014852271
CIAO2B,CSMD1,-0.020400574
C7orf31,CSMD1,-0.035066996
AC098850.3,CSMD1,-0.011970619
PSG4,CSMD1,-0.020734118
BLNK,CSMD1,-0.014461877
FCRL6,CSMD1,-0.03505392
HIKESHI,CSMD1,-0.005142009
TCTEX1D4,CSMD1,-0.022687212
UNC5CL,CSMD1,-0.009084548
SLC1A6,CSMD1,-0.019542478
NOC2L,CSMD1,-0.07899405
TARBP2,CSMD1,-0.00023257865
CARM1,CSMD1,-0.013847597
ST3GAL6,CSMD1,-0.013502274
C2orf92,CSMD1,-0.037337676
METTL16,CSMD1,-0.020446898
ACSF3,CSMD3,-0.01603187
ADSS1,CSMD3,-0.046124004
IL31RA,CSMD3,-0.06136211
ZNF414,CSMD3,-0.029673764
RAD23A,CSMD3,-0.021580074
ARHGAP24,CSMD3,-0.018299844
CXCR1,CSMD3,-0.034281075
SSTR2,CSMD3,-0.013917536
ZMAT2,CSMD3,-0.009712354
SLC38A10,CSMD3,-0.028652927
IRAK1,CSMD3,-0.016518721
C14orf39,CSMD3,-0.026806477
SPINK5,CSMD3,-0.033045042
CDH24,CSMD3,-0.021194989
ZNF382,CSMD3,-0.13906214
ABHD10,CSMD3,-0.2611878
MTHFD2,CSMD3,-0.1320571
AIFM1,CSMD3,-0.047425885
MCOLN1,CSMD3,-0.048076034
CALB1,CSMD3,-0.0279817
MFSD2B,CSMD3,-0.016323708
GFRA1,CSMD3,-0.03480621
CD320,CSMD3,-0.08682185
TRIB3,CSMD3,-0.0367969
MCTP1,CSMD3,-0.01389858
TFB2M,CSMD3,-0.020919472
CALB2,CSMD3,-0.028994782
FOXC2,CSMD3,-0.010635456
PLXNA4,CSMD3,-0.02021995
CRAT,CSMD3,-0.045620527
IL1RL2,CSMD3,-0.011329601
SIGLEC11,CSMD3,-0.025251016
GSC,CSMD3,-0.038363595
PRRT2,CSMD3,-0.008493453
PELI2,CSMD3,-0.018894777
HMX1,CSMD3,-0.03230272
SH2B2,CSMD3,-0.023755431
CSK,CSMD3,-0.11336169
NSG2,CSMD3,-0.043668583
POLE2,CSMD3,-0.0325984
RPS27AP5,CSMD3,-0.111742094
KCNJ9,CSMD3,-0.057660356
THBS1,CSMD3,-0.0147093
GPI,CSMD3,-0.023479914
AC021087.5,CSMD3,-0.0076943594
TRMT2B,CSMD3,-0.015905913
MAN1B1,CSMD3,-0.011384027
PLGLB1,CSMD3,-0.0075477445
PRRG3,CSMD3,-0.059363216
KLHL42,CSMD3,-0.010266715
SCGB2B2,CSMD3,-0.019345423
HP,CSMD3,-0.02126911
PALD1,CSMD3,-0.022262441
CLYBL,CSMD3,-0.02587321
EIF5,CSMD3,-0.013510348
MEDAG,CSMD3,-0.060322884
GRK7,CSMD3,-0.037913878
ST3GAL5,CSMD3,-0.03258636
PSMF1,CSMD3,-0.22695425
HS6ST3,CSMD3,-0.04284824
ANKRD36B,CSMD3,-0.031896345
MYOM1,CSMD3,-0.032683756
MTCL1,CSMD3,-0.034974843
WDPCP,CSMD3,-0.02260235
PSAT1,CSMD3,-0.10053238
GCSAML,CSMD3,-0.023453102
CCDC92,CSMD3,-0.034100916
C1orf127,CSMD3,-0.024563648
PPFIA4,CSMD3,-0.04442843
ESRRB,CSMD3,-0.08848248
DNAH2,CSMD3,-0.028653247
RWDD2B,CSMD3,-0.018880578
GLI1,CSMD3,-0.032482516
MCTP2,CSMD3,-0.10183733
TAS2R42,CSMD3,-0.15316176
KCNS2,CSMD3,-0.03474599
RAPGEF2,CSMD3,-0.006579014
SNRNP48,CSMD3,-0.011597855
TMEM14B,CSMD3,-0.016542204
HVCN1,CSMD3,-0.08556273
BCL6,CSMD3,-0.09766973
ASIC4,CSMD3,-0.2520732
ZNF385D,CSMD3,-0.022587765
MSANTD1,CSMD3,-0.01303165
ALDH9A1,CSMD3,-0.02085629
SHCBP1L,CSMD3,-0.019514358
MAGEA6,CSMD3,-0.0549717
PAPPA,CSMD3,-0.052456077
MRPS7,CSMD3,-0.023957891
CYS1,CSMD3,-0.014643684
FGD1,CSMD3,-0.035144914
ANXA13,CSMD3,-0.018989557
F13A1,CSMD3,-0.03483093
CYBRD1,CSMD3,-0.026385007
CYP27C1,CSMD3,-0.013998703
TRIM50,CSMD3,-0.032509606
H2AC18,CSMD3,-0.020501705
FAM13B,CSMD3,-0.0032488923
NAV3,CSMD3,-0.03264766
ADGRF3,CSMD3,-0.15106592
ROM1,CSMD3,-0.024990711
FAM174C,CSMD3,-0.06480053
CKMT2,CSMD3,-0.05245668
INAVA,CSMD3,-0.026518509
ITFG2,CSMD3,-0.046605404
SMIM6,CSMD3,-0.06105602
TBX3,CSMD3,-0.018664021
RUBCN,CSMD3,-0.014474828
LRRC75B,CSMD3,-0.047235936
ZNF136,CUBN,-0.0011841018
SLC29A4,CUBN,-0.0031078015
ANKRD46,CUBN,-0.016325539
RGS17,CUBN,-0.009048526
HES7,CUBN,-0.022068663
TCN2,CUBN,-0.018825823
ZNF688,CUBN,-0.005213335
TRIL,CUBN,-0.05203878
PROK1,CUBN,-0.08454064
TMEM39B,CUBN,-0.027791852
NPY4R,CUBN,-0.03966497
VSIG2,CUBN,-0.039262295
RBMS3,CUBN,-0.038094822
CCL8,CUBN,-0.03132874
ALG13,CUBN,-0.025924005
NOS1AP,CUBN,-0.037901815
RNASE3,CUBN,-0.028774789
PIWIL2,CUBN,-0.025463253
KCNK5,CUBN,-0.01961737
CORO2B,CUBN,-0.003577069
PRODH,CUBN,-0.026480282
TRMT10C,CUBN,-0.04488173
RASGEF1A,CUBN,-0.14292644
RCHY1,CUBN,-0.03810466
ROR2,CUBN,-0.043298572
APOL3,CUBN,-0.03391995
NUDT16L1,CUBN,-0.03841954
PTPRE,CUBN,-0.00324411
MRGBP,CUBN,-0.02542165
MARCHF6,CUBN,-0.011181977
NACC1,CUBN,-0.054558497
SHROOM4,CUBN,-0.03625702
ZNF746,CUBN,-0.035939626
NEURL3,CUBN,-0.026661422
UPK2,CUBN,-0.16086932
IL27RA,CUBN,-0.011211306
TIMM44,CUBN,-0.04829091
MAMDC4,CUBN,-0.021506576
CKM,CUBN,-0.026330363
ANXA2,CUBN,-0.012355288
TAL1,CUBN,-0.002060261
HPN,CUBN,-0.046623748
CABLES1,CUBN,-0.021749798
NR5A1,CUBN,-0.031239806
OSBPL6,CUBN,-0.25340733
CPB1,CUBN,-0.019480545
ANAPC13,CUBN,-0.020939223
IGSF8,CUBN,-0.05057174
MAEL,CUBN,-0.055463046
ARMC12,CUBN,-0.054157097
POTEE,CUBN,-0.0816178
SCARA3,CUBN,-0.02411984
STEAP4,CUBN,-0.010145245
FAM72C,CUBN,-0.024864541
AC011498.4,CUBN,-0.023504604
NGDN,CUBN,-0.0019564799
TOGARAM2,CUBN,-0.26422107
EFHB,CUBN,-0.058970746
POLR1H,CUBN,-0.043384396
NUGGC,CUBN,-0.04033839
SCUBE1,CUBN,-0.013740955
DECR1,CUBN,-0.08050244
P2RY10,CUBN,-0.055834502
DIAPH2,CUBN,-0.095056914
SERPINA9,CUBN,-0.033646695
CDK16,CUBN,-0.03542585
IL1RAPL2,CUBN,-0.11852215
TBX21,CUBN,-0.06096256
IL18,CUBN,-0.044953525
TWF2,CUBN,-0.029711049
TMPRSS11B,CUBN,-0.041842982
ENTHD1,CUBN,-0.029134423
PDCD1,CUBN,-0.051331334
CACNG4,CUBN,-0.065217555
ASIC4,CUBN,-0.027455596
PER1,CUBN,-0.02144453
MTG1,CUBN,-0.07470849
PLPPR2,CUBN,-0.23574536
LRG1,CUBN,-0.047505327
STOML3,CUBN,-0.026005123
DEFB1,CUBN,-0.030020582
TCF3,CUBN,-0.04421163
ZNF275,CUBN,-0.047594126
FBXL8,CUBN,-0.042223915
CLDN17,CUBN,-0.026735868
REXO4,CUBN,-0.039975896
TLR4,CUBN,-0.049064595
CCNI2,CUBN,-0.025582535
PKD2L1,CUBN,-0.12806068
LTF,CUBN,-0.20409511
POTEF,CUBN,-0.115243815
TAC1,CUBN,-0.009102115
SLC7A11,CUBN,-0.025024235
ERP27,CUBN,-0.026214927
HOXA11,CUBN,-0.01190744
CXCL9,CUBN,-0.060903132
DDX39A,CUBN,-0.08794164
RNF165,CUBN,-0.07409851
ERVMER34-1,CUBN,-0.044593394
PLA2G4F,CUBN,-0.011378727
DERA,CUBN,-0.02317196
MAZ,CUBN,-0.09972059
TST,DMD,-0.0031132083
CMPK1,DMD,-0.011107937
SUB1,DMD,-0.009611751
ATP1B3,DMD,-0.011125033
CFAP251,DMD,-0.047418006
CSAG3,DMD,-0.021528529
AC073585.1,DMD,-0.011910277
CYP17A1,DMD,-0.0110189635
BICC1,DMD,-0.014437786
TRPM7,DMD,-0.0054367385
MLIP,DMD,-0.009530947
KCNIP3,DMD,-0.019257426
CNTNAP3C,DMD,-0.03178237
HPD,DMD,-0.021906167
WTIP,DMD,-0.01767474
HYLS1,DMD,-0.24354273
CYP26A1,DMD,-0.03833035
TMEM158,DMD,-0.01985139
CCL11,DMD,-0.015907796
C8orf58,DMD,-0.012483539
SERPINF2,DMD,-0.017612513
CD163L1,DMD,-0.0017460281
RGS7BP,DMD,-0.05341537
BLOC1S2,DMD,-0.009305361
LYPD4,DMD,-0.009621773
BBIP1,DMD,-0.030399894
CDS1,DMD,-0.032964487
MAST1,DMD,-0.014317761
FSCN2,DMD,-0.021721262
PLEKHF1,DMD,-0.01887992
LAMP2,DMD,-0.011398959
RAB21,DMD,-0.006340113
DRD4,DMD,-0.0036866989
SNX9,DMD,-0.0061756354
PLA2G5,DMD,-0.033380195
ALPK3,DMD,-0.006159284
CCL24,DMD,-0.08482611
ZNF467,DMD,-0.03403699
ABHD10,DMD,-0.015219018
STIM2,DMD,-0.0076561393
AKAP5,DMD,-0.043120246
ZSCAN2,DMD,-0.005252266
OR10A3,DMD,-0.019399906
MAGT1,DMD,-0.018768305
CREG2,DMD,-0.02476492
AC099489.1,DMD,-0.026704082
LTF,DMD,-0.036930494
NOP53,DMD,-0.009526736
HOXA10,DMD,-0.0101650525
PIK3R1,DMD,-0.0061762584
GPR33,DMD,-0.017357264
SPDYE1,DMD,-0.008522075
MAGEC2,DMD,-0.015749475
KCNIP4,DMD,-0.014594507
ABCB11,DMD,-0.019147547
CIB3,DMD,-0.022694904
ZNF222,DMD,-0.028353283
SPINDOC,DMD,-0.0048108515
PPP6R2,DMD,-0.20143886
FPGT,DMD,-0.020052046
ROS1,DMD,-0.018061822
AC011448.1,DMD,-0.063045725
MARVELD2,DMD,-0.005565498
PTCHD4,DMD,-0.021211348
TKFC,DMD,-0.008999158
EPPK1,DMD,-0.067078605
IGLON5,DMD,-0.020203935
MUC5AC,DMD,-0.01561664
MXD3,DMD,-0.09507356
CRIP2,DMD,-0.012789841
HAMP,DMD,-0.018051254
ANKS6,DMD,-0.0061317952
MOSPD3,DMD,-0.0147776455
MRPL23,DMD,-0.027803207
BLM,DMD,-0.09406854
ASTL,DMD,-0.030523075
ARMCX6,DMD,-0.03230061
SOX11,DMD,-0.019482039
PEBP4,DMD,-0.011826067
MEF2D,DMD,-0.016206175
LYPD6,DMD,-0.036099058
CDC37L1,DMD,-0.014436366
PARPBP,DMD,-0.018063456
RAB11A,DMD,-0.040666882
AMY2A,DMD,-0.019172546
PIGC,DMD,-0.009174789
ETV4,DMD,-0.04277055
ABHD11,DMD,-0.041476257
ZNF331,DMD,-0.024892917
FGF13,DMD,-0.015185118
H1-1,DMD,-0.01952419
WDR93,DMD,-0.016606119
ERRFI1,DMD,-0.031285647
TMEM179B,DMD,-0.017485157
NUP210L,DMD,-0.019079346
C3orf80,DMD,-0.019145606
ZNF648,DMD,-0.013476704
TCEAL1,DMD,-0.038150772
PLOD1,DMD,-0.079454124
IDH3G,DMD,-0.022523329
AANAT,DMD,-0.007903849
TRHR,DMD,-0.041888155
ZFAND2A,DMD,-0.0021765607
FUNDC2,DMD,-0.0013379041
GLIPR1L2,DMD,-0.019140664
ZNF20,DMD,-0.007833974
KRTAP17-1,DMD,-0.032870058
EBLN2,DMD,-0.011197528
AP1M1,DMD,-0.03139144
LRRC39,DMD,-0.014489356
TRPM8,DMD,-0.023448667
CHCHD7,DMD,-0.02627429
CHP1,DMD,-0.016231077
ABCB7,DMD,-0.008480451
SYTL2,DMD,-0.015320492
ZNF138,DMD,-0.016925499
WBP1L,DMD,-0.01594879
WDFY3,DMD,-0.031048955
APOC1,DMD,-0.0069975555
IRF5,DMD,-0.0059468434
STRA6,DMD,-0.02362978
C4orf47,DMD,-0.00517879
FAM104B,DMD,-0.008263183
PLEKHJ1,DMD,-0.051106792
SLC25A6,DMD,-0.06668523
CATSPER4,DMD,-0.018479079
RBM34,DMD,-0.0023307614
SST,DMD,-0.0057230224
DCPS,DMD,-0.025169339
NLGN2,DMD,-0.027840873
BCL2A1,DMD,-0.008749001
GFI1,DMD,-0.039073437
CXCR5,DMD,-0.017257268
TMEM218,DMD,-0.027846107
RNF145,DMD,-0.015046492
MARCKS,DMD,-0.023223156
PSTPIP2,DMD,-0.007847021
F5,DMD,-0.017073296
APOOL,DMD,-0.053344507
DHRS4,DMD,-0.025430476
TENT5A,DMD,-0.0074824463
PARP12,DMD,-0.024353454
AADAT,DMD,-0.032524783
ELF4,DMD,-0.016343081
MTCL1,DMD,-0.012858551
TMEM115,DMD,-0.021722764
SYNJ2,DMD,-0.013292406
FAM50A,DMD,-0.048048243
STKLD1,DMD,-0.0073503484
PDIA5,DMD,-0.011603137
CTRB1,DMD,-0.013481482
CXCL2,DMD,-0.035704657
EGLN3,DMD,0.00046773703
CCDC177,DMD,-0.017586023
TRADD,DMD,-0.021062713
DNPEP,DMD,-0.06531799
UQCRC1,DMD,-0.010071785
PHYHD1,DMD,-0.013416722
ZNF233,DMD,-0.012205184
BMP6,DMD,-0.016484374
TMC1,DMD,-0.019771049
SMAD9,DMD,-0.016920127
ACR,DMD,-0.009148807
KPNA7,DMD,-0.025126224
TRMU,DMD,-0.069168925
ARMS2,DMD,-0.004525193
TPM3,DMD,-0.0016608161
CLVS1,DMD,-0.0058807004
PAIP2B,DMD,-0.022000423
C3orf18,DMD,-0.0076519335
TXNDC8,DMD,-0.0140882665
NUP62CL,DMD,-0.012994257
ACE,DMD,-0.021372713
CYYR1,DMD,-0.0035446424
ARID4B,DMD,-0.008589576
INTS6L,DMD,-0.015366727
PRC1,DMD,-0.0023849262
HSF2BP,DMD,-0.024779454
TRIM44,DMD,-0.013480863
SPRN,DMD,-0.0072956034
GGACT,DMD,-0.03631894
ZNF532,DNAH10,-0.01085599
ZC3H3,DNAH10,-0.009704654
AL139142.2,DNAH10,-0.13458535
ALG13,DNAH10,-0.012335027
SHROOM2,DNAH10,-0.008074567
SLC25A22,DNAH10,-0.04766512
RNF150,DNAH10,-0.018253567
TMEM44,DNAH10,-0.024664758
GNRHR,DNAH10,-0.03075508
CXCL14,DNAH10,-0.03155472
CASQ1,DNAH10,-0.032229234
GP1BA,DNAH10,-0.017047832
ONECUT2,DNAH10,-0.0110338265
GLCE,DNAH10,-0.018500365
MATK,DNAH10,-0.03144675
IL36A,DNAH10,-0.04633821
ZNF774,DNAH10,-0.03309791
PRXL2B,DNAH10,-0.068605505
TMPRSS6,DNAH10,-0.022268334
RBP1,DNAH10,-0.059055995
IFIT2,DNAH10,-0.007970979
ATG9B,DNAH10,-0.05597747
ABTB2,DNAH10,-0.07323356
FKBP5,DNAH10,-0.014914118
KRT37,DNAH10,-0.100573026
RANBP17,DNAH10,-0.011175881
DAND5,DNAH10,-0.014033174
GJB7,DNAH10,-0.22224006
TMEM163,DNAH10,-0.018890956
PRKACA,DNAH10,-0.2697417
MUC3A,DNAH10,-0.07713102
CCDC192,DNAH10,-0.040395577
TIMP2,DNAH10,-0.046024386
NUCB1,DNAH10,-0.02976085
GDF3,DNAH10,-0.0579864
UNC5CL,DNAH10,-0.042695463
NEURL1B,DNAH10,-0.028041983
CSGALNACT2,DNAH10,-0.07821672
GEMIN7,DNAH10,-0.04587602
SCN4B,DNAH10,-0.038992524
GNB5,DNAH10,-0.3461188
SKOR1,DNAH10,-0.2097675
JDP2,DNAH10,-0.031122496
PTGR1,DNAH10,-0.01025267
SEC14L6,DNAH10,-0.01056365
B3GAT1,DNAH10,-0.01572668
IL4I1,DNAH10,-0.08777257
MAPK8IP2,DNAH10,-0.15965155
ZNF296,DNAH10,-0.029846631
PSRC1,DNAH10,-0.034545418
ZNF577,DNAH10,-0.02181583
HJURP,DNAH10,-0.22436506
CPZ,DNAH10,-0.03548006
SLC28A1,DNAH10,-0.032515664
MAGEE1,DNAH10,-0.032249723
CAPN13,DNAH10,-4.2031745e-05
REEP6,DNAH10,-0.0475716
XG,DNAH10,-0.01997687
GRAMD1C,DNAH10,-0.07380889
DTWD1,DNAH10,-0.04091424
CD55,DNAH10,-0.026627038
SCYL2,DNAH10,-0.016190717
MIDN,DNAH10,-0.060018234
CRYZ,DNAH10,-0.0061468827
CNN2,DNAH10,-0.117699526
SNCAIP,DNAH10,-0.0031196573
POLR2M,DNAH10,-0.055426802
BICD1,DNAH10,-0.1245574
EXD3,DNAH10,-0.021095052
TSC22D4,DNAH10,-0.048974846
SHANK3,DNAH10,-0.02588953
ASPA,DNAH10,-0.48265675
RELL2,DNAH10,-0.048150796
ACP7,DNAH10,-0.030524904
GUSB,DNAH10,-0.052538496
BCO2,DNAH10,-0.059143394
CDH17,DNAH10,-0.04024093
GABRR1,DNAH10,-0.080881074
TMEM151A,DNAH10,-0.038594875
TMEM255B,DNAH10,-0.04867597
FOXH1,DNAH10,-0.019995246
XKRX,DNAH10,-0.09359615
FBXO39,DNAH10,-0.05353345
TRIM66,DNAH11,-0.026938349
RNLS,DNAH11,-0.03864426
SNX13,DNAH11,-0.014168312
ACRBP,DNAH11,-0.055498853
KPNA5,DNAH11,-0.03105747
NUDT2,DNAH11,-0.016213356
TMX2,DNAH11,-0.06595253
NSMCE3,DNAH11,-0.042019226
ACAT1,DNAH11,-0.041404955
ALDH5A1,DNAH11,-0.0106464755
PKIB,DNAH11,-0.033190373
MT-CO2,DNAH11,-0.0159579
FAM3D,DNAH11,-0.027370263
ENO2,DNAH11,-0.1788156
PTCHD1,DNAH11,-0.25574845
RUNX2,DNAH11,-0.00533182
GPAT2,DNAH11,-0.067942604
TRAPPC2B,DNAH11,-0.12902528
OLFM1,DNAH11,-0.0288258
CATSPER2,DNAH11,-0.051187906
MAP3K13,DNAH11,-0.021937884
TSGA10IP,DNAH11,-0.007983336
INPP4B,DNAH11,-0.042081192
ZNF222,DNAH11,-0.07836855
POLDIP2,DNAH11,-0.059810426
SHPRH,DNAH11,-0.0051169465
INAFM2,DNAH11,-0.037236504
USH1C,DNAH11,-0.09257677
SRM,DNAH11,-0.031691965
COLEC11,DNAH11,-0.41983452
SLC25A27,DNAH11,-0.026998674
KRT36,DNAH11,-0.019390825
DEGS1,DNAH11,-0.022044566
PAEP,DNAH11,-0.03293537
H4C9,DNAH11,-0.032625377
CKS2,DNAH11,-0.07607332
TOP1MT,DNAH11,-0.015884928
STAT3,DNAH11,-0.035785448
ROBO3,DNAH11,-0.021945048
DTHD1,DNAH11,-0.014139384
COMMD8,DNAH11,-0.42600787
MSLN,DNAH11,-0.036296193
ZNF14,DNAH11,-0.071665436
ADAMTSL3,DNAH11,-0.16497463
H1-5,DNAH11,-0.04913628
PTPA,DNAH11,-0.03333857
RRP1,DNAH11,-0.04214187
MAT2A,DNAH11,-0.091808826
PLEKHO1,DNAH11,-0.05894305
CXorf38,DNAH11,-0.14775422
BICDL2,DNAH11,-0.04769806
SNX25,DNAH11,-0.029027088
AGBL1,DNAH11,-0.033883892
SLC29A3,DNAH11,-0.028458456
TRAPPC12,DNAH11,-0.038370114
TMEM191B,DNAH11,-0.028401604
ZNF669,DNAH11,-0.084203616
SSTR2,DNAH11,-0.031137872
HOXC8,DNAH11,-0.08461882
BIK,DNAH11,-0.011575946
NUDT1,DNAH11,-0.052319936
H2BC4,DNAH11,-0.07521999
CACNA2D1,DNAH11,-0.005790105
ZHX1,DNAH11,-0.0050487774
RAB3C,DNAH11,-0.004003327
AMZ1,DNAH11,-0.038206086
LHFPL5,DNAH11,-0.05825712
ZBTB37,DNAH11,-0.8005085
TMEM161A,DNAH11,-0.193123
GOLM2,DNAH2,-0.025972228
SFTPA2,DNAH2,-0.006279562
MMP21,DNAH2,-0.05870852
FBXO41,DNAH2,-0.021063954
CABYR,DNAH2,-0.012708732
OSBPL7,DNAH2,-0.05705255
PDZK1,DNAH2,-0.0068395273
SKIDA1,DNAH2,-0.0008778758
PIK3CB,DNAH2,-0.026607467
NKAIN4,DNAH2,-0.03210672
KCNK16,DNAH2,-0.09816078
IQSEC3,DNAH2,-0.011951718
AL358113.1,DNAH2,-0.0030338226
PTPRM,DNAH2,-0.04386778
ART3,DNAH2,-0.013483633
LY6G6C,DNAH2,-0.044507723
EIF1,DNAH2,-0.06752386
SKP1,DNAH2,-0.018718263
ITGA2,DNAH2,-0.05834025
AMY2B,DNAH2,-0.101443246
ZNF649,DNAH2,-0.01662732
PCCB,DNAH2,-0.13128173
MAN1C1,DNAH2,-0.061031286
SOGA1,DNAH2,-0.012065856
CCDC189,DNAH2,-0.010580478
ZNF549,DNAH2,-0.038331244
ADAMTS18,DNAH2,-0.024226546
H1-4,DNAH2,-0.06076973
ZIC2,DNAH2,-0.06755052
CPNE5,DNAH2,-0.018976357
SMIM13,DNAH2,-0.024053385
IRS2,DNAH2,-0.04926775
ANO5,DNAH2,-0.016006242
MPP3,DNAH2,-0.08702887
PIWIL2,DNAH2,-0.031788766
ANKZF1,DNAH2,-0.02381118
TGIF1,DNAH2,-0.06537735
CORO2B,DNAH2,-0.04439519
RHBDL3,DNAH2,-0.09529361
RNF165,DNAH2,-0.12159145
TNK1,DNAH2,-0.006073388
DPH1,DNAH2,-0.014746048
TNIK,DNAH2,-0.013669372
IFNL2,DNAH2,-0.019868007
FNDC4,DNAH2,-0.08766927
LGALS4,DNAH2,-0.16042998
SIRPA,DNAH2,-0.011260137
DLG3,DNAH2,-0.01402395
SHROOM1,DNAH2,-0.059646294
SOCS3,DNAH2,-0.054528773
ACKR1,DNAH2,-0.136166
ZNF813,DNAH2,-0.011236575
FCER1A,DNAH2,-0.02534781
EBF4,DNAH2,-0.07293236
KAT6B,DNAH2,-0.016677937
COL23A1,DNAH2,-0.024131365
MYLK4,DNAH2,-0.03544184
GPT2,DNAH2,-0.023085428
ARMCX1,DNAH2,-0.03689494
MTMR3,DNAH2,-0.020296417
ZNF599,DNAH2,-0.034082092
ADGRB1,DNAH2,-0.02405262
TPSG1,DNAH2,-0.07700559
CD99,DNAH2,-0.035645265
SPIN2B,DNAH2,-0.03753309
EEF1D,DNAH2,-0.049939964
SAMD11,DNAH2,-0.02254042
HGD,DNAH2,-0.0244067
IBA57,DNAH2,-0.021171836
NANOS3,DNAH2,-0.011192594
ACOXL,DNAH2,-0.041774042
KRTAP5-9,DNAH2,-0.015117834
POU5F2,DNAH2,-0.06542044
SYT6,DNAH2,-0.018232664
KLK2,DNAH2,-0.12343887
BTBD19,DNAH2,-0.011360608
PNMA8A,DNAH2,-0.01790861
ULBP3,DNAH2,-0.011414664
H1-2,DNAH2,-0.030500576
CLGN,DNAH2,-0.033800583
C1orf53,DNAH2,-0.054916866
HUS1B,DNAH2,-0.037721083
SLC22A1,DNAH2,-0.02087071
TMSB15B,DNAH2,-0.042369664
PINLYP,DNAH2,-0.019280514
NBDY,DNAH2,-0.14543486
GSTO2,DNAH2,-0.033052467
CYBRD1,DNAH2,-0.0349625
CEACAM3,DNAH2,-0.047099896
SEPTIN3,DNAH2,-0.028219618
ITGA7,DNAH2,-0.16349825
GEMIN8,DNAH2,-0.025561979
SGCA,DNAH2,-0.0035995194
PSMA7,DNAH2,-0.011238569
MYC,DNAH2,-0.012597665
COL21A1,DNAH2,-0.0042232964
MSH5-SAPCD1,DNAH2,-0.06311664
WASH6P,DNAH2,-0.0048254863
WDR27,DNAH2,-0.047264833
TPSB2,DNAH2,-0.1972163
H4C2,DNAH2,-0.030477282
SLC16A14,DNAH2,-0.003630314
MYLK3,DNAH2,-0.06881374
LCE1C,DNAH2,-0.04850149
USP21,DNAH2,-0.031620022
CD164L2,DNAH2,-0.024746671
PLIN2,DNAH2,-0.14191031
CDH24,DNAH2,-0.0340047
ESRRG,DNAH2,-0.041441064
UCN,DNAH2,-0.055915747
VWA5A,DNAH2,-0.038413383
ZBTB4,DNAH2,-0.002092539
DIAPH1,DNAH6,-0.0034507213
COL20A1,DNAH6,-0.0035605722
TREX2,DNAH6,-0.009979997
HDAC1,DNAH6,-0.009171733
CLPP,DNAH6,-0.03269952
EIF2S3B,DNAH6,-0.026535053
GPR22,DNAH6,-0.030827193
HOXA3,DNAH6,-0.016130207
CHUK,DNAH6,-0.009998389
ZNF683,DNAH6,-0.02837832
PKD2L1,DNAH6,-0.0358848
MEGF9,DNAH6,-0.009147714
CA11,DNAH6,-0.025236787
HS6ST2,DNAH6,-0.017237676
PKIB,DNAH6,-0.019834653
LGALS4,DNAH6,-0.008269852
PATE2,DNAH6,-0.028239882
VRK2,DNAH6,-0.0018731562
CKM,DNAH6,-0.025631597
ARHGAP4,DNAH6,-0.033071864
TMEM35B,DNAH6,-0.079670556
GOT2,DNAH6,-0.04883338
DDIAS,DNAH6,-0.022184564
PTP4A1,DNAH6,-0.028377399
GRK4,DNAH6,-0.018890437
TGFB1,DNAH6,-0.016722519
MUCL1,DNAH6,-0.008765346
UTS2R,DNAH6,-0.02674541
GBP2,DNAH6,-0.020051565
MIER2,DNAH6,-0.033535216
RNF223,DNAH6,-0.18708946
FURIN,DNAH6,-0.2424516
AKAP9,DNAH6,-0.059335314
ZNF474,DNAH6,-0.018875536
ME1,DNAH6,-0.066098556
SLC5A9,DNAH6,-0.04472526
ABCF1,DNAH6,-0.009725409
CCDC163,DNAH6,-0.28773382
SAMD5,DNAH6,-0.113755286
TSPYL2,DNAH6,-0.03352987
IRAK3,DNAH6,-0.06776065
PI3,DNAH6,-0.00623597
POTEF,DNAH6,-0.035206813
SLC31A1,DNAH6,-0.032904
HHEX,DNAH6,-0.050151505
TRMT12,DNAH6,-0.045707524
EIF4E,DNAH6,-0.029461622
UGT1A9,DNAH6,-0.02321854
TTC16,DNAH6,-0.11064041
LAMB4,DNAH6,-0.023236167
CENPN,DNAH6,-0.07131995
CYTL1,DNAH6,-0.024518797
SIAH2,DNAH6,-0.02807511
CASK,DNAH6,-0.029467838
SYNJ2BP-COX16,DNAH6,-0.0958765
PI16,DNAH6,-0.019099703
AARS1,DNAH6,-0.0078088487
UBA1,DNAH6,-0.027935049
ELAC1,DNAH6,-0.017370706
LIMD2,DNAH6,-0.002964637
ZNF624,DNAH6,-0.012704714
TSKS,DNAH6,-0.021448841
RGS5,DNAH6,-0.027516747
KLK5,DNAH6,-0.018094907
ECHDC3,DNAH6,-0.03166283
SLC17A7,DNAH6,-0.19252793
CD59,DNAH6,-0.04264155
FBP2,DNAH6,-0.11797033
PACSIN3,DNAH6,-0.022380255
SPAG6,DNAH6,-0.018997708
FADS2,DNAH6,-0.016980607
EIF4H,DNAH6,-0.052088477
PDE4DIP,DNAH6,-0.010295154
C1QTNF9B,DNAH6,-0.025266042
EPS8L2,DNAH6,-0.013028349
RCL1,DNAH6,-0.094779454
RP1,DNAH6,-0.11443641
ZNF318,DNAH6,-0.00971279
GGT1,DNAH6,-0.0557094
AKR1C1,DNAH6,-0.012121344
STK31,DNAH6,-0.09666726
LRRC43,DNAH6,-0.22496867
CUL7,DNAH6,-0.010976931
GRM2,DNAH6,-0.023548748
SLC5A11,DNAH6,-0.032843985
OGA,DNAH6,-0.022579357
SPSB2,DNAH6,-0.025867613
HIPK4,DNAH6,-0.02906114
SEPTIN3,DNAH6,-0.015186053
COG8,DNAH6,-0.019618642
FAXDC2,DNAH6,-0.009997233
DGKG,DNAH6,-0.020300621
GNAT2,DNAH6,-0.015718108
NMT2,DNAH6,-0.024426127
GJA3,DNAH6,-0.021851188
PTPN20,DNAH6,-0.048560593
RPL35A,DNAH6,-0.041898787
RBPMS2,DNAH6,-0.020093651
LHFPL4,DNAH6,-0.036524102
FAM114A1,DNAH6,-0.38829607
SLURP1,DNAH6,-0.031243607
RELT,DNAH6,-0.04626234
MMP3,DNAH6,-0.020269124
RORA,DNAH6,-0.029654935
ACP1,DNAH6,-0.014781808
MORN2,DNAH6,-0.07010273
FAM214B,DNAH8,-0.012896243
SERPINB5,DNAH8,-0.0043772208
AMN,DNAH8,-0.011553323
CYSRT1,DNAH8,-0.038648658
PCED1A,DNAH8,-0.007388705
LIMK1,DNAH8,-0.0032514867
SLC35B4,DNAH8,-0.17691754
LENG1,DNAH8,-0.02050579
NBEA,DNAH8,-0.062640876
GSDMD,DNAH8,-0.49824452
RAD9B,DNAH8,-0.021494942
RTN4IP1,DNAH8,-0.008882429
C1orf131,DNAH8,-0.042841163
LETM2,DNAH8,-0.1492978
NFKBIZ,DNAH8,-0.00817425
PINK1,DNAH8,-0.030616658
CARMIL3,DNAH8,-0.060164146
GPR78,DNAH8,-0.1847362
CPM,DNAH8,-0.03208489
DTX1,DNAH8,-0.0306813
ABCG1,DNAH8,-0.18589988
HS6ST2,DNAH8,-0.039701935
ZNF776,DNAH8,-0.025044346
PRSS22,DNAH8,-0.061672825
LPO,DNAH8,-0.122912295
NSMAF,DNAH8,-0.050138656
TAMALIN,DNAH8,-0.020955414
FIBIN,DNAH8,-0.042088866
SLC25A5,DNAH8,-0.026318925
MTRES1,DNAH8,-0.023919957
NUDT2,DNAH8,-0.0011128254
ZDHHC8,DNAH8,-0.016193163
CYFIP2,DNAH8,-0.033911593
NEURL1B,DNAH8,-0.029707978
NOS1AP,DNAH8,-0.07136172
RHOBTB2,DNAH8,-0.030222543
PIP4P2,DNAH8,-0.025192933
PBDC1,DNAH8,-0.04719431
PLEKHA2,DNAH8,-0.004011003
SLC35E3,DNAH8,-0.01637065
IDNK,DNAH8,-0.0369327
MRPL15,DNAH8,-0.027572595
HK2,DNAH8,-0.029916886
SRSF12,DNAH8,-0.03092397
DACT2,DNAH8,-0.0324443
ORC1,DNAH8,-0.015920615
LBHD1,DNAH8,-0.011087157
CDC42EP3,DNAH8,-0.07642806
MRPL41,DNAH8,-0.03949231
ZNF419,DNAH8,-0.016041908
ACTRT3,DNAH8,-0.0028620698
CCDC177,DNAH8,-0.03575495
HPN,DNAH8,-0.034204736
C13orf42,DNAH8,-0.03406802
NAA30,DNAH8,-0.024223663
SORBS3,DNAH8,-0.26004297
ABCA1,DNAH8,-0.045134403
IRS2,DNAH8,-0.032068558
MRPS24,DNAH8,-0.010738248
CTSV,DNAH8,-0.059242092
VGLL1,DNAH8,-0.03492603
SNCA,DNAH8,-0.55785376
RAB41,DNAH8,-0.025279973
FAR2,DNAH8,-0.056023624
FANCC,DNAH8,-0.01882553
ZFAT,DNAH8,-0.013557393
AGTRAP,DNAH8,-0.039596587
SLC5A12,DNAH8,-0.05268092
ARRDC5,DNAH8,-0.041512128
MARCHF3,DNAH8,-0.03472685
ZNF467,DNAH8,-0.06465924
TMEM9,DNAH8,-0.018395653
C2CD4D,DNAH8,-0.121123515
CAMK1D,DNAH8,-0.031153152
AFG1L,DNAH8,-0.014871178
WASF1,DNAH8,-0.14494254
ELOVL5,DNAH8,-0.028757313
RAD54L,DNAH8,-0.26233318
KCNIP3,DNAH8,-0.006979496
FHAD1,DNAH8,-0.122870445
GOLGA8M,DNAH8,-0.020970281
CDC42EP5,DNAH8,-0.03630276
NOX1,DNAH8,-0.035992417
SLC2A4,DNAH9,-0.0018147086
INKA2,DNAH9,-0.009671238
FBLN2,DNAH9,-0.05289147
TTC26,DNAH9,-0.013375689
LCN8,DNAH9,-0.028460493
PEX14,DNAH9,-0.02362941
VPS18,DNAH9,-0.0129733225
KCNJ6,DNAH9,-0.12906705
MYLK,DNAH9,-0.03183888
TLCD5,DNAH9,-0.012125782
MUC12,DNAH9,-0.026388057
ANK2,DNAH9,-0.08293555
DUSP15,DNAH9,-0.04121728
SRRD,DNAH9,-0.020500412
MAPT,DNAH9,-0.10893087
TGFB3,DNAH9,-0.009765111
EEF1D,DNAH9,-0.022557937
RTL8B,DNAH9,-0.023905307
ILDR2,DNAH9,-0.31123906
LXN,DNAH9,-0.021307413
KCNK6,DNAH9,-0.033263937
FAM86B1,DNAH9,-0.040171243
IGF2R,DNAH9,-0.022284413
ONECUT1,DNAH9,-0.036015216
NPR1,DNAH9,-0.03971213
SPHK2,DNAH9,-0.0507332
TLNRD1,DNAH9,-0.03810983
USP18,DNAH9,-0.06860775
FBXL22,DNAH9,-0.046141237
LRRC63,DNAH9,-0.21472953
NEUROG1,DNAH9,-0.027086407
NR2C2,DNAH9,-0.008201984
ZDHHC24,DNAH9,-0.07148164
NR6A1,DNAH9,-0.046515368
FER1L5,DNAH9,-0.010942312
PRR19,DNAH9,-0.041023888
ZBTB40,DNAH9,-0.046481315
ZFP30,DNAH9,-0.008283493
NOX5,DNAH9,-0.013151654
MKRN3,DNAH9,-0.04194535
UNK,DNAH9,-0.02653081
SNTG2,DNAH9,-0.048157554
HOXA5,DNAH9,-0.027353294
CACNA1E,DNAH9,-0.029185588
IKZF4,DNAH9,-0.17065626
TRABD2A,DNAH9,-0.044415034
SUSD5,DNAH9,-0.041084103
BABAM2,DNAH9,-0.091742136
GALNT2,DNAH9,-0.022452584
NTF3,DNAH9,-0.020203808
MAST1,DNAH9,-0.4733582
CCDC194,DNAH9,-0.035608184
PPP2R5D,DNAH9,-0.042361695
PCK2,DNAH9,-0.029460385
INTS5,DNAH9,-0.03603394
MAN2B1,DNAH9,-0.053045552
C4orf50,DNAH9,-0.08744247
CRYBB1,DNAH9,-0.027958453
SZRD1,DNAH9,-0.035364196
DAAM1,DNAH9,-0.122588456
CNKSR3,DNAH9,-0.041931637
CEP164,DNAH9,-0.0051953266
MANSC4,DNAH9,-0.04104363
ONECUT3,DNAH9,-0.022689858
EMCN,DNAH9,-0.059716243
ADORA2A,DNAH9,-0.032302313
TTL,DNAH9,-0.04853943
RPP25,DNAH9,-0.041781906
ALK,DNAH9,-0.0268183
LCAT,DNAH9,-0.024142709
NPIPB11,DNAH9,-0.021905266
PDE8A,DNAH9,-0.23076041
TPX2,DNAH9,-0.032928925
NKPD1,DNAH9,-0.027793393
NPIPA2,DNAH9,-0.077950425
TULP1,DNAH9,-0.028056633
SLC25A17,DNAH9,-0.013771303
DMKN,DNAH9,-0.027079042
MT-ND2,DNAH9,-0.015457145
SESN2,DNAH9,-0.011978388
ZNF587B,DNAH9,-0.030944787
UNC13B,DNAH9,-0.040010203
KLHL29,DNAH9,-0.010930177
GDF3,DNAH9,-0.027665133
TNFRSF11A,DNAH9,-0.025197834
RYR2,DNAH9,-0.09350062
ARID3A,DNAH9,-0.035030387
PPP1R3B,DNAH9,-0.089290544
SCN4B,DNAH9,-0.043536365
MMP15,DNAH9,-0.019416813
AKR1B1,DNAH9,-0.047725964
PRAG1,DNAH9,-0.08953488
CXXC1,DNAH9,-0.0081891185
GRAMD2A,DNAH9,-0.03250616
RPS6KL1,DNAH9,-0.015721062
PHYHIP,DNAH9,-0.029271245
PPM1N,DNAH9,-0.04740209
SACS,DNAH9,-0.03537684
FJX1,DNAH9,-0.090506256
PCCA,DOCK11,-0.09079243
PITPNM2,DOCK11,-0.009654094
NEIL1,DOCK11,-0.0698889
BST1,DOCK11,-0.01973341
BRD1,DOCK11,-0.009925121
SPATA25,DOCK11,-0.10626854
C8orf89,DOCK11,-0.023127116
SLC28A1,DOCK11,-0.022910219
HNRNPH1,DOCK11,-0.02585376
ZBTB17,DOCK11,-0.03261886
TRMT10A,DOCK11,-0.0069976803
PAPPA,DOCK11,-0.06749113
OPALIN,DOCK11,-0.062961034
MRPS17,DOCK11,-0.17039168
PDSS1,DOCK11,-0.033172324
KLF4,DOCK11,-0.0021546064
GIPC2,DOCK11,-0.03983639
NLRC4,DOCK11,-0.016359137
TAB2,DOCK11,-0.024444053
ALG12,DOCK11,-0.04693033
USH1C,DOCK11,-0.018124854
DCTN3,DOCK11,-0.0065937014
STAP1,DOCK11,-0.028324416
SUMF1,DOCK11,-0.035729915
TGFB1I1,DOCK11,-0.033039194
HPS4,DOCK11,-0.028563166
EEF1AKMT3,DOCK11,-0.016993439
ZNF677,DOCK11,-0.011516818
HGS,DOCK11,-0.011448081
BBIP1,DOCK11,-0.033781983
ORAI2,DOCK11,-0.008341612
FOXL1,DOCK11,-0.054930083
TAFA3,DOCK11,-0.020454654
SH2D3A,DOCK11,-0.006579907
TRAPPC9,DOCK11,-0.028781291
ATP2B1,DOCK11,-0.09499912
HNRNPC,DOCK11,-0.39536968
ORC4,DOCK11,-0.06647416
PPP4R4,DOCK11,-0.0137192095
LRFN1,DOCK11,-0.030843817
SNCAIP,DOCK11,-0.051241305
CNTNAP4,DOCK11,-0.0182584
FRS3,DOCK11,-0.03693868
DTHD1,DOCK11,-0.021738255
INCA1,DOCK11,-0.03053137
ADO,DOCK11,-0.31488976
FGF23,DOCK11,-0.06562099
PPM1L,DOCK11,-0.13660152
NUDT12,DOCK11,-0.098379515
HNRNPA2B1,DOCK11,-0.003869364
C12orf71,DOCK11,-0.0039448715
MRO,DOCK11,-0.07787645
CYS1,DOCK11,-0.022068687
DLEC1,DOCK11,-0.060963936
FGFR4,DOCK11,-0.042935234
SRGAP3,DOCK11,-0.023497486
PPIG,DOCK11,-0.19787017
LGI4,DOCK11,-0.027327647
KRTAP10-11,DOCK11,-0.049363747
FAM124A,DOCK11,-0.025728103
APC,DOCK11,-0.08560258
NXF1,DOCK11,-0.072253466
KLK12,DOCK11,-0.018962136
CDK7,DOCK11,-0.12803178
TRAPPC3,DOCK11,-0.05659134
TRPC6,DOCK11,-0.063866004
ARSL,DOCK11,-0.031722132
IL21,DOCK11,-0.03698421
NFS1,DOCK11,-0.002603617
DTNA,DOCK11,-0.030759083
OR2A12,DOCK11,-0.06648568
TMEM63B,DOCK11,-0.10727195
SPRY2,DOCK11,-0.010685938
MS4A14,DOCK11,-0.09336075
MAD2L1,DOCK11,-0.05714978
ZNF282,DOCK11,-0.019847637
CCR2,DOCK11,-0.06775279
POC1B,DOCK11,-0.17896822
MGLL,DOCK11,-0.027878216
ENO1,DOCK11,-0.12853612
AADAC,DOCK11,-0.059598316
AURKC,DOCK11,-0.030150509
ZNF860,DOCK11,-0.10618312
PEX11G,DOCK11,-0.051340256
TTC31,DOCK11,-0.035182655
SPATA18,DOCK11,-0.104272485
XRCC6,DOCK11,-0.06833851
PUS10,DOCK11,-0.030387865
THEM6,DSP,-0.019132728
PEX26,DSP,-0.0013218538
PIWIL2,DSP,-0.01294245
GAST,DSP,-0.17789544
CBARP,DSP,-0.016191894
GABRA2,DSP,-0.0039462
EDA,DSP,-0.012615682
FBLL1,DSP,-0.18434455
RNF222,DSP,-0.063427255
DAW1,DSP,-0.031224124
FTO,DSP,-0.16768155
SERPINB8,DSP,-0.01754593
PIGK,DSP,0.002073925
KIF18B,DSP,-0.023340032
CHMP1B,DSP,-0.063419536
BSPRY,DSP,-0.041415285
ITPKA,DSP,-0.12945156
ZNF211,DSP,-0.08167431
CLDN5,DSP,-0.039591722
ANO7,DSP,-0.06881805
PIP4K2A,DSP,-0.014506488
EREG,DSP,-0.012711773
SCRT1,DSP,-0.042800166
SNX10,DSP,-0.2125508
DERA,DSP,-0.12546697
DNMT3B,DSP,-0.08446003
GPI,DSP,-0.109780736
RBFA,DSP,0.0008096066
KNL1,DSP,-0.02915999
SIRT4,DSP,-0.024248894
PCDHB2,DSP,-0.069846764
CLDN7,DSP,-0.019653073
COL6A1,DSP,-0.05869704
UNG,DSP,-0.059079047
RHBDL3,DSP,-0.25405875
TERT,DSP,-0.08043664
CYTL1,DSP,-0.034341417
TDRD10,DSP,-0.06443558
FAM189A2,DSP,-0.063892975
XIRP1,DSP,-0.028244775
ADGRG5,DSP,-0.025062487
RAB27B,DSP,-0.033493266
UNC79,DSP,-0.027130455
ACLY,DSP,-1.1598426
NDUFAF3,DSP,-0.025902562
HPSE2,DSP,-0.037466604
CHST12,DSP,-0.29626843
PHETA1,DSP,-0.039640058
KLHL29,DSP,-0.078885436
IRS2,DSP,-0.031636886
RASSF10,DSP,-0.18639977
XYLT1,DSP,-0.033369184
CRB3,DSP,-0.016251616
TCIM,DSP,-0.045493245
AGFG2,DSP,-0.048870984
CAST,DSP,-0.007648542
ZNF572,DSP,-0.027289988
GLA,DSP,-0.015670942
MAPK8IP1,DSP,-0.52228457
KDM7A,DSP,-0.015472678
GDF15,DYNC1H1,-0.009004538
SC5D,DYNC1H1,-0.026277082
FAF1,DYNC1H1,-0.0072130775
GFY,DYNC1H1,-0.11301562
AADACL3,DYNC1H1,-0.025587834
EML5,DYNC1H1,-0.022766024
PLEKHH3,DYNC1H1,-0.04758948
ZFR2,DYNC1H1,-0.009858919
C3AR1,DYNC1H1,-0.006379717
TNFRSF25,DYNC1H1,-0.014935424
FLVCR2,DYNC1H1,-0.031044811
ZNF569,DYNC1H1,-0.051230468
MBD4,DYNC1H1,-0.015544903
ZNF362,DYNC1H1,-0.005015026
PARP10,DYNC1H1,-0.09728325
TRIM38,DYNC1H1,-0.018953178
GPR158,DYNC1H1,-0.04307443
DDB2,DYNC1H1,-0.026779713
MAGEA3,DYNC1H1,-0.029152019
C11orf58,DYNC1H1,-0.028406281
NUDT19,DYNC1H1,-0.009161153
AL160269.1,DYNC1H1,-0.022911742
RRP15,DYNC1H1,-0.39926857
AL590560.2,DYNC1H1,-0.028261025
ATG5,DYNC1H1,-0.016539965
WNT5B,DYNC1H1,-0.020392107
ALPL,DYNC1H1,-0.013370946
SEPTIN5,DYNC1H1,-0.016087025
H4C11,DYNC1H1,-0.014109905
ZNF829,DYNC1H1,-0.11365506
ENO1,DYNC1H1,-0.02292813
OTOF,DYNC1H1,-0.039551135
ENHO,DYNC1H1,-0.1087908
BZW1,DYNC1H1,-0.025575588
ADGRV1,DYNC1H1,-0.041011617
C14orf132,DYNC1H1,-0.027554302
STC1,DYNC1H1,-0.054954443
EDIL3,DYNC1H1,-0.0052306675
FOXL2,DYNC1H1,-0.027491007
RRP12,DYNC1H1,-0.0536801
MPP3,DYNC1H1,-0.030037655
TAC3,DYNC1H1,-0.048127476
SPDL1,DYNC1H1,-0.16312079
DCTPP1,DYNC1H1,-0.02314108
TMC1,DYNC1H1,-0.055096522
HDAC7,DYNC1H1,-0.022576919
CAPNS1,DYNC1H1,-0.0046997783
POLR1B,DYNC1H1,-0.036751922
SLC25A19,DYNC1H1,-0.030084344
FTL,DYNC1H1,-0.026066031
RNF14,DYNC1H1,-0.07720069
TMEM94,DYNC1H1,-0.05801505
JAG1,DYNC1H1,-0.021092083
GATA2,DYNC1H1,-0.07466613
EID2,DYNC1H1,-0.052246716
CHGB,DYNC1H1,-0.029014237
ZNF551,DYNC1H1,-0.05900789
MFSD2A,DYNC1H1,-0.03994585
PIWIL4,DYNC1H1,-0.12520467
CASTOR2,DYNC1H1,-0.031759657
CD209,DYNC1H1,-0.016032526
RFLNB,DYNC1H1,-0.0695666
NLGN4X,DYNC1H1,-0.03997248
FGF1,DYNC1H1,-0.05582567
CALCA,DYNC1H1,-0.036664836
HIGD1B,DYNC1H1,-0.30138433
SLN,DYNC1H1,-0.20204173
LPL,DYNC1H1,-0.05703158
POTEF,DYNC1H1,-0.052273564
B4GALNT3,DYNC1H1,-0.030238604
BNIP3,DYNC1H1,-0.04327211
ATP10B,DYNC1H1,-0.18706867
KDM4D,DYNC1H1,-0.22928165
CLDN6,DYNC1H1,-0.13943812
FAM241A,DYNC1H1,-0.11852986
ENDOD1,DYNC1H1,-0.12362063
MED12L,DYNC1H1,-0.036863044
TSHZ3,DYNC1H1,-0.039221454
NOL10,DYNC1H1,-0.03600428
DNAJB2,DYNC1H1,-0.009858106
SPOCD1,DYNC1H1,-0.024942597
CPNE9,DYNC1H1,-0.028661666
TMEM220,DYNC1H1,-0.0241223
KIF3A,DYNC1H1,-0.023400642
ZNF75A,DYNC1H1,-0.017545283
PSMD7,DYNC1H1,-0.07708566
CCL7,DYNC1H1,-0.050884485
EPYC,DYNC1H1,-0.025900695
KRT74,DYNC1H1,-0.01642289
ZC3H12B,DYNC1H1,-0.08267175
RIPOR1,DYNC1H1,-0.0013050316
MAGEA4,DYNC1H1,-0.033503752
STS,DYNC1H1,-0.01761004
HERC2,EP300,-0.0022593013
BIRC7,EP300,-0.02744635
DBI,EP300,-0.01592353
SIM2,EP300,-0.002591323
SLC6A12,EP300,-0.0053324387
BDKRB2,EP300,-0.024491886
PKIG,EP300,-0.020215461
CYP2E1,EP300,-0.00033955494
MMP17,EP300,-0.020448118
P3H4,EP300,-0.008076121
B4GALT4,EP300,-0.10205495
LONRF1,EP300,-0.0012898551
ZFP28,EP300,-0.0015362289
GATC,EP300,-0.012748525
ALDH1L1,EP300,-0.06479742
EFCAB8,EP300,-0.018500127
GDA,EP300,-0.03647335
RASL10B,EP300,-0.00391479
FBRSL1,EP300,-0.031753402
SLC5A11,EP300,-0.007046578
TRMT2B,EP300,-0.007924117
GRP,EP300,-0.033017695
PCDHB2,EP300,-0.014917604
COL27A1,EP300,-0.1405353
ENPP5,EP300,-0.014268297
DMBT1,EP300,-0.07870948
PDE10A,EP300,-0.027104005
RBM44,EP300,-0.025623554
TRDMT1,EP300,-0.024495503
CDH22,EP300,-0.010111249
MATR3,EP300,-0.0074635516
CLEC14A,EP300,-0.02286379
CCDC28B,EP300,-0.022519834
STRA8,EP300,-0.011359639
SFXN3,EP300,-0.0073311916
CLDN5,EP300,-0.08407876
NT5E,EP300,-0.026694532
ZNF256,EP300,-0.05637322
SDR16C5,EP300,-0.019689055
SPIDR,EP300,-0.016205976
TMEM94,EP300,-0.015846107
M1AP,EP300,-0.0153896175
CEP295NL,EP300,-0.019722471
SPINK5,EP300,-0.037978757
DZIP1L,EP300,-0.024407681
ZNF784,EP300,-0.005870047
ANXA3,EP300,-0.03460907
SCARA3,EP300,-0.011185544
TUBA1B,EP300,-0.019345235
IL13RA2,EP300,-0.06715337
ZNF708,EP300,-0.0044104313
MOCS1,EP300,0.00036557563
AGR2,EP300,-0.019802514
AC004922.1,EP300,-0.01721648
FAM81A,EP300,-0.0085238535
MOGAT2,EP300,-0.030120287
CTTN,EP300,-0.0068753352
LRAT,EP300,-0.027718548
ESPL1,EP300,-0.009555775
ZDHHC22,EP300,-0.023778515
GIPR,EP300,-0.04162413
PLD4,EP300,-0.02024382
AL358113.1,EP300,-0.016686855
NBPF19,EP300,-0.013344851
KCNS1,EP300,-0.0009717243
NXNL2,EP300,-0.016065132
H2BC8,EP300,-0.019459521
RTN4R,EP300,-0.010673465
LCE3D,EP300,-0.021757964
ZNF296,EP300,-0.018892907
PCDHB14,EP300,-0.02530028
OR7G2,EP300,-0.0051431367
CCDC146,EP300,-0.025736505
RHD,EP300,-0.1032046
ADAM21,EP300,-0.010412798
HSCB,EP300,-0.013204004
SDHAF2,EP300,-0.030995019
BLVRA,EP300,-0.0114810765
CAMP,EP300,-0.016609488
CTSA,EP300,-0.0050342376
FCGBP,EP300,-0.04152989
COX6B2,EP300,-0.0056066117
EVC2,EP300,-0.026355082
UBXN2B,EP300,-0.010086774
RRM2B,EP300,-0.010358061
RPL13A,EP300,-0.017941216
SERPINB11,EP300,-0.03025138
SHISA2,EP300,-0.3533581
SLC7A4,EP300,-0.014976785
MAP2K7,EP300,-0.03353999
MYH7B,EP300,-0.008243673
GCGR,EP300,-0.016101727
ASCL1,EP300,-0.015148587
RSPO4,EP300,-0.08142655
NPPA,EP300,-0.01433762
NUTM2A,EP300,-0.007582317
ADGRL1,EP300,-0.09595801
PLPPR5,EP300,-0.015099289
MINDY1,EP300,-0.018166305
CLSTN1,EP300,-0.017810225
POLR2E,EP300,-0.042908043
SECISBP2L,EP300,-0.0033143593
NME9,EP300,-0.010676196
TMEM232,EP300,-0.017184028
TMEM161A,EP300,-0.0108576
RADX,EP300,-0.017706653
PAEP,EP300,-0.037063923
FOCAD,EP300,-0.00814493
IFNAR2,EP300,-0.014385891
MAGEB17,EP300,-0.028915951
GDAP1,EP300,-0.010058402
CNTN5,EP300,-0.035247035
L3MBTL4,EP300,-0.026334038
SYDE1,EP300,-0.014933973
PXDC1,EP300,-0.026429996
ANGPTL8,EP300,-0.011332734
CBX6,EP300,-0.094921164
ZC3H12A,EP300,-0.004438375
KPNA7,EP300,-0.014620701
P2RX7,EP300,-0.018481782
TRNP1,EP300,-0.055426408
IRF8,EP300,-0.022664335
OR10AD1,EP300,-0.007125748
CKAP4,EP300,-0.035291772
KLHL32,EP300,-0.013881451
CEACAM5,EP300,-0.0068801288
KIDINS220,EP300,0.0002555671
CDK5,EP300,-0.024902731
NINJ2,EP300,-0.009629666
FKBP1B,EP300,-0.02193718
ME2,EP300,-0.019604474
IGFL4,EP300,-0.016261049
MAP1S,EP300,-0.03369898
SCUBE1,EP300,-0.006246512
ITIH5,EP300,-0.011003456
CD59,EP300,-0.059396934
AMOTL1,EP300,-0.026514184
P4HTM,EP300,-0.0051984126
BRI3BP,EP300,-0.0036048281
CCR3,EP300,-0.011055013
EIF3H,EP300,-0.11819853
ZNF568,EP300,-0.026883382
FZD8,EP300,-0.01659895
GATM,EP300,-0.007875577
AK4,EP300,-0.01990648
TEF,EP300,-0.022005346
MAX,EP300,-0.025922077
TMEM121,EP300,-0.0094443485
TRPM8,EP300,-0.01956902
RIMS3,EP300,-0.113306955
SEMA6C,EP300,-0.015380233
SGSM1,EP300,-0.0054521826
FOXL1,EP300,-0.020469863
STARD10,EP300,-0.01365645
EBF2,EP300,-0.024431966
AARSD1,EP300,-0.008471285
TSC22D4,EP300,-0.012061241
PRR5L,EP300,-0.025234252
PROKR1,EP300,-0.019247727
CATSPERB,EP300,-0.054482214
CHL1,EP300,-0.015678676
GSC2,EP300,-0.029170837
ZNF551,EP300,-0.018057428
SUN2,EP300,-0.018048812
RASGRF1,EP300,-0.030412715
H3C12,EP300,-0.031167215
ADIPOR2,EP300,-0.014205559
TMX3,EP300,-0.034042183
WDR89,EYS,-0.002293118
FCGBP,EYS,-0.002580056
BRF2,EYS,-0.0012461204
CD40,EYS,-0.011574146
ACO1,EYS,-0.013542979
POTEB2,EYS,-0.012310122
GPRIN1,EYS,-0.064858586
FAM216A,EYS,-0.01224091
NOP14,EYS,-0.026304448
PLAG1,EYS,-0.026226738
SNTB2,EYS,-0.0127746975
NANOS1,EYS,-0.02919285
GNAT3,EYS,-0.033929996
FLYWCH1,EYS,-0.0075096427
CLDN8,EYS,-0.01754715
USP49,EYS,-0.04023852
TIMP2,EYS,-0.013670907
ADAMTSL1,EYS,-0.2539274
CLPTM1L,EYS,-0.017597489
MGAT3,EYS,-0.014394711
NME9,EYS,-0.02913001
TTYH1,EYS,-0.021227345
TRAPPC2,EYS,-0.07380102
TMSB4X,EYS,-0.0093331095
NCAPG2,EYS,-0.06067261
GEMIN8,EYS,-0.019660661
PRRT3,EYS,-0.015703462
VIPR1,EYS,-0.0250408
PLA2G4C,EYS,-0.014941612
NPR3,EYS,-0.02776137
CALB2,EYS,-0.16437207
MICB,EYS,-0.19528577
DIPK1B,EYS,-0.019028673
ST6GALNAC5,EYS,-0.06115352
CYP27C1,EYS,-0.026758654
SH3D21,EYS,-0.06343258
HECTD2,EYS,-0.02980633
ZIC5,EYS,-0.07101328
PAFAH1B2,EYS,-0.03646724
AHNAK,EYS,-0.0069188126
CNTN1,EYS,-0.083997354
GOLGA8N,EYS,-0.024267225
ATP13A5,EYS,-0.06278074
KCNJ2,EYS,-0.033453487
TEX37,EYS,-0.014926559
ZFP57,EYS,-0.04508518
SAXO1,EYS,-0.0077323583
PSMC5,EYS,-0.013599188
CDK2AP2,EYS,-0.009921961
TMEM125,EYS,-0.05240269
UHRF1BP1,EYS,-0.012147195
FPR2,EYS,0.0002953719
MMP8,EYS,-0.019607237
HINT1,EYS,-0.003041981
RDH13,EYS,-0.022640584
ATP1B3,EYS,-0.022101764
KRT1,EYS,-0.012473376
CENPN,EYS,-0.01749121
TMEM221,EYS,-0.012283326
COL10A1,EYS,-0.0616098
POU4F1,EYS,-0.1289319
ABHD5,EYS,-0.013767064
TAL1,EYS,-0.03100234
MMP16,EYS,-0.019899826
PANK2,EYS,-0.020275371
DAPK3,EYS,-0.09829263
NKX2-5,EYS,-0.012798489
C1QTNF6,EYS,-0.009018846
NOX5,EYS,0.00045709172
VPS4A,EYS,-0.021784782
RBM20,EYS,-0.04655343
S100A4,EYS,-0.020118384
TMEM44,EYS,-0.024278106
RNF223,EYS,-0.056972854
CTSZ,EYS,-0.029157652
CCDC85C,EYS,-0.039110024
SRD5A1,EYS,-0.042248033
AK8,EYS,-0.03401125
REXO1,EYS,-0.048290554
CA5B,EYS,-0.055234108
MED27,EYS,0.00019278188
STK35,EYS,-0.09014082
ACSL4,EYS,-0.019170037
TNFSF10,EYS,-0.0116166165
PARP2,EYS,-0.023178369
C2orf92,EYS,-0.017067812
NAP1L3,EYS,-0.07184743
GAS1,EYS,-0.020163575
MYBL2,EYS,-0.14703104
FUS,EYS,-0.01016445
SEPTIN6,EYS,-0.028864712
WDPCP,EYS,-0.022027817
C2CD4C,EYS,-0.018644951
MBD1,EYS,-0.023541633
FAM169A,EYS,-0.007885188
FHIT,EYS,-0.018878538
GABRQ,EYS,-0.030920079
CELF4,EYS,-0.012766146
F2R,EYS,-0.017138807
EPN1,EYS,-0.04801987
SPATA18,EYS,-0.051228125
GLIS1,EYS,-0.035862528
RLN1,EYS,-0.040115982
MT1G,EYS,-0.015855402
CA3,EYS,-0.00259268
GPR137B,EYS,-0.019907014
NUDT2,EYS,-0.016398214
LENG9,EYS,-0.009691969
FKBP6,EYS,-0.011334074
WDR18,EYS,-0.033426292
GPRC5B,EYS,-0.015079484
DNAJB2,EYS,-0.018953037
TRMT6,EYS,-0.09058295
ZNF670-ZNF695,EYS,-0.038686775
ZC3H8,EYS,-0.009323095
MBP,EYS,-0.039030254
CES4A,EYS,-0.021248892
ATP6V1FNB,EYS,-0.018644625
HR,EYS,-0.01866772
PDSS2,EYS,-0.00955617
KDSR,EYS,-0.05846927
DLG4,EYS,-0.046470046
ADORA2A,EYS,-0.0147776045
ETFBKMT,EYS,-0.033283155
C1orf74,EYS,-0.027555356
GSTM3,EYS,-0.028012345
PCDHGA1,EYS,-0.044490986
PTH1R,EYS,-0.033306923
ZNF343,EYS,-0.10516785
AFAP1L2,EYS,-0.057894073
RHD,EYS,-0.013305733
CLEC18A,EYS,-0.14381489
CCDC163,EYS,-0.024403136
CECR2,FAT2,-0.089515254
HMGB3,FAT2,-0.022443539
AREG,FAT2,-0.038772482
FRAS1,FAT2,-0.08247377
APH1A,FAT2,-0.03574278
UTY,FAT2,-0.037930567
SNX11,FAT2,-0.0017067738
ZNF385C,FAT2,-0.034871586
DMAC2,FAT2,-0.0071252068
PAQR5,FAT2,-0.04800221
KRTAP4-3,FAT2,-0.13248105
KIF17,FAT2,-0.05170403
PPP1R3D,FAT2,-0.035238713
ZMIZ1,FAT2,-0.0890243
PLCB1,FAT2,-0.039049447
UNC80,FAT2,-0.03442866
GFY,FAT2,-0.14092886
ZNF518B,FAT2,-0.03316996
ICOS,FAT2,-0.00799648
TMEM63C,FAT2,-0.06290913
ASGR2,FAT2,-0.09027019
GRPEL1,FAT2,-0.052846793
TAF7L,FAT2,-0.28966072
RNASE10,FAT2,-0.021559162
HNF4A,FAT2,-0.025007293
PLAC8L1,FAT2,-0.032246083
MRFAP1L1,FAT2,-0.013063943
FSTL4,FAT2,-0.021414986
TXLNA,FAT2,-0.049458526
POLR2M,FAT2,-0.093841664
CDH17,FAT2,-0.08271664
ZNF574,FAT2,-0.08722876
COL13A1,FAT2,-0.17048371
AC009779.3,FAT2,-0.052224535
ACTG2,FAT2,-0.02761213
ZNF467,FAT2,-0.011490315
NOSIP,FAT2,-0.75734067
CTNNB1,FAT2,-0.013232255
BEAN1,FAT2,-0.034446437
NOTCH2NLR,FAT2,-0.02279224
CANT1,FAT2,-0.018831573
CD101,FAT2,-0.02280808
CNGB3,FAT2,-0.17247766
SEMA6A,FAT2,-0.010037399
CCDC180,FAT2,-0.035980247
CNNM1,FAT2,-0.036992982
ATP8B1,FAT2,-0.030469785
TRIM54,FAT2,-0.040020443
CFAP251,FAT2,-0.06375193
CCDC152,FAT2,-0.034937497
TRIM17,FAT2,-0.07666307
HOXC13,FAT2,-0.08855379
TRPA1,FAT2,-0.03235192
SNX21,FAT2,-0.02564123
LINC00672,FAT2,-0.022138646
FHOD1,FAT2,-0.012727766
TLR3,FAT2,-0.03583197
SHC4,FAT2,-0.015010945
FIGN,FAT2,-0.03792364
DPH2,FAT2,-0.0085189985
TRIM72,FAT2,-0.14843975
GMNN,FAT2,-0.040127587
XCL1,FAT2,-0.07802467
RGS6,FAT2,-0.031215388
CLDN7,FAT2,-0.012175995
ABCC6,FAT2,-0.021840123
FAM174B,FAT2,-0.025705673
ASS1,FAT2,-0.018520292
AQP1,FAT2,-0.038664334
CACNG7,FAT2,-0.25348502
FGFR2,FAT2,-0.028345155
CD99L2,FAT2,-0.08423141
ZNF343,FAT2,-0.03376447
RAB9B,FAT2,-0.035092633
MB,FAT2,-0.15342683
TP53I3,FAT2,-0.043075867
NR4A1,FAT2,-0.035828292
CTBS,FAT2,-0.01176771
RELL1,FAT2,-0.020287495
HOXC10,FAT2,-0.032398272
POLL,FBXW7,-0.0028291196
SPTLC3,FBXW7,-0.008017417
CUL7,FBXW7,-0.006667581
CYB5R1,FBXW7,-0.004012622
NDUFB8,FBXW7,-0.0069063003
CD209,FBXW7,-0.015142593
ENDOU,FBXW7,-0.010153709
HEXD,FBXW7,-0.044655446
ZNF467,FBXW7,-0.0012298442
CDCP1,FBXW7,-0.032112155
AC097625.1,FBXW7,-0.004789762
OPTN,FBXW7,-0.018383196
OXTR,FBXW7,-0.0052233734
ARHGAP33,FBXW7,-0.008287103
ZACN,FBXW7,-0.017124262
TAF15,FBXW7,-0.0029842525
SLURP2,FBXW7,-0.1849397
ACOX3,FBXW7,-0.005494407
LZTR1,FBXW7,-0.0039088093
CCER2,FBXW7,-0.011919432
PLCB3,FBXW7,-0.021705857
POMC,FBXW7,-0.010603981
NATD1,FBXW7,-0.023653463
ASS1,FBXW7,-0.0045545883
GLT1D1,FBXW7,-0.029645229
COL13A1,FBXW7,-0.06061266
H2AC19,FBXW7,-0.0404608
RPS6KA1,FBXW7,-0.055702835
ELSPBP1,FBXW7,-0.021051632
POR,FBXW7,-0.015438189
VNN1,FBXW7,-0.0025921678
CCDC125,FBXW7,-0.008033443
GDA,FBXW7,-0.009400486
SOCS6,FBXW7,-0.0068256618
EIF2B2,FBXW7,-0.029054925
LMNA,FBXW7,-0.028265622
STXBP1,FBXW7,-0.013906149
C6orf15,FBXW7,-0.02164189
HES5,FBXW7,-0.058137834
NLRP12,FBXW7,-0.010914342
FBXO8,FBXW7,-0.034718137
CD207,FBXW7,-0.0059846244
IGFALS,FBXW7,-0.039395645
CPN2,FBXW7,-0.018655717
PXDC1,FBXW7,-0.017775605
DSCAML1,FBXW7,-0.014247885
DAGLA,FBXW7,-0.009610757
ASCL2,FBXW7,-0.008429901
GPC4,FBXW7,-0.015245104
NFKBIL1,FBXW7,-0.02237675
UPB1,FBXW7,-0.021546891
PEAK3,FBXW7,-0.006148374
UBALD2,FBXW7,-0.03723809
IGFBP2,FBXW7,-0.0034636047
USP45,FBXW7,-0.016174188
FOXD4,FBXW7,-0.038924117
CCDC87,FBXW7,-0.026581202
MAP2K5,FBXW7,-0.024076378
H4C8,FBXW7,-0.015990777
THNSL1,FBXW7,-0.011123522
ZNF396,FBXW7,-0.15811263
HOXB7,FBXW7,-0.04476315
ANKRD13D,FBXW7,-0.0324351
CEACAM19,FBXW7,-0.0126095535
LBHD2,FBXW7,-0.011971215
HOATZ,FBXW7,-0.033462793
IRAK1BP1,FBXW7,-0.026590066
COL4A6,FBXW7,-0.023550149
ATP10B,FBXW7,-0.025310423
LSM3,FBXW7,-0.008319209
BNIP3,FBXW7,-0.015194256
ANO5,FBXW7,-0.00937223
CCNYL1,FBXW7,-0.01504345
ADORA1,FBXW7,-0.0093266675
NMUR2,FBXW7,-0.005141221
BGN,FBXW7,-0.008239866
ARSJ,FBXW7,-0.010019353
HDGF,FBXW7,-0.0076635606
GAL3ST2,FBXW7,-0.030295977
INSM2,FBXW7,-0.028015472
SLC29A1,FBXW7,-0.027637776
TMEM102,FBXW7,-0.019138085
DNAJB2,FBXW7,-0.028423348
MARCHF2,FBXW7,-0.012765047
CASP3,FBXW7,-0.036881108
BEST2,FBXW7,-0.1156642
P4HA1,FBXW7,-0.027351845
SH2D5,FBXW7,-0.11692964
CAMK2B,FBXW7,-0.011394401
KCNK3,FBXW7,-0.015278169
ITGA5,FBXW7,-0.01983686
ADRB2,FBXW7,-0.029572075
DISC1,FBXW7,-0.01382642
CELA1,FBXW7,-0.013960743
PPM1K,FBXW7,-0.030137137
CATSPER2,FBXW7,-0.008326291
MCM8,FBXW7,-0.029464215
NOL3,FBXW7,-0.027872361
ZNF573,FBXW7,-0.04054302
LIPI,FBXW7,-0.007855254
CCDC73,FBXW7,-0.008571824
MARCHF4,FBXW7,-0.024958936
CA10,FBXW7,-0.015308455
AC079447.1,FBXW7,-0.009350473
CD9,FBXW7,-0.012383915
CD99,FBXW7,-0.2411651
SLC2A5,FBXW7,-0.008661489
HOXB8,FBXW7,-0.03279177
ZNF814,FBXW7,-0.05240607
ALKBH2,FBXW7,-0.045578197
ZNF234,FBXW7,-0.0046692593
ZC3H18,FBXW7,-0.052945536
SAPCD1,FBXW7,-0.017247954
CBWD1,FBXW7,-0.044526663
BAALC,FBXW7,-0.0126947425
DEXI,FBXW7,-0.0035292658
PLCH1,FBXW7,0.0019472421
WNT1,FBXW7,-0.012896781
PLGLB1,FBXW7,-0.07072915
SNX5,FBXW7,-0.009264417
PILRB,FBXW7,-0.09806673
IFNLR1,FBXW7,-0.021200975
STK32A,FBXW7,-0.020990903
CSPG4,FBXW7,-0.03158105
C11orf65,FBXW7,-0.022463527
FAM160A1,FBXW7,-0.012631341
H1-2,FBXW7,-0.035189245
BFSP1,FBXW7,-0.032845274
MFGE8,FBXW7,-0.017769782
MGAT3,FBXW7,-0.015295502
NDUFA9,FBXW7,-0.07031918
SLC46A3,FBXW7,-0.0084822625
GPM6B,FBXW7,-0.019023227
DMRT3,FBXW7,-0.01969569
TAS2R50,FBXW7,-0.0099474965
MSN,FBXW7,-0.006340294
MAP2K2,FBXW7,-0.014560369
PGBD5,FBXW7,-0.03295711
C1orf174,FBXW7,-0.012420996
CTSG,FBXW7,-0.004794315
GK,FBXW7,-0.022768855
NUTM2D,FBXW7,-0.028856782
GRIK5,FBXW7,-0.028953375
IL20,FBXW7,-0.1349317
LRP3,FBXW7,-0.013305577
SCNM1,FBXW7,-0.008693698
ENPP2,FBXW7,-0.012269751
SNTB2,FBXW7,-0.014066136
BEX2,FBXW7,-0.02997747
SLC6A1,FBXW7,-0.0149862915
SCG3,FBXW7,-0.00921798
SERPINC1,FBXW7,-0.027306667
CUL3,FBXW7,-0.05461349
ZHX1-C8orf76,FBXW7,-0.039986074
FOXF2,FBXW7,-0.017305173
VARS1,FBXW7,-0.026563056
AP1B1,FBXW7,-0.012496673
PLA2G10,FBXW7,-0.03989868
OSM,FBXW7,-0.049497586
MDH1B,FBXW7,-0.031738866
HDX,FBXW7,-0.0069216685
PDZD11,FBXW7,-0.030145219
PRKCB,FBXW7,-0.023349475
EMB,FLG2,-0.014881097
AMELX,FLG2,-0.0064027193
HOOK2,FLG2,-0.0040196353
FGL1,FLG2,-0.0051326784
NR2F1,FLG2,-0.02263853
PIGF,FLG2,-0.05460526
RLN2,FLG2,-0.06803366
ZNF710,FLG2,-0.006199001
CBX2,FLG2,-0.010139469
ZNF518A,FLG2,-0.027146243
MARCHF10,FLG2,-0.17652376
NUDT17,FLG2,-0.026576372
TOX,FLG2,-0.008287655
VSTM4,FLG2,-0.07353535
PLPPR4,FLG2,-0.019362483
FUT6,FLG2,-0.0121498825
POPDC3,FLG2,-0.04012669
SYT8,FLG2,-0.032375924
PC,FLG2,-0.031227617
FAM193A,FLG2,-0.009503582
DST,FLG2,-0.02252304
LCN2,FLG2,-0.040926177
SERPINI2,FLG2,-0.009506234
RGL1,FLG2,-0.14125626
COL14A1,FLG2,-0.034283016
TMEM155,FLG2,-0.36330318
ITPRID1,FLG2,-0.0067906543
AADAC,FLG2,-0.046221264
KIT,FLG2,0.0005807886
SPTA1,FLG2,-0.04998952
CYRIA,FLG2,-0.022302313
CCDC116,FLG2,-0.05709614
MYRF,FLG2,-0.18700415
ANKRD34A,FLG2,-0.0020595004
EBI3,FLG2,-0.07038091
AKR1D1,FLG2,-0.06790018
ANKS4B,FLG2,-0.050892476
H2BC17,FLG2,-0.009285877
TOMM40L,FLG2,-0.03787879
PUS7L,FLG2,-0.03719603
BAG1,FLG2,-0.045334995
GPC2,FLG2,-0.136718
IL4R,FLG2,-0.017477596
NIPAL2,FLG2,-0.012769202
FGF23,FLG2,-0.06642562
ATP6V0A2,FLG2,-0.02168638
PRELID3A,FLG2,-0.025958331
TCN1,FLG2,-0.10577068
SLC12A8,FLG2,-0.042291656
ADAM19,FLG2,-0.043798544
PIANP,FLG2,-0.03669445
NHSL1,FLG2,-0.005132075
FDXR,FLG2,-0.052166644
BATF3,FLG2,-0.010877141
EOMES,FLG2,-0.15352312
ARHGEF17,FLG2,-0.051593255
GSTP1,FLG2,-0.03556476
CXCL5,FLG2,-0.047288574
TAF8,FLG2,-0.018895572
PCDHA5,FLG2,-0.038885932
GPT2,FLG2,-0.019558828
TBC1D16,FLG2,-0.08883261
HSD11B1L,FLG2,-0.021001915
PKD2L1,FLG2,-0.04758354
KIDINS220,FLG2,-0.019826131
PDIA3,FLG2,-0.0105225425
ADGRD1,FLG2,-0.09893989
SHROOM4,FLG2,-0.025458865
ITGA7,FLG2,-0.019412283
GABRR1,FLG2,-0.018742334
NDRG4,FLG2,-0.015015837
LOXL4,FLG2,-0.15000303
SLC13A5,FLG2,-0.07982667
LPAR6,FLG2,-0.12696928
WDR49,FLG2,-0.046006113
HHIPL2,FLG2,-0.025591217
PPARA,FLG2,-0.039377145
NPPA,FLG2,-0.0149191
ZP3,FLG2,-0.012419273
ZNF662,FLG2,-0.026488997
NR6A1,FLG2,-0.010210777
LEP,FLG2,-0.03888378
DAGLB,FLG2,-0.022577772
DSC2,FLG2,-0.028246243
GOLGA6L22,FLG2,-0.02520493
TRERF1,FLG2,-0.01746719
POU4F3,FLG2,-0.029286811
HS3ST3B1,FLG2,-0.076480836
AKR1C3,FLG2,-0.61204964
ZNF296,FLG2,-0.0953558
DBH,FLG2,-0.052563306
TNR,FLG2,-0.017172895
SMCO4,FLG2,-0.07509057
ERLIN2,FLG2,-0.022073422
RHCE,FLG2,-0.13544735
CYSTM1,FLG2,-0.02810736
HPCA,GOLGB1,-0.03813384
AACS,GOLGB1,-0.012917755
SLC4A2,GOLGB1,-0.010828573
KAT6A,GOLGB1,-0.0027507772
TNNC1,GOLGB1,-0.0113838045
SYNGR3,GOLGB1,-0.0036808017
MAGEA1,GOLGB1,-0.02236114
CT45A10,GOLGB1,-0.04200435
ZNF572,GOLGB1,-0.0038804046
UBA7,GOLGB1,-0.03517969
PFKFB4,GOLGB1,-0.04294356
ANK1,GOLGB1,-0.027926436
TEKT5,GOLGB1,-0.019237438
ESD,GOLGB1,-0.027393127
MEST,GOLGB1,-0.05377071
AKR1C3,GOLGB1,-0.021958089
CACNA2D3,GOLGB1,-0.016383382
SEMA3F,GOLGB1,-0.041667216
C1QTNF1,GOLGB1,-0.021884665
HEXIM1,GOLGB1,-0.021710763
HOXD10,GOLGB1,-0.015094161
POMGNT2,GOLGB1,-0.031215603
MT-ND1,GOLGB1,-0.072267294
DCLK2,GOLGB1,-0.05011121
BAG1,GOLGB1,-0.028488666
CDIN1,GOLGB1,-0.059891757
CA12,GOLGB1,-0.033106264
CSRP1,GOLGB1,-0.030924449
PDCD1,GOLGB1,-0.18915631
JSRP1,GOLGB1,-0.019965744
RASA3,GOLGB1,-0.0588174
DUS2,GOLGB1,-0.02018559
CDH13,GOLGB1,-0.0653465
BRINP3,GOLGB1,-0.055138804
CFAP58,GOLGB1,-0.019020004
PTGR1,GOLGB1,-0.03108704
MAVS,GOLGB1,-0.035845175
LYPD1,GOLGB1,-0.113384195
SIM2,GOLGB1,-0.07768487
SULT1A1,GOLGB1,-0.01782609
TERT,GOLGB1,-0.029743342
SPRR2B,GOLGB1,-0.085609235
NCR1,GOLGB1,-0.10270197
ZNF71,GOLGB1,-0.0073866895
IL1RAPL1,GOLGB1,-0.03557503
HOXC11,GOLGB1,-0.023802876
ANKRD22,GOLGB1,-0.018480502
HSPA6,GOLGB1,-0.015696455
VPS16,GOLGB1,-0.021981405
SPSB2,GOLGB1,-0.021896342
STK32A,GOLGB1,-0.04327037
LPCAT4,GOLGB1,-0.04347603
ZNF385B,GOLGB1,-0.021982513
SLC51A,GOLGB1,-0.03823901
PIH1D2,GOLGB1,-0.21179006
RNF139,GOLGB1,-0.0724842
LARS1,GOLGB1,-0.006234274
SLFN5,GOLGB1,-0.45656753
SDR42E1,GOLGB1,-0.09070515
NDFIP2,GOLGB1,-0.15778263
RASGRP3,GOLGB1,-0.025605522
P4HA1,GOLGB1,-0.0835009
MYH7,GOLGB1,-0.017484507
P2RX4,GOLGB1,-0.06259094
ZNF169,GOLGB1,-0.01702641
GCGR,GOLGB1,-0.036651272
ATP2B2,GOLGB1,-0.031852275
POTEE,GOLGB1,-0.059271038
ETV7,GOLGB1,-0.039668754
LRG1,GOLGB1,-0.007331334
RPS6KA2,GOLGB1,-0.15900232
C6orf136,GOLGB1,-0.021666184
CDKN1C,GOLGB1,-0.043073975
RHOC,GOLGB1,-0.013486596
GSG1L,GOLGB1,-0.041677732
B3GALNT2,GOLGB1,-0.011147873
KBTBD8,GOLGB1,-0.08633878
SPRR2E,GOLGB1,-0.031880196
IFITM3,GOLGB1,-0.02032464
RHOB,GOLGB1,-0.032194227
LILRA2,GOLGB1,-0.025115618
APOL6,GOLGB1,-0.17632785
MAGEA4,GOLGB1,-0.7372634
DHX57,GOLGB1,-0.050330933
SPSB4,GOLGB1,-0.11261194
LMO3,GOLGB1,0.0010522745
NPLOC4,GOLGB1,-0.045167238
KRTAP3-1,GOLGB1,-0.020692706
SNRNP35,HLA-B,-0.0060879784
TXNL1,HLA-B,-0.009998628
PPCS,HLA-B,-0.012871894
BPIFB6,HLA-B,-0.01436343
ITIH2,HLA-B,-0.059901953
FGA,HLA-B,-0.020056292
ZNF157,HLA-B,-0.011958292
FZD2,HLA-B,-0.005927729
PERM1,HLA-B,-0.02684184
CARD10,HLA-B,-0.020629222
MRPL15,HLA-B,-0.09601884
SLC25A25,HLA-B,-0.033134315
ADGRG3,HLA-B,-0.030362459
SVIP,HLA-B,-0.039932113
USP18,HLA-B,-0.036360227
TM7SF3,HLA-B,-0.098236255
H2AC6,HLA-B,-0.024438078
FBXO22,HLA-B,-0.037432734
ZNF662,HLA-B,-0.019042388
SETD9,HLA-B,-0.055214882
UBE2W,HLA-B,-0.053243045
KLF12,HLA-B,-0.034938272
SETBP1,HLA-B,-0.034220934
EPOP,HLA-B,-0.0002666859
ZNF701,HLA-B,-0.05444782
IRX3,HLA-B,-0.5667047
CDH17,HLA-B,-0.020221524
ADGRF1,HLA-B,-0.024375815
BAAT,HLA-B,-0.1325476
SLC8A2,HLA-B,-0.07771271
DKK4,HLA-B,-0.023874903
CTDSP1,HLA-B,-0.016451504
CASTOR2,HLA-B,-0.08560399
SPTY2D1OS,HLA-B,-0.03265513
NKAIN1,HLA-B,-0.20596355
SHANK2,HLA-B,-0.03312405
FBXW10,HLA-B,-0.032532904
NECAP1,HLA-B,-0.039924476
KLHDC7B,HLA-B,-0.1604511
PAPOLB,HLA-B,-0.037528973
TRIM31,HLA-B,-0.023865564
AHSG,HLA-B,-0.05748743
BACE1,HLA-B,-0.040898614
TMIGD2,HLA-B,-0.979197
DHRS11,HLA-B,-0.039232377
NPM2,HLA-B,-0.044628333
IFNL2,HLA-B,-0.11742058
LMO2,HLA-B,-0.04392961
AOX1,HLA-B,-0.028356453
TOMM20L,HLA-B,-0.026541017
ESM1,HLA-B,-0.027129844
SMG9,HLA-B,-0.064964496
RNASE7,HLA-B,-0.08587027
IRX6,HLA-B,-0.1583123
PRAM1,HLA-B,-0.12323549
PAQR5,HLA-B,-0.026530946
MATK,HLA-B,-0.007586371
RNF126,HLA-B,-0.03579204
ZNF572,HLA-B,-0.15488967
MGST1,HLA-B,-0.034707945
CAMP,HLA-B,-0.04803109
NCOA7,HLA-B,-0.054540448
MUC1,HLA-B,-0.033642717
GPR132,HLA-B,-0.025307618
DRD1,HLA-B,-0.024309903
SLC30A3,HLA-B,-0.023546705
INPP4B,HLA-B,-0.0142247565
EMP2,HLA-B,-0.028652804
RABGEF1,HLA-B,-0.090842955
CD109,HLA-B,-0.0656477
PTPRS,HLA-B,-0.023595473
C4orf47,HLA-B,-0.02981222
RIMBP3,HLA-B,-0.063609876
MRM1,HLA-B,-0.02298006
RFPL2,HLA-B,-0.04021466
ZNF558,HMCN1,-0.0051247203
MEF2B,HMCN1,-0.010413327
MYL7,HMCN1,-0.02161188
UFC1,HMCN1,-0.05781833
RELN,HMCN1,-0.011296387
LY6E,HMCN1,-0.005498529
ERICH3,HMCN1,-0.0066983975
USP37,HMCN1,-0.027261784
IL4I1,HMCN1,-0.6578619
FAM95C,HMCN1,-0.010070949
ODAM,HMCN1,-0.019649917
ST3GAL4,HMCN1,-0.013658322
FKBP1C,HMCN1,-0.027801286
NFATC2,HMCN1,-0.05251395
ZNF57,HMCN1,-0.019381661
EIF2D,HMCN1,-0.04876131
MUSTN1,HMCN1,-0.017447738
NETO2,HMCN1,-0.029533288
RAB3A,HMCN1,-0.015005861
FADS3,HMCN1,-0.08949784
FAM186A,HMCN1,-0.013142303
PLCXD3,HMCN1,-0.032206316
WDR24,HMCN1,-0.017757798
HOXA4,HMCN1,-0.023234338
EFNA3,HMCN1,-0.022227157
F5,HMCN1,-0.05843757
PHGDH,HMCN1,-0.010844682
BTBD17,HMCN1,-0.0050384444
ABCB4,HMCN1,-0.00915077
INHBE,HMCN1,-0.04265524
TRAPPC2,HMCN1,-0.0057833944
TSNAXIP1,HMCN1,-0.023129024
DTWD1,HMCN1,-0.034670707
ANKH,HMCN1,-0.025177894
FBLIM1,HMCN1,-0.09543806
EVA1C,HMCN1,-0.033940148
SPATA6L,HMCN1,-0.01858134
NPM2,HMCN1,-0.07612513
BPIFA1,HMCN1,-0.031980067
APOLD1,HMCN1,-0.13804577
GFRA3,HMCN1,-0.024332294
RUNDC3B,HMCN1,-0.021668006
GIPC3,HMCN1,-0.013626161
MNDA,HMCN1,-0.08488885
S100A3,HMCN1,-0.024437647
RHOBTB3,HMCN1,-0.029093238
IL24,HMCN1,-0.025316061
PLXNA4,HMCN1,-0.020369772
RNF225,HMCN1,-0.027456334
PPP2R3B,HMCN1,-0.013864969
MED10,HMCN1,-0.09649154
DDB2,HMCN1,-0.018142367
SOX7,HMCN1,-0.12394676
CTSO,HMCN1,-0.008680071
IAH1,HMCN1,-0.011022162
SYDE1,HMCN1,-0.011801252
BATF2,HMCN1,-0.07929131
CFI,HMCN1,-0.03329626
HPS5,HMCN1,-0.015271117
CECR2,HMCN1,-0.05981538
SLC35G5,HMCN1,-0.04035901
KCNK1,HMCN1,-0.014702244
P2RX2,HMCN1,-0.04338922
DCAF5,HMCN1,-0.013070228
EVPL,HMCN1,-0.022593409
KCND1,HMCN1,-0.13279957
ZNF684,HMCN1,-0.06968365
MFSD3,HMCN1,-0.039286114
IL5,HMCN1,-0.053890526
THEMIS2,HMCN1,-0.006520157
LRRC4C,HMCN1,-0.0066878176
PLA2G3,HMCN1,-0.0153240105
NGF,HMCN1,-0.039421417
MIB2,HMCN1,-0.017595723
PRAMEF20,HMCN1,-0.059766654
NCF1,HMCN1,-0.023172395
AP5B1,HMCN1,-0.031794574
PLXND1,HMCN1,-0.01894536
ZNF596,HMCN1,-0.026065473
NYAP1,HMCN1,-0.015694475
UNC119,HMCN1,-0.04514402
NMB,HMCN1,-0.0027145504
MMP19,HMCN1,-0.035737492
ADAMTS6,HMCN1,-0.023501001
APBA2,HMCN1,-0.020312505
C17orf67,HMCN1,-0.02158291
BMPER,HMCN1,-0.22824498
C12orf45,HMCN1,-0.01150642
RGMA,HMCN1,-0.028174559
FHOD3,HMCN1,-0.10376524
BHLHA15,HMCN1,-0.03209859
MRPL24,HMCN1,-0.03352778
NME1,HMCN1,-0.0069838706
ECI1,HMCN1,-0.046005562
WHRN,HMCN1,-0.10103861
DUSP4,HMCN1,-0.013893249
FATE1,HMCN1,-0.018235646
SPP1,HMCN1,-0.070778474
MPP3,HMCN1,-0.047477696
ZNF549,HMCN1,-0.013045179
ERVV-2,HMCN1,-0.025488807
CD58,HMCN1,-0.035652015
SHLD3,HMCN1,-0.034650326
STON2,HMCN1,-0.018187793
NFKBID,HMCN1,-0.017886205
TBX2,HMCN1,-0.052365888
TAS1R3,HMCN1,-0.06138792
IGSF3,HMCN1,-0.012869697
ABCG2,HMCN1,-0.018314246
KCNN1,HMCN1,-0.07472404
GABARAPL1,HMCN1,-0.020998027
SPDYE2,HMCN1,-0.00490956
PCDHA13,HMCN1,-0.018069306
ACP3,HMCN1,-0.20601782
PRRX1,HSPG2,-0.015198484
RORA,HSPG2,-0.040975153
GIGYF1,HSPG2,-0.017192395
LRP2,HSPG2,-0.030802052
LIPM,HSPG2,-0.030278502
FKBP9,HSPG2,-0.024979284
ARNTL,HSPG2,-0.014239392
RABAC1,HSPG2,-0.018378042
GLDC,HSPG2,-0.10219956
PHF12,HSPG2,-0.035938527
ALG3,HSPG2,-0.08202764
AGMAT,HSPG2,-0.009133618
PCDHGA6,HSPG2,-0.019522063
LAX1,HSPG2,-0.13653438
LIMK1,HSPG2,-0.060808767
MKS1,HSPG2,-0.008037465
BRD4,HSPG2,-0.026385896
COX18,HSPG2,-0.08083543
ALDH5A1,HSPG2,-0.011569966
TMPO,HSPG2,-0.018880835
ZDHHC18,HSPG2,-0.27165043
ZIC5,HSPG2,-0.013213643
ARHGEF16,HSPG2,-0.055975456
SF3B6,HSPG2,-0.08608495
PTRHD1,HSPG2,-0.021340141
RBMX,HSPG2,-0.012726054
DSG4,HSPG2,-0.037797563
AP5B1,HSPG2,-0.099192694
KLHL30,HSPG2,-0.03356512
PHGDH,HSPG2,-0.048894662
PAX6,HSPG2,-0.03709632
EMILIN3,HSPG2,-0.010438089
IGF2BP3,HSPG2,-0.020503117
RPL39L,HSPG2,-0.13528784
NR4A1,HSPG2,-0.01947399
RCC1L,HSPG2,-0.5474293
STEAP4,HSPG2,-0.5771873
DPEP1,HSPG2,-0.024711499
TRABD2B,HSPG2,-0.021114927
RIPK3,HSPG2,-0.011815066
INF2,HSPG2,-0.017088892
PLSCR3,HSPG2,-0.019940112
CAPN7,HSPG2,-0.011934402
CHST11,HSPG2,-0.046119947
SIGLEC11,HSPG2,-0.105253175
CKM,HSPG2,-0.015463107
SFRP5,HSPG2,-0.02167568
PRIM1,HSPG2,-0.11982633
DYNLRB1,HSPG2,-0.023233667
YWHAG,HSPG2,-0.14669186
GPIHBP1,HSPG2,-0.03237031
MSH4,HSPG2,-0.072046556
AGTPBP1,HSPG2,-0.010128638
NIPA1,HSPG2,-0.05832307
FAM184B,HSPG2,-0.017296575
C12orf75,HSPG2,-0.024589334
SEMA5A,HSPG2,-0.01222294
C17orf58,HSPG2,-0.0048052547
FCRL3,HSPG2,-0.018349936
SHISA6,HSPG2,-0.022146687
GTF3C4,HSPG2,-0.013229863
MACC1,HSPG2,-0.022344658
NCAPD3,HSPG2,-0.03911498
RMC1,HSPG2,-0.15403377
THOC1,HSPG2,-0.035419542
CXorf56,HSPG2,-0.019253751
PLEKHA4,HSPG2,-0.046996605
SLC37A3,HSPG2,-0.027442977
LGR6,HSPG2,-0.015168767
PIGZ,HSPG2,-0.024124993
B3GNT8,HSPG2,-0.034941863
RPS27A,HSPG2,-0.08054904
CXCL1,HSPG2,-0.09170752
POPDC3,HSPG2,-0.037631292
LURAP1L,HSPG2,-0.014741603
SLC35E4,HSPG2,-0.01608244
GCOM1,HSPG2,-0.04214363
SHMT2,HSPG2,-0.07703904
SYTL5,HSPG2,-0.067641996
VSIR,HSPG2,-0.02930596
NSMCE1,HSPG2,-0.059075784
ADH5,HSPG2,-0.066695966
TBX3,HSPG2,-0.04969984
TENT4A,HSPG2,-0.17185637
HDGF,HSPG2,-0.01595263
NAGK,HSPG2,-0.025690788
ARMT1,HSPG2,-0.0027188484
EGLN2,HSPG2,-0.012441407
AC022415.2,HUWE1,-0.0063673374
DUSP1,HUWE1,-0.006576419
STAT2,HUWE1,-0.017579515
HINFP,HUWE1,-0.03216833
UPK3A,HUWE1,-0.016355708
DNAH11,HUWE1,-0.027771067
PIGBOS1,HUWE1,-0.11154989
TPD52L1,HUWE1,-0.0009915455
PRR27,HUWE1,-0.01520858
CAMK2N1,HUWE1,-0.022220243
SGSM3,HUWE1,-0.012789922
CPPED1,HUWE1,-0.022667348
HAPLN1,HUWE1,-0.0589253
SPATA25,HUWE1,-0.03730772
CCDC107,HUWE1,-0.032979548
TUBB2B,HUWE1,-0.07067551
PSCA,HUWE1,-0.018422157
TMEM187,HUWE1,-0.015223265
IL3RA,HUWE1,-0.013142531
OR10H3,HUWE1,-0.012625548
TMEM200B,HUWE1,-0.0034021598
HSD3B7,HUWE1,-0.0047638877
AC009690.1,HUWE1,-0.0026884372
INPP1,HUWE1,-0.013213777
MYO5A,HUWE1,-0.02086431
TGFB3,HUWE1,-0.023299742
HABP2,HUWE1,-0.02478592
RNF168,HUWE1,-0.025206564
GJB7,HUWE1,-0.020111153
HYAL4,HUWE1,-0.010053869
BSG,HUWE1,-0.02581037
RNASE1,HUWE1,-0.0668345
MEST,HUWE1,-0.016427247
DPH3,HUWE1,-0.0017132256
SLC1A1,HUWE1,-0.021388032
CFAP300,HUWE1,-0.040289026
SSC4D,HUWE1,-0.032291315
CABIN1,HUWE1,-0.015669974
DDO,HUWE1,-0.027207358
TPGS1,HUWE1,-0.018247137
COL21A1,HUWE1,-0.06497892
BRCA1,HUWE1,-0.009204731
LZTS3,HUWE1,-0.021166394
TRPM2,HUWE1,-0.034969848
OAF,HUWE1,-0.029455164
ZBTB8B,HUWE1,-0.04004811
JUN,HUWE1,-0.05651632
ADAM32,HUWE1,-0.018701365
ALDOA,HUWE1,-0.015703646
CHST6,HUWE1,-0.09257953
RAI14,HUWE1,-0.020526135
SLC44A4,HUWE1,-0.023302466
SOWAHD,HUWE1,-0.015383206
ZNF296,HUWE1,-0.031105999
TLX2,HUWE1,-0.021239046
DUOXA2,HUWE1,-0.009856471
SPAG4,HUWE1,-0.05831756
MISP,HUWE1,-0.007964075
ZNF174,HUWE1,-0.0072602434
GGN,HUWE1,-0.008191711
HTR1F,HUWE1,-0.045466404
HSPB3,HUWE1,-0.023016687
TRIM73,HUWE1,-0.015296786
BCAS1,HUWE1,-0.009526383
SRP68,HUWE1,-0.014118072
POC5,HUWE1,-0.0064669447
APMAP,HUWE1,-0.03122504
MLF2,HUWE1,-0.030347215
APOL6,HUWE1,-0.006040337
TRAF3IP2,HUWE1,-0.11477408
CNKSR3,HUWE1,-0.018655887
LGALS3BP,HUWE1,-0.0053935032
GVQW3,HUWE1,-0.007438742
ST14,HUWE1,-0.014482233
PNMT,HUWE1,-0.028648036
TRPM4,HUWE1,-0.0056563783
BICDL1,HUWE1,-0.021666542
SMIM3,HUWE1,-0.0057700323
FAM217B,HUWE1,-0.015911859
LRRC19,HUWE1,-0.012446765
ATP13A4,HUWE1,-0.0075070825
TREM1,HUWE1,-0.027960107
NCOR1,HUWE1,-0.015980275
H1-5,HUWE1,-0.01567083
POLR3H,HUWE1,-0.007951927
APC2,HUWE1,-0.004276741
PEX14,HUWE1,-0.013339838
ZDHHC2,HUWE1,-0.04475241
GPR19,HUWE1,-0.013458365
CUEDC1,HUWE1,-0.08579488
AIM2,HUWE1,-0.20322664
ANKUB1,HUWE1,-0.014301193
LRP11,HUWE1,-0.009558224
TMEM54,HUWE1,-0.010429384
NKX2-5,HUWE1,-0.09732854
ADAL,HUWE1,-0.021319808
FBLN1,HUWE1,-0.0007443004
HNRNPUL1,HUWE1,-0.0016648176
OR2B6,HUWE1,-0.016065553
SLPI,HUWE1,-0.02618567
ESS2,HUWE1,-0.04656837
AKR1C3,HUWE1,-0.10325544
MFAP5,HUWE1,-0.016048575
PARD6A,HUWE1,-0.07761848
DMAC1,HUWE1,-0.014965204
DKKL1,HUWE1,-0.013325066
FCGR3A,HUWE1,-0.024364404
REPS1,HUWE1,-0.06475826
PYROXD1,HUWE1,-0.021698494
PERCC1,HUWE1,-0.007028061
TMEM106C,HUWE1,-0.014197861
OVOL2,HUWE1,-0.015904669
TEDC2,HUWE1,-0.060751814
CNTROB,HUWE1,-0.024248648
KREMEN2,HUWE1,-0.059038967
GUCA1B,HUWE1,-0.019878956
TPT1,HUWE1,-0.011145574
PDSS1,HUWE1,-0.020482065
TNNC2,HUWE1,-0.022277426
DHX58,HUWE1,-0.030743606
PBLD,HUWE1,-0.037758544
VSIG4,HUWE1,-0.019654019
SDF2,HUWE1,-0.006407992
CAPN5,HUWE1,-0.08789866
MYO16,HUWE1,-0.011060089
AGR3,HUWE1,-0.005798731
GPR143,HUWE1,-0.030067785
TRERF1,HUWE1,-0.01596122
DRD1,HUWE1,-0.0072297524
C6orf15,HUWE1,-0.03542546
MT1X,HUWE1,-0.026699683
HECW1,HUWE1,-0.025891006
S100A4,HUWE1,-0.038119376
FUT1,HUWE1,-0.019168243
RPL22,HUWE1,-0.02271137
GLTPD2,HUWE1,-0.022491923
C3orf70,HUWE1,-0.020555303
FAM241B,HUWE1,-0.009829515
CTSL,HUWE1,-0.0168556
C5orf58,HUWE1,-0.045925237
CWC25,HUWE1,-0.0035573153
MT-CO2,HUWE1,-0.011990439
CCR2,HUWE1,-0.07757504
PI16,HUWE1,-0.07776943
CELF2,HUWE1,-0.15873808
H1-4,HUWE1,-0.012764038
CHODL,HUWE1,-0.047357183
KLHDC4,HUWE1,-0.03208587
KCNJ18,HUWE1,-0.020428685
CYP27C1,HUWE1,-0.008031978
DEFB1,HUWE1,-0.045626853
ZNF449,HUWE1,-0.036435638
ZAR1L,HUWE1,-0.023776347
KCNQ2,HUWE1,-0.011097909
IQCE,HUWE1,-0.011467076
FSBP,HUWE1,-0.03010513
CLEC12B,HUWE1,-0.014449171
AGXT,KMT2C,-0.00562407
BMP1,KMT2C,-0.005230905
MANSC1,KMT2C,-0.0002657904
IRS2,KMT2C,-0.0009977166
SERPINI1,KMT2C,-0.0016554951
MYH7B,KMT2C,-0.0062306747
MT-ATP8,KMT2C,-0.016350325
MIER3,KMT2C,-0.013782593
KDM6B,KMT2C,-0.051096506
MTUS1,KMT2C,-0.004217012
HSPBAP1,KMT2C,-0.007172744
STC2,KMT2C,-0.0046596318
NUGGC,KMT2C,-0.032769486
MCOLN2,KMT2C,-0.008919536
FAM83A,KMT2C,-0.021680547
RIDA,KMT2C,-0.0019521296
PSMD12,KMT2C,-0.01053009
CBX6,KMT2C,-0.0077373562
TMEM191B,KMT2C,-0.038550287
GGA2,KMT2C,-0.022345984
POMP,KMT2C,-0.0072811665
ASCL2,KMT2C,-0.011185309
SOX5,KMT2C,-0.0037723072
SPEM1,KMT2C,-0.008807434
FAM71D,KMT2C,-0.008114037
PTPN20,KMT2C,-0.0035347634
MUC4,KMT2C,-0.008076802
TRIM15,KMT2C,-0.022935407
ONECUT3,KMT2C,-0.012164368
MXRA7,KMT2C,-0.037250042
PIGQ,KMT2C,-0.005731124
PRKD1,KMT2C,-0.006720246
RNF32,KMT2C,-0.010017305
NEDD4L,KMT2C,-0.013892385
PHEX,KMT2C,-0.008835918
IL17C,KMT2C,-0.012987373
QSOX1,KMT2C,-0.012354078
INAFM2,KMT2C,-0.024231447
ZNF454,KMT2C,-0.0014223765
LETM1,KMT2C,-0.015560703
CALML3,KMT2C,-0.0062276484
SIX6,KMT2C,-0.0051986086
FUS,KMT2C,-0.0044089714
BAAT,KMT2C,-0.013151969
MPND,KMT2C,-0.008388534
ARHGAP42,KMT2C,-0.07339469
ZNF672,KMT2C,-0.01052923
STEAP4,KMT2C,-0.005351486
DYRK4,KMT2C,-0.024117993
PLPPR2,KMT2C,-0.014880405
TMEM255A,KMT2C,-0.0071369074
CNN2,KMT2C,-0.022552988
ITPK1,KMT2C,-0.0074702366
COQ10A,KMT2C,-3.451451e-05
RUNDC3B,KMT2C,-0.018413967
OSCP1,KMT2C,-0.01796771
ABHD11,KMT2C,-0.019714829
ITGB6,KMT2C,-0.011393773
TAF11L11,KMT2C,-0.019923652
MTG1,KMT2C,-0.017864503
FAM210A,KMT2C,-0.014448793
SLC12A9,KMT2C,-0.012012829
MAPK8IP2,KMT2C,-0.008286559
KTI12,KMT2C,-0.008982412
LHFPL5,KMT2C,-0.0105661
DTD1,KMT2C,-0.008355915
SHE,KMT2C,-0.0052064247
PPFIA3,KMT2C,-0.012568365
TREML4,KMT2C,-0.0029522853
PDIA2,KMT2C,-0.013766054
ADGRE1,KMT2C,-0.0043546385
SH2D1B,KMT2C,-0.011414606
CCDC87,KMT2C,-0.018378003
SPTBN4,KMT2C,0.000754183
HSD11B2,KMT2C,-0.010175807
TMPRSS13,KMT2C,-0.0139646
SKAP1,KMT2C,-0.0071962085
ACRV1,KMT2C,-0.013447959
CCS,KMT2C,-0.013270322
IGFBP2,KMT2C,-0.0122798765
XDH,KMT2C,-0.12374771
SLC7A2,KMT2C,-0.0060878485
RBP1,KMT2C,-0.046721224
C1QTNF12,KMT2C,-0.009622782
MARCKSL1,KMT2C,-0.012684022
ZNF57,KMT2C,-0.013763125
DDX60,KMT2C,-0.008055674
ECEL1,KMT2C,-0.010100719
POU2F2,KMT2C,-0.0038539136
AATK,KMT2C,-0.011846219
FDFT1,KMT2C,-0.012009868
CCL4,KMT2C,-0.011675642
SNRK,KMT2C,-0.0027639044
ANAPC1,KMT2C,-0.014541282
ANKRD45,KMT2C,-0.012050166
FMO2,KMT2C,-0.01738705
RTN4RL2,KMT2C,-0.0955655
DYNC2I1,KMT2C,-0.012269135
CDKN1A,KMT2C,-0.0050302986
EFCAB1,KMT2C,-0.008576057
TYMP,KMT2C,-0.00915119
FLI1,KMT2C,-0.02597384
PCYT1B,KMT2C,-0.022691214
SETBP1,KMT2C,-0.02703676
GALR3,KMT2C,-0.0053686216
SLC38A5,KMT2C,-0.013975515
DIPK1A,KMT2C,-0.015254828
CCDC69,KMT2C,-0.008742879
RASGEF1A,KMT2C,-0.008422048
SS18L1,KMT2C,-0.01162033
NME5,KMT2C,-0.03187905
ERP27,KMT2C,-0.013852614
TAB1,KMT2C,-0.011425385
CORO2B,KMT2C,-0.01841304
SLC46A1,KMT2C,-0.0048087803
CYP3A4,KMT2C,-0.010256005
CACNG4,KMT2C,-0.013039876
ZNF256,KMT2C,-0.018021774
SHANK2,KMT2C,-0.006845591
BX276092.9,KMT2C,-0.008521615
PARP2,KMT2C,-0.011371173
CHIT1,KMT2C,-0.034721453
NAGPA,KMT2C,-0.009021295
BLNK,KMT2C,-0.006321956
ELF5,KMT2C,-0.01987339
ZNF699,KMT2C,-0.0015237334
USP37,KMT2C,-0.013089693
GCNT3,KMT2C,-0.003999338
PHYHIPL,KMT2C,-0.0135278655
ABCD1,KMT2C,-0.018178929
EDN2,KMT2C,-0.0027710944
LRMDA,KMT2C,-0.044551324
MYLK4,KMT2C,-0.0020492603
ELAPOR1,KMT2C,0.0010877118
BHLHA9,KMT2C,-0.013406442
LAT2,KMT2C,-0.04915341
PMM1,KMT2C,-0.013870879
TECPR1,KMT2C,-0.04959566
CERS4,KMT2C,-0.0043243985
ARSA,KMT2C,-0.008012746
TMEM229B,KMT2C,-0.02686674
POLH,KMT2C,-0.016414814
AL049839.2,KMT2C,-0.006064459
NRN1,KMT2C,-0.00078205805
LBX1,KMT2C,-0.007928078
JOSD1,KMT2C,-0.0135401655
CPOX,KMT2C,-0.008412341
PPP2R2B,KMT2C,-0.024902614
NFATC1,KMT2C,-0.0039318698
LRP5L,KMT2C,-0.024701204
MTF2,KMT2C,-0.010477963
SLC46A3,KMT2C,0.0044175102
EFNB2,KMT2C,-0.0168991
ISG20,KMT2C,-0.009169781
FAM50B,KMT2C,-0.010750887
SPEG,KMT2C,-0.0038960176
RPS6KA5,KMT2C,-0.004373091
TMBIM1,KMT2C,-0.0153484875
PLEKHH1,KMT2C,-0.010138599
XKR6,KMT2C,-0.01604996
H6PD,KMT2C,-0.015653308
H2AZ1,KMT2C,-0.0025823754
TIGD2,KMT2C,-0.013634831
HOXC11,KMT2C,-0.020510016
GOLGA8H,KMT2C,-0.025031095
HOXC10,KMT2C,-0.014979782
AGAP5,KMT2C,-0.006863078
APOBEC3F,KMT2C,-0.012578264
HJURP,KMT2C,-0.009509035
PIP5K1B,KMT2C,-0.11605083
MACO1,KMT2C,-0.0065747304
CD1C,KMT2C,-0.0073847948
TMEM232,KMT2C,-0.0045318156
ZYX,KMT2C,-0.011982897
CTLA4,KMT2C,-0.0026634969
PTHLH,KMT2C,-0.011168902
SLC17A3,KMT2C,-0.00602447
ADORA1,KMT2C,-0.012452181
TNNI3,KMT2C,-0.011883205
IFIT5,KMT2C,-0.008334671
CILP,KMT2C,-0.02193384
AVPI1,KMT2C,-0.008373093
IFIH1,KMT2C,-0.009061798
PTRH2,KMT2C,-0.0059334696
RSPH9,KMT2C,-0.004492966
NRG3,KMT2C,-0.012795702
ACADVL,KMT2C,-0.009279085
ANKRD18B,KMT2C,-0.01282861
AKR1C3,KMT2C,-0.01800164
YTHDF2,KMT2C,-0.013587606
RAB36,KMT2C,-0.0044112904
KCNH2,KMT2C,-0.01430255
MDC1,KMT2C,-0.010775001
CCDC106,KMT2C,-0.0048390813
WDHD1,KMT2C,-0.01298963
GALNT18,KMT2C,-0.0183042
MAP1LC3B2,KMT2C,-0.011122427
FRMPD2,KMT2C,-0.008472599
CADPS2,KMT2C,-0.02263581
DNALI1,KMT2C,-0.00020691383
RHOF,KMT2C,-0.018927723
LCE2B,KMT2C,-0.018534822
CYTL1,KMT2C,-0.018273564
MMRN1,KMT2C,-0.005479843
DCSTAMP,KMT2C,-0.018316401
SRPX2,KMT2C,-0.031279545
NAT14,KMT2C,-0.010715361
SLC2A14,KMT2C,-0.036306795
XYLT1,KMT2C,-0.014720387
NTF4,KMT2C,-0.008745943
SHISA2,KMT2C,-0.010282323
DUSP12,KMT2C,-0.012606655
GOLGA6L10,KMT2C,-0.009150598
SLC25A53,KMT2C,-0.01738803
TMEM52B,KMT2C,-0.0051288293
EME2,KMT2C,-0.0040040123
TMEM71,KMT2C,-0.015110678
CCR9,KMT2C,-0.023343306
RALGDS,KMT2C,-0.0027290185
GPX7,KMT2C,-0.007603419
GPR137,KMT2C,-0.0064462363
LYST,KMT2C,-0.0063971477
KIAA1549L,KMT2C,-0.038006406
PHF24,KMT2C,-0.005312582
PIM2,KMT2C,0.000267658
FAM193A,KMT2C,-0.012114733
CHD1L,KMT2C,-0.006974412
PALMD,KMT2C,-0.0020401846
IFIT3,KMT2C,-0.0069908937
SLC35G1,KMT2C,-0.0070735547
DUSP9,KMT2C,-0.011960584
OR2AE1,KMT2C,-0.010743478
ZC2HC1A,KMT2C,-0.007205121
ASL,KMT2C,-0.017078761
ASPG,KMT2C,-0.0066030766
TP53I3,KMT2C,-0.003935364
THEG,KMT2C,-0.0151409255
DNAJB2,KMT2C,-0.008154808
GOLGA8G,KMT2C,-0.006688405
GALNT13,KMT2C,-0.008669313
SLC28A1,KMT2C,-0.017096693
GJB7,KMT2C,-0.025716431
SYP,KMT2C,-0.03103868
C6orf120,KMT2C,-0.0024167576
ST6GALNAC1,KMT2D,-0.013446123
PCDHB16,KMT2D,-0.011903851
HADHA,KMT2D,-0.0027116786
FLYWCH1,KMT2D,-0.0056980317
SRFBP1,KMT2D,-0.0023829148
GPX3,KMT2D,-0.040239062
RSPO2,KMT2D,-0.0032666503
CRACR2A,KMT2D,-0.0091126505
WNT3A,KMT2D,-0.0019931989
SIGLEC11,KMT2D,-0.008667564
MFSD11,KMT2D,-0.0039410847
SSTR1,KMT2D,-0.006194315
RBM7,KMT2D,-0.017949369
GOLGA8R,KMT2D,-0.005820787
PLRG1,KMT2D,-0.0072634835
PPOX,KMT2D,-0.019915055
PPP1R3C,KMT2D,-0.027639141
TST,KMT2D,-0.04700415
TEX29,KMT2D,-0.005163116
POPDC3,KMT2D,-0.0077836234
GPC1,KMT2D,-0.024364054
CHKB-CPT1B,KMT2D,-0.0095397625
ZNF683,KMT2D,-0.00443644
STK11,KMT2D,-0.012533441
TNFRSF11A,KMT2D,-0.00805058
PIGW,KMT2D,-0.007375123
NKAIN2,KMT2D,-0.021035384
HMBS,KMT2D,-0.0012354057
ZBTB40,KMT2D,-0.015472328
WDR72,KMT2D,-0.00849931
GLDC,KMT2D,-0.010048349
POU3F1,KMT2D,-0.013952047
MRPL12,KMT2D,-0.005035141
PERCC1,KMT2D,-0.009910412
KLF8,KMT2D,-0.0058398163
THYN1,KMT2D,-0.0069676572
PXMP4,KMT2D,-0.012691458
LGALS3,KMT2D,-0.1329799
CA10,KMT2D,-0.018134706
B4GALNT4,KMT2D,-0.0041369703
FGD2,KMT2D,-0.008371323
MEF2C,KMT2D,-0.0051834346
TTC7A,KMT2D,-0.013101085
RMI1,KMT2D,-0.013079207
CRIP2,KMT2D,-0.041279625
FFAR3,KMT2D,-0.023305302
RRAGD,KMT2D,-0.041515015
SLC4A4,KMT2D,-0.0144910095
ADAR,KMT2D,-0.0037017358
VPS4A,KMT2D,-0.012462905
CCDC134,KMT2D,-0.014737623
PRR4,KMT2D,-0.014750246
OR2B11,KMT2D,-0.011194341
PPFIA4,KMT2D,-0.0077025336
IL27RA,KMT2D,-0.12480756
DUSP12,KMT2D,-0.0254826
ZNF782,KMT2D,-0.01459004
EN1,KMT2D,-0.016883545
CRYBB1,KMT2D,-0.019248674
SEZ6L2,KMT2D,-0.0120497495
NKX3-1,KMT2D,-0.094497204
XAF1,KMT2D,-0.0040420075
CHRNA10,KMT2D,-0.007924591
TCERG1L,KMT2D,-0.014978853
PRR15,KMT2D,-0.00053239113
SPINK2,KMT2D,-0.0007802852
RALGPS1,KMT2D,-0.017584443
MYH14,KMT2D,-0.0080368705
KRT75,KMT2D,-0.03861206
RELL1,KMT2D,-0.013368808
KLHL34,KMT2D,-0.031803705
PSORS1C2,KMT2D,-0.017465994
NOM1,KMT2D,-0.0064051296
HDAC7,KMT2D,-0.006995918
MFSD14A,KMT2D,-0.09106617
SPRR2F,KMT2D,-0.016036484
ARHGAP29,KMT2D,-0.026188333
TRAF7,KMT2D,-0.007848632
SND1,KMT2D,-0.004298749
SMIM19,KMT2D,-0.06640057
LACTB2,KMT2D,-0.028936472
GRB10,KMT2D,-0.016562082
FHL1,KMT2D,-0.01745997
ERVH48-1,KMT2D,-0.019504024
RANBP3L,KMT2D,-0.009191353
HDAC10,KMT2D,-0.004341079
GTPBP10,KMT2D,-0.03898169
APOBEC3F,KMT2D,-0.0121467225
NUTM1,KMT2D,-0.018186599
TEX30,KMT2D,-0.027437376
EPB41L2,KMT2D,-0.008018436
MSRB2,KMT2D,-0.026462104
SYT10,KMT2D,-0.0038505793
APOM,KMT2D,-0.013019883
RTN4RL1,KMT2D,-0.0140516795
TRIM25,KMT2D,-0.01165273
SERPINB4,KMT2D,-0.0114882905
TCP11L2,KMT2D,-0.024803359
PRTG,KMT2D,-0.0022152103
TMEM147,KMT2D,-0.01094303
DDIT4L,KMT2D,-0.04994375
FAM189A2,KMT2D,-0.029252127
PLAGL1,KMT2D,-0.014306868
STEAP1B,KMT2D,-0.0963509
GFPT2,KMT2D,-0.018679366
EGFLAM,KMT2D,0.0010875143
DDRGK1,KMT2D,-0.015513197
ANXA9,KMT2D,-0.014097996
TEX38,KMT2D,-0.0087372055
MPIG6B,KMT2D,-0.02607247
MYH11,KMT2D,-0.011387231
HRCT1,KMT2D,-0.011505854
CAMK2N1,KMT2D,-0.022855615
PDE10A,KMT2D,-0.12029581
ZNF20,KMT2D,-0.012791419
BCS1L,KMT2D,-0.035867717
MORN4,KMT2D,-0.038770303
NR4A1,KMT2D,-0.1736376
AK1,KMT2D,0.00018275394
TCTEX1D2,KMT2D,-0.013414411
NECAB2,KMT2D,-0.007509425
KCTD14,KMT2D,-0.006679613
H2AC4,KMT2D,-0.010256019
PFN4,KMT2D,-0.023192571
EEF1A2,KMT2D,-0.02240203
CFHR3,KMT2D,-0.16708557
TNFRSF18,KMT2D,-0.011811043
KLHL17,KMT2D,-0.010869181
SLC38A5,KMT2D,-0.01524064
PLLP,KMT2D,-0.0386135
STC2,KMT2D,-0.02206586
SHMT1,KMT2D,-0.011869813
CRB2,KMT2D,-0.024059674
WDR97,KMT2D,-0.019603938
APH1B,KMT2D,-0.02224537
PTGR1,KMT2D,-0.018686302
RNF126,KMT2D,-0.024253776
NEBL,KMT2D,-0.012492059
ADGRB3,KMT2D,-0.008359498
C4B,KMT2D,-0.056991328
HMGN3,KMT2D,-0.014250492
FAAH2,KMT2D,-0.022759616
GABRR1,KMT2D,-0.015632404
PYGM,KMT2D,-0.040251885
SENP3,KMT2D,-0.01818941
CNTN1,KMT2D,-0.0123288585
KMT5C,KMT2D,-0.029217754
POLR2M,KMT2D,-0.026922196
MAN2B1,KMT2D,-0.012812113
GHRL,KMT2D,-0.016432434
NCR3,KMT2D,-0.006659373
SAT1,KMT2D,-0.010735308
HOXB6,KMT2D,-0.005816225
PGAP3,KMT2D,-0.03023358
CCR7,KMT2D,-0.005584463
TBC1D13,KMT2D,-0.017399516
CISH,KMT2D,-0.008780102
RUNDC3A,KMT2D,-0.008193266
SCN11A,KMT2D,-0.021696096
OPRK1,KMT2D,-0.012606398
NPY4R,KMT2D,-0.0004582107
PIWIL4,KMT2D,-0.01123991
TRIB3,KMT2D,-0.013741826
B3GALT5,KMT2D,-0.011808657
LYPD6B,KMT2D,-0.0030268265
SLC44A5,KMT2D,-0.03753525
PLOD3,KMT2D,-0.012623156
MMP25,KMT2D,-0.030066596
ENO3,KMT2D,-0.03792826
DMC1,KMT2D,-0.017561125
THEG,KMT2D,-0.03551306
IDUA,KMT2D,-0.009750361
PDF,KMT2D,-0.013335629
CDNF,KMT2D,-0.0116085475
RBP1,KMT2D,-0.00894982
EVPLL,KMT2D,-0.013896642
PSMC4,KMT2D,-0.01638274
ULBP3,KMT2D,-0.02576121
GLI1,KMT2D,-0.011835192
IL36G,KMT2D,-0.013044352
AASS,KMT2D,-0.0093427375
TMPRSS11E,KMT2D,-0.010546312
EFNA1,KMT2D,-0.021198997
DNAJB2,KMT2D,-0.026611973
NOTCH1,KMT2D,-0.02600062
COL1A1,KMT2D,-0.017923564
ANGPTL6,KMT2D,-0.009142901
MAP1LC3A,KMT2D,-0.025007738
MLNR,KMT2D,-0.01989811
GRTP1,KMT2D,-0.008244418
SLC12A9,KMT2D,-0.019863179
CCDC163,KMT2D,-0.018726557
LY6G6C,KMT2D,-0.01549582
MAGEA9,KMT2D,-0.010243131
ZC3HAV1,KMT2D,-0.007000389
SLC26A5,KMT2D,-0.010914069
ARHGEF18,LRP2,-0.0032393995
ID1,LRP2,-0.023979092
MTRR,LRP2,-0.018631622
GALE,LRP2,-0.066546746
CCDC142,LRP2,-0.0009787953
MLLT11,LRP2,-0.0022955178
BPIFA3,LRP2,-0.03557464
CD40,LRP2,-0.018682303
EIF3B,LRP2,-0.4331982
PTPN23,LRP2,-0.016958266
CELSR3,LRP2,-0.020904848
NMUR1,LRP2,-0.04819842
MRPL55,LRP2,-0.002463818
GSDME,LRP2,-0.04758638
WNK3,LRP2,-0.027199516
NKRF,LRP2,-0.024829928
CXCL8,LRP2,-0.02890593
IPO8,LRP2,-0.005354347
STK35,LRP2,-0.00666654
GCDH,LRP2,-0.01029705
CST1,LRP2,-0.032715794
KIAA0753,LRP2,-0.078961216
GDPD3,LRP2,-0.021876141
MAST1,LRP2,-0.022806363
KISS1R,LRP2,-0.027913507
GALR2,LRP2,-0.03540711
ZFP3,LRP2,-0.0060836663
MOGS,LRP2,-0.031462688
PHYHIPL,LRP2,-0.0044433945
DPH6,LRP2,0.0004484886
SPATA18,LRP2,-0.034600276
TMPRSS13,LRP2,-0.03344487
SYTL4,LRP2,-0.027851466
OR1N2,LRP2,-0.015443592
PCNX3,LRP2,-0.016188363
GAL3ST4,LRP2,-0.048973694
TOP1MT,LRP2,-0.036070168
ATP8B3,LRP2,-0.018381845
SNW1,LRP2,-0.0067774765
HOXA10,LRP2,-0.025881974
NKD2,LRP2,-0.047216088
ECEL1,LRP2,-0.008539878
WDR81,LRP2,-0.007909293
SUSD3,LRP2,-0.053392313
ABCA10,LRP2,-0.057459544
RYR2,LRP2,-0.021228252
MCOLN1,LRP2,-0.043243743
GUCY1B1,LRP2,-0.05672899
GPR137B,LRP2,-0.017562019
C6orf132,LRP2,-0.066476695
BIRC7,LRP2,-0.12136632
CTSG,LRP2,-0.023902621
OSGEP,LRP2,-0.07041559
COL15A1,LRP2,-0.0087324735
MYD88,LRP2,-0.024858097
TRMT12,LRP2,-0.17001383
MCAT,LRP2,-0.022038966
LRRN1,LRP2,-0.025517838
BMPR1B,LRP2,-0.036757182
GHSR,LRP2,-0.012008471
ARMCX5,LRP2,-0.14483128
SLC22A15,LRP2,-0.017621571
CEACAM3,LRP2,-0.021507844
ZNF827,LRP2,-0.018705586
RNF157,LRP2,-0.029969996
KCNG3,LRP2,-0.054380435
L1TD1,LRP2,-0.016063359
DEF8,LRP2,-0.009185915
WDR54,LRP2,-0.028628996
SH3BP4,LRP2,-0.013308972
AGXT,LRP2,-0.014552304
EPS8L2,LRP2,-0.0320503
MND1,LRP2,-0.013738431
CKM,LRP2,-0.015675962
NEU1,LRP2,-0.026321337
UAP1L1,LRP2,-0.038861413
TP53I3,LRP2,-0.008663442
AP002495.1,LRP2,-0.026380721
PLEKHG6,LRP2,-0.013987297
TMEM223,LRP2,-0.03039672
GPR37,LRP2,-0.043321747
POLR2E,LRP2,-0.006220187
CLCN4,LRP2,-0.043379627
ADGRF2,LRP2,-0.04172738
TMEM129,LRP2,-0.018026348
COL28A1,LRP2,-0.02727855
ASPHD2,LRP2,-0.020476973
TNMD,LRP2,-0.011367529
AL391987.2,LRP2,-0.03008438
C11orf53,LRP2,-0.019887235
CCR9,LRP2,-0.04964313
MTERF1,LRP2,-0.031287063
PPARG,LRP2,-0.04296115
OSGEPL1,LRP2,-0.010678558
AC112128.1,LRP2,-0.05645489
SPESP1,LRP2,-0.013631732
CES1,LRP2,-0.02385671
RPL36A,LRP2,-0.057562638
ZNF761,LRP2,-0.038466748
PSORS1C1,LRP2,-0.019394657
GRPEL2,LRP2,-0.033051495
CDC34,LRP2,-0.008569777
IL33,LRP2,-0.025543524
TNFRSF10A,LRP2,-0.050762404
ZNF563,LRP2,-0.14896795
SERPINB8,LRP2,-0.04126056
UBB,LRP2,-0.017327782
ATP6V1C1,LRP2,-0.019292364
ZSCAN20,LRP2,-0.03532924
AAMP,LRP2,-0.023505775
CSTF2,LRP2,-0.022921562
CPB1,LRP2,-0.029703502
H2AC20,LRP2,-0.04408418
ZP1,LRP2,-0.035515092
IL6,LRP2,-0.037370104
CKB,LRP2,-0.018368015
FOXP1,LRP2,-0.02542991
ZNF417,LRP2,-0.019628061
PDHA1,LRP2,-0.02089771
EFNA2,LRP2,-0.07145077
ASTN2,LRP2,-0.024353787
IMPDH1,LRP2,-0.019883001
NDUFS7,LRP2,-0.014434031
AIRE,LRP2,-0.025647495
SLC35B1,LRP2,-0.019288192
R3HCC1,LRP2,-0.118869044
RPS10,LRP2,-0.026918659
TRIM54,LRP2,-0.032361787
SAP30L,LRP2,-0.029264556
MERTK,LRP2,-0.027779404
C11orf49,LRP2,-0.012963324
SLC38A5,LRRK2,-0.008294977
MFAP1,LRRK2,-0.005687787
STXBP4,LRRK2,-0.13633984
HSD17B2,LRRK2,-0.061734546
CNTNAP3C,LRRK2,-0.08003811
PLD1,LRRK2,-0.03542815
EMC10,LRRK2,-0.025064336
PNOC,LRRK2,-0.004850431
TSPAN10,LRRK2,-0.034144774
FGF12,LRRK2,-0.023768576
NINJ1,LRRK2,-0.011337208
USP53,LRRK2,-0.033881824
GJD3,LRRK2,-0.03367712
ZNF267,LRRK2,-0.03569041
SLC25A21,LRRK2,-0.09274973
COL4A1,LRRK2,-0.0047230385
ZNF747,LRRK2,-0.026355179
CA12,LRRK2,-0.033902068
TMEM41A,LRRK2,-0.10902586
TRIM40,LRRK2,-0.017649978
ATP1A4,LRRK2,-0.029088432
FOXQ1,LRRK2,-0.1468262
IFI44,LRRK2,-0.011110394
DNAJC4,LRRK2,-0.039074853
DGLUCY,LRRK2,-0.031317636
TMPRSS11F,LRRK2,-0.03140735
AL355312.5,LRRK2,-0.006033736
GAMT,LRRK2,-0.38232252
NEDD4L,LRRK2,-0.035437685
CUTC,LRRK2,-0.030593457
DCTD,LRRK2,-0.5626748
ANKRD37,LRRK2,-0.0374638
KIAA1191,LRRK2,-0.02444534
YBX1,LRRK2,-0.014666411
DDIT4,LRRK2,-0.032034975
KCNN3,LRRK2,-0.040078267
LY6G6F,LRRK2,-0.013290837
ASPHD2,LRRK2,-0.021614192
ZNF541,LRRK2,-0.024128705
SHOX2,LRRK2,-0.024530223
PDE8B,LRRK2,-0.02315148
EPCAM,LRRK2,-0.038958464
IGSF22,LRRK2,-0.019703876
FNDC11,LRRK2,-0.030960444
SMIM10L1,LRRK2,-0.03792966
NT5C3B,LRRK2,-0.030792862
HMGN3,LRRK2,-0.014056221
GALNT17,LRRK2,-0.0270301
SLC27A2,LRRK2,-0.033503022
TRABD2A,LRRK2,-0.03523634
SKIDA1,LRRK2,-0.04797045
FUCA2,LRRK2,-0.033711903
NCKAP5L,LRRK2,-0.0028390377
TAF7L,LRRK2,-0.040938
CEACAM6,LRRK2,-0.045882206
ANAPC15,LRRK2,-0.044458408
DLL1,LRRK2,-0.013722995
TNFSF12,LRRK2,-0.01090785
CRYGS,LRRK2,-0.55245847
ZNF467,LRRK2,-0.026322806
N4BP2L1,LRRK2,-0.035354614
UCN,LRRK2,-0.014904215
MAPK8IP3,LRRK2,-0.2683698
MUC2,LRRK2,-0.035110097
TSPAN6,LRRK2,-0.22775668
RRAGC,LRRK2,-0.009238027
D2HGDH,LRRK2,-0.028760914
B3GNT4,LRRK2,-0.040680584
CTSG,LRRK2,-0.012002115
APCDD1,LRRK2,-0.04414471
MTMR8,LRRK2,-0.026839891
SLC7A1,LRRK2,-0.022326758
MACROH2A2,LRRK2,-0.035743326
S100A11,LRRK2,-0.19808708
DDX49,LRRK2,-0.013499491
ADRA2C,LRRK2,-0.03986683
NDUFC2,LRRK2,-0.034583826
C7orf57,LRRK2,-0.026316391
IL4I1,LRRK2,-0.10661201
DENND6B,LRRK2,-0.025002033
LCA5,LRRK2,-0.078066714
KLK3,LRRK2,-0.06798397
GPR162,LRRK2,-0.0020728786
ARSF,LRRK2,-0.033642184
THEMIS2,LRRK2,-0.049442906
MORN2,MDN1,-0.004017684
LEMD3,MDN1,-0.003804641
PAGR1,MDN1,0.0017574856
SLC13A1,MDN1,-0.017056134
PGLYRP2,MDN1,-0.019545076
NETO1,MDN1,-0.0023874452
RBMX2,MDN1,-0.048782565
GRAP,MDN1,-0.007187319
SELENOH,MDN1,-0.02360696
MARS1,MDN1,-0.04540858
SERPINA6,MDN1,-0.023156978
IL4,MDN1,-0.08158117
CPE,MDN1,-0.014409943
ATP4B,MDN1,-0.104639515
CSRNP2,MDN1,-0.035266872
RNF25,MDN1,-0.04397532
ATF4,MDN1,-0.020092487
SLC38A7,MDN1,-0.0282509
CDK18,MDN1,-0.10993559
MYNN,MDN1,-0.010651503
CREB5,MDN1,-0.016184803
BCAT2,MDN1,-0.033458233
WDHD1,MDN1,0.00044348137
ASB14,MDN1,-0.11101823
ACSS2,MDN1,-0.060675718
MTARC1,MDN1,-0.01831866
AARS1,MDN1,-0.057140242
CPT1A,MDN1,-0.029082904
EEF1A1,MDN1,-0.0358723
PLAC1,MDN1,-0.033939574
NR1I3,MDN1,-0.03411813
BBS10,MDN1,-0.21555786
FHOD1,MDN1,0.00013503525
HLF,MDN1,-0.051324487
OVOL1,MDN1,-0.021829454
ZNF197,MDN1,-0.014677034
MYG1,MDN1,-0.020713916
FJX1,MDN1,-0.023757026
STUM,MDN1,-0.029759001
STX12,MDN1,-0.017582765
TBRG4,MDN1,-0.026183616
CAMK2N2,MDN1,-0.023365961
FRMD4B,MDN1,-0.010328647
EXOG,MDN1,-0.08380766
GDAP1,MDN1,-0.3153916
AARD,MDN1,-0.016663644
RHBDD2,MDN1,-0.017768946
TESK1,MDN1,-0.02931477
DNAH2,MDN1,-0.012983223
ULK4,MDN1,-0.10876517
MKX,MDN1,-0.06409946
DNMT3B,MDN1,-0.048536863
SLC4A8,MDN1,-0.009801987
MAP3K13,MDN1,-0.031935565
CYSRT1,MDN1,-0.030484878
AADAC,MDN1,-0.10495089
SMOC1,MDN1,-0.021990813
STAC,MDN1,-0.06551198
ZNF266,MDN1,-0.012302901
COX15,MDN1,-0.05076575
GNL3,MDN1,-0.02505262
SMPD2,MDN1,-0.034605786
GPR142,MDN1,-0.024403652
RNASE10,MDN1,-0.014609409
CEP152,MDN1,-0.013202887
TRIOBP,MDN1,-0.047625106
ACTL6A,MDN1,-0.020299697
DDX28,MDN1,-0.03159158
NCF4,MDN1,-0.011151299
CREB3L2,MDN1,-0.025303679
ELOVL1,MDN1,-0.042052135
SLC22A18AS,MDN1,-0.019138254
PNMA3,MDN1,-0.0089211725
ARL2BP,MDN1,-0.015851608
SSR3,MDN1,-0.015675237
MSR1,MDN1,-0.16226827
WDR97,MDN1,-0.035250433
IL15RA,MDN1,-0.03665595
OCEL1,MDN1,-0.032079816
GATA2,MDN1,-0.022753928
SEC22C,MDN1,-0.27158198
SKOR1,MDN1,-0.016002366
CASTOR2,MDN1,-0.03746264
ZNF138,MDN1,-0.0071121715
RUNDC3B,MDN1,-0.03645309
TPCN1,MDN1,0.0021671334
ZNF540,MDN1,-0.0256894
TSTD3,MDN1,-0.024440961
GPSM3,MDN1,-0.025354045
HOXD12,MDN1,-0.094403885
TSACC,MDN1,-0.04595252
AC011448.1,MDN1,-0.095471576
NOC2L,MDN1,-0.04504611
KCND2,MDN1,-0.017811868
CLTB,MDN1,-0.048691772
RPS5,MDN1,-0.18811877
OCIAD2,MDN1,-0.0933535
MOSPD3,MDN1,-0.018913709
SFMBT1,MDN1,-0.01360524
BOLA3,MDN1,-0.043673165
TCAF1,MDN1,-0.1034401
TTYH2,MDN1,-0.012897224
SCUBE2,MDN1,-0.016420374
STK32C,MDN1,-0.02626925
PCK2,MDN1,-0.08322581
CEP104,MDN1,-0.016514165
ELOC,MDN1,-0.05846004
ZBBX,MDN1,-0.010767802
TCHP,MDN1,-0.026404208
OBP2B,MUC17,-0.012599224
ARPP19,MUC17,-0.0029861396
PRSS12,MUC17,-0.0033075148
LGALS9B,MUC17,-0.009622668
PLEC,MUC17,-0.0020083974
RPLP0,MUC17,-0.023815935
LRRN2,MUC17,-0.009748275
SMIM22,MUC17,-0.011098192
SSBP4,MUC17,-0.011650653
ZNF131,MUC17,-0.008980746
RBM6,MUC17,-0.025405584
RFX5,MUC17,-0.07334459
TCTN1,MUC17,-0.008801173
SUSD1,MUC17,-0.06614135
FUT11,MUC17,-0.009446595
CXCL8,MUC17,-0.036177352
P4HA3,MUC17,-0.019550944
SYNE1,MUC17,-0.030298952
PRR29,MUC17,-0.023186892
TRPM5,MUC17,-0.09652547
ECI2,MUC17,-0.0073712543
CPLX1,MUC17,-0.020691106
GSG1L,MUC17,-0.014957942
AL031315.1,MUC17,-0.019001056
SARAF,MUC17,-0.0024557996
ALPK3,MUC17,-0.019189648
RHBG,MUC17,-0.032839097
CCDC8,MUC17,-0.020580122
JHY,MUC17,-0.015161066
SMYD2,MUC17,-0.008636198
CAPN5,MUC17,-0.046049543
NKX3-1,MUC17,-0.019892368
NPIPB2,MUC17,-0.017423209
TOM1,MUC17,-0.015106921
DLX6,MUC17,-0.039876305
KPNA6,MUC17,-0.056226935
TSPYL5,MUC17,-0.021795765
CAMK1,MUC17,-0.013508379
SLC29A1,MUC17,-0.019664317
FZD10,MUC17,-0.0039810566
HDX,MUC17,-0.011462498
PTK2B,MUC17,-0.040616438
TMCC3,MUC17,-0.30816895
RNF6,MUC17,-0.025566403
CDH12,MUC17,-0.012030417
ZNF101,MUC17,-0.022948598
PRR18,MUC17,-0.03425994
GZMM,MUC17,-0.03172062
SERPINE3,MUC17,-0.009684664
MDC1,MUC17,-0.028589902
NHEJ1,MUC17,-0.00017453467
DPP9,MUC17,-0.11495968
MYO18B,MUC17,-0.053285062
THNSL2,MUC17,-0.024871346
C7orf26,MUC17,-0.007292392
C17orf50,MUC17,-0.01569145
VAV1,MUC17,-0.039180074
OTULINL,MUC17,-0.0027281549
MON1A,MUC17,-0.09652478
CNIH2,MUC17,-0.023345426
RNASE4,MUC17,-0.01652565
IFIT5,MUC17,-0.23628278
PLSCR1,MUC17,-0.032128964
ALKAL2,MUC17,-0.062238224
DSCAML1,MUC17,-0.10476663
RYR1,MUC17,-0.029468253
UBR1,MUC17,-0.02636991
C3,MUC17,-0.014842381
DNASE2,MUC17,-0.037798062
SLC24A1,MUC17,-0.054835334
TMED6,MUC17,-0.019051656
ADAMTS7,MUC17,-0.109128535
VPS36,MUC17,-0.014732434
ZNF285,MUC17,-0.028885085
TAS2R5,MUC17,-0.014810223
SLC16A1,MUC17,-0.014118022
LEP,MUC17,-0.010631297
FIBCD1,MUC17,-0.0726225
POU4F3,MUC17,-0.08098145
KRBA1,MUC17,-0.016449438
NR0B2,MUC17,-0.07887964
LPCAT1,MUC17,-0.0057675363
TBX1,MUC17,-0.013402008
STX12,MUC17,-0.0394762
USP8,MUC17,-0.020719606
HPS4,MUC17,-0.006482792
STBD1,MUC17,-0.07810535
GJC1,MUC17,-0.07981673
DMAC1,MUC17,-0.03044594
PTGER1,MUC17,-0.010401187
TAP2,MUC17,-0.04210365
ITGA3,MUC17,-0.013846112
SYT12,MUC17,-0.013112819
STAB1,MUC17,-0.010482367
ZNF710,MUC17,-0.015178469
TBX15,MUC17,-0.018373387
DAG1,MUC17,-0.01525295
TBC1D15,MUC17,-0.0029078037
PROSER1,MUC17,-0.015356089
SEMA6C,MUC17,-0.0063697696
PLCXD3,MUC17,-0.018376889
POLR1C,MUC17,-0.021072522
CEACAM8,MUC17,-0.016551139
PRORP,MUC17,-0.018003019
NIPA2,MUC17,-0.023149027
VARS1,MUC17,-0.020603646
TUBGCP2,MUC17,-0.010725926
ART4,MUC17,-0.016363509
STMN3,MUC17,-0.020352896
TMEM71,MUC17,-0.014382889
RASGRF2,MUC17,-0.038656294
ZNF277,MUC17,-0.017683178
TMEM45B,MUC17,-0.020204166
ATE1,MUC17,-0.112990566
BOLA1,MUC17,-0.027685916
HMX2,MUC17,-0.026458541
EEF1AKNMT,MUC17,-0.031955957
CCL20,MUC17,-0.014021725
EAF1,MUC17,-0.015989061
FXYD5,MUC17,-0.014489801
NDUFS6,MUC17,-0.008433338
SIM2,MUC17,-0.09063256
CHST14,MUC17,-0.012543202
SLC13A5,MUC17,-0.014076862
PPIAL4A,MUC17,-0.030251017
HAUS2,MUC17,-0.016566303
BRCA2,MUC17,-0.014810494
SLC16A13,MUC17,-0.011116944
ELOVL3,MUC17,-0.014188929
KCNH3,MUC17,-0.011046042
ARMCX5,MUC17,-0.014634912
ZNF736,MUC17,-0.015009105
F8A3,MUC17,-0.008005869
ZNF195,MUC17,-0.012523707
WDR87,MUC17,-0.007892973
PHF21B,MUC17,-0.0071273823
TPSB2,MUC17,-0.015338942
PDE10A,MUC17,-0.023664515
SLC16A3,MUC17,-0.009365003
MAD1L1,MUC17,-0.024410002
CKAP2,MUC17,-0.042507004
PIGR,MUC17,-0.012674901
MAST3,MUC17,-0.011795726
LRP11,MUC17,-0.052278906
TMEM63B,MUC17,-0.027147783
ZSWIM8,MUC17,-0.018924184
C6orf141,MUC17,-0.015695935
SLC15A1,MUC17,-0.09143608
RRP7A,MUC17,-0.013552096
PSMD10,MUC4,-0.005988702
MRPL37,MUC4,-0.0045004096
ADSS1,MUC4,-0.00728281
SUGCT,MUC4,-0.01946516
PBX2,MUC4,-0.007869137
S1PR1,MUC4,-0.020472448
ZNF738,MUC4,-0.00013672294
TCEANC,MUC4,-0.029187491
LDAH,MUC4,-0.0023103924
ARL17A,MUC4,-0.004373176
MTMR3,MUC4,-0.022442054
SLC8A1,MUC4,-0.014459799
KCTD10,MUC4,-0.005061297
MRO,MUC4,-0.0053485334
ZNF646,MUC4,-0.038415056
TRIM39,MUC4,-0.004305655
PSORS1C1,MUC4,-0.009027898
FABP5,MUC4,-0.029878551
ANKMY1,MUC4,-0.0034042508
KIZ,MUC4,-0.0051932507
PPP1R1A,MUC4,-0.003290909
BIRC5,MUC4,-0.003787532
YPEL5,MUC4,-0.010002449
SIDT1,MUC4,-0.006413698
ZNF320,MUC4,-0.016706342
MYH7B,MUC4,-0.01376536
FOXP1,MUC4,-0.027436577
BAP1,MUC4,-0.0039982195
ATP6V1E1,MUC4,-0.008388285
PVALB,MUC4,-0.0026985698
PCDHB8,MUC4,-0.015050467
LRRC8B,MUC4,-0.0072597936
POLR2L,MUC4,-0.014307748
SIRPD,MUC4,-0.026143122
TEX45,MUC4,-0.018574068
GTF2E2,MUC4,-8.1264174e-05
NRG1,MUC4,-0.01782524
TERF2IP,MUC4,-0.039743487
PRPH2,MUC4,-0.00475522
GH2,MUC4,-0.0024355128
C8G,MUC4,-0.007381458
HNRNPF,MUC4,-0.048435837
DGKG,MUC4,-0.013553642
FLRT2,MUC4,-0.015105391
NCBP2AS2,MUC4,-0.011706995
SCGB3A1,MUC4,-0.012963951
FBXO31,MUC4,-0.020122113
TNFRSF14,MUC4,-0.0049767797
JMJD4,MUC4,0.0030740537
SLC15A1,MUC4,-0.017513135
ARHGAP35,MUC4,-0.01702796
VNN2,MUC4,-0.01086239
SLC19A3,MUC4,-0.02292493
SGK3,MUC4,-0.02132165
GJB6,MUC4,-0.012020965
SCN3A,MUC4,-0.012277673
NAXE,MUC4,-0.007966905
CLDN19,MUC4,-0.011209438
ZNF830,MUC4,-0.012018884
FAM221B,MUC4,-0.014159281
RPL27A,MUC4,-0.012830568
ATP2C2,MUC4,-0.028528443
OSBP2,MUC4,-0.032357402
CELSR1,MUC4,-0.0075520948
NT5DC3,MUC4,-0.007695308
CDHR4,MUC4,-0.0029204467
WSB1,MUC4,-0.030694198
LRRN2,MUC4,-0.013008473
CXCL8,MUC4,-0.019833833
DCTPP1,MUC4,-0.01003638
TMCO5A,MUC4,-0.022133738
SYT12,MUC4,-0.007474844
ALPG,MUC4,-0.01856155
NDUFA11,MUC4,-0.004089058
CDC42EP1,MUC4,-0.07612214
E2F6,MUC4,-0.03869281
ENPP7,MUC4,-0.052644573
COX4I2,MUC4,-0.039189916
SAMD12,MUC4,-0.007761752
ZNF518B,MUC4,-0.011454327
C8orf58,MUC4,-0.00946701
LGALS4,MUC4,-0.021443665
EIF4H,MUC4,-0.0080929
CGRRF1,MUC4,-0.011928365
SEMA6B,MUC4,-0.077667475
LRP4,MUC4,-0.011197006
ATG10,MUC4,-0.015650341
ST8SIA5,MUC4,-0.014868527
NEDD4,MUC4,-0.033085924
JPH1,MUC4,-0.009224257
ZFP41,MUC4,-0.0077120387
PIWIL4,MUC4,-0.014273333
PCSK5,MUC4,-0.0028685897
ARF3,MUC4,-0.016332107
FAM155B,MUC4,-0.01151701
ARHGAP8,MUC4,-0.0037735854
MRPL22,MUC4,-0.0077653155
PCDHGA8,MUC4,-0.007700177
SLC22A9,MUC4,-0.004424603
SPANXB1,MUC4,-0.0066585713
NUMBL,MUC4,-0.004751627
RARRES1,MUC4,-0.0031057864
NEB,MUC4,-0.033799827
PRAME,MUC4,-0.009548119
OSBPL10,MUC4,-0.010357081
C19orf25,MUC4,-0.029641958
HEY1,MUC4,-0.023111554
SH3GL1,MUC4,-0.007618267
DCAF16,MUC4,-0.036862038
AMFR,MUC4,-0.006614757
GBX2,MUC4,-0.0043437392
C19orf84,MUC4,-0.024789358
CYP4F2,MUC4,-0.014241796
FBXO2,MUC4,-0.013115916
ANKS6,MUC4,-0.012632087
MOK,MUC4,-0.0024604683
CTR9,MUC4,-0.0052393
NUDT3,MUC4,-0.0054322584
PSAP,MUC4,-0.10691758
KCTD9,MUC4,-0.012621249
NUP58,MUC4,-0.008895107
CCDC180,MUC4,-0.013650639
GRM8,MUC4,-0.0048698504
MMP27,MUC4,-0.03435781
PROSER2,MUC4,-0.012747986
POGLUT2,MUC4,-0.010817656
RPL35A,MUC4,-0.13525078
ZFP57,MUC4,-0.006066679
AGAP9,MUC4,-0.04810936
DACT2,MUC4,-0.008301137
ALG1L,MUC4,-0.0054761777
NR2E1,MUC4,-0.0078019868
FCRLA,MUC4,-0.013976419
CCL13,MUC4,-0.019521108
FFAR4,MUC4,-0.0061862404
RND3,MUC4,-0.0008072962
C16orf74,MUC4,-0.014528661
ABHD12,MUC4,-0.008794006
PRKCE,MUC4,-0.012531457
CRLF1,MUC4,-0.007019233
KRT36,MUC4,-0.013384187
NTN1,MUC4,-0.08809395
ADGRL1,MUC4,-0.07015751
SCGB2A2,MUC4,-0.0010907117
CYP24A1,MUC4,-0.01892641
PKLR,MUC4,-0.012890813
PNLDC1,MUC4,-0.009741083
STON1,MUC4,-0.006706172
COPZ1,MUC4,-0.0026443575
MUC2,MUC4,-0.015479326
GIPC2,MUC4,-0.013427749
SLC10A4,MUC4,-0.0047976123
PABPN1,MUC4,-0.006792732
SLC51A,MUC4,-0.010940287
PDE10A,MUC4,-0.08875337
GPRASP1,MUC4,-0.028958965
FGFR3,MUC4,-0.010991177
BCAN,MUC4,-0.0128049115
TRAFD1,MUC4,-0.012167142
PPFIBP2,MUC4,-0.010677001
PRCC,MUC4,-0.05397156
CDH26,MUC4,0.0006156562
MBIP,MUC4,0.0005654514
MTMR6,MUC4,-0.0055063153
OR2J3,MUC4,-0.01971663
IRAK2,MUC4,-0.009058442
MR1,MUC4,-0.008714139
DCAF4,MUC4,-0.043397564
UBTD1,MUC4,-0.010225514
FBLN5,MUC4,-0.009446949
EBLN2,MUC4,-0.02467594
FZD4,MUC4,-0.009234155
MYH14,MUC4,-0.032690793
HPDL,MUC4,-0.013697019
KRTAP5-6,MUC4,-0.03544971
PTPDC1,MUC4,-0.03378541
QRFPR,MUC4,-0.010076408
STEAP1,MUC4,-0.018093169
OPN4,MUC4,-0.005665781
PLEKHN1,MUC4,-0.0058944365
CCDC74B,MUC4,-0.011449434
RNF212,MUC4,-0.0022246616
DSG3,MUC4,-0.022309754
AIF1L,MUC4,-0.0041212
GNPDA1,MUC4,-0.010042761
HLF,MUC4,-0.022322642
CARD6,MUC4,-0.009008046
METTL7A,MUC4,-0.02344267
SPINK4,MUC4,-0.002981716
MYO7B,MUC4,-0.04197916
STX8,MUC4,-0.010381655
CCL20,MUC4,-0.018197307
PLK5,MUC4,-0.008896501
ZACN,MUC4,-0.009414656
KIF1B,MUC4,-0.007585207
GSDMA,MUC4,-0.009652923
PURG,MUC4,-0.041055445
ADAMTS8,MUC4,-0.035137273
SLC8A2,MUC4,-0.11191654
MT-ND3,MUC4,-0.0050821532
SHISA8,MUC4,-0.005324592
NR1H2,MUC4,-0.012974983
CMIP,MUC4,-0.003913731
LONRF3,MUC4,-0.021641659
MEOX1,MUC4,-0.025070516
FAHD1,MUC4,-0.012288412
CCT4,MUC4,-0.007116807
SLC39A14,MUC4,-0.035879858
RHOQ,MUC4,-0.0031589977
USP40,MUC4,-0.022668775
IQCA1,MUC4,-0.008961497
ALDOC,MUC4,-0.015306859
CNTNAP3B,MUC4,-0.021678517
ABCA10,MUC4,-0.013012183
SYS1,MUC4,-0.01882736
VMA21,MUC4,-0.021408115
TANGO2,MUC5B,-0.01458473
H1-7,MUC5B,-0.0069863372
TRAPPC5,MUC5B,-0.043073382
ERP44,MUC5B,-0.02742176
SULT2B1,MUC5B,-0.0077825547
LYPD8,MUC5B,-0.06310434
GALK2,MUC5B,-0.0143228425
NUMBL,MUC5B,-0.13863614
LMAN2,MUC5B,-0.0047238446
BCR,MUC5B,-0.03987156
TWIST1,MUC5B,-0.018732926
PSMD9,MUC5B,-0.0310074
ZNF622,MUC5B,-0.13168946
MARCHF9,MUC5B,-0.06995899
ADGRV1,MUC5B,-0.29670057
IL11RA,MUC5B,-0.04356258
ERVMER34-1,MUC5B,-0.019564884
UBQLN1,MUC5B,-0.029059537
ESPNL,MUC5B,-0.029050551
C15orf62,MUC5B,-0.035197675
KRT20,MUC5B,-0.017812803
GANC,MUC5B,-0.12791254
APOM,MUC5B,-0.029521355
RIPOR3,MUC5B,-0.022787023
PLPP6,MUC5B,-0.02701427
EIF4A2,MUC5B,-0.020460702
PCYT2,MUC5B,-0.008504878
RSAD1,MUC5B,-0.0039905543
ARHGAP8,MUC5B,-0.034614023
HAUS7,MUC5B,-0.017752737
ZC3H12C,MUC5B,-0.031912096
NGFR,MUC5B,-0.00869196
CSAG3,MUC5B,-0.06014958
PLCH1,MUC5B,-0.009711926
GTF2H2,MUC5B,-0.006802726
VARS1,MUC5B,-0.032408148
TP53I13,MUC5B,-0.02435837
SFR1,MUC5B,-0.017734492
ZNF431,MUC5B,-0.04185562
FAM118A,MUC5B,-0.015842125
PIM2,MUC5B,-0.026456041
NLGN4X,MUC5B,-0.047247894
CRYGS,MUC5B,-0.100706376
FAM50B,MUC5B,-0.06456989
INAFM2,MUC5B,-0.034354072
SAT1,MUC5B,-0.04818468
BCL3,MUC5B,-0.030852174
HEBP2,MUC5B,-0.08002139
IL7R,MUC5B,-0.051072367
LGALS9B,MUC5B,-0.07059294
RAP2B,MUC5B,-0.056522585
POU5F1B,MUC5B,-0.03689627
MYOF,MUC5B,-0.008099758
PDE3A,MUC5B,-0.026728174
TM4SF4,MUC5B,-0.014380097
ZC3H12A,MUC5B,-0.01294911
MCHR2,MUC5B,-0.040825028
CARD9,MUC5B,-0.03887139
CFAP300,MUC5B,-0.040531326
PFDN6,MUC5B,-0.0395714
DLX1,MUC5B,-0.004766094
MELTF,MUC5B,-0.016338434
GABRR1,MUC5B,-0.03128646
PRELID3B,MUC5B,-0.13081545
ZNF142,MUC5B,-0.024675215
GATA1,MUC5B,-0.037288386
PCK2,MUC5B,-0.021633262
GJB7,MUC5B,-0.025965603
NBPF9,MUC5B,-0.060994297
ZNF613,MUC5B,-0.04650316
FAM229A,MUC5B,-0.07684324
EMD,MUC5B,-0.025365934
TSSK4,MUC5B,-0.025891762
LILRB5,MUC5B,-0.036122933
LRRIQ3,MUC5B,-0.023495028
ITPKA,MUC5B,-0.13382003
CHIT1,MUC5B,-0.035281837
ZAN,MUC5B,-0.014537032
KCNMA1,MUC5B,-0.030401118
SLC2A12,MUC5B,-0.1741015
TEX29,MUC5B,-0.03852083
DENND4A,MUC5B,-0.014501488
SMIM26,MUC5B,-0.014594602
RUNDC3B,MUC5B,-0.007705339
VPS29,MUC5B,-0.051705733
WDR53,MUC5B,-0.011966911
DIRAS1,MUC5B,-0.062467847
GSK3A,MUC5B,-0.03192994
VAX2,MUC5B,-0.07346278
DRAXIN,MUC5B,-0.049919825
MAD1L1,MUC5B,-0.056113318
SLC5A12,MUC5B,-0.16976467
PPIB,MUC5B,-0.014382214
FAM167B,MUC5B,-0.078286804
OTOF,MUC5B,-0.0113176
NODAL,MUC5B,-0.03180327
PHGDH,MUC5B,-0.015750078
LAMC1,MUC5B,-0.024893168
FAM214B,MUC5B,-0.01463167
GABRR2,MUC5B,-0.03998588
SCD,MUC5B,-0.052600164
CTSL,MUC5B,-0.040013373
BBS2,MUC5B,-0.015967418
PROSER3,MUC5B,-0.06814832
CBY2,MUC5B,-0.0031568084
CXCL2,MUC5B,-0.0706182
MT4,MUC5B,-0.039373457
ELMO1,MUC5B,-0.016144106
PAPSS2,MUC5B,-0.015022307
CILP2,MUC5B,-0.04262943
CLCNKA,MUC5B,-0.014392275
STC2,MUC5B,-0.027526956
SLBP,MUC5B,-0.01853869
SPTBN4,MUC5B,-0.024422836
ACSL6,MYH15,-0.003359345
AC073111.3,MYH15,-0.014073222
SERPIND1,MYH15,-0.004344393
PSAP,MYH15,-0.040881056
UBQLN1,MYH15,-0.002045298
SCN4B,MYH15,-0.016681185
PCED1A,MYH15,-0.013809556
P2RY2,MYH15,-0.08100684
NRG2,MYH15,-0.005738799
GPIHBP1,MYH15,-0.034836207
MINAR2,MYH15,-0.11073021
CCDC24,MYH15,-0.01423475
COL2A1,MYH15,-0.025843233
AKR1C2,MYH15,-0.12125138
ZSCAN23,MYH15,-0.010448601
WDR5,MYH15,-0.015460082
ARHGEF37,MYH15,-0.081447214
ABL1,MYH15,-0.027795484
LSR,MYH15,-0.024960652
IQCC,MYH15,-0.043695588
DCP1B,MYH15,-0.02109773
ACE,MYH15,-0.0148485545
CHMP2B,MYH15,-0.06740538
XK,MYH15,-0.034308564
H2BC17,MYH15,-0.05819801
PTGES3L,MYH15,-0.12437291
FKBP10,MYH15,-0.032296233
PPA1,MYH15,-0.06698362
VAX2,MYH15,-0.14788127
EFEMP1,MYH15,-0.03690276
ZNF665,MYH15,-0.0055567175
P4HA1,MYH15,-0.009881159
GLT8D2,MYH15,-0.06756968
SCIN,MYH15,-0.02568816
AKR1C3,MYH15,-0.028281532
CITED2,MYH15,-0.15146865
SEMA7A,MYH15,-0.02710274
EXPH5,MYH15,-0.027563699
CALB2,MYH15,-0.053653408
BRINP3,MYH15,-0.029939322
DEXI,MYH15,-0.035328764
ATG7,MYH15,-0.014291046
SNX3,MYH15,-0.010820344
HOXC10,MYH15,-0.090697095
VEGFC,MYH15,-0.046277296
EXOC4,MYH15,-0.06640169
RAD18,MYH15,-0.050385367
SETD3,MYH15,-0.052381992
CPA3,MYH15,-0.031206908
CAPN11,MYH15,-0.025894042
TRIM16L,MYH15,-0.030052777
POMT2,MYH15,-0.011680333
TSC22D2,MYH15,-0.004240691
ELOVL6,MYH15,-0.011594335
IMPDH2,MYH15,-0.028099623
RASSF6,MYH15,-0.030993437
KRT81,MYH15,-0.016295051
TAS1R3,MYH15,-0.011731687
PLEKHA4,MYH15,-0.40243936
MUC2,MYH15,-0.25024933
TRIM45,MYH15,-0.013104962
TRAPPC2,MYH15,-0.030555712
CACNA1A,MYH15,-0.08502184
C12orf75,MYH15,-0.15842685
SH3GL3,MYH15,-0.044689566
CCDC137,MYH15,-0.011711522
U2AF1L5,MYH15,-0.016785793
IRS2,MYH15,-0.27557752
LGI3,MYH15,-0.024367401
PTPA,MYH15,-0.04290968
LEP,MYH15,-0.030721767
KDM5D,MYH15,-0.015744485
CSAG3,MYH15,-0.0336328
FP565260.1,MYH15,-0.004291977
ARPC5L,MYH15,-0.017497258
COTL1,MYH15,-0.01532938
EXTL3,MYH15,-0.018285455
SPRED1,MYH15,-0.025121726
C1orf127,MYH15,-0.050303686
CLCN5,MYH15,-0.053978752
TFG,MYH15,-0.035477955
CFAP157,MYH15,-0.030746061
SCARF2,MYH15,-0.40762618
RDH16,MYH15,-0.035108175
FRG2B,MYH15,-0.16559324
OR2B6,MYH15,-0.11097085
H4C8,MYH15,-0.044768967
CLDN9,MYH15,-0.03406535
SYP,MYH15,-0.036515005
ETFDH,MYH15,-0.121027075
DDAH1,MYH15,-0.028456151
CAPZA1,MYH8,-0.008902644
ATF4,MYH8,-0.007121164
GBGT1,MYH8,-0.0056387917
SIDT1,MYH8,-0.013879031
RPRM,MYH8,-0.04068451
ATP5F1A,MYH8,-0.04117755
FUCA1,MYH8,-0.045858786
SLC35G2,MYH8,-0.0638983
KIF17,MYH8,-0.032728124
ARGLU1,MYH8,-0.013251204
SCFD1,MYH8,-0.17117716
SRRM3,MYH8,-0.04248286
F2RL1,MYH8,-0.03096437
ST6GALNAC4,MYH8,-0.035486758
EVI2B,MYH8,-0.01846416
FAM214B,MYH8,-0.0928851
SOD2,MYH8,-0.02846123
TMEM8B,MYH8,-0.011677096
DUSP16,MYH8,-0.054551788
WDR5B,MYH8,-0.013520845
CACNA1B,MYH8,-0.009010951
CDKL1,MYH8,-0.037611417
SRPX,MYH8,-0.08377399
BMI1,MYH8,-0.019612167
SPACA6,MYH8,-0.02355836
IK,MYH8,-0.0032742622
ACKR1,MYH8,-0.27182162
KISS1R,MYH8,-0.03636612
FOXD2,MYH8,-0.028790338
PLXNA1,MYH8,-0.032851715
WWC3,MYH8,-0.025467262
FAM50B,MYH8,-0.04194377
RNASE6,MYH8,-0.021027954
ALDH7A1,MYH8,-0.16974552
PLCZ1,MYH8,-0.03328915
VEGFA,MYH8,-0.0409129
A4GALT,MYH8,-0.038215555
KCNN1,MYH8,-0.07846778
FLT3,MYH8,-0.21347624
NTN4,MYH8,-0.044004653
DLX5,MYH8,-0.03776657
ENTPD7,MYH8,-0.0132631045
CLPS,MYH8,-0.18078215
H2BU1,MYH8,-0.034117155
MAF,MYH8,-0.02369145
MYOZ2,MYH8,-0.018428512
NDP,MYH8,-0.64003223
ZFPM2,MYH8,-0.058246687
H2AW,MYH8,-0.08052342
KMO,MYH8,-0.004175173
ANPEP,MYH8,-0.016791483
ATP5MF,MYH8,-0.011043318
FGF5,MYH8,-0.0105248
ZNF597,MYH8,-0.16055767
PPAN,MYH8,-0.064773776
KIRREL3,MYH8,-0.036777977
PAPSS2,MYH8,-0.1308956
NXNL2,MYH8,-0.054566357
BTD,MYH8,-0.053814568
GALNT15,MYH8,-0.031880647
MBP,MYH8,-0.055180673
PROSER2,MYH8,-0.028704967
MN1,MYH8,-0.013278875
DDN,MYH8,-0.18822366
IRAK3,MYH8,-0.02682372
GPI,MYH8,-0.03966217
TBX15,MYH8,-0.05581978
PPP1R14D,MYH8,-0.029826188
SIGLEC11,MYH8,-0.12107583
PSMD1,MYH8,-0.039922528
ALG1L2,MYH8,-0.035277795
ARHGEF1,MYH8,-0.059865978
NTN1,MYH8,-0.0897959
SELENOH,MYH8,-0.007984281
HEATR1,MYH8,-0.020618891
BCAT2,MYH8,-0.024924556
ZBTB4,MYH8,-0.019640245
MNAT1,MYH8,-0.10015413
FSTL4,MYH8,-0.08602188
CCL19,MYH8,-0.04345228
SRL,MYH8,-0.066931956
IFITM3,MYH8,-0.02776345
RIMKLA,MYH8,-0.03216374
PLAU,MYH8,-0.014730639
ADH6,MYH8,-0.100103855
OLFM2,NBEAL1,-0.010347828
HOXA5,NBEAL1,-0.010451482
PGAP3,NBEAL1,-0.006609102
MYLK3,NBEAL1,-0.019083902
TNFRSF11A,NBEAL1,-0.01416261
WT1,NBEAL1,-0.20364578
ZNF114,NBEAL1,-0.010451291
TBC1D14,NBEAL1,-0.012139483
CAPN13,NBEAL1,-0.028063856
ARSL,NBEAL1,-0.018490616
CCT6A,NBEAL1,-0.02459611
SLC10A7,NBEAL1,-0.04126855
REPS2,NBEAL1,-0.038334005
ZFPM1,NBEAL1,-0.03423463
LTV1,NBEAL1,-0.02435135
SIRT1,NBEAL1,-0.01913801
STARD4,NBEAL1,-0.0060439887
IRAG2,NBEAL1,-0.07672198
SLC9A5,NBEAL1,-0.27278948
MAGEA4,NBEAL1,-0.039916813
HTRA4,NBEAL1,-0.022952626
MKX,NBEAL1,-0.18897171
ACYP1,NBEAL1,-0.03000386
IL22RA2,NBEAL1,-0.11696554
FANCG,NBEAL1,-0.12177947
MTA1,NBEAL1,-0.021452121
GOLGA6L2,NBEAL1,-0.022768604
SLFN13,NBEAL1,-0.1750447
RASA4,NBEAL1,-0.14809139
HOXC8,NBEAL1,-0.016132703
BAIAP2L2,NBEAL1,-0.25870404
RPF2,NBEAL1,-0.031444352
ZBTB7B,NBEAL1,-0.023273913
TMEM184A,NBEAL1,-0.05342044
NBDY,NBEAL1,-0.058661114
DNM1,NBEAL1,-0.0829995
BRF2,NBEAL1,-0.021696348
ZNF268,NBEAL1,-0.3226634
SORBS2,NBEAL1,-0.022359885
SOWAHA,NBEAL1,-0.03963719
TRPC1,NBEAL1,-0.026931051
ZNHIT6,NBEAL1,-0.025964707
MRPS17,NBEAL1,-0.04009124
TEDC1,NBEAL1,-0.11823481
ZBTB16,NBEAL1,-0.036649555
POMGNT2,NBEAL1,-0.053574104
LPIN3,NBEAL1,-0.006870673
RALBP1,NBEAL1,-0.010568759
SHISA9,NBEAL1,-0.019525697
ATP2A1,NBEAL1,-0.024503028
FUT8,NBEAL1,-0.017135492
CD207,NBEAL1,-0.04427198
ZNF730,NBEAL1,-0.12716171
CALHM2,NBEAL1,-0.027064696
BAG2,NBEAL1,-0.107946835
PCDHB2,NBEAL1,-0.036304295
PPP2R5B,NBEAL1,-0.098197825
CLGN,NBEAL1,-0.1415752
ALDOA,NBEAL1,-0.0102904895
PHACTR3,NBEAL1,-0.71971005
TCAP,NBEAL1,-0.050093852
CLEC14A,NBEAL1,-0.057800334
RGS6,NBEAL1,-0.06292097
MEPE,NBEAL1,-0.030413123
PHKG1,NBEAL1,-0.007594571
SHCBP1L,NBEAL1,-0.13477576
UNC79,NBEAL1,-0.04340166
THNSL2,NBEAL1,-0.059125293
CCL8,NBEAL1,-0.07183464
SLC4A4,NBEAL1,-0.018208288
BMP3,NBEAL1,-0.12225419
PCLO,NBEAL1,-0.03112608
LY75,NBEAL1,-0.033475496
MED12,NEB,-0.0063039977
AMTN,NEB,-0.024680963
SLC66A2,NEB,-0.003701227
POM121,NEB,-0.088673644
MPP7,NEB,-0.010653206
TTC4,NEB,-0.03860407
NR4A3,NEB,-0.013798277
CTSO,NEB,-0.065432824
POLD1,NEB,-0.051744793
SH3BGRL,NEB,-0.007825578
SLC5A12,NEB,-0.03300873
LRRC15,NEB,-0.004937788
AADACL2,NEB,-0.022396134
MRO,NEB,-0.10678883
AC006030.1,NEB,-0.081858166
ZNF837,NEB,-0.057961266
DHRS7,NEB,-0.016046973
UAP1L1,NEB,-0.02634809
OSGIN2,NEB,-0.014310896
RPS27A,NEB,-0.017351933
EFNB2,NEB,-0.004152893
COX11,NEB,-0.017685762
ESPN,NEB,-0.05451994
DTWD1,NEB,-0.035193462
SAMD11,NEB,-0.018375289
RBM4,NEB,-0.022005336
SMIM40,NEB,-0.028012387
ANPEP,NEB,-0.059540782
DLEU7,NEB,-0.008451413
PRPF38A,NEB,-0.053853538
NTSR1,NEB,-0.014766179
TPX2,NEB,-0.09282233
AC009690.1,NEB,-0.010039965
SLC15A1,NEB,-0.049029052
LIPN,NEB,-0.059819996
LHB,NEB,-0.017398207
TOR1AIP2,NEB,-0.011768553
NDFIP2,NEB,-0.011358121
P2RY11,NEB,-0.024867091
ATG9B,NEB,-0.01895279
CFAP161,NEB,-0.018605793
HOXC9,NEB,-0.040029306
ADGRL1,NEB,-0.031336725
POC1A,NEB,-0.0110868
GPR158,NEB,-0.01421908
COL11A1,NEB,-0.03133656
ZNF331,NEB,-0.006439264
DUSP10,NEB,-0.034553092
CFI,NEB,-0.06637103
PCBP3,NEB,-0.012325557
RIMS3,NEB,-0.07914167
YBX2,NEB,-0.0077241403
NUDT12,NEB,-0.026369816
BORCS8,NEB,-0.020705549
ABCF3,NEB,-0.03695005
ATG10,NEB,-0.007519102
POLR2J3,NEB,-0.0030957267
PROKR1,NEB,-0.013698953
RUNX2,NEB,-0.030772608
KNDC1,NEB,-0.017964281
TAF7L,NEB,-0.020365244
SLC10A6,NEB,-0.003066313
CCDC116,NEB,-0.28798276
CCDC61,NEB,-0.022535548
ZNF57,NEB,-0.014919552
KSR2,NEB,-0.0346841
TBC1D16,NEB,-0.06831856
COQ8B,NEB,-0.039718278
CENPH,NEB,-0.022321764
SVIP,NEB,-0.016328223
HOXC10,NEB,-0.029654175
VPS18,NEB,-0.056209862
GALR2,NEB,-0.029389933
SCN2A,NEB,-0.014351424
ADAMTS12,NEB,-0.03743671
YPEL3,NEB,-0.014047299
RPAP1,NEB,-0.024152117
GRXCR2,NEB,-0.21684198
PTP4A1,NEB,-0.015534871
KTN1,NEB,-0.10918086
ARMC5,NEB,-0.015172761
FOXL2NB,NEB,-0.035709046
CD200R1,NEB,-0.010282314
CILP2,NEB,-0.011552975
NAALAD2,NEB,-0.022755448
PFDN6,NEB,-0.042751297
NUTM2E,NEB,-0.013209303
BCL2L11,NEB,-0.023003737
MAPKAPK2,NEB,-0.066101916
ASCL2,NEB,-0.13701218
SREBF1,NEB,-0.023013853
TMEM229B,NEB,-0.03029651
RAB25,NEB,-0.04416185
VGF,NEB,-0.02716042
CSNK1D,NEB,-0.0242516
CCNP,NEB,-0.022408562
SLC22A31,NEB,-0.026543487
SDHAF4,NEB,-0.007758521
KSR1,NEB,-0.13653414
HOXC12,NEB,-0.045863766
LRRC3,NEB,-0.01217852
RAB33B,NEB,-0.013678723
NME8,NEB,-0.02317815
RPL39L,NEB,-0.029498352
SCUBE3,NEB,-0.020825168
FHIT,NEB,-0.016398344
CTSH,NEB,-0.006083964
BAALC,NEB,-0.029717976
GABRA2,NEB,-0.024185274
CCDC152,NEB,-0.05664719
GBA,NEB,-0.023926876
DBP,NEB,-0.005108667
CC2D1B,NEB,-0.013720738
PAPSS2,NEB,-0.02591078
TBX1,NEB,-0.040032145
PMP2,NEB,-0.020711837
HAGH,NEB,-0.00699969
TP53I3,NEB,-0.07065223
STIM2,NEB,-0.0150130745
HSP90AA1,NEB,-0.032752443
STARD4,NEB,-0.010792315
PPBP,NEB,-0.07459685
ARMC6,NEB,-0.00868765
SUSD2,NEB,-0.016102612
ABCD2,NEB,-0.025835706
SBSN,NEB,-0.006918147
THSD4,NEB,-0.07223721
SPINT1,NEB,-0.044716366
F13A1,NEB,-0.104718566
SIRT7,NEB,-0.07857459
AOC2,NEB,-0.06872789
ZNF532,NEB,-0.013259291
RTCA,NFE2L2,-0.014815803
ADM5,NFE2L2,-0.010658872
CHRD,NFE2L2,-0.003117598
HSD3B7,NFE2L2,-0.17432608
SGCG,NFE2L2,-0.009811959
TICAM1,NFE2L2,-0.019043142
DAND5,NFE2L2,-0.016967045
TSPAN7,NFE2L2,-0.06098923
GIMAP5,NFE2L2,-0.028130624
GZMA,NFE2L2,-0.015944552
LAYN,NFE2L2,-0.015738973
ADGRV1,NFE2L2,-0.055575132
SPTA1,NFE2L2,-0.051596463
SRFBP1,NFE2L2,-0.013960301
NPL,NFE2L2,-0.0461671
CES1,NFE2L2,-1.900148
UGDH,NFE2L2,-0.020222621
CDH3,NFE2L2,-0.06204425
SIPA1L1,NFE2L2,-0.02385608
TUBB2A,NFE2L2,-0.015050195
ASS1,NFE2L2,-0.19705297
CLMN,NFE2L2,-0.02433135
CD274,NFE2L2,-0.04779733
CYP4F11,NFE2L2,-0.21408837
HBA2,NFE2L2,-0.029842645
CENPV,NFE2L2,-0.46183336
CTSD,NFE2L2,-0.043323677
UGT1A7,NFE2L2,-0.07251424
OIT3,NFE2L2,-0.024230879
WWC1,NFE2L2,-0.045971423
RNF7,NFE2L2,-0.03904393
AKR1B10,NFE2L2,-0.39132613
PRXL2A,NFE2L2,-0.051723547
RPS23,NFE2L2,-0.029011896
TM4SF19,NFE2L2,-0.05953543
ZNF528,NFE2L2,-0.04074368
TFF1,NFE2L2,-0.040538233
ERVV-1,NFE2L2,-0.04962343
ALDH6A1,NFE2L2,-0.019430123
HLA-DMA,NFE2L2,-0.028523248
ZNF662,NFE2L2,-0.22713633
MUC6,NFE2L2,-0.059902396
ITGA6,NFE2L2,-0.04715858
CNPY3,NFE2L2,-0.051027767
CCL26,NFE2L2,-0.060561836
DRC1,NFE2L2,-0.0127047105
IGDCC3,NFE2L2,-0.046267744
MAGEA4,NFE2L2,-0.13636054
SLC12A8,NFE2L2,-0.14722164
ZDHHC12,NFE2L2,-0.077267766
SAMD10,NFE2L2,-0.018765992
KIF26B,OBSCN,-0.008085716
SLURP2,OBSCN,-0.028270228
TTC39B,OBSCN,-0.015998807
DENR,OBSCN,-0.012698362
NXPH2,OBSCN,-0.020515343
NUTM2E,OBSCN,-0.004238444
ZHX1-C8orf76,OBSCN,-0.00963656
AL441992.2,OBSCN,-0.109758444
RDM1,OBSCN,-0.058976747
ARMC9,OBSCN,-0.017763205
NKAP,OBSCN,-0.008255739
ALKBH5,OBSCN,-0.047894955
NUDC,OBSCN,-0.25109223
HAUS2,OBSCN,-0.015943041
PCDHA10,OBSCN,-0.0069442764
MAPK13,OBSCN,-0.008935862
GPANK1,OBSCN,-0.006392214
NCAM1,OBSCN,-0.029152036
FAM117B,OBSCN,-0.014228354
IL17RC,OBSCN,-0.008858527
SGSH,OBSCN,-0.017523464
H4C4,OBSCN,-0.036500867
AL159163.1,OBSCN,-0.014235157
ACOD1,OBSCN,-0.02511825
SPATA33,OBSCN,-0.04581504
POLR2F,OBSCN,-0.013513166
MRPS12,OBSCN,-0.022318954
ZNF846,OBSCN,-0.019917777
C11orf98,OBSCN,-0.003935491
VWC2,OBSCN,-0.054590896
PIGL,OBSCN,-0.023530733
ADAL,OBSCN,-0.006942334
BIRC7,OBSCN,-0.027268386
OPN5,OBSCN,-0.018732019
GPR142,OBSCN,-0.024165764
TUB,OBSCN,-0.031988878
SLC6A12,OBSCN,-0.04215109
AIG1,OBSCN,-0.037294988
WDR76,OBSCN,-0.014699541
MARVELD2,OBSCN,-0.013045041
HIRA,OBSCN,-0.026933165
GCHFR,OBSCN,-0.03752553
TMEM241,OBSCN,-0.003741441
UTP11,OBSCN,-0.016232723
SLFN12,OBSCN,-0.073492885
RMDN2,OBSCN,-0.007904984
SEC11C,OBSCN,-0.031427238
DTHD1,OBSCN,-0.025357893
HOXD3,OBSCN,-0.009133456
TMBIM4,OBSCN,-0.07421218
OR13J1,OBSCN,-0.013790379
PLCB1,OBSCN,-0.023628198
CHRNA10,OBSCN,-0.02676118
ALK,OBSCN,-0.010929239
PLA2G10,OBSCN,-0.029442158
OXCT1,OBSCN,-0.06371616
FAM229B,OBSCN,-0.03784025
IQSEC2,OBSCN,-0.017206611
MTAP,OBSCN,-0.047708254
RILPL2,OBSCN,-0.0068752444
SLC2A14,OBSCN,-0.014230105
UGT1A6,OBSCN,-0.015584755
IRAK1,OBSCN,-0.018150173
NDUFB3,OBSCN,-0.0068355817
C9orf50,OBSCN,-0.024473855
CGREF1,OBSCN,-0.0038937824
C11orf24,OBSCN,-0.0068562464
CXCL6,OBSCN,-0.024849338
RPL38,OBSCN,-0.38583267
TAGLN3,OBSCN,-0.105020925
AC007040.2,OBSCN,-0.06533144
BSCL2,OBSCN,-0.020009289
ZNF662,OBSCN,-0.016006885
SMS,OBSCN,-0.016237563
MRTO4,OBSCN,-0.026484424
PUSL1,OBSCN,-0.063441806
CYP2J2,OBSCN,-0.022076482
MKNK2,OBSCN,-0.018439746
CCDC34,OBSCN,-0.043765504
RBM42,OBSCN,-0.0114931315
PUM3,OBSCN,-0.015634289
MYL6B,OBSCN,-0.020287702
GPX3,OBSCN,-0.03084382
PDE3B,OBSCN,-0.01152417
FAM120C,OBSCN,-0.010987167
CD207,OBSCN,-0.105182804
FAAH,OBSCN,-0.021659613
FANCF,OBSCN,-0.0100270165
LBHD1,OBSCN,-0.036964685
H1-4,OBSCN,-0.02610331
AC000093.1,OBSCN,-0.0018129259
LRRC34,OBSCN,-0.0156238265
TBC1D3B,OBSCN,-0.013551908
CAPS2,OBSCN,-0.12942018
SERPINB7,OBSCN,-0.016659703
RPS15A,OBSCN,0.0049736556
ZNF23,OBSCN,-0.004998915
SLC2A8,OBSCN,-0.018803755
ZNF615,OBSCN,-0.016405718
CACNA1I,OBSCN,-0.08093304
MYO1B,OBSCN,-0.013298861
SETDB1,OBSCN,-0.01536431
AC022415.2,OBSCN,-0.011925684
NANOS1,OBSCN,-0.025438454
ZNF829,OBSCN,-0.0012191776
WDR88,OBSCN,-0.032685656
DHRS2,OBSCN,-0.042432856
CIAO3,OBSCN,-0.043368667
LDHD,OBSCN,-0.0159765
UBE2D1,OBSCN,-0.008551922
ZNF761,OBSCN,-0.053741783
RPS2,OBSCN,-0.008556725
DDX60L,OBSCN,-0.06784189
SCN3A,OBSCN,-0.00797916
SOWAHD,OBSCN,-0.1612977
GLRA4,OBSCN,-0.0404895
AR,OBSCN,-0.05029081
PROK1,OBSCN,-0.033152636
NT5C3A,OBSCN,-0.03614461
CYB5R1,OBSCN,-0.010732505
IER5L,OBSCN,-0.01780906
RBM4,OBSCN,-0.009736066
DZIP1,OBSCN,-0.017643934
ZNF695,OBSCN,-0.021839844
RANBP3L,OBSCN,-0.080083825
FAM104B,OBSCN,-0.035226114
FBXO10,OBSCN,-0.11616223
TRPC6,OBSCN,-0.14516899
CD300LB,OBSCN,-0.030072818
ANGPTL8,OBSCN,-0.009945436
TCEAL9,OBSCN,-0.008394395
GARRE1,OBSCN,-0.01594363
RFLNA,OBSCN,-0.09231219
SEMA3D,OBSCN,-0.02164186
MAGED2,OBSCN,-0.11011555
GLO1,PCDH15,-0.15485294
DHRS2,PCDH15,-0.019800091
RASSF10,PCDH15,-0.012413089
TACR2,PCDH15,-0.0065343953
CDK3,PCDH15,-0.0071309833
MAPK10,PCDH15,-0.02677568
ACKR1,PCDH15,-0.002873664
ACBD6,PCDH15,-0.0148046
POTEF,PCDH15,-0.045104034
IRAK3,PCDH15,-0.1252188
OR4F15,PCDH15,-0.042099543
EGFL8,PCDH15,-0.061894417
MCEE,PCDH15,-0.21638949
NAB2,PCDH15,-0.04046532
IFT20,PCDH15,-0.03209573
FAM189A2,PCDH15,-0.036402643
GLB1L3,PCDH15,-0.024903078
TDRD9,PCDH15,-0.038813278
PLCD3,PCDH15,-0.057994317
C10orf82,PCDH15,-0.12297801
NUDT18,PCDH15,-0.046885137
OPLAH,PCDH15,-0.040958967
OR1R1P,PCDH15,-0.15455954
LCE1C,PCDH15,-0.022339482
EFR3A,PCDH15,-0.029992567
TSSK6,PCDH15,-0.047219772
CAPN15,PCDH15,-0.056878526
EN2,PCDH15,-0.016460324
FAM95C,PCDH15,-0.02057894
FRMPD2,PCDH15,-0.2380615
ZP3,PCDH15,-0.0068309335
LONP2,PCDH15,-0.00610996
HHAT,PCDH15,-0.004290546
NOS2,PCDH15,-0.01477957
GPER1,PCDH15,-0.080690935
SH3GL3,PCDH15,-0.04417426
ACOD1,PCDH15,-0.03023527
MARCHF3,PCDH15,-0.104094595
GSTA1,PCDH15,-0.03821546
CNKSR3,PCDH15,-0.38474503
KLHL30,PCDH15,-0.02819628
SERPINA3,PCDH15,-0.056991857
HNMT,PCDH15,-0.07582589
FOXH1,PCDH15,-0.021875173
HFE,PCDH15,-0.033747006
PDGFA,PCDH15,-0.18015786
HBEGF,PCDH15,-0.11216378
IL13RA2,PCDH15,-0.013826325
NLGN4X,PCDH15,-0.025173573
CCND1,PCDH15,-0.056639705
TUBB8B,PCDH15,-0.07685631
TFRC,PCDH15,-0.05436563
RUNX3,PCDH15,-0.004053623
SPEF2,PCDH15,-0.047535557
RAMP1,PCDH15,-0.14063527
TRIB3,PCDH15,-0.013350848
LILRB4,PCDH15,-0.058357485
GCNT4,PCDH15,-0.044999186
NXNL2,PCDH15,-0.029944668
GPRC5D,PCDH15,-0.040161014
SPDYE16,PCDH15,-0.06719577
ZFP28,PCDH15,-0.044328574
RIPK2,PCDH15,-0.010839845
NUDT8,PCDH15,-0.040910788
SRPX2,PCDH15,-0.008871938
GTF2F2,PCDH15,-0.03290275
CFAP410,PCDH15,-0.019916778
BEGAIN,PCDH15,-0.44326225
DNAJC15,PCDH15,-0.84440655
LMOD3,PCLO,-0.01094223
NFIX,PCLO,-0.006017813
FRMD7,PCLO,-0.03531829
TNRC6C,PCLO,-0.013723171
JMJD6,PCLO,-0.015134684
KCNC3,PCLO,-0.01135292
PROB1,PCLO,-0.010315615
HCFC1R1,PCLO,-0.025839023
IMMP2L,PCLO,-0.014023888
SIX1,PCLO,-0.0083588585
SENP8,PCLO,-0.045616217
CXCL13,PCLO,-0.02550854
RASSF9,PCLO,-0.037235122
C18orf32,PCLO,-0.027687043
ECM2,PCLO,-0.048345048
THEM6,PCLO,-0.030295985
PAGE5,PCLO,-0.020280523
AGMAT,PCLO,-0.10388473
SLC17A7,PCLO,-0.03370008
KRTAP29-1,PCLO,-0.022343218
NDUFS6,PCLO,-0.0190205
ALOX12B,PCLO,-0.032746848
PEX11G,PCLO,-0.034819636
SLC9A7,PCLO,-0.004582513
ITGAM,PCLO,-0.010927211
SLC25A12,PCLO,-0.018579902
HEXD,PCLO,-0.08441908
LRRC8D,PCLO,-0.020985655
HTRA4,PCLO,-0.061270747
RAET1L,PCLO,-0.02100629
TAGAP,PCLO,-0.021748573
SPSB2,PCLO,-0.057674695
CPXM2,PCLO,-0.036955412
A3GALT2,PCLO,-0.02802908
PTPRO,PCLO,-0.12215325
RRAS2,PCLO,-0.017599136
ZNF221,PCLO,-0.026027678
NCK2,PCLO,-0.020318732
RASGRP3,PCLO,-0.013505288
SNCAIP,PCLO,-0.019588118
FRG2B,PCLO,-0.02478742
TUBB2B,PCLO,-0.017373938
SIPA1L2,PCLO,-0.10415066
PRODH,PCLO,-0.13900873
UST,PCLO,-0.022651942
PI3,PCLO,-0.11330875
FAM110D,PCLO,-0.027529608
CDH1,PCLO,-0.116424054
PKD2L1,PCLO,-0.10222725
ZG16B,PCLO,-0.07507144
TBXA2R,PCLO,-0.023938203
INKA2,PCLO,-0.070032775
SGSH,PCLO,-0.038679667
THRB,PCLO,-0.025342867
SLC16A3,PCLO,-0.025735123
KIFAP3,PCLO,-0.034262322
CSF2,PCLO,-0.028222442
OTX2,PCLO,-0.028911686
TRIM54,PCLO,-0.023499427
CD72,PCLO,-0.23371689
PRSS33,PCLO,-0.042687017
DNAH9,PCLO,-0.027126115
MEX3D,PCLO,-0.034757428
OR2I1P,PCLO,-0.015084013
SH3GL3,PCLO,-0.17201097
LYPLA2,PCLO,-0.027275026
SIPA1,PCLO,-0.002297526
L1TD1,PCLO,-0.02042854
CD248,PCLO,-0.040210348
SYNJ2BP,PCLO,-0.008022462
SAXO2,PCLO,-0.0051674484
CARMIL2,PCLO,-0.018472759
GABPB2,PCLO,-0.010990735
C2orf66,PCLO,-0.012311817
PREX2,PCLO,-0.056247592
HSD17B2,PCLO,-0.018166212
WWP2,PCLO,-0.0055082566
PADI6,PCLO,-0.03506697
TPRN,PCLO,-0.09024148
PIGZ,PCLO,-0.03301833
FYCO1,PCLO,-0.019871086
HEY1,PCLO,-0.012952936
SERPINF2,PCLO,-0.044031236
HM13,PCLO,-0.056352776
TMEM61,PCLO,-0.061367888
PDCD1,PCLO,-0.04480301
DES,PCLO,-0.035673928
XDH,PCLO,-0.012437718
ALDOB,PCLO,-0.0013920994
CSF3,PCLO,-0.06151491
ZNF211,PCLO,-0.037383992
MAGEA4,PCLO,-0.06927206
NUDT13,PCLO,-0.034362014
SLC26A4,PCLO,-0.050452482
METTL5,PCLO,-0.013316937
AC011448.1,PCLO,-0.016159488
CLEC2L,PCLO,-0.02058235
TCP11L2,PCLO,-0.019651407
RRP1,PCLO,-0.03301882
TNIP1,PCLO,-0.03041687
HSD17B1,PCLO,-0.014574676
NMNAT1,PCLO,-0.06925888
LMTK3,PCLO,-0.026766641
SLC51A,PCLO,-0.002717028
TRAPPC5,PCLO,-0.03960322
ANKRD7,PCLO,-0.022561584
POU5F2,PCLO,-0.03614918
WFIKKN1,PCLO,-0.20400095
IGFBP2,PCLO,-0.022692021
CTNNBIP1,PCLO,-0.00790263
DBH,PCLO,-0.015940754
C2CD4D,PCLO,-0.018118214
OTOP3,PCLO,-0.049964186
RC3H2,PCLO,-0.011092583
POTEE,PCLO,-0.11270333
SERTAD4,PCLO,-0.10205407
ADGRL2,PCLO,-0.005662207
CALHM1,PCLO,-0.022360817
R3HDM4,PCLO,-0.014622265
AL441992.2,PIK3CA,-0.0033283315
RALGAPB,PIK3CA,-0.0012590295
ZCCHC7,PIK3CA,-0.0019946098
ATP5MF,PIK3CA,-0.0046003982
DLL1,PIK3CA,-0.002227958
NAV3,PIK3CA,-0.0025108093
MAP10,PIK3CA,-0.001200073
CYP20A1,PIK3CA,-0.003680317
MAGOHB,PIK3CA,-0.03701005
PRPF3,PIK3CA,-0.016470393
ZNF648,PIK3CA,-0.0009945951
IL17RC,PIK3CA,0.00016013802
FPR1,PIK3CA,-0.0042573633
DNAJC15,PIK3CA,-0.0026275131
TRIM13,PIK3CA,-0.0008059524
PCDHGA5,PIK3CA,-0.0012989861
ARHGAP21,PIK3CA,-0.0014715971
FAM114A1,PIK3CA,0.0006399596
CCNB1,PIK3CA,-0.010498516
ST3GAL6,PIK3CA,-0.004024085
SLC7A2,PIK3CA,-0.008634443
MSTO1,PIK3CA,-0.012948037
EPHB2,PIK3CA,-0.003501415
OTUD1,PIK3CA,-0.024927229
RAB2A,PIK3CA,-0.0022324268
PMFBP1,PIK3CA,-0.0073459675
VPS13D,PIK3CA,-0.0019689663
PIWIL2,PIK3CA,-0.0036511817
SLC4A4,PIK3CA,-0.0044645993
NUDT18,PIK3CA,-0.0028382535
SPON1,PIK3CA,-0.0035673168
KLF14,PIK3CA,-0.0064486833
IRF1,PIK3CA,-0.0008096872
MRPL58,PIK3CA,-0.004242622
FCER2,PIK3CA,-0.0037780332
STAC3,PIK3CA,-0.007019734
PIK3R3,PIK3CA,-0.003258216
CCL13,PIK3CA,-0.005578252
COL10A1,PIK3CA,-0.004848883
A2ML1,PIK3CA,-0.0038769036
PTGS1,PIK3CA,-0.012341888
FLRT2,PIK3CA,-0.005659358
CEACAM4,PIK3CA,-0.00804446
GPR55,PIK3CA,-0.0049025537
C15orf62,PIK3CA,2.8775186e-05
DEGS1,PIK3CA,-0.0023384667
MPP2,PIK3CA,0.0001800299
CADM1,PIK3CA,-0.014570914
CNNM1,PIK3CA,-0.005020691
UGT2B17,PIK3CA,-0.00020996171
PRCD,PIK3CA,-0.003915539
GPR85,PIK3CA,-0.002780373
HOOK1,PIK3CA,-0.0013200626
C20orf194,PIK3CA,-0.010455027
SQOR,PIK3CA,-0.009108688
PLAUR,PIK3CA,-0.0006072663
DEPP1,PIK3CA,-0.0036223833
ZNF829,PIK3CA,-0.0036443502
PTPN9,PIK3CA,-0.0049355384
SGK2,PIK3CA,-0.010023739
SLC35F2,PIK3CA,-0.020837411
STMP1,PIK3CA,-0.008129929
TYRP1,PIK3CA,-0.0037262726
SHROOM4,PIK3CA,-0.01436591
TRIM2,PIK3CA,-0.0090287905
NDUFA4L2,PIK3CA,0.0016742429
DNAH3,PIK3CA,-0.0027734276
SLC26A4,PIK3CA,-0.001815486
AKR1B15,PIK3CA,-0.008085242
CCDC134,PIK3CA,-0.002307677
SGCB,PIK3CA,-0.015957993
SFXN5,PIK3CA,-0.0022456544
GOLGA8A,PIK3CA,-0.005396866
FSTL4,PIK3CA,-0.0011226793
ADSL,PIK3CA,-0.0018684076
WBP2,PIK3CA,-0.011210529
HSD11B2,PIK3CA,0.004244099
ADGRE2,PIK3CA,-0.0032609336
CCDC127,PIK3CA,-0.008683737
AFAP1L2,PIK3CA,-0.0028553149
PLAC1,PIK3CA,-0.0071090525
PSMD9,PIK3CA,-0.013241511
ZNF114,PIK3CA,-0.004220174
C3orf18,PIK3CA,-0.0038164041
RET,PIK3CA,-0.041431054
CHST2,PIK3CA,-0.059822313
AK4,PIK3CA,-0.0015935346
PCDHGB6,PIK3CA,-0.0009884015
FAM20A,PIK3CA,-0.005722831
SAMD1,PIK3CA,-0.003926046
GRAMD1C,PIK3CA,-0.011164336
HJV,PIK3CA,-0.002998645
LRRC4,PIK3CA,-0.007671458
DCST1,PIK3CA,-0.0039111744
MAB21L4,PIK3CA,-0.014318551
MT1E,PIK3CA,-0.0055353874
FLYWCH2,PIK3CA,-0.0133914575
CAMTA1,PIK3CA,-0.0028211793
SCX,PIK3CA,-0.01048126
NDUFAF8,PIK3CA,-0.0052255616
VIL1,PIK3CA,-0.006694649
S100A8,PIK3CA,-0.009805
TMEM238,PIK3CA,-0.014386753
FHL1,PIK3CA,-0.002069269
PSRC1,PIK3CA,-0.008765071
HHAT,PIK3CA,-0.011100324
SEMA3D,PIK3CA,-0.0034903623
ASPN,PIK3CA,0.0021015708
H2BC5,PIK3CA,-0.009719257
IL22RA2,PIK3CA,-0.005612222
EPOP,PIK3CA,-0.002331731
NKX1-2,PIK3CA,-0.0111653395
SGPP2,PIK3CA,-0.0061270474
HK1,PIK3CA,-0.005915239
KRT36,PIK3CA,-0.0052148183
CLCNKB,PIK3CA,-0.0037747247
CYP27A1,PIK3CA,-0.005840053
RPL38,PIK3CA,-0.0039795777
IRX5,PIK3CA,-0.0023996693
MRPS2,PIK3CA,-0.02378096
CYBRD1,PIK3CA,-0.015276815
ZFPL1,PIK3CA,-0.0013646011
OR7C1,PIK3CA,-0.00815368
HSBP1,PIK3CA,-0.0066444795
PCOLCE2,PIK3CA,-0.0045855376
KIAA1841,PIK3CA,-0.0085605495
CFAP20DC,PIK3CA,-0.0077089504
SLC10A7,PIK3CA,-0.0036584951
ALDH1L1,PIK3CA,-0.01399865
NCS1,PIK3CA,-0.00092978776
ITPRIPL1,PIK3CA,-0.0035906783
PAX8,PIK3CA,-0.017121831
ID3,PIK3CA,-0.0046764053
NHEJ1,PIK3CA,-0.005722149
NME1,PIK3CA,-0.015220945
RNASE10,PIK3CA,-0.0014807637
CCNG1,PIK3CA,-0.0027318972
RPS29,PIK3CA,-0.012511585
GSTM3,PIK3CA,-0.0039241575
C4orf3,PIK3CA,-0.010953529
MYO16,PIK3CA,-0.016307937
CSRNP1,PIK3CA,-0.011176061
KL,PIK3CA,-0.006000972
GAS2,PIK3CA,-0.0046028676
C14orf180,PIK3CA,-0.0069591966
ZNF691,PIK3CA,-0.006648949
MAP4K2,PIK3CA,-0.019534534
P2RX3,PIK3CA,-0.0076816534
PAIP2B,PIK3CA,-0.0033310913
DUS1L,PIK3CA,-0.009834157
RPL18A,PIK3CA,-0.0062772366
PNMA3,PIK3CA,-0.0045199525
CCL11,PIK3CA,-0.005087767
TXNDC8,PIK3CA,-0.013214345
ZMYND19,PIK3CA,-0.015091516
SLC25A15,PIK3CA,-0.0063084275
KISS1R,PIK3CA,-0.009723831
PTPRM,PIK3CA,-0.0121953925
GALNT1,PIK3CA,-0.010974608
SF3B4,PIK3CA,-0.047583595
TMEM232,PIK3CA,-0.011099186
MPP3,PIK3CA,-0.086319044
TMEM255A,PIK3CA,-0.01580409
LIPE,PIK3CA,-0.002103092
ZNF439,PIK3CA,-0.012472091
CX3CL1,PIK3CA,-0.0077233016
HSPH1,PIK3CA,-0.009898214
BST1,PIK3CA,-0.006557102
B3GNT6,PIK3CA,-0.01304772
ATP13A2,PIK3CA,0.00060022034
AGPAT4,PIK3CA,-0.0021829018
TNIK,PIK3CA,-0.009971821
TCTEX1D2,PIK3CA,-0.005947777
BICDL1,PIK3CA,-0.020408139
PRR3,PIK3CA,-0.00045015014
ANKRD29,PIK3CA,-0.000861251
IL23A,PIK3CA,-0.01037401
SRPX,PIK3CA,-0.0043769083
SLC25A23,PIK3CA,-0.0038335477
RND1,PIK3CA,-0.0023108767
ODF3,PIK3CA,-0.0006250263
SPA17,PIK3CA,-0.005132201
RPL36A,PIK3CA,-0.019459788
BORCS8,PIK3CA,-0.00072919176
ACVR1C,PIK3CA,-0.03064798
TEN1,PIK3CA,-0.004395357
IRS2,PIK3CA,-0.005647205
TRAPPC13,PIK3CA,-0.0053943912
CDC42BPG,PIK3CA,0.00035276497
RPL26,PIK3CA,-0.0031265693
KCNAB1,PIK3CA,-0.0017804287
HIC2,PIK3CA,-0.0040086466
SLC12A5,PIK3CA,-0.0029034498
S100A16,PIK3CA,-0.010166944
OTUD7B,PIK3CA,-0.010970796
RPL26L1,PIK3CA,-0.005791756
C1orf116,PIK3CA,-0.0051286244
ILF2,PIK3CA,-0.04143283
SEMA3F,PIK3CA,-0.003994933
UTP25,PIK3CA,-0.0079439
MSMB,PIK3CA,-0.007924306
DGKH,PIK3CA,-0.002343114
BEST3,PIK3CA,-0.004364507
PPFIA3,PIK3CA,-0.008092814
RASSF10,PIK3CA,-0.06345504
VLDLR,PIK3CA,-0.0055744527
C1QTNF6,PIK3CA,-0.011651143
KDM4B,PIK3CA,-0.0030006922
RNF217,PIK3CA,-0.0070912833
FBXO10,PIK3CA,-0.00035233036
DMRT3,PIK3CA,-0.006542326
OTOS,PIK3CA,-0.00093044096
HAUS6,PIK3CA,-0.006116404
DHRS9,PIK3CA,-0.0055256453
ZNF525,PIK3CA,-0.006058235
MID1,PIK3CA,-0.001461427
CYP2E1,PIK3CA,-0.00054438005
RNF130,PIK3CA,-0.00535316
TOMM40,PIK3CA,-0.016773196
RBP1,PIK3CA,-0.003645848
C2orf92,PIK3CA,-0.008333254
SERPINA6,PIK3CA,-0.0036910381
SLC44A3,PIK3CA,-0.003215565
CLDN7,PIK3CA,-0.022816887
APOBEC3A,PIK3CA,-0.006193824
INPP5D,PIK3CA,-0.016714577
FZD3,PIK3CA,-0.0031759948
B4GALT2,PIK3CA,-0.00081962947
HMBS,PIK3CA,-0.00610324
TMEM145,PIK3CA,-0.0056117144
CSF3,PIK3CA,-0.0042514633
UBXN8,PIK3CA,-0.002710757
PGF,PIK3CA,-0.013285792
GDPD2,PIK3CA,-0.007928072
DCST2,PIK3CA,-0.009257568
RBP4,PIK3CA,-0.0046014087
ITGB1BP2,PIK3CA,-0.00089472777
ARG1,PIK3CA,-0.0044771163
ZNF33B,PIK3CA,-0.0100829955
MECR,PIK3CA,-0.020174026
MMP28,PIK3CA,-0.0004116863
FBXO2,PIK3CA,0.000113649694
COX16,PIK3CA,-0.0032053688
MCCC2,PIK3CA,-0.0084424745
TAGLN3,PIK3CA,-0.0028414384
KRTAP4-1,PIK3CA,-0.005304637
MIIP,PIK3CA,-0.0022588905
IL4I1,PIK3CA,-0.01600507
MISP3,PIK3CA,-0.05600482
SERTAD1,PIK3CA,-0.0051875417
POMC,PIK3CA,-0.015014005
SKIDA1,PIK3CA,-0.007260744
JCAD,PIK3CA,-0.004030351
DNAH9,PIK3CA,-0.00433172
PEX5L,PIK3CA,-0.0032347399
HSPB1,PIK3CA,-0.01570868
ZDHHC11,PIK3CA,-0.0024457849
ASB14,PIK3CA,-0.0044109635
CDK19,PIK3CA,-0.0059298044
METTL1,PIK3CA,-0.0057773367
KLK14,PIK3CA,-0.006337719
NEK2,PIK3CA,-0.0015334075
PPP1R1B,PIK3CA,0.0008181288
ETV4,PIK3CA,-0.007040943
TCP11L1,PIK3CA,-0.010388131
SPDYC,PIK3CA,0.0009155245
SORT1,PIK3CA,-0.018665923
IGFBP2,PIK3CA,-0.007860652
SNAP25,PIK3CA,-0.005441947
HSD11B1L,PIK3CA,-0.011108423
P4HA1,PIK3CA,-0.0034384527
GPR153,PIK3CA,-0.0029229992
NEUROD2,PIK3CA,-0.0077329064
AP003071.5,PIK3CA,-0.0036717628
CHRDL2,PIK3CA,-0.014401666
TNFSF12,PIK3CA,-0.0021792408
ETV2,PIK3CA,0.00079391163
TCEAL9,PIK3CA,-0.026011232
AMN,PIK3CA,0.00016043079
CD1A,PIK3CA,-0.003185167
NBPF3,PIK3CA,-0.0047748387
PGM2,PIK3CA,-0.006974231
KIAA1614,PIK3CA,-0.01004002
BOK,PIK3CA,-0.012230634
LRGUK,PIK3CA,-0.017875528
DKK1,PIK3CA,-0.0026036887
TUBA4A,PIK3CA,-0.0015189165
TMEM54,PKD1,-0.012935945
HOXD3,PKD1,-0.00408458
XAGE5,PKD1,-0.042597674
DNAL4,PKD1,-0.0071394863
SLC44A1,PKD1,-0.04070241
VIPR1,PKD1,-0.014330015
PTCHD4,PKD1,-0.027540514
GNPAT,PKD1,-0.03088587
NT5C1B,PKD1,-0.009868656
LAMA4,PKD1,-0.04854764
CAVIN2,PKD1,-0.07880597
PBLD,PKD1,-0.03058653
HOXC9,PKD1,-0.09354183
CLEC3B,PKD1,-0.07337066
MTRF1L,PKD1,-0.044741493
SHISAL1,PKD1,-0.00447331
DIS3L2,PKD1,-0.047985893
SV2A,PKD1,-0.02673749
PRDM9,PKD1,-0.057118047
CAMK2G,PKD1,-0.0072634644
GTSF1,PKD1,-0.046314508
TFR2,PKD1,-0.03305514
PLA2G4D,PKD1,-0.03825361
ZNF362,PKD1,-0.045666963
KLK4,PKD1,-0.046135012
FBXO25,PKD1,-0.01420039
CDRT15,PKD1,-0.05717413
PTH2R,PKD1,-0.11732355
NAA11,PKD1,-0.05261616
AMER1,PKD1,-0.030027546
CCL23,PKD1,-0.04038004
PAPLN,PKD1,-0.017192291
MAP4,PKD1,-0.18944989
CLDN11,PKD1,-0.008652048
LEPR,PKD1,-0.02617217
AGA,PKD1,-0.031406507
SNORC,PKD1,-0.034309622
ZBTB40,PKD1,-0.037039153
TMOD4,PKD1,-0.03693462
PUSL1,PKD1,-0.06567472
AC027644.4,PKD1,-0.028506385
NODAL,PKD1,-0.011040183
LRRC32,PKD1,-0.03858159
AGO4,PKD1,-0.038394496
NLRP2,PKD1,-0.14064066
ETF1,PKD1,-0.046972048
JADE3,PKD1,-0.027172578
GPD1L,PKD1,-0.048561953
PAMR1,PKD1,-0.027985992
STAMBP,PKD1,-0.015344761
RNF41,PKD1,-0.014208609
SEMA7A,PKD1,-0.08836919
TUBA4B,PKD1,-0.04458028
ACAT1,PKD1,-0.1507997
ERICH6B,PKD1,-0.02976269
GTF2E2,PKD1,-0.0295813
EPRS1,PKD1,-0.02906572
PDCD2L,PKD1,-0.12936935
BCO1,PKD1,-0.024623869
MNAT1,PKD1,-0.01255614
KCNJ9,PKD1,-0.053327087
MAGI1,PKD1,-0.051392034
C9orf24,PKD1,-0.04504283
TTLL8,PKD1,-0.044729106
MPHOSPH6,PKD1,-0.1187435
CLDN15,PKD1,-0.09104747
ISLR,PKD1,-0.12372348
SRGN,PKD1,-0.041289818
ZNF232,PKD1,-0.029808031
FAM166A,PKD1,-0.024540244
PHF13,PKD1,-0.03697491
KLHL25,PKD1,-0.061647687
ETDA,PKD1,-0.03556803
RTEL1-TNFRSF6B,PKD1,-0.019321889
WT1,PKD1,-0.033769827
MROH2B,PKD1,-0.029760854
HDX,PKD1,-0.033549413
HSPA1A,PKD1,-0.05556008
MED15,PKD1,-0.037462417
SALL1,PKD1,-0.047872942
PCDHA4,PKD1,-0.027347792
KRT81,PKD1,-0.057379197
TSBP1,PKD1,-0.02553102
RIMBP3C,PKD1,-0.052197307
GLMP,PKD1,-0.102131724
ETV1,PKD1,-0.07502494
SESN2,PKD1,-0.027208842
PCDHGA1,PKD1,-0.04064814
LARS1,PKD1,-0.054101568
SLC35B1,PKD1,-0.0045347023
RHOJ,PKD1,-0.04641601
OR2F2,PKD1,-0.038752496
PSPH,PKD1,-0.020279463
ZNF330,PKD1,-0.014970738
ITGB4,PKD1,-0.075012706
SUFU,PKD1,-0.08071994
PDZK1IP1,PKD1,-0.04050998
CEND1,PKD1,-0.027344363
TMEM37,PKD1,-0.040919755
KCNJ5,PKD1,-0.017347105
SOX2,PKD1,-0.08544088
SLC6A13,PKD1,-0.12237585
RPS25,PKD1,-0.12846243
CCDC170,PKD1,-0.015360865
ARR3,PKD1,-0.025656007
STYK1,PKD1,-0.036207456
PLCD3,PKHD1,-0.008170535
ALDH6A1,PKHD1,-0.01773561
ANKRD7,PKHD1,0.00044790623
LGR5,PKHD1,-0.11055476
COPS5,PKHD1,-0.019284336
ITGB7,PKHD1,-0.005088177
PSIP1,PKHD1,-0.010872418
OTOF,PKHD1,-0.006929062
STRA6,PKHD1,-0.011894579
PLA2G2D,PKHD1,-0.0066535026
PTPRO,PKHD1,-0.026676642
NXT1,PKHD1,-0.041013177
LETM2,PKHD1,-0.041259784
CD207,PKHD1,-0.02832715
C1GALT1,PKHD1,-0.02932271
TLX3,PKHD1,-0.018093362
ZNF844,PKHD1,-0.14397629
LEPR,PKHD1,-0.08316911
MROH2A,PKHD1,-0.010567602
CAPN13,PKHD1,-0.024630798
WBP1L,PKHD1,-0.08323756
RIN1,PKHD1,-0.13689594
TMPRSS9,PKHD1,-0.016020657
TCF24,PKHD1,-0.011506843
GABRA1,PKHD1,-0.03856307
NDUFAF1,PKHD1,-0.031821635
ALDH1A3,PKHD1,-0.026063569
KRT72,PKHD1,-0.030765086
CHST1,PKHD1,-0.059180483
SMIM29,PKHD1,-0.008569483
CSMD2,PKHD1,-0.055792276
THRB,PKHD1,-0.019015668
ACSF3,PKHD1,-0.029062275
SLC1A4,PKHD1,-0.024387226
ATG9B,PKHD1,-0.005040459
AVIL,PKHD1,-0.06632134
C1QL4,PKHD1,-0.009362577
PGAP4,PKHD1,-0.055433147
PANX2,PKHD1,-0.038628973
CCDC169,PKHD1,-0.020456178
SMAD1,PKHD1,-0.0369647
MUC2,PKHD1,-0.018384334
AGPAT4,PKHD1,-0.078852266
CEBPZOS,PKHD1,-0.012253762
GPR150,PKHD1,-0.31652546
IYD,PKHD1,-0.07170892
NAP1L5,PKHD1,-0.34446102
HES1,PKHD1,-0.3350644
F2RL3,PKHD1,-0.14032418
PKDREJ,PKHD1,-0.031161888
C3AR1,PKHD1,-0.017820906
RNASEH2A,PKHD1,-0.042862665
CLEC5A,PKHD1,-0.03405259
SMIM38,PKHD1,-0.04761511
RPS24,PKHD1,-0.015103764
LAMP3,PKHD1,-0.008653119
MRGPRE,PKHD1,-0.02696179
SPNS2,PKHD1,-0.03657605
NTM,PKHD1,-0.0090453215
FKBP11,PKHD1,-0.040554743
GBP3,PKHD1,-0.024624795
CSF2RA,PKHD1,-0.037491933
TAP2,PKHD1,-0.06545111
DMRT3,PKHD1,-0.017937204
C2CD2L,PKHD1,-0.029408397
UTF1,PKHD1,-0.044560626
ABCA6,PKHD1,-0.051795196
ZNF300,PKHD1,-0.0952902
NMB,PKHD1,-0.034856815
CCDC62,PKHD1,-0.045544032
MRPL23,PKHD1,-0.029940493
SVIL,PKHD1,-0.16324061
GJC2,PKHD1,-0.033539552
PLAC1,PKHD1,-0.17503057
H2BC7,PKHD1,-0.017900428
MYZAP,PKHD1,-0.047520142
FIGNL2,PKHD1,-0.08558287
DOCK3,PKHD1,-0.025126576
C20orf194,PKHD1,-0.05299536
SH3GLB2,PKHD1,-0.01634307
USH1C,PKHD1,-0.052831396
TIMP3,PKHD1,-0.0032963878
HESX1,PKHD1,-0.10483923
PROB1,PKHD1,-0.018950246
POU2F3,PKHD1,-0.03819573
SCRN1,PKHD1,-0.10957839
C2CD4D,PKHD1,-0.042673882
SDCCAG8,PKHD1,-0.029966688
ACSS2,PKHD1,-0.030353835
IFI30,PKHD1,-0.03203308
BCAM,PKHD1,-0.015963504
PCDHB14,PKHD1,-0.08971097
NANP,PKHD1,-0.007282584
GPR156,PKHD1,-0.028627753
MOGAT2,PKHD1,-0.24272211
TLCD3B,PKHD1,-0.042175353
TAS2R5,PKHD1,-0.026817208
SH3BGRL2,PKHD1L1,-0.02319619
SNRPB,PKHD1L1,-0.018297294
TAF9B,PKHD1L1,-0.049926303
ARMH1,PKHD1L1,-0.11347712
MGAM2,PKHD1L1,-0.007081764
ARHGAP19,PKHD1L1,-0.029919468
HARBI1,PKHD1L1,-0.019706082
PTPRH,PKHD1L1,-0.05885509
PAGE5,PKHD1L1,-0.13612969
DDTL,PKHD1L1,-0.0047369176
IPO5,PKHD1L1,-0.0064996188
TBCE,PKHD1L1,-0.010557527
CCN6,PKHD1L1,-0.028831342
ZFP64,PKHD1L1,-0.2221596
HMGN3,PKHD1L1,-0.059830006
NPRL3,PKHD1L1,-0.010188283
ZNF841,PKHD1L1,-0.03920919
LRP11,PKHD1L1,-0.03359918
PEBP4,PKHD1L1,-0.01557121
DESI1,PKHD1L1,-0.028076751
FSCN2,PKHD1L1,-0.013502124
USH1C,PKHD1L1,-0.045554575
DIRAS3,PKHD1L1,-0.0423792
PZP,PKHD1L1,-0.050825093
ZNF665,PKHD1L1,-0.027331956
OXER1,PKHD1L1,-0.18825418
SLC6A2,PKHD1L1,-0.15688005
QPCT,PKHD1L1,-0.12434859
MARCHF4,PKHD1L1,-0.05022915
S100A6,PKHD1L1,-0.024424007
CAPN5,PKHD1L1,-0.076656066
DPEP2NB,PKHD1L1,-0.04060166
HOXC13,PKHD1L1,-0.04604777
BMPR1B,PKHD1L1,-0.0211026
DHX38,PKHD1L1,-0.07662781
PATL2,PKHD1L1,-0.0027315249
SYT17,PKHD1L1,-0.13718183
CDX2,PKHD1L1,-0.016066615
ACRV1,PKHD1L1,-0.033989463
ZBTB18,PKHD1L1,-0.026654301
ITPR1,PKHD1L1,-0.13132696
OGG1,PKHD1L1,-0.009958957
SFXN5,PKHD1L1,-0.026008872
PDLIM7,PKHD1L1,-0.1461966
HACD1,PKHD1L1,-0.28557488
RANGAP1,PKHD1L1,-0.03327631
AOC1,PKHD1L1,-0.0292161
RBM28,PKHD1L1,-0.08250177
EBF3,PKHD1L1,-0.042336743
CDC6,PKHD1L1,-0.011752382
TACC3,PKHD1L1,-0.04356861
TOR2A,PKHD1L1,-0.040514603
DCDC2C,PKHD1L1,-0.044209898
SLCO2A1,PKHD1L1,-0.009911049
SEPTIN14,PKHD1L1,-0.050445992
GPI,PKHD1L1,-0.060091157
ARHGEF28,PKHD1L1,-0.03786553
BDH2,PKHD1L1,-0.082407944
PIEZO1,PKHD1L1,-0.04164072
MVD,PKHD1L1,-0.038722403
GDF11,PKHD1L1,-0.026113294
TAFA3,PKHD1L1,-0.033977136
SLC14A2,PKHD1L1,-0.034409337
NOM1,PKHD1L1,-0.049447536
APOBEC3C,PKHD1L1,-0.01701983
ATP12A,PKHD1L1,-0.05245154
FAM72B,PKHD1L1,-0.049816128
PIP4K2A,PKHD1L1,-0.050699636
SLC39A10,PKHD1L1,-0.086943455
GPR35,PKHD1L1,-0.20490545
TMTC1,PKHD1L1,-0.028902275
ADCY7,PKHD1L1,-0.034239374
GSG1L,PKHD1L1,-0.030700276
DUSP14,PKHD1L1,-0.0192643
RBM33,PKHD1L1,-0.011109358
PCNX2,PKHD1L1,-0.032920707
DMAC2L,PKHD1L1,-0.04475316
TP53TG3,PKHD1L1,-0.030983176
HNF4G,PKHD1L1,-0.0027245092
HLA-A,PKHD1L1,-0.034370843
TMEM222,PKHD1L1,-0.043007463
SMARCA1,PKHD1L1,-0.14588183
HEBP2,PKHD1L1,-0.01728086
VDAC2,PKHD1L1,-0.034745604
RBL2,PKHD1L1,-0.023475936
DDHD1,PKHD1L1,-0.02433587
DTNBP1,PKHD1L1,-0.016708635
TRABD2A,PKHD1L1,-0.19145687
ZNF480,PKHD1L1,-0.1704334
NTN5,PKHD1L1,-0.037948214
ORC2,PKHD1L1,-0.014355238
DNAJC18,PKHD1L1,-0.048164353
LATS2,PKHD1L1,-0.04366238
MDH1B,PKHD1L1,-0.019064143
ALOX15B,PKHD1L1,-0.029681655
NDUFAF8,PLCH1,-0.010959592
ZNF561,PLCH1,-0.010320354
TANC1,PLCH1,-0.008659043
ACTR2,PLCH1,-0.013450085
CPLANE1,PLCH1,-0.026857236
TCEANC,PLCH1,-0.10326593
SORBS1,PLCH1,-0.0485273
SDR39U1,PLCH1,-0.017651431
MMP12,PLCH1,-0.0069078645
GABRP,PLCH1,-0.012241498
KCNJ8,PLCH1,-0.013895415
PINX1,PLCH1,-0.0034430765
LCN8,PLCH1,-0.022112304
CDRT1,PLCH1,-0.29568973
HOXC13,PLCH1,-0.01227563
ZNF503,PLCH1,-0.017313538
FAM83B,PLCH1,-0.017823908
TNIK,PLCH1,-0.010058412
XKR4,PLCH1,-0.036102284
SEMA5A,PLCH1,-0.04017021
PPP2CA,PLCH1,-0.0678283
ZDHHC21,PLCH1,-0.0448126
AQP1,PLCH1,-0.035808653
QSER1,PLCH1,-0.71617055
TRIAP1,PLCH1,-0.018344924
CIAO1,PLCH1,-0.018687647
SOX30,PLCH1,-0.08631098
LRIT2,PLCH1,-0.07767263
DMXL2,PLCH1,-0.031443864
FAM160B1,PLCH1,-0.14544374
SSR3,PLCH1,-0.097150914
DBP,PLCH1,-0.03057629
PNRC2,PLCH1,-0.027559942
SPATS2,PLCH1,-0.0020432232
FAR1,PLCH1,-0.060335834
DLGAP4,PLCH1,-0.007316981
CLDN8,PLCH1,-0.14262605
GPR176,PLCH1,-0.013442812
MAP2K1,PLCH1,-0.024966558
RNF112,PLCH1,-0.019948535
ALX4,PLCH1,-0.020486563
DNAJC27,PLCH1,-0.021932578
CDC14A,PLCH1,-0.012168386
CISH,PLCH1,-0.044493295
DIAPH1,PLCH1,-0.32760572
EIF3CL,PLCH1,-0.021693803
ANKRD20A3P,PLCH1,-0.0892891
SP3,PLCH1,-0.010707085
TRIM11,PLCH1,-0.025831329
TESC,PLCH1,-0.021326786
CCNP,PLCH1,-0.19667128
ST3GAL5,PLCH1,-0.016632356
KLHL36,PLCH1,-0.03643078
PPIC,PLCH1,-0.011477933
MCHR2,PLCH1,-0.028793171
RAB40C,PLCH1,-0.008848339
ARL17B,PLCH1,-0.052362144
ERMARD,PLCH1,-0.029904073
SLC22A1,PLCH1,-0.100616336
FANCG,PLCH1,-0.03719063
DCUN1D3,PLCH1,-0.02894739
CCDC33,PLCH1,-0.014274467
TICAM1,PLCH1,-0.024670566
NUTM2A,PLCH1,-0.015263413
TMEM63B,PLCH1,-0.022196222
SLITRK6,PLCH1,-0.06683454
ZNF268,PLCH1,-0.043638095
CSNK1E,PLCH1,-0.015371018
ZNF680,PLCH1,-0.015368305
DNAJB11,PLCH1,-0.029004557
ABO,PLCH1,-0.027236573
LEKR1,PLCH1,-0.034914106
HSD3B7,PLCH1,-0.098081075
RNF11,PLCH1,-0.06733529
ZNF641,PLCH1,-0.04982454
IQGAP2,PLCH1,-0.06682989
TRIM9,PLCH1,-0.021795869
CALCRL,PLCH1,-0.034974694
RLN1,PLCH1,-0.054056257
CENPK,PLCH1,-0.05540473
PDE9A,PLCH1,-0.099138945
STARD3,PLCH1,-0.02422726
ZKSCAN7,PLCH1,-0.02376739
PURA,PLCH1,-0.027554099
HRH2,PLCH1,-0.02196505
SLC25A16,PLCH1,-0.00528319
LARP1,PLCH1,-0.072210416
PLEC,PLCH1,-0.15860254
DUSP19,PLCH1,-0.07285323
SDF2L1,PLCH1,-0.039874237
LRRC59,PLCH1,-0.052369397
IRF2BPL,PLEC,-0.00921965
SEC61A1,PLEC,-0.015201057
RSPO3,PLEC,-0.04331213
HMG20B,PLEC,0.0014354102
ZSCAN31,PLEC,-0.019018654
FAM241B,PLEC,-0.01225548
MICOS10,PLEC,-0.021989712
EIF3K,PLEC,-0.021723099
STRC,PLEC,-0.04251734
TMEM43,PLEC,-0.13007791
PSG9,PLEC,-0.024923766
AUP1,PLEC,-0.25657007
H4C8,PLEC,-0.016063582
PELI1,PLEC,-0.031082643
SHBG,PLEC,-0.012070452
SENP3-EIF4A1,PLEC,-0.014546856
PPP1R13L,PLEC,-0.03137571
FASTK,PLEC,-0.01261327
ADGRE3,PLEC,-0.026081525
OLFM2,PLEC,-0.0228995
FNDC1,PLEC,-0.022749666
PPP2R1B,PLEC,-0.019804744
TIMM23B-AGAP6,PLEC,-0.028205363
PMVK,PLEC,-0.20095266
EPHA3,PLEC,-0.026652772
WNT10A,PLEC,-0.028433563
CATSPER3,PLEC,-0.0968485
MEA1,PLEC,-0.00020655966
C10orf143,PLEC,-0.039407294
SLC44A5,PLEC,-0.10322276
DLX3,PLEC,-0.032245576
PCBP2,PLEC,-0.010878647
PPP1R37,PLEC,-0.03724669
XCL1,PLEC,-0.087380536
TERT,PLEC,-0.028015267
PTGS2,PLEC,-0.1488485
FRMPD2,PLEC,-0.028520307
ANO9,PLEC,-0.1318525
SF3A2,PLEC,-0.17358279
ZNF790,PLEC,-0.029637743
PPM1L,PLEC,-0.039061423
P2RY1,PLEC,-0.036011886
P4HA1,PLEC,-0.017558364
NPRL3,PLEC,-0.17216511
KCNJ14,PLEC,-0.19425623
CD207,PLEC,-0.10909649
SV2C,PLEC,-0.024692215
ZNF138,PLEC,-0.022883434
SLFN12L,PLEC,-0.032020226
SEC14L5,PLEC,-0.019923354
CYP2S1,PLEC,-0.054365814
CELA1,PLEC,-0.025445811
PCDHB12,PLEC,-0.016859278
CDH20,PLEC,-0.019816978
SLC7A10,PLEC,-0.07880894
BMPR1B,PLEC,-0.041148834
ERICH5,PLEC,-0.02719053
HS3ST1,PLEC,-0.037458416
ARID5A,PLEC,-0.033752237
FBP2,PLEC,-0.020299355
KCNJ5,PLEC,-0.01283918
USF1,PLEC,-0.14723685
NCDN,PLEC,-0.004268989
RRNAD1,PLEC,-0.0062747896
ADGRV1,PLEC,-0.018367385
TRMT1,PLEC,-0.24688813
TGFA,PLEC,-0.014789228
ZNF100,PLEC,-0.3334429
C4orf19,PLEC,-0.016351553
ZNF726,PLEC,-0.12851198
TCERG1L,PLEC,-0.28805244
UBE2I,PLEC,-0.18398972
SLC1A1,PLEC,-0.016231427
TXNDC17,PLEC,-0.014161737
PTPN6,PLEC,-0.069184795
TCTE1,PLEC,-0.051722396
HOXB7,PLEC,-0.012318088
PIR,PLEC,-0.019170972
ZBED4,PLEC,-0.054317493
C2CD4B,PLEC,-0.22473222
ARMCX1,PLEC,-0.022988683
TSKS,PLEC,-0.033367008
GRB7,PLEC,-0.010523139
PLRG1,PRKDC,-0.008130449
SERINC1,PRKDC,-0.012704252
HSPB9,PRKDC,-0.016413579
ATG13,PRKDC,-0.0019532433
BTNL3,PRKDC,-0.013410808
PCSK9,PRKDC,-0.049720943
UGT2B17,PRKDC,-0.0077442178
ARHGAP24,PRKDC,-0.05661439
CCDC61,PRKDC,-0.03134999
MAP3K13,PRKDC,-0.012082027
OR1N2,PRKDC,-0.041711096
BATF2,PRKDC,-0.031333115
RPLP2,PRKDC,-0.014201415
HS6ST3,PRKDC,-0.05120204
BORA,PRKDC,-0.0183537
BAIAP3,PRKDC,-0.0040539727
ANAPC13,PRKDC,-0.008552748
IQCE,PRKDC,-0.069771945
RAB11FIP5,PRKDC,-0.039863683
GJA1,PRKDC,-0.03153301
CALHM1,PRKDC,-0.030143866
RGS17,PRKDC,-0.02233971
SCEL,PRKDC,-0.02147069
GALNT14,PRKDC,-0.023122175
PECR,PRKDC,-0.06157002
SLC7A11,PRKDC,-0.018943725
MRPS18C,PRKDC,-0.023738783
PIK3CD,PRKDC,-0.031828836
TMSB4X,PRKDC,-0.0109730465
ZNF446,PRKDC,-0.026232852
ZNF784,PRKDC,-0.014142855
DUSP6,PRKDC,-0.009619494
ARL17B,PRKDC,-0.055562895
RSL1D1,PRKDC,-0.00094200583
AMH,PRKDC,-0.0118781505
PHLDA2,PRKDC,-0.035715785
CYP39A1,PRKDC,-0.013250044
SLC13A4,PRKDC,-0.004601595
NNAT,PRKDC,-0.05252221
MSLN,PRKDC,-0.017856091
DCAF6,PRKDC,-0.047174923
SFT2D2,PRKDC,-0.006652064
PRSS22,PRKDC,-0.021891652
ZNF571,PRKDC,-0.07291387
RECQL,PRKDC,-0.013813054
FAM167A,PRKDC,-0.012423222
FRMD4A,PRKDC,-0.039888706
HDGFL1,PRKDC,-0.09424452
ACOT4,PRKDC,-0.030471822
ATG16L1,PRKDC,-0.021882892
RNF125,PRKDC,-0.07198036
THAP4,PRKDC,-0.16354847
SLC16A10,PRKDC,-0.011199261
MAT1A,PRKDC,-0.078650914
TERT,PRKDC,-0.028736165
GRIN2D,PRKDC,-0.058832653
USP31,PRKDC,-0.0033793491
AKT1S1,PRKDC,-0.0475212
MAST3,PRKDC,-0.062530376
ATN1,PRKDC,-0.015630884
RHOBTB2,PRKDC,-0.006710219
TIMM22,PRKDC,-0.031303983
DBNDD1,PRKDC,-0.07457263
CASZ1,PRKDC,-0.020004125
REPIN1,PRKDC,-0.023298372
TPSG1,PRKDC,-0.030693926
RALGDS,PRKDC,-0.028318891
DIS3,PRKDC,-0.18333793
B3GALT5,PRKDC,-0.042566143
C6orf118,PRKDC,-0.15839107
SPI1,PRKDC,-0.033063933
PCDHGB4,PRKDC,-0.023988955
ANKRD55,PRKDC,-0.003453343
ADGRL1,PRKDC,-0.03299732
APCDD1L,PRKDC,-0.016344298
PKP4,PRKDC,-0.03856472
MYBL2,PRKDC,-0.021781063
IL21,PRKDC,-0.030694216
DAPK2,PRKDC,-0.004908912
RBM20,PRKDC,-0.07648483
TPP2,PRKDC,-0.050311744
STK32A,PRKDC,-0.02433898
LRRC3,PRKDC,-0.031655848
AADAC,PRKDC,-0.23371686
ZNF683,PRKDC,-0.023169573
GALNT13,PRKDC,-0.021735076
HEPHL1,PRKDC,-0.02528716
HOXC10,PRKDC,-0.019253913
C21orf58,PRKDC,-0.09636025
HNRNPA1P48,PRKDC,-0.065100186
GPR25,PRKDC,-0.061133426
LPCAT4,PRKDC,-0.03231648
INSL4,PRKDC,-0.012734169
TM9SF4,PRKDC,-0.025300387
PARP15,PRKDC,-0.116137475
NDUFA2,PRKDC,-0.0022012168
ZMYND10,PRKDC,-0.029339323
ABRA,PRKDC,-0.019561876
SPTLC3,PRKDC,-0.03806408
SETD7,PRKDC,-0.036511626
NAAA,PRKDC,-0.024208242
ACSBG1,PRKDC,-0.044812933
GCSAML,PRKDC,-0.043938465
NCKAP5,PRKDC,-0.01204815
POU5F2,PRKDC,-0.3726228
AIM2,PRKDC,-0.0051653595
ZNF565,PRKDC,-0.03545404
H4C8,PRKDC,-0.058308173
ASTL,PRKDC,-0.08021232
PIEZO1,PRKDC,-0.16164584
GRN,PRKDC,-0.026841234
DISP3,PRKDC,-0.021164311
BANK1,PRKDC,-0.010864113
VEGFA,PRKDC,-0.03237166
FGG,PRKDC,-0.010485123
CLUH,PRKDC,-0.032633048
TNFAIP8,PRKDC,-0.014066319
ACOD1,PRKDC,-0.025121743
HLA-DQB1,PRKDC,-0.030096415
HTR6,PRKDC,-0.0041172327
PLAAT3,PRUNE2,-0.010152374
GLYCTK,PRUNE2,-0.012167434
KRT77,PRUNE2,-0.038625937
ARHGAP4,PRUNE2,-0.037140884
BIRC3,PRUNE2,-0.024805496
EDF1,PRUNE2,-0.006891576
WNT1,PRUNE2,-0.10840431
MAJIN,PRUNE2,-0.03093949
MAST2,PRUNE2,-0.05146512
GSTM3,PRUNE2,-0.11007348
MAB21L4,PRUNE2,-0.020030582
HMX2,PRUNE2,-0.03224225
NXNL2,PRUNE2,-0.020983795
SHB,PRUNE2,-0.00990511
ELFN2,PRUNE2,-0.025239484
KDM4D,PRUNE2,-0.06561081
PLK3,PRUNE2,-0.0068239183
SFXN2,PRUNE2,-0.07602062
C10orf95,PRUNE2,-0.022905484
TLX2,PRUNE2,-0.04260453
DMRT3,PRUNE2,-0.03868227
ESM1,PRUNE2,-0.04335219
MT1H,PRUNE2,-0.07361834
VAMP2,PRUNE2,-0.036370095
CLDN5,PRUNE2,-0.030404145
NUTM2F,PRUNE2,-0.01974527
ACTL10,PRUNE2,-0.020961635
TNK1,PRUNE2,-0.020166546
PPP1R14C,PRUNE2,-0.2312852
EBF3,PRUNE2,-0.024781037
AC005726.1,PRUNE2,-0.034902364
MUC6,PRUNE2,-0.03173606
FREM1,PRUNE2,-0.021063454
ST3GAL5,PRUNE2,-0.030628985
FLACC1,PRUNE2,-0.03201426
RPP14,PRUNE2,-0.5490345
FGFR3,PRUNE2,-0.031904444
XYLT2,PRUNE2,-0.042419177
WASF3,PRUNE2,-0.028678577
EIPR1,PRUNE2,-0.0141321
SLC4A9,PRUNE2,-0.023263957
KLHDC8B,PRUNE2,-0.021075904
CHSY3,PRUNE2,-0.20033504
ZNF782,PRUNE2,-0.0061213546
TMEM86A,PRUNE2,-0.02232429
LTB,PRUNE2,-0.047562484
THOC3,PRUNE2,-0.022848696
TRIM46,PRUNE2,-0.029879764
P4HA3,PRUNE2,-0.08706942
TSPAN5,PRUNE2,-0.08756682
GPAM,PRUNE2,-0.030896455
RGS19,PRUNE2,-0.041869473
YBX2,PRUNE2,-0.15882593
GALNS,PRUNE2,-0.02188501
GRP,PRUNE2,-0.12323243
VPS9D1,PRUNE2,-0.03489309
PCSK9,PRUNE2,-0.035453517
CNTN2,PRUNE2,-0.02705949
ZBTB46,PRUNE2,-0.002878759
FBRSL1,PRUNE2,-0.042297184
JPH1,PRUNE2,-0.012623744
MYH3,PRUNE2,-0.043019705
FBXW10,PRUNE2,-0.030388027
RPS8,PRUNE2,-0.044127326
C22orf39,PRUNE2,-0.053340748
FA2H,PRUNE2,-0.7149319
SCN11A,PRUNE2,-0.013671525
IFI27L2,PRUNE2,-0.01803892
MAL,PRUNE2,-0.055463873
LYPD1,PRUNE2,-0.03625775
GSDMA,PRUNE2,-0.022258515
TMEM268,PRUNE2,-0.019708995
NUDT12,PRUNE2,-0.01158094
C8orf82,PRUNE2,-0.016509809
RAI2,PRUNE2,-0.023665251
CORIN,PRUNE2,-0.29152226
H2AC12,PRUNE2,-0.14737915
KCNJ9,PRUNE2,-0.020773727
NCAPD2,PRUNE2,-0.022218863
AC099489.1,PRUNE2,-0.051674798
NFIL3,PRUNE2,-0.019106062
LPAR5,PRUNE2,-0.0133532835
SHISA8,PRUNE2,-0.034848884
FOXD4L6,PRUNE2,-0.010369959
WDCP,PRUNE2,-0.1275795
CST5,PRUNE2,-0.018379087
MRPL41,PRUNE2,-0.021760374
GPR3,PRUNE2,-0.01498595
CYC1,PTEN,-0.011796033
IL20RA,PTEN,-0.0018163283
ZNF572,PTEN,-0.08624716
CDK2AP1,PTEN,-0.012625643
C4orf47,PTEN,-0.032837596
MORN3,PTEN,-0.010753379
ROCK2,PTEN,-0.0074547715
STK36,PTEN,-0.03295956
MARVELD1,PTEN,-0.044323593
CNTN1,PTEN,-0.010541921
HLA-G,PTEN,-0.0018690552
ABTB1,PTEN,-0.058592886
ABCF1,PTEN,-0.022241851
HPD,PTEN,-0.025822576
RPL3L,PTEN,-0.042915154
IGF1R,PTEN,-0.2785829
PDZD7,PTEN,-0.052839413
KLK1,PTEN,-0.06904044
NKAIN4,PTEN,-0.066042535
CEP85L,PTEN,-0.05929853
MFSD1,PTEN,-0.022786118
RAB4A,PTEN,-0.07909673
N4BP3,PTEN,-0.00082742993
KMT5B,PTEN,-0.014685181
TMC7,PTEN,-0.036923956
UBAC2,PTEN,-0.0122258095
KLK10,PTEN,-0.06252691
KCTD17,PTEN,-0.03204857
STAT5B,PTEN,-0.12191424
KIF1C,PTEN,-0.019666623
RPGRIP1,PTEN,-0.01556109
HAGH,PTEN,-0.007712873
MELTF,PTEN,-0.110572815
DNAAF4,PTEN,-0.019797182
TMEM266,PTEN,-0.114244655
NUDT15,PTEN,-0.07732173
POMZP3,PTEN,-0.018125674
PCDHGA8,PTEN,-0.099603616
HOOK3,PTEN,-0.18276349
CMYA5,PTEN,-0.017301172
ABLIM2,PTEN,-0.028096149
PCCB,PTEN,-0.021715978
NFATC2IP,PTEN,-0.053464223
RPS6KL1,PTEN,-0.27262393
PATJ,PTEN,-0.02666671
LHB,PTEN,-0.020084465
ZIC1,PTEN,-0.024469059
GGTLC3,PTEN,-0.04039028
SARAF,PTEN,-0.009518092
SLC2A10,PTEN,-0.015417744
ZSCAN30,PTEN,-0.005618021
TMEM178A,PTEN,-0.014597023
MFSD3,PTEN,-0.09841444
ADGRF3,PTEN,-0.016050786
PHYHIP,PTEN,-0.031864148
NIPAL2,PTEN,-0.032649428
BMP5,PTEN,-0.025678983
ZNF222,PTEN,-0.017957816
ZC3H10,PTEN,-0.030132877
RNF150,PTEN,-0.11265693
GPR3,PTEN,-0.16862431
TAF1A,PTEN,-0.014919744
GAS6,PTEN,-0.0354126
PDE4DIP,PTEN,-0.010997654
C12orf45,PTEN,-0.014905056
C11orf96,PTEN,-0.03914903
FFAR2,PTEN,-0.03043486
RCOR2,PTEN,-0.032112688
SERPINE3,PTEN,-0.010371676
CITED4,PTEN,-0.055111423
KLK11,PTEN,-0.04988357
HCAR2,PTEN,-0.020493258
CORO6,PTEN,-0.042480033
TDRD3,PTEN,-0.025125397
TRIM17,PTEN,-0.037043277
LYRM7,PTEN,-0.035925567
VWDE,PTEN,-0.038558427
ACAT2,PTEN,-0.037765216
NUTM2A,PTEN,-0.044224747
POLD4,PTEN,-0.08290001
TSPAN31,PTEN,-0.02540665
MTREX,PTEN,-0.042952247
LRCH3,PTEN,-0.030910796
FAM126A,PTEN,-0.094128035
MARCHF8,PTEN,-0.059402548
PTPRM,PTEN,-0.040201787
JOSD2,PTEN,-0.029392831
MPST,PTEN,-0.041594483
OR10K1,PTEN,-0.027899984
STON1,PTEN,-0.047244333
GPR139,PTEN,-0.021617495
GNPNAT1,PTEN,-0.021367772
CTF1,PTEN,-0.042965397
SNAPC3,PTEN,-0.6779601
TPM1,PTPRF,-0.05394405
ATG9A,PTPRF,-0.056956712
ZBTB10,PTPRF,-0.04067214
LYSMD2,PTPRF,0.0002959743
TRIO,PTPRF,-0.038737833
TSEN34,PTPRF,-0.0155559825
FSIP2,PTPRF,-0.021380289
ODF3L1,PTPRF,-0.017034097
PXDC1,PTPRF,-0.28892687
AKR1B1,PTPRF,-0.03948782
VPS4A,PTPRF,-0.07301338
TSNAXIP1,PTPRF,-0.024331858
KIF9,PTPRF,-0.026716342
C3orf20,PTPRF,-0.027654823
TMEM14C,PTPRF,-0.05920245
CHD4,PTPRF,-0.063753515
CCNDBP1,PTPRF,-0.03831024
PEX11B,PTPRF,-0.034957398
ONECUT3,PTPRF,-0.023916375
PXYLP1,PTPRF,-0.06076678
PSORS1C1,PTPRF,-0.1803814
PIGN,PTPRF,-0.05679911
COX14,PTPRF,-0.07985372
TERF2,PTPRF,-0.0015538721
SLC39A5,PTPRF,-0.017942794
ADAL,PTPRF,-0.08282955
CCDC87,PTPRF,-0.08782544
GOLGA4,PTPRF,-0.01793512
SNX4,PTPRF,-0.02688834
GPX1,PTPRF,-0.11140574
RELL2,PTPRF,-0.20184723
STK39,PTPRF,-0.026124058
NAALADL1,PTPRF,-0.024634562
LAT,PTPRF,-0.059940856
RALA,PTPRF,-0.045508828
LCE3D,PTPRF,-0.14323284
RHOB,PTPRF,-0.09233473
ZNF22,PTPRF,-0.036142536
SAR1B,PTPRF,-0.12608333
CCDC124,PTPRF,-0.028904622
ZBTB40,PTPRF,-0.06282018
TRMT6,PTPRF,-0.093039244
MFN1,PTPRF,-0.14128265
RAB3A,PTPRF,-0.18208411
PCSK4,PTPRF,-0.03483279
UAP1L1,PTPRF,-0.036778733
GSK3B,PTPRF,-0.030954735
ANKRD46,PTPRF,-0.0054910257
ARID3A,PTPRF,-0.9935962
SPTBN4,PTPRF,-0.013127682
ACBD5,PTPRF,-0.033441775
TUBB2B,PTPRF,-0.027943633
STK11IP,PTPRF,-0.16665576
SLC22A18,PTPRF,-0.033892408
NOM1,PTPRF,-0.0201673
NECTIN2,PTPRF,-0.10579932
HES2,PTPRF,-0.01332465
SGO2,PTPRF,-0.035769362
BLOC1S1,PTPRF,-0.06569453
KCNIP2,PTPRF,-0.04065036
POLR2J3,PTPRF,-0.039837144
IMPACT,PTPRF,-0.025203586
MYO5A,PTPRF,-0.114252344
EHF,PTPRF,-0.09172793
RPS27L,PTPRF,-0.04199326
ZIM2,PTPRF,-0.016682751
ASNSD1,PTPRF,-0.051714502
SUCLA2,RB1,-0.0017624014
DNAJC16,RB1,-0.013248468
SPEN,RB1,-0.024280513
NUDCD2,RB1,-0.016474098
ZNF142,RB1,-0.0037295027
NCAPH2,RB1,-0.18770188
DMGDH,RB1,-0.05473047
PLD4,RB1,-0.015376161
MUC13,RB1,-0.041099247
SUB1,RB1,-0.030952223
IRX6,RB1,-0.10700447
INPP5K,RB1,-0.36594543
FGG,RB1,-0.12834597
SRD5A2,RB1,-0.014460635
LZTR1,RB1,-0.039272103
FOXA3,RB1,-0.019235607
HNF4G,RB1,-0.013205294
ZNF561,RB1,-0.037589304
ASCC2,RB1,-0.06955003
GIPC2,RB1,-0.027152332
LRP8,RB1,-0.03683474
RETREG1,RB1,-0.02578097
SPEF1,RB1,-0.03346832
NHP2,RB1,-0.015019119
AGT,RB1,-0.021683436
TUBB8B,RB1,-0.061439004
FLVCR1,RB1,-0.027101977
RB1,RB1,-0.044140704
PPP4R4,RB1,-0.030454405
C1orf226,RB1,-0.033129856
SLC16A3,RB1,-0.020866292
CCDC192,RB1,-0.023795895
APOBEC3F,RB1,-0.0798129
MX1,RB1,-0.011155738
RRAGD,RB1,-0.055078615
CNBD2,RB1,-0.012643337
TCEAL4,RB1,-0.07393823
PCDHA7,RB1,-0.028802304
HPD,RB1,-0.08150926
GCNT3,RB1,-0.025980042
GTF3C5,RB1,-0.26824808
RBM15B,RB1,-0.011073245
DCTPP1,RB1,-0.023023114
TRAPPC2B,RB1,-0.021761518
APOBEC3C,RB1,-0.026491584
SLC25A35,RB1,-0.08982346
FGFBP3,RB1,-0.032778036
ADI1,RB1,-0.084231436
TRMT2A,RB1,-0.03416739
TCERG1L,RB1,-0.03680677
KCNJ3,RB1,-0.02947405
CHP2,RB1,-0.12599403
ZSWIM7,RB1,-0.12793323
CCNE1,RB1,-0.013693945
ZMAT1,RB1,-0.30322346
IRS2,RB1,-0.06612167
TRIM17,RB1,-0.06802633
IGFN1,RB1,-0.044310942
NUPR1,RB1,-0.007905977
C1QL3,RB1,-0.01682541
TMPRSS4,RB1,-0.04520847
ZNF595,RB1,-0.024669606
PROSER3,RB1,-0.0083696665
SLC52A3,RB1,-0.025681134
PCSK9,RB1,-0.16254784
PRXL2C,RB1,-0.025349874
TBC1D10B,RB1,-0.032134738
CDC42EP5,RB1,-0.048175503
NAXD,RB1,-0.040395316
GPC1,RB1,-0.040866654
STK17A,RB1,-0.034795698
ZBTB22,RB1,-0.040604502
DDX43,RB1,-0.057845995
GAD2,RB1,-0.007062599
FOXP1,RB1,-0.03602503
SPATA1,RB1,-0.01806294
TCEAL9,RB1,-0.014279887
H3C3,RB1,-0.035390962
RP9,RB1,-0.02343205
GLYCTK,RB1,-0.10702819
NOTCH1,RB1,-0.067963034
C16orf74,RB1,-0.015621683
CCNF,RB1,-0.33261666
ALG13,RB1,-0.042309873
BFSP2,RB1,-0.026257306
TCOF1,RB1,-0.0108024115
ATAD3C,RB1,-0.19945598
RPL35A,RB1,-0.023836762
RELL1,RNF213,-0.006648268
PRKAR1A,RNF213,-0.0067967228
HDAC9,RNF213,-0.034662753
RBM18,RNF213,-0.003340912
TMEM184C,RNF213,-0.18512133
MFSD3,RNF213,-0.009238963
RIOX1,RNF213,-0.07460918
SERAC1,RNF213,-0.007090169
SHOX2,RNF213,-0.0065154666
TIPARP,RNF213,-0.04659071
SMPD3,RNF213,-0.0032590018
FOXP1,RNF213,-0.029537883
KRT40,RNF213,-0.50306076
SCARA3,RNF213,-0.034191422
H2BC8,RNF213,-0.030660568
ADPRS,RNF213,-0.013711467
HOXA3,RNF213,-0.033131022
NR4A3,RNF213,-0.033691604
HLA-DQA1,RNF213,-0.026576236
CHST3,RNF213,-0.049309507
CTTN,RNF213,-0.032488503
C1orf105,RNF213,-0.22058986
RBP1,RNF213,-0.025868356
STK32A,RNF213,-0.033231
SLC19A2,RNF213,-0.020754522
ITPKA,RNF213,-0.03272517
MYCT1,RNF213,-0.037320692
NRXN3,RNF213,-0.017410448
CLCN1,RNF213,-0.053686507
CCDC107,RNF213,-0.038171228
PIGO,RNF213,-0.009446996
MYH15,RNF213,-0.09945174
GBP5,RNF213,-0.2308976
MS4A10,RNF213,-0.037979905
ZNF484,RNF213,-0.051010787
FAM124A,RNF213,-0.014295925
GCNT4,RNF213,-0.05827815
KLF1,RNF213,-0.080368504
FMO4,RNF213,-0.03844893
VWCE,RNF213,-0.0984612
VPS35L,RNF213,-0.0146560315
LHFPL2,RNF213,-0.06014977
CACNA1H,RNF213,-0.016508764
LAYN,RNF213,-0.04414511
P2RX7,RNF213,-0.0701574
DTNA,RNF213,-0.02786353
KCNJ9,RNF213,-0.13865447
FLRT1,RNF213,-0.016353104
RPL37A,RNF213,-0.020015389
CENPK,RNF213,-0.024714837
PCDH7,RNF213,-0.050885197
SGSM1,RNF213,-0.029617054
ERAP1,RNF213,-0.07137518
NRG2,RNF213,-0.023944873
EPM2A,RNF213,-0.03911032
CHST8,RNF213,-0.71684885
PROKR1,RNF213,-0.036710117
WNT8B,RNF213,-0.07653695
C5orf38,RNF213,-0.036287386
MACROD2,RNF213,-0.3394836
HPN,RNF213,-0.049286578
EML4,RNF213,-0.019075077
RCAN3,RNF213,-0.039948404
HIPK2,RNF213,-0.03140603
SEPTIN4,RNF213,-0.043926608
FCHO1,RNF213,-0.13067341
H4C5,RNF213,-0.09860306
CAMK2B,RNF213,-0.025399378
C12orf45,RNF213,-0.055977054
SELE,RNF213,-0.057338014
VDR,RNF213,-0.020153455
SCARA5,RNF213,-0.037578117
SH3RF2,RNF213,-0.027040653
HAPLN3,RNF213,-0.04338893
CUEDC1,RNF213,-0.023103623
CYBA,RNF213,-0.058975805
JOSD2,RNF213,-0.11229009
ME2,RNF213,-0.04258627
FAM184B,RYR2,-0.0025132236
OVCH1,RYR2,-0.01248798
NDUFB1,RYR2,-0.007708593
MYG1,RYR2,-0.004437348
ACSF2,RYR2,-0.014924549
CNTNAP3B,RYR2,-0.017512731
SLC40A1,RYR2,-0.011382041
COX16,RYR2,-0.013140523
ARF5,RYR2,-0.021890776
DPH5,RYR2,-0.011384784
TRPC6,RYR2,-0.011219501
RASL11B,RYR2,-0.04563842
STC1,RYR2,-0.017349392
GAS6,RYR2,-0.007641153
IGFL2,RYR2,-0.06337705
SELENOK,RYR2,-0.012409164
PALB2,RYR2,-0.029516578
ENOX1,RYR2,-0.049182046
SLC6A12,RYR2,-0.012405205
CYP2C8,RYR2,-0.0068961508
PTPN22,RYR2,-0.011241599
APH1A,RYR2,-0.010686584
RAB3GAP1,RYR2,-0.00937034
U2AF1,RYR2,-0.034414157
KCNA1,RYR2,-0.031593587
ZNF559-ZNF177,RYR2,-0.04473365
NUSAP1,RYR2,-0.025816659
CFP,RYR2,-0.014053802
ZNF518B,RYR2,-0.023559205
B4GALT7,RYR2,-0.032337558
SPIB,RYR2,-0.05063063
XKR4,RYR2,-0.045136508
CIB1,RYR2,-0.0076428405
RSRP1,RYR2,-0.001991924
LGMN,RYR2,-0.015519042
SMIM10L2A,RYR2,-0.008562824
DUSP26,RYR2,-0.009652491
GPI,RYR2,-0.026702229
SELE,RYR2,-0.03189653
SLC9A3R2,RYR2,-0.008258482
TOP1MT,RYR2,-0.040700708
MMRN1,RYR2,-0.13284162
MPLKIP,RYR2,-0.013453353
PDC,RYR2,-0.03161252
ABCB7,RYR2,-0.010480804
PLTP,RYR2,-0.019352267
KCNN1,RYR2,-0.016890869
ERV3-1,RYR2,-0.015331721
PLA2G2A,RYR2,-0.007777835
ZNF71,RYR2,-0.040393755
RSPH10B,RYR2,-0.08540218
H3C6,RYR2,-0.018916905
KLK8,RYR2,-0.013224949
MAPK10,RYR2,-0.0075113466
TSKU,RYR2,-0.017915396
SH3GL3,RYR2,-0.004224985
CTU2,RYR2,-0.054452438
RAD50,RYR2,-0.021353438
TBKBP1,RYR2,-0.057037357
VIRMA,RYR2,-0.006146833
ATP5MG,RYR2,-0.031415336
LPAR5,RYR2,-0.01725801
ZWILCH,RYR2,-0.049843367
WFIKKN1,RYR2,-0.018942077
TBCC,RYR2,-0.014186041
SMIM19,RYR2,-0.0070780795
MEP1A,RYR2,-0.015809366
TRAPPC12,RYR2,-0.014025533
GPR15,RYR2,-0.03399978
FOXP1,RYR2,-0.04009356
TRIM2,RYR2,-0.012173695
PSG2,RYR2,-0.0042252475
IFNL3,RYR2,-0.014377657
ENPP6,RYR2,-0.011525248
ALDH3A2,RYR2,-0.010792117
PCDHB2,RYR2,-0.06593262
NDUFV2,RYR2,-0.013007757
CEP152,RYR2,-0.011189839
FAM207A,RYR2,-0.0103643695
RGL1,RYR2,-0.012752286
TMEM155,RYR2,-0.026787708
UNC119,RYR2,-0.023942627
DLGAP3,RYR2,-0.016288105
FDCSP,RYR2,-0.03690417
SLC34A3,RYR2,-0.05111597
CD9,RYR2,-0.10553396
ADH6,RYR2,-0.013028545
SKI,RYR2,-0.012252315
CLIC4,RYR2,-0.018939676
COMTD1,RYR2,-0.013284013
CREG2,RYR2,-0.009261855
SKOR2,RYR2,-0.016803447
PGPEP1L,RYR2,-0.027759977
ASCC2,RYR2,-0.039150205
THAP6,RYR2,-0.010943914
IL20,RYR2,-0.009978618
MTMR7,RYR2,-0.007420309
PIWIL2,RYR2,-0.021220237
ALOX15,RYR2,-0.008225595
SPTY2D1OS,RYR2,-0.009339058
IGFBP3,RYR2,-0.26992777
NTN3,RYR2,-0.02047661
CHIT1,RYR2,-0.19041999
SMCO1,RYR2,-0.040343177
MS4A10,RYR2,-0.016853772
CHID1,RYR2,-0.03497269
EGR1,RYR2,-0.013501834
TNFSF9,RYR2,-0.011169932
METTL5,RYR2,-0.069883145
HOMER3,RYR2,-0.025464859
C12orf56,RYR2,-0.05046211
CHAC1,RYR2,-0.0029464993
UNC79,RYR2,-0.019555055
RAPSN,RYR2,-0.011955754
FAM216A,RYR2,-0.054885212
GALK2,RYR2,-0.038826518
ITIH5,RYR2,-0.018725155
ACTRT3,RYR2,-0.0040701376
IL21,RYR2,-0.025558243
WSCD2,RYR2,-0.013710552
BTBD19,RYR2,-0.028491
AGTR1,RYR2,-0.0136531005
KCNB1,RYR2,-0.035056215
C1GALT1,RYR2,-0.014573042
THAP4,RYR2,-0.018571112
TRIB3,RYR2,-0.021875292
AJAP1,RYR2,-0.02477527
GAD1,RYR2,-0.011076208
FOSB,RYR2,-0.033337913
CPEB3,RYR2,-0.19133966
FABP4,RYR2,-0.003007046
GNPDA1,RYR2,-0.023043884
C19orf12,RYR2,-0.047131542
L1CAM,RYR2,-0.026583428
MUC5B,RYR2,-0.012389883
CLPTM1,RYR2,-0.05955348
NECTIN3,RYR2,-0.025384141
DSCAM,RYR2,-0.018179774
GPX1,RYR2,-0.017323785
RABGAP1L,RYR2,-0.014311955
AMPD2,RYR2,-0.010957635
DCTN4,RYR2,-0.031166485
RASD2,RYR2,-0.01141589
H2AC11,RYR2,-0.01500884
CD36,RYR2,-0.07275211
HMBOX1,RYR2,-0.008633505
ZNF440,RYR2,-0.003435476
PSTK,RYR2,-0.014561651
NAT9,RYR2,-0.03066638
FGF1,RYR2,-0.03292236
PERM1,RYR2,-0.020375445
DCXR,RYR2,-0.012801925
RIMBP3C,RYR2,-0.093249425
OR3A3,RYR2,-0.017993031
PKLR,RYR2,-0.014581946
KIFAP3,RYR2,-0.0126433885
MAB21L4,RYR2,-0.0042818002
KCNQ1,SPAG17,-0.012430998
VDAC1,SPAG17,-0.035114985
PAX3,SPAG17,-0.031740554
MMP13,SPAG17,-0.0057450826
COL9A3,SPAG17,-0.045870285
MAP4K4,SPAG17,-0.021072328
LRRN2,SPAG17,-0.02732961
PAX7,SPAG17,-0.20254557
BTG3,SPAG17,-0.013538574
TCTE1,SPAG17,-0.047193963
TIAF1,SPAG17,-0.009810485
BCL2L10,SPAG17,-0.017256001
ZNF721,SPAG17,-0.04577011
ADGRL1,SPAG17,-0.048011787
PFKFB4,SPAG17,-0.012621109
ACSL1,SPAG17,-0.016743084
NUTM2G,SPAG17,-0.016359577
CDK7,SPAG17,-0.01532235
MMP10,SPAG17,-0.012901454
SERAC1,SPAG17,-0.0048524593
ZNF718,SPAG17,-0.065231964
ZNHIT2,SPAG17,-0.018938387
GRIN2D,SPAG17,-0.055570576
PLCXD1,SPAG17,-0.029253878
PIGH,SPAG17,-0.047203388
ARG2,SPAG17,-0.11976651
PNISR,SPAG17,-0.051554807
ABCC3,SPAG17,-0.035146996
BMP3,SPAG17,-0.012015078
TBKBP1,SPAG17,-0.067579046
NCBP2,SPAG17,-0.15858169
PC,SPAG17,-0.035425775
IL34,SPAG17,-0.009643779
MBD1,SPAG17,-0.006461141
DHCR24,SPAG17,-0.013539197
CD38,SPAG17,-0.038791128
SLC8A2,SPAG17,-0.031768337
TUBB2A,SPAG17,-0.03816213
AL110118.1,SPAG17,-0.043359227
AC010323.1,SPAG17,-0.0480658
RASGRF1,SPAG17,-0.16417012
ZNF141,SPAG17,-0.061173186
GLDC,SPAG17,-0.051759455
RHBDF2,SPAG17,-0.011132027
LPCAT4,SPAG17,-0.034383517
DNAH11,SPAG17,-0.034126412
HCN2,SPAG17,-0.08336372
TRAF5,SPAG17,-0.031013435
EPOP,SPAG17,-0.1011357
RPL27A,SPAG17,-0.050492954
AC097625.1,SPAG17,-0.06705717
PSMA1,SPAG17,-0.14948818
CARD9,SPAG17,-0.12590964
IFITM5,SPAG17,-0.06196124
DUSP8,SPAG17,-0.020861102
USP49,SPAG17,-0.0294551
CBY3,SPAG17,-0.04331194
HEY2,SPAG17,-0.029452791
PAICS,SPAG17,-0.036580082
SLIRP,SPAG17,-0.012444922
PLIN1,SPAG17,-0.026508914
UPK1B,SPAG17,-0.02828639
ZFP57,SPAG17,-0.01660368
NFAM1,SPAG17,-0.105347715
TLE5,SPAG17,-0.029838286
KIRREL2,SPAG17,-0.10025317
OR6J1,SPAG17,-0.02445883
LTBR,SPAG17,-0.025283167
TUBB2B,SPAG17,-0.048964962
NEIL1,SPAG17,-0.03973036
ZBTB7A,SPAG17,-0.15344839
RNF19A,SPAG17,-0.014929111
TRIM34,SPAG17,-0.013522093
KNDC1,SPAG17,-0.027834237
HBB,SPAG17,-0.16021113
GRPR,SPAG17,-0.04177706
PPP2R5B,SPAG17,-0.038419023
C1QBP,SPAG17,-0.006152581
HERPUD1,SPAG17,-0.00997333
NAXD,SPAG17,-0.022888929
ADH5,SPAG17,-0.024545455
TLE2,SPAG17,-0.054523926
DLX6,SPAG17,-0.09732539
ZNF808,SPAG17,-0.023918437
DERL3,SPAG17,-0.038405817
SHROOM2,SPAG17,-0.051321927
PCDHB9,SPAG17,-0.07632061
KLRC2,SPAG17,-0.02344462
MRPS24,SPAG17,-0.5814284
ZNF862,SPAG17,-0.12057954
RNF125,SPAG17,-0.024964439
NFKB2,SPAG17,-0.019476779
HTRA1,SPAG17,-0.044960346
HAUS3,SPAG17,-0.036008403
OXSM,SPAG17,-0.029623242
PTGDR,SPAG17,-0.016834741
ARMCX4,SPAG17,-0.053999286
USP53,SPEN,-0.009896432
CYRIB,SPEN,-0.016315512
RASL11B,SPEN,-0.16216664
DSCC1,SPEN,-0.022433698
CNTF,SPEN,-0.02395465
RPS6KA2,SPEN,-0.06116276
ITPRIP,SPEN,-0.032279495
AP3D1,SPEN,-0.060014743
GAN,SPEN,-0.013107881
C2CD4B,SPEN,-0.03444795
TAF7L,SPEN,-0.013808042
EPSTI1,SPEN,-0.083636574
OR13J1,SPEN,-0.0134263905
DMKN,SPEN,-0.11003646
BMP2,SPEN,-0.11199389
RPL39,SPEN,-0.023307476
KIR3DL1,SPEN,-0.052916426
SPECC1L,SPEN,-0.02622373
CENPT,SPEN,-0.036061894
ASCC2,SPEN,-0.007788877
MAGIX,SPEN,-0.050139587
RIPK4,SPEN,-0.033228077
GOT2,SPEN,-0.08938797
SHISA2,SPEN,-0.023943052
CABLES1,SPEN,-0.05363721
MAK,SPEN,-0.06733385
NDUFAF5,SPEN,-0.068841144
RARRES1,SPEN,-0.015776586
FUT8,SPEN,-0.02123051
DHRS1,SPEN,-0.010128725
AK3,SPEN,-0.06518582
CPA1,SPEN,-0.02026566
KIR3DL2,SPEN,-0.04809178
CNDP2,SPEN,-0.05374498
SPX,SPEN,-0.022868335
RAB24,SPEN,-0.035290908
AC005041.1,SPEN,-0.0075518508
SRD5A2,SPEN,-0.010651222
DIAPH2,SPEN,-0.05060179
PPT2,SPEN,-0.042420726
RPS7,SPEN,-0.01431997
TERT,SPEN,-0.4045467
CTAGE15,SPEN,-0.06067513
ADORA2A,SPEN,-0.03387034
PUS3,SPEN,-0.10657443
ANKRD37,SPEN,-0.07438523
C11orf95,SPEN,-0.01952344
CDK11B,SPEN,-0.13685165
EML5,SPEN,-0.017898997
PTDSS2,SPEN,-0.036144517
ANKRD22,SPEN,-0.044303656
ERP27,SPEN,-0.043412276
IDO1,SPEN,-0.018092714
GSTM4,SPEN,-0.024141043
GPR63,SPEN,-0.021430803
SV2C,SPEN,-0.026295288
HTR3B,SPEN,-0.039042693
POTEE,SPEN,-0.02896659
ZNF835,SPEN,-0.018360108
HLA-G,SPEN,-0.031122807
SLC22A1,SPEN,-0.109765075
AIF1L,SPEN,-0.053413842
AC021087.5,SPEN,-0.05273359
DHRS11,SPEN,-0.015790863
CCL8,SPEN,-0.12042307
MATK,SPEN,-0.0154226795
BSG,SPEN,-0.032552682
FCGBP,SPEN,-0.0654229
FAM20C,SPEN,-0.021315379
POC1A,SPEN,-0.012833358
H1-10,SPEN,-0.015632104
TCERG1L,SPEN,-0.028936645
PHACTR3,SPEN,-0.031381395
C9,SPEN,-0.021909984
HMOX2,SPEN,-0.005586831
SYT10,SPEN,-0.05167541
RAPSN,SPEN,-0.02505687
LILRB4,SPEN,-0.32027355
CA5B,SPEN,-0.2306048
SUFU,SPEN,-0.05615453
ZNF226,SPEN,-0.015624585
MVB12B,SPEN,-0.037855685
CHRNB4,SPEN,-0.022888292
PAX5,SPEN,-0.021585763
GALNT15,SPEN,-0.038861852
TTLL13P,SPEN,-0.0962752
RIPOR3,SPEN,-0.04934787
SLC2A11,SPEN,-0.034183085
KLHL26,SPEN,-0.07335097
MCM4,SPEN,-0.00924803
SORCS2,SPEN,-0.020641873
LYRM9,SPEN,-0.019072615
TOP1MT,SPEN,-0.122789204
XYLT1,SPEN,-0.035230037
GRID2IP,SPEN,-0.023289332
BANF2,SPEN,-0.026680168
SRPX2,SPEN,-0.054969862
GPCPD1,SPEN,-0.12559934
HS1BP3,SPTA1,-0.0073479805
FTCD,SPTA1,-0.016396573
TRIM62,SPTA1,-0.0129687935
ZNF143,SPTA1,-0.013880541
MYMX,SPTA1,-0.022262136
MSMB,SPTA1,-0.039094247
CDHR1,SPTA1,-0.036546305
HAL,SPTA1,-0.07221983
NEK4,SPTA1,-0.0071945465
HSF2BP,SPTA1,-0.025419498
CDC23,SPTA1,-0.044022612
ANKRD2,SPTA1,-0.34980884
ARHGAP18,SPTA1,-0.0050985254
MYRFL,SPTA1,-0.3276986
ALDOB,SPTA1,-0.05646765
PAGE2,SPTA1,-0.191162
GRIN2B,SPTA1,-0.07309099
SLC9A3,SPTA1,-0.005260659
TOR1AIP2,SPTA1,-0.0071569365
CES3,SPTA1,-0.10358665
SLC4A1AP,SPTA1,-0.048130512
RNF32,SPTA1,-0.05914088
FAM110C,SPTA1,-0.038122755
MATN3,SPTA1,-0.022183223
CYP39A1,SPTA1,-0.044579033
CREB3L1,SPTA1,-0.1771508
PAEP,SPTA1,-0.02689441
NUTM1,SPTA1,-0.062453795
TM2D3,SPTA1,-0.038089767
CYP2A6,SPTA1,-0.021587197
PDE10A,SPTA1,-0.0147702135
ICAM2,SPTA1,-0.018173125
RBM20,SPTA1,-0.036935985
GDPD5,SPTA1,-0.17780864
H2AC11,SPTA1,-0.015073633
METTL7A,SPTA1,-0.02846616
C2orf16,SPTA1,-0.05258853
PPP1R27,SPTA1,-0.03676671
GATAD1,SPTA1,-0.0056397147
SYN3,SPTA1,-0.029143024
AL391987.2,SPTA1,-0.020223914
SENP3,SPTA1,-0.016239539
CACNA1C,SPTA1,-0.017412137
INSR,SPTA1,-0.066508025
GOT2,SPTA1,-0.12470785
NKX6-2,SPTA1,-0.08184665
PADI2,SPTA1,-0.048848893
BCAR1,SPTA1,-0.023663709
ZNF736,SPTA1,-0.41511482
CAPRIN2,SPTA1,-0.024648752
CBFA2T3,SPTA1,-0.051997695
FAM219A,SPTA1,-0.009109832
LYNX1-SLURP2,SPTA1,-0.041762948
DMRT2,SPTA1,-0.018650943
TLNRD1,SPTA1,-0.1080399
LYST,SPTA1,-0.026349703
HYOU1,SPTA1,-0.03891119
AGT,SPTA1,-0.09869063
ABAT,SPTA1,-0.0053230906
PIK3C2B,SPTA1,-0.14010225
ADSS1,SPTA1,-0.1193943
EPAS1,SPTA1,-0.035204496
TIMD4,SPTA1,-0.016049057
ZNF547,SPTA1,-0.030801378
RHOB,SPTA1,-0.05414218
AC091057.5,SPTA1,-0.025316749
IRF2,SPTA1,-0.020985404
IGFBP6,SPTA1,-0.054016914
CEP192,SPTA1,-0.10405329
NFIA,SPTA1,-0.086183086
ZNF681,SPTA1,-0.10004284
CRK,SPTA1,-0.014285523
SEC14L5,SPTA1,-0.0390353
ACP3,SPTA1,-0.03423602
MSRB1,SPTA1,-0.01959302
MAP2K6,SPTA1,-0.020764103
NUP54,SPTA1,-0.012793635
ABCB4,SPTA1,-0.042207386
AQP12B,SPTA1,-0.035782885
CCNP,SPTA1,-0.023107344
SERPINA3,SPTA1,-0.0637426
FKBP1B,SPTA1,-0.01594076
CDC7,SPTA1,-0.05780286
AGXT,SPTA1,-0.20346537
POLD3,SPTA1,-0.042037744
ELMOD3,SYNE1,-0.002545232
SHFL,SYNE1,-0.012570494
TAF13,SYNE1,-0.0059016068
SERTAD2,SYNE1,-0.00556319
VWA3A,SYNE1,-0.0059732185
PLEKHH2,SYNE1,-0.008781278
TMEM145,SYNE1,-0.0049391733
TET1,SYNE1,-0.017686974
MLLT11,SYNE1,-0.006592296
UBB,SYNE1,-0.04276065
NANOS3,SYNE1,-0.012133604
FGFR3,SYNE1,-0.04975884
RNF32,SYNE1,-0.0782011
IFT27,SYNE1,-0.012454896
FUS,SYNE1,-0.011505937
PDGFC,SYNE1,-0.0050132945
PTHLH,SYNE1,-0.019972676
LEMD2,SYNE1,-0.0014231192
CHD4,SYNE1,-0.038652327
NRG2,SYNE1,-0.07803893
CHST11,SYNE1,-0.014648518
TTC39A,SYNE1,-0.03761618
ARHGAP18,SYNE1,-0.042993635
CCDC96,SYNE1,-0.019493971
FGFBP1,SYNE1,-0.00672614
UPK3A,SYNE1,-0.020678021
FSD1,SYNE1,-0.015760895
CHD5,SYNE1,-0.043587554
PLEKHH1,SYNE1,-0.05589218
ABCA13,SYNE1,-0.010176829
ABHD16A,SYNE1,-0.02556915
MTHFR,SYNE1,-0.017144442
BICRAL,SYNE1,-0.016427167
KLF2,SYNE1,-0.110968344
MND1,SYNE1,-0.041870195
ZNF502,SYNE1,-0.013482575
TSPAN32,SYNE1,-0.006382355
PYCARD,SYNE1,-0.049496267
COL19A1,SYNE1,-0.0171975
ZNF611,SYNE1,-0.014039726
PTGS1,SYNE1,-0.010530747
ATF7IP2,SYNE1,-0.011454138
BTF3L4,SYNE1,-0.021319404
DIRAS1,SYNE1,-0.056474198
CASP7,SYNE1,-0.0154650295
TAS2R31,SYNE1,-0.009521488
ADGRL1,SYNE1,-0.016182303
TPCN1,SYNE1,-0.032857124
LGALS7,SYNE1,-0.010069007
CCDC180,SYNE1,-0.018793823
DRD1,SYNE1,-0.008553582
LYPD6B,SYNE1,-0.010185686
RNF217,SYNE1,-0.014827924
KCNJ16,SYNE1,-0.048765317
NDUFA8,SYNE1,-0.06938946
LPO,SYNE1,-0.011255911
AC090360.1,SYNE1,-0.014507173
MT-ND1,SYNE1,-0.059668303
ZNF428,SYNE1,-0.0061182873
ITIH6,SYNE1,-0.030618314
ACOT4,SYNE1,-0.04801509
POLB,SYNE1,-0.031958926
CACYBP,SYNE1,-0.022037439
POGZ,SYNE1,-0.024778645
RELL2,SYNE1,-0.0171696
DPM2,SYNE1,-0.012214381
PPP1R3E,SYNE1,-0.017470298
SYNCRIP,SYNE1,-0.020070506
MT-ND5,SYNE1,-0.040714253
RBIS,SYNE1,-0.015187483
NCAM2,SYNE1,-0.019379487
KIF19,SYNE1,-0.027228728
RAMP2,SYNE1,-0.008056948
PCGF2,SYNE1,-0.0074357255
PRDM16,SYNE1,-0.018657977
IGF2BP2,SYNE1,-0.044925768
LOXL2,SYNE1,-0.008470061
SCML2,SYNE1,-0.022713397
KAT2A,SYNE1,-0.040055994
IL22RA2,SYNE1,-0.017737377
C12orf42,SYNE1,-0.012396367
SERPINB11,SYNE1,-0.038071983
GLRB,SYNE1,-0.0046332497
ZNF761,SYNE1,-0.020205501
S1PR2,SYNE1,-0.0073320013
PTPRO,SYNE1,-0.022857746
H2BC21,SYNE1,-0.016193507
CNGB3,SYNE1,-0.018770065
DERL3,SYNE1,-0.014457812
FLACC1,SYNE1,-0.02076951
TRIM34,SYNE1,-0.15813157
GDF5,SYNE1,-0.008922749
RWDD3,SYNE1,-0.004780218
SP5,SYNE1,-0.010980209
CD1C,SYNE1,-0.01537261
IRF2BPL,SYNE1,-0.0081173405
ANXA2,SYNE1,-0.011820182
FXYD1,SYNE1,-0.015865276
SZT2,SYNE1,-0.008226174
EIF3M,SYNE1,-0.0043169647
ITIH4,SYNE1,-0.024821967
STAU1,SYNE1,-0.012951363
MLLT6,SYNE1,-0.005098021
LIPG,SYNE1,-0.02602395
BNIPL,SYNE1,-0.0075488687
ATP6AP1,SYNE1,-0.012609273
TSPO2,SYNE1,-0.01235185
MSLN,SYNE1,-0.031504665
GABRG3,SYNE1,-0.017916128
ASS1,SYNE1,-0.027810296
MESP1,SYNE1,-0.10113692
TRAM1L1,SYNE1,-0.064052366
TMPRSS5,SYNE1,-0.061505344
MT-ND4L,SYNE1,-0.04514527
RBM47,SYNE1,-0.014041944
MAGEA6,SYNE1,-0.05390851
BTNL9,SYNE1,-0.044024263
SARS2,SYNE1,-0.027595598
TRIB3,SYNE1,-0.016004844
OTX1,SYNE1,-0.007803338
PLAGL1,SYNE1,-0.0149568645
RAB41,SYNE1,-0.016866198
CCL3L3,SYNE1,-0.06391806
EDA,SYNE1,-0.02525574
RNASE1,SYNE1,-0.013130992
HLA-DQB2,SYNE1,-0.0048685903
ROR2,SYNE1,-0.01087304
SLC31A2,SYNE1,-0.012531448
BHMG1,SYNE1,-0.020626549
ADGRG5,SYNE1,-0.02150206
VNN1,SYNE1,-0.03250299
MSANTD3,SYNE1,-0.003012429
PFKFB1,SYNE1,-0.025723407
PPT2-EGFL8,SYNE1,-0.010546292
UTRN,SYNE1,-0.0031448882
RBM34,SYNE1,-0.055845894
FIG4,SYNE1,-0.047672596
ANG,SYNE1,-0.026273856
VPS33B,SYNE1,-0.1644617
CCDC177,SYNE1,-0.01953933
NFE2L1,SYNE1,-0.02196536
GK5,SYNE1,-0.0133580575
FAM189B,SYNE1,-0.008443901
SRCAP,SYNE1,-0.008812461
ST14,SYNE1,-0.016091667
HLA-A,SYNE1,-0.022626871
NCOA4,SYNE1,-0.014570335
SLC22A16,SYNE1,-0.029394334
SLC6A6,SYNE1,-0.017419029
NKAIN1,SYNE1,-0.037213314
DENND5B,SYNE1,-0.011894309
SYTL5,SYNE1,-0.014197913
CCND1,SYNE1,-0.03746962
GOLGA8Q,SYNE1,-0.020665236
CPZ,SYNE1,-0.017799951
RPS26,SYNE1,-0.019211143
PA2G4,SYNE1,-0.008075978
SULT1A1,SYNE1,-0.017918697
UBE2C,SYNE1,-0.025441654
KLK13,SYNE1,-0.03330165
EGR4,SYNE1,-0.029259542
BCL11B,SYNE1,-0.013077884
RPS6KA2,SYNE1,-0.02925414
VGLL1,SYNE1,-0.0004466084
RPF2,SYNE1,-0.039274078
USP28,SYNE1,-0.019500738
IL36A,SYNE1,-0.00781278
CD59,SYNE1,-0.106036805
C1R,TAF1,-0.016945517
RAD21,TAF1,-0.038971603
TCF15,TAF1,-0.01497143
ANKRD33B,TAF1,-0.013979997
CLEC4A,TAF1,-0.043473203
RNF175,TAF1,-0.037521973
ABCC5,TAF1,-0.1085803
FAAH,TAF1,-0.07781598
AK1,TAF1,-0.037443485
PTPN5,TAF1,-0.022131085
PIM3,TAF1,-0.08577412
KCNMB3,TAF1,-0.1817901
KIF19,TAF1,-0.020351008
CTDSPL,TAF1,-0.03651976
WNK2,TAF1,-0.0012992019
KRT27,TAF1,-0.025586665
PTPRF,TAF1,-0.0800519
RGS17,TAF1,-0.023575546
MYLIP,TAF1,-0.10147361
PLSCR2,TAF1,-0.018987348
STYXL1,TAF1,-0.011517054
TBX15,TAF1,-0.030594181
ARSB,TAF1,-0.0135269305
TUSC3,TAF1,-0.02669808
DSE,TAF1,-0.02019273
ZSCAN4,TAF1,-0.02484257
SERPINC1,TAF1,-0.026820987
PNOC,TAF1,-0.28325927
RBPJ,TAF1,-0.003272455
FUT11,TAF1,-0.4080469
FMO2,TAF1,-0.5344941
FADS2,TAF1,-0.014196088
COPG2,TAF1,-0.036940698
SPECC1,TAF1,-0.039601345
NCKAP5,TAF1,-0.029305529
SLC8A2,TAF1,-0.066850536
DHCR7,TAF1,-0.004095356
BARX1,TAF1,-0.01867478
ANKRD65,TAF1,-0.60441107
NOTCH1,TAF1,-0.037329152
MUCL3,TAF1,-0.064187914
PPP2R2C,TAF1,-0.0087899715
ARMC4,TAF1,-0.048485715
GATD3A,TAF1,-0.02068058
SLC38A5,TAF1,-0.042099115
KLRK1,TAF1,-0.037365235
CRNN,TAF1,-0.04527165
BICC1,TAF1,-0.07408749
TNFRSF12A,TAF1,-0.027000742
LPXN,TAF1,-0.00804811
TMEM179,TAF1,-0.028658107
KLF4,TAF1,-0.08599531
ITIH5,TAF1,-0.028022747
SIGLEC12,TAF1,-0.032888528
LAX1,TAF1,-0.008957033
ACTL6B,TAF1,-0.036404762
HIF1A,TAF1,-0.03854257
ADAP1,TAF1,-0.031874843
SCNN1A,TAF1,-0.020796442
PMVK,TAF1,-0.037946124
SPINK2,TAF1,-0.37789682
IFT140,TAF1,-0.040965833
TTC24,TAF1,-0.019816358
ASMT,TAF1,-0.009247676
ITM2C,TAF1,-0.022204315
ACP3,TAF1,-0.040964622
DEGS1,TAF1,-0.012632986
PMAIP1,TAF1,-0.053159323
COL6A5,TAF1,-0.024554368
LRRC3B,TAF1,-0.017240714
PPBP,TAF1,-0.036243998
LIN28B,TAF1,-0.035802957
AL590560.2,TAF1,-0.036774725
MYBPC2,TAF1,-0.046675455
DAP3,TAF1,-0.04103285
WNT7B,TAF1,-0.160855
NGEF,TAF1,-0.018169172
HS6ST2,TAF1,-0.008864806
NDUFB3,TAF1,-0.03221887
RAB6D,TAF1,-0.035851974
PDPR,TAF1,-0.014236273
UBXN6,TCHH,-0.025848636
SCAMP3,TCHH,-0.15612772
SH3GL1,TCHH,-0.055691008
GATA2,TCHH,-0.15021586
DNMT3B,TCHH,-0.05558937
PDZD11,TCHH,-0.0069760922
PTPN1,TCHH,-0.009381013
SERPINB11,TCHH,-0.03439937
ZNF77,TCHH,-0.026448656
ATPAF2,TCHH,-0.04928364
SRP9,TCHH,-0.038568
OBSCN,TCHH,-0.03642607
BCL9L,TCHH,-0.04489559
GDPD5,TCHH,-0.028221803
ARMC10,TCHH,-0.0110484
CDH16,TCHH,-0.055222776
SACS,TCHH,-0.038478095
ITLN2,TCHH,-0.059979588
RNASET2,TCHH,-0.018296015
GMCL1,TCHH,-0.0493974
CDK8,TCHH,-0.060295563
CTSL,TCHH,-0.0492092
FAM219B,TCHH,0.0012180218
NNMT,TCHH,-0.029933149
GRPEL2,TCHH,-0.029314395
FGF1,TCHH,-0.035104867
CKAP2,TCHH,-0.18221772
NIPA1,TCHH,-0.40935895
EPHB4,TCHH,-0.01938602
SESN3,TCHH,-0.012995828
AC005833.1,TCHH,-0.03815617
SHROOM1,TCHH,-0.018109849
USP28,TCHH,-0.09487736
RBPMS,TCHH,-0.045295488
ADAMTS19,TCHH,-0.0279362
PRKX,TCHH,-0.050730687
NDUFS4,TCHH,-0.06873064
DNAAF3,TCHH,-0.04080755
NT5M,TCHH,-0.115439184
LRATD2,TCHH,-0.024792632
PPAT,TCHH,-0.025922853
CNNM1,TCHH,-0.026012123
RNF224,TCHH,-0.016452627
NBPF10,TCHH,-0.08324595
CFAP20DC,TCHH,-0.03610106
GPX4,TCHH,-0.034095015
TNFSF18,TCHH,-0.022221854
DCAF1,TCHH,-0.024940183
ADAM8,TCHH,-0.11879247
BECN2,TCHH,-0.14020114
PRND,TCHH,-0.019363955
SPRR1A,TCHH,-0.16334383
TMEM220,TCHH,-0.023804517
SOX21,TCHH,-0.20054123
ENO1,TCHH,-0.25177625
GLTP,TCHH,-0.0074293315
SCFD1,TCHH,-0.022093862
PC,TCHH,-0.33771944
TBRG4,TCHH,-0.004410258
PGAM5,TCHH,-0.2513644
SLC38A3,TCHH,-0.06267824
YARS1,TCHH,-0.028603131
TMPRSS11B,TCHH,-0.029031927
C2orf69,TCHH,-0.045863874
DDX21,TCHH,-0.054398693
TFF1,TCHH,-0.04017006
TENM4,TCHH,-0.06805335
GALNT10,TCHH,-0.021597754
SPOCD1,TCHH,-0.05209784
YIPF5,TCHH,-0.13726863
HOXD3,TCHH,-0.0543449
SPDYC,TCHH,-0.04113106
CRYBG2,TCHH,-0.02427658
ANO9,TCHH,-0.03391814
ERF,TCHH,-0.030878967
MPZL1,TCHH,-0.029918626
PTPRZ1,TCHH,-0.037976816
ADM2,TCHH,-0.020713009
KANSL1,TENM2,-0.0126091745
MTRES1,TENM2,-0.02173479
NUS1,TENM2,-0.014015113
NCOA7,TENM2,-0.01027561
PLA2G15,TENM2,-0.017676892
EVI2B,TENM2,-0.050115198
SFTPD,TENM2,-0.017540889
LYNX1,TENM2,-0.056812406
PEG10,TENM2,-0.012011474
BSND,TENM2,-0.12265352
SLC7A4,TENM2,-0.031730857
TCEANC,TENM2,-0.031698458
ZNF486,TENM2,-0.20509207
CYP2F1,TENM2,-0.025494007
ZSCAN5B,TENM2,-0.109173805
TMTC1,TENM2,-0.033557978
LRRC8D,TENM2,-0.029444061
NOX5,TENM2,-0.100321986
ASIC4,TENM2,-0.025607577
ZNF525,TENM2,-0.058229405
DAPL1,TENM2,-0.019591603
DPEP3,TENM2,-0.15410052
NEK10,TENM2,-0.010525548
SLC5A11,TENM2,-0.06971326
TRAF5,TENM2,-0.013425334
POFUT1,TENM2,-0.028936155
PGAP3,TENM2,-0.15207243
TOP2A,TENM2,-0.027661968
CPPED1,TENM2,-0.004647799
PVALB,TENM2,-0.013898598
TREX2,TENM2,-0.0145435585
CXXC5,TENM2,-0.03662407
ZNF439,TENM2,-0.09484902
MRPL22,TENM2,-0.02657541
SIRT6,TENM2,-0.21827854
AL159163.1,TENM2,-0.04382953
FAM72D,TENM2,-0.048965335
TDRP,TENM2,-0.024017265
AKAP3,TENM2,-0.0249075
DECR1,TENM2,-0.055164892
TIMM17A,TENM2,-0.052893087
ZNF93,TENM2,-0.04433441
VAX1,TENM2,-0.10133866
PLA2G2A,TENM2,-0.069856845
MPND,TENM2,-0.07726363
GRK2,TENM2,-0.019795204
KITLG,TENM2,-0.47241482
BAX,TENM2,-0.03912397
CLECL1,TENM2,-0.01743102
PKD2L1,TENM2,-0.18414508
OTUB2,TENM2,-0.024280773
BRSK2,TENM2,-0.022616716
SH2B2,TENM2,-0.013019821
RNF11,TENM2,-0.05468991
MYCBP,TENM2,-0.01867149
SERINC2,TENM2,-0.004215128
ANKRD42,TENM2,-0.16572836
LCMT2,TENM2,-0.09059463
HEY2,TENM2,-0.022105385
SERPINE2,TENM2,-0.017305672
CTNND2,TENM2,-0.014853878
NLGN1,TENM2,-0.029913142
ZNF211,TENM2,-0.023281371
MMP3,TENM2,-0.029861068
SLC22A4,TENM2,-0.4165558
ZNF467,TENM2,-0.013629834
DOC2A,TENM2,-0.038149215
PTP4A1,TENM2,-0.04393393
TNIP2,TENM2,-0.028000623
PLIN2,TENM2,-0.038453642
OLFM4,TENM2,-0.0048688008
NUDT4,TENM2,-0.3296996
OXCT2,TENM2,-0.07421871
PPA2,TENM2,-0.016916962
WASF3,TENM2,-0.04297014
CBARP,TENM2,-0.012445558
FAM171A2,TENM2,-0.033444863
KLK12,TENM2,-0.01805109
LGALS9,TENM2,-0.025819331
COX7A2L,TENM2,-0.083406955
ZFP30,TENM2,-0.014765053
SIX2,TENM2,-0.06350186
SOWAHD,TENM2,-0.19205558
ALDH2,TENM2,-0.025498664
ADAMTS14,TG,-0.019426866
MAX,TG,-0.008620928
MRPL10,TG,-0.025683558
CXCL13,TG,-0.06868056
TNFRSF13C,TG,-0.013930802
C7orf50,TG,-0.016786346
GOLGA6L7,TG,-0.13870673
OGFOD3,TG,-0.04577985
RPS12,TG,-0.10462713
LIN37,TG,-0.0062135947
PDGFRL,TG,-0.037413172
PXMP2,TG,-0.21445861
IFNE,TG,-0.037413865
PDE4A,TG,-0.011532734
ATP6AP1L,TG,-0.037750877
HABP2,TG,-0.031487208
MAMSTR,TG,-0.03351749
FABP4,TG,-0.04565113
TST,TG,-0.066221155
LYNX1,TG,-0.026671741
FOS,TG,-0.052453015
CBFA2T3,TG,-0.012405653
CYB5D2,TG,-0.012034863
C4orf51,TG,-0.02452284
DTD1,TG,-0.28390765
KLKB1,TG,-0.01837851
KCNQ1,TG,-0.0024392065
BCKDHA,TG,-0.02143177
RYR3,TG,-0.045770064
SYAP1,TG,-0.7458223
MAGI1,TG,-0.042281352
TRIM50,TG,-0.025051955
CSMD1,TG,-0.07659868
CYP4V2,TG,-0.020710314
PLAC8L1,TG,-0.13961327
QDPR,TG,-0.08480611
ATP8A2,TG,-0.062363762
NSMCE2,TG,-0.074140355
GPC4,TG,-0.03444388
MCHR2,TG,-0.0388459
HDGFL2,TG,-0.053838473
SLC25A27,TG,-0.028868454
RET,TG,-0.022762714
ADAMTS17,TG,-0.022336772
C1orf50,TG,-0.006507578
CAVIN2,TG,-0.04504039
PLTP,TG,-0.053964585
SERHL2,TG,-0.019733097
RPL27A,TG,-0.047016844
ZNF222,TG,-0.09915677
DPEP1,TG,-0.077890374
ITIH2,TG,-0.16012955
PLEC,TG,-0.027103944
MAEL,TG,-0.028808327
CCDC60,TG,-0.033077624
KLF11,TG,-0.0187202
JAGN1,TG,-0.05999399
PNPT1,TG,0.00029588921
VMO1,TG,-0.016348727
TEX14,TG,-0.30411652
PPP3CA,TG,-0.07692441
HPX,TG,-0.12014509
SREBF2,TG,-0.019992061
ECEL1,TG,-0.039707992
NSDHL,TG,-0.15867288
DMP1,TG,-0.015975526
MRPL54,TG,-0.042539667
EXOSC3,TG,-0.07729099
MT1H,TG,-0.06550316
MFHAS1,TG,-0.011507748
KCNV2,TG,-0.025413198
AR,TG,-0.0090842685
PGM5,TG,-0.05874296
ATP10B,TG,-0.0024276148
THNSL2,TG,-0.027687412
PIGT,TG,-0.06339808
AMT,TG,-0.059928104
FABP12,TG,-0.011235983
FLACC1,TG,-0.036327824
C6orf118,TG,-0.016916372
PITX3,TG,-0.031550247
CAPN5,TG,-0.00828798
FCGR3B,TG,-0.019401064
LBX2,TG,-0.03529328
TAS2R5,TG,-0.05142422
PLB1,TG,-0.06360768
MMP21,TG,-0.00702855
CWC15,TNIK,-0.011403161
TNFSF11,TNIK,-0.014034642
DLK1,TNIK,-0.04473889
CYP3A7-CYP3A51P,TNIK,-0.12265128
ECHDC2,TNIK,-0.053458393
TPBG,TNIK,-0.02886279
PAGE4,TNIK,-0.040212024
INVS,TNIK,-0.029152662
TSC2,TNIK,-0.06789739
PTK2B,TNIK,-0.040135086
LPCAT4,TNIK,-0.02534148
LMLN,TNIK,-0.012173082
DMXL2,TNIK,-0.15556957
OR51I1,TNIK,-0.038835134
H2AJ,TNIK,-0.0027238044
DENND4B,TNIK,-0.009802362
COL13A1,TNIK,-0.02345915
PXDC1,TNIK,-0.050406348
ACKR4,TNIK,-0.0070416457
FBXO2,TNIK,-0.013189185
MOGAT2,TNIK,-0.22808613
NMNAT2,TNIK,-0.15300909
UGT8,TNIK,-0.06708709
MAGEA12,TNIK,-0.13517466
BCOR,TNIK,-0.17359394
PIMREG,TNIK,-0.09142935
FOXM1,TNIK,-0.02648688
WASF3,TNIK,-0.03980795
SPATA1,TNIK,-0.002959685
PIWIL2,TNIK,-0.11957321
MLF1,TNIK,-0.11720664
EDAR,TNIK,-0.024734054
LHX9,TNIK,-0.0422217
SREBF2,TNIK,-0.027981047
AC004706.3,TNIK,-0.018089866
HLA-E,TNIK,-0.023653908
PDXK,TNIK,-0.02836743
UBFD1,TNIK,-0.041633308
PREP,TNIK,-0.010612998
ZNF598,TNIK,-0.016044771
VIL1,TNIK,-0.03211409
TGFB3,TNIK,-0.011268229
PITX3,TNIK,-0.02913931
EARS2,TNIK,-0.055430703
STK38L,TNIK,-0.0766643
KCTD2,TNIK,-0.012629682
QTRT2,TNIK,-0.043587342
PCOLCE2,TNIK,-0.111616835
MEFV,TNIK,-0.011952212
NAV3,TNIK,-0.030308045
AC004687.2,TNIK,-0.010244166
CTNNBL1,TNIK,-0.013838744
ILKAP,TNIK,-0.013991848
RAPGEF4,TNIK,-0.13341716
DUSP12,TNIK,-0.021196622
AMZ1,TNIK,-0.034914736
EIF2S3B,TNIK,-0.17658606
ZCCHC10,TNIK,-0.022929965
RIPK1,TNIK,-0.017010761
EDN1,TNIK,-0.022680292
NDUFB7,TNIK,-0.019940196
NOTCH1,TNIK,-0.031384587
BLOC1S5,TNIK,-0.25704825
CSAG3,TNIK,-0.040164944
GRIK2,TNIK,-0.09164348
HSPB7,TNIK,-0.030506598
PTPDC1,TNIK,-0.1189297
PAM,TNIK,-0.01678043
CYTL1,TNIK,-0.022088757
ZNF229,TNIK,-0.035520673
KIF12,TNIK,-0.17774902
RYK,TNIK,-0.031629115
KIF5A,TNIK,-0.06410182
DHRS2,TNIK,-0.07924905
ITGA5,TNIK,-0.01850643
GLI1,TNIK,-0.015161319
WNT3A,TNIK,-0.025912939
LTC4S,TNIK,-0.0639393
HPCAL1,TNIK,-0.035172407
PRRC1,TNIK,-0.026602345
AP3S1,TNIK,-0.111016296
FAAP100,TNIK,-0.032477953
MSANTD4,TNIK,-0.5896534
CD59,TNIK,-0.03524705
FCGR3A,TP53,-0.048655886
GCLM,TP53,-0.009870351
SSBP2,TP53,-0.010345806
GJB6,TP53,-0.02664244
SLC18B1,TP53,-0.026018152
INPP5F,TP53,-0.012151776
NCR3,TP53,-0.053411853
SRPK3,TP53,-0.014742078
CD160,TP53,-0.07222054
ARHGEF33,TP53,-0.023898039
COL4A5,TP53,-0.031852823
TEAD3,TP53,-0.0023983861
BCL2L14,TP53,-0.013367034
HESX1,TP53,-0.03352324
SPATA4,TP53,-0.013172762
MDGA1,TP53,-0.036065094
LPAR2,TP53,-0.021169214
ABI3BP,TP53,-0.03395954
LRP5L,TP53,-0.050322235
MDM2,TP53,-0.0729213
ATP6V0A2,TP53,-0.033505157
HEXA,TP53,-0.03241688
DCLRE1C,TP53,-0.0028884842
CRHR2,TP53,-0.026141679
IFT57,TP53,-0.025083777
CCDC184,TP53,-0.032250166
ABLIM3,TP53,-0.09277546
IL17B,TP53,-0.019989422
CCDC192,TP53,-0.0070716804
TMEM130,TP53,-0.0048154388
CTU1,TP53,-0.015250419
CRLF1,TP53,-0.06738625
FAM117A,TP53,-0.026105069
GLIPR2,TP53,-0.04187882
HCFC2,TP53,-0.02326984
PLCB4,TP53,-0.05185385
SPOCK1,TP53,-0.0242713
SGPP1,TP53,-0.049987603
MAPK8IP2,TP53,-0.08479628
SDCBP2,TP53,-0.03732007
MRAP,TP53,-0.020532034
AIFM1,TP53,-0.032354504
NRG1,TP53,-0.031352792
NAT9,TP53,-0.011617342
ZNF837,TP53,-0.020998582
FOXL1,TP53,-0.024652433
LETM2,TP53,-0.04587309
POLE4,TP53,-0.08299442
SLC25A19,TP53,-0.026924217
H4C2,TP53,-0.030031007
CH25H,TP53,-0.017393002
FBXO39,TP53,-0.19070627
RASAL2,TP53,-0.012313473
EPB41L1,TP53,-0.012781774
UBFD1,TP53,-0.022668734
HOXD12,TP53,-0.019343793
CLEC3B,TP53,-0.13043833
CRLS1,TP53,-0.04212245
CCND2,TP53,-0.011740558
PIFO,TP53,-0.16442873
DOK4,TP53,-0.0057825404
COL22A1,TP53,-0.029997041
CHST6,TP53,-0.03319493
LIAS,TP53,-0.012058407
ADCY4,TP53,-0.012367289
SLC15A3,TP53,-0.041757125
POLG2,TP53,-0.022255879
RNF224,TP53,-0.03828023
TPSD1,TP53,-0.042150903
TGFBR1,TP53,-0.047798958
PDE8B,TP53,-0.02131287
PCDHB6,TP53,-0.049751896
FOXC2,TP53,-0.16776387
SLC24A3,TP53,-0.102482356
KCNS1,TP53,-0.1225817
CARD6,TP53,-0.114592664
TEX29,TP53,-0.059526157
TPSAB1,TP53,-0.13463674
KIF25,TP53,-0.031539105
GATD3A,TP53,-0.02382276
CFAP97D2,TP53,-0.009258671
GPR158,TP53,-0.02757418
TTC7B,TP53,-0.029157547
LRATD2,TP53,-0.02655104
AQP1,TP53,-0.09082587
PPIL6,TP53,-0.017282989
AP4E1,TP53,-0.04053468
FKBP1A,TP53,-0.019901289
TNFRSF11A,TP53,-0.013898668
FBLN7,TP53,-0.055329118
NRG4,TP53,-0.08017297
SLC23A1,TP53,-0.017812604
TAS2R4,TP53,-0.01381859
TMEM44,TP53,-0.03662811
GGN,TP53,-0.026496027
DIO2,TP53,-0.040649597
VPS18,TP53,-0.03191441
MED6,TP53,-0.010094073
NPNT,TP53,-0.027734332
ATP6V1G3,TP53,-0.026476713
FBXW7,TP53,-0.018217621
LRRC73,TP53,-0.02120551
MS4A2,TP53,-0.3192015
ZNF419,TP53,-0.009889759
CPEB2,TP53,-0.035667878
MEDAG,TP53,-0.060562562
C1QTNF2,TP53,-0.18458657
CHL1,TP53,-0.019458402
TCP1,TP53,-0.025670383
DNAH3,TP53,-0.011204724
UQCRH,TP53,-0.016982216
AEN,TP53,-0.050492063
ENDOU,TP53,-0.029264266
FRMD5,TP53,-0.016644198
LILRB4,TRRAP,-0.019054458
SPRR1A,TRRAP,-0.011163352
LGALS14,TRRAP,-0.072256066
PRKX,TRRAP,-0.046143707
SIRPA,TRRAP,-0.10708402
SNRPD1,TRRAP,-0.026573682
TRIM5,TRRAP,-0.003207815
PLRG1,TRRAP,-0.04373405
GPER1,TRRAP,-0.033344448
DKC1,TRRAP,-0.03562486
CCDC81,TRRAP,-0.04695103
SLC44A5,TRRAP,-0.2891162
RNPC3,TRRAP,-0.014229353
AHDC1,TRRAP,-0.03740085
SIGLEC15,TRRAP,-0.030172061
STMN2,TRRAP,-0.05263933
ABTB2,TRRAP,-0.022576494
SPDL1,TRRAP,-0.09136187
PEAK3,TRRAP,-0.093506224
STARD13,TRRAP,-0.11085445
DSE,TRRAP,-0.060157917
CACNA2D3,TRRAP,-0.030253291
GRXCR2,TRRAP,-0.095323816
LMAN2L,TRRAP,-0.032948207
FGD6,TRRAP,-0.090100855
MGAT4A,TRRAP,-0.006093724
TMEM266,TRRAP,-0.021864325
MARCHF9,TRRAP,-0.03990486
SNX32,TRRAP,-0.020390905
RAI14,TRRAP,-0.02355388
CDRT1,TRRAP,-0.07527805
HOXC6,TRRAP,-0.04963835
MSH4,TRRAP,-0.041208774
NRG4,TRRAP,-0.026049275
AKAP3,TRRAP,-0.047382597
PCDHGA8,TRRAP,-0.019096486
MEST,TRRAP,-0.014637588
B4GALT5,TRRAP,-0.042648375
IL1R2,TRRAP,-0.035854734
ODF3L2,TRRAP,-0.03321785
PIR,TRRAP,-0.104106806
KCNJ11,TRRAP,-0.021692667
ZWINT,TRRAP,-0.028203448
SCAMP1,TRRAP,-0.07013196
GOT1,TRRAP,-0.024139574
GRIN2D,TRRAP,-0.041225873
RIMBP3,TRRAP,-0.02903098
DNAH2,TRRAP,-0.021888634
SLC46A1,TRRAP,-0.014692699
CDCA3,TRRAP,-0.041241825
FAM151A,TRRAP,-0.028553912
ASPHD2,TRRAP,-0.041312326
ESM1,TRRAP,-0.32629824
ZBTB8B,TRRAP,-0.1326028
AGPAT3,TRRAP,-0.059058122
FAM136A,TRRAP,-0.0057286243
AMN1,TRRAP,-0.11754771
AP3S1,TRRAP,-0.13390724
SARDH,TRRAP,-0.034328125
ADCYAP1,TRRAP,-0.008432005
ZNF143,TRRAP,-0.1633749
PLXNA2,TRRAP,-0.032066245
OPALIN,TRRAP,-0.100120686
C22orf31,TRRAP,-0.028802864
SPDYC,TRRAP,-0.7498395
SUSD6,TRRAP,-0.03975318
BLOC1S2,TRRAP,-0.067085005
CSKMT,TRRAP,-0.011046907
CDCP1,TRRAP,-0.05209785
GLIS1,TRRAP,-0.010479423
MCMDC2,TRRAP,-0.16744407
L1TD1,TRRAP,-0.03253923
TMEM220,TRRAP,-0.01938666
SLC16A12,TRRAP,-0.075942494
NUTM2B,TRRAP,-0.016410043
CA11,TRRAP,-0.036911808
TRAPPC2,TRRAP,-0.05720366
ARHGAP20,TRRAP,-0.11106638
TAF13,TRRAP,-0.017718
MAML1,TRRAP,-0.03525151
PHLDB2,TRRAP,-0.030989926
FLYWCH1,TTN,-0.00086817244
MUC4,TTN,-0.001951528
PNKP,TTN,-0.0031456433
CACNG5,TTN,-0.0019201089
RIF1,TTN,0.001321121
SLC35A3,TTN,-0.0051923767
ZNF592,TTN,-0.005354951
CLCC1,TTN,-0.0013355669
MPV17,TTN,-0.0016027119
ZNF880,TTN,-0.0025532339
CCDC121,TTN,-0.008926924
GPR157,TTN,-0.010364375
SEZ6L,TTN,-0.0027709082
ABCC8,TTN,0.0001203909
ADAMTS20,TTN,-0.014045005
EMX1,TTN,-0.0025845352
MSRA,TTN,-0.004129651
MYO15A,TTN,-0.010025661
TGM7,TTN,-0.007064291
ERRFI1,TTN,-0.0013155759
OR2B6,TTN,-0.0045529427
LEPR,TTN,-0.0026072857
MSX1,TTN,-0.0015401976
SRPX2,TTN,-0.0031171765
SPEG,TTN,-0.0033950084
SNAI1,TTN,0.0025540225
CATSPERE,TTN,-0.0035650418
ARL4A,TTN,-0.00454071
SULT2B1,TTN,-0.0040239785
PDCD11,TTN,-0.0036302959
RNPEPL1,TTN,-0.002637945
PUSL1,TTN,-0.028445276
CCDC6,TTN,-0.00063289277
PMFBP1,TTN,-0.0016957147
GABRG3,TTN,-0.009046431
TRMT6,TTN,-0.003019041
CFD,TTN,-0.006121101
GRIN3B,TTN,-0.0106386915
FZD9,TTN,-0.0062923003
DNAJC5B,TTN,-0.007077396
ARHGAP26,TTN,-0.0143593
SMAP2,TTN,-0.0072612534
AP5S1,TTN,-0.0041011767
DPH5,TTN,-0.002956334
FAM177B,TTN,-0.011141516
FN3KRP,TTN,-0.009128923
MYH10,TTN,-0.011411364
DNPH1,TTN,-0.0059115086
CTSV,TTN,-0.013942575
UNC119,TTN,-0.009792851
ANXA2R,TTN,-0.01046073
SNCAIP,TTN,-0.007693778
TLL2,TTN,-0.0018077906
LHX9,TTN,-0.00086890213
ZNF232,TTN,-0.007083075
TWSG1,TTN,-0.0060276603
NKX1-2,TTN,0.0009101191
TSACC,TTN,-0.005504898
MAPK4,TTN,-0.0122204125
FSD1,TTN,-0.0065775923
GBE1,TTN,-0.007002931
ABHD14B,TTN,-0.015450558
KIRREL3,TTN,-0.0044281725
GARS1,TTN,-0.0001529369
SLC16A8,TTN,-0.004014506
PCDHB3,TTN,-0.0049088085
CHST13,TTN,-0.0033083952
TNNT3,TTN,-0.0064758235
SMPD2,TTN,-0.0038245413
ST8SIA6,TTN,-0.0061342176
CABYR,TTN,-0.0012039037
GSTZ1,TTN,-0.013094003
IQCJ,TTN,-0.0075684013
CWH43,TTN,-0.002042606
C19orf71,TTN,-0.006116931
ATP1A4,TTN,-0.0026023884
GDPD2,TTN,-0.0075007253
UBALD1,TTN,-0.001451604
FHL5,TTN,-0.025138225
GNRH2,TTN,-0.0073795235
SULT4A1,TTN,-0.0077218534
TRAF3,TTN,-0.0024258383
ZNF117,TTN,-0.005098214
CYP4F8,TTN,-0.010657277
MTARC2,TTN,-0.033975426
OGFR,TTN,-0.035954684
CSAG3,TTN,-0.009630646
CITED2,TTN,-0.062715165
STK32B,TTN,-0.0062427614
RAE1,TTN,-0.012498879
CRYBG2,TTN,-0.0048829224
NDUFA3,TTN,-0.0040279166
PRXL2C,TTN,-0.003972836
TFEB,TTN,-0.0097902175
SLC9B1,TTN,-0.0036622393
BASP1,TTN,-0.008531647
COX17,TTN,-0.023292761
TBX4,TTN,-0.0017435773
C3orf80,TTN,-0.023841927
FAM50A,TTN,-0.007910349
C2orf92,TTN,-0.001589814
TCP11,TTN,-0.0041074664
EXOG,TTN,-0.005389273
COL10A1,TTN,-0.0061235717
CRISPLD2,TTN,0.0011566737
FTCDNL1,TTN,-0.0032757989
MMRN1,TTN,-0.004358377
POGLUT3,TTN,-0.008818334
CACNA1B,TTN,-0.0035073047
LGALS7B,TTN,-0.0016851127
GNPAT,TTN,-0.0003193444
TRIL,TTN,-0.0037093707
LHX6,TTN,-0.003967494
CCDC187,TTN,-0.0035834815
PER2,TTN,-0.0042812563
FOXD4L4,TTN,-0.0040244684
THEM5,TTN,-0.022864869
CYSTM1,TTN,-0.0059781503
KLHL29,TTN,-0.011139509
ZNF416,TTN,-0.003786011
UBA52,TTN,-0.00080595753
OXT,TTN,-0.0035971336
FHOD1,TTN,-0.004870074
SLC41A2,TTN,3.961419e-05
CCNQ,TTN,-0.014956522
PLEKHO1,TTN,-0.0029062084
IL13RA2,TTN,-0.003575153
RNASEL,TTN,-0.00091902015
FLNC,TTN,-0.0041221306
CACNB1,TTN,-0.009429205
COL13A1,TTN,-0.019050105
AC004687.2,TTN,-0.00233289
PTPRM,TTN,-0.008762292
GXYLT2,TTN,-0.00795921
PDE4DIP,TTN,-0.0034601486
SUFU,TTN,-0.0032740014
GIPC1,TTN,-0.006894022
HDX,TTN,-0.002536211
KRT24,TTN,-0.0016240064
SSR4,TTN,-0.0017862035
FRY,TTN,0.0017986604
PLCB3,TTN,-0.0018041478
EIF2S3,TTN,-0.0011366839
ULK2,TTN,-0.0020967978
MC4R,TTN,-0.0059874286
GUCA1B,TTN,-0.003484507
RDH13,TTN,-0.0060365316
CHIT1,TTN,-0.003647909
PDE4D,TTN,-0.0009588085
FOLR2,TTN,-0.006611558
ASB4,TTN,-0.0043050917
LZTR1,TTN,0.00038866638
ZACN,TTN,-0.003169295
PSMA7,TTN,-0.004767721
IL11RA,TTN,-0.0033044019
BCAT1,TTN,-0.0030960904
CASP7,TTN,-0.0039148405
SLC7A8,TTN,-0.004139176
METTL27,TTN,-0.005746277
AMPD3,TTN,0.0012108864
ICA1,TTN,-0.005537538
OR4C3,TTN,-0.0064634965
DUSP9,TTN,-0.0036176788
HAND1,TTN,-0.0021483842
APOB,TTN,-0.00016301578
KLRC1,TTN,-0.0020103035
RAB3B,TTN,-0.0017537173
GLYCTK,TTN,-0.004891815
EIF4B,TTN,-0.00019388032
HSPB1,TTN,-0.0067257336
FIGNL2,TTN,-0.004426645
STAC,TTN,-0.0010878944
SEMA3G,TTN,-0.012492542
HTT,TTN,-0.007638034
ARL11,TTN,-0.01329766
GLT1D1,TTN,-0.00038147342
NEXN,TTN,-0.014725954
HOXA9,TTN,-0.007950732
ITGA7,TTN,0.0012277454
OSCAR,TTN,-0.002503764
MARCHF3,TTN,-0.00045436402
BTBD11,TTN,-0.003654827
AANAT,TTN,-0.00604764
DPYSL4,TTN,-0.00038735976
MAST1,TTN,-0.0057823285
CSDC2,TTN,-0.0061322986
BCL2L11,TTN,-0.0017161133
ALOX15B,TTN,-0.0063558863
CERK,TTN,-0.005972087
GJC1,TTN,-0.0037664187
M1AP,TTN,-0.015006174
COTL1,TTN,-0.0074519096
SLC27A4,TTN,-0.0053648995
C11orf91,TTN,-0.006897515
STEAP4,TTN,-0.0038444703
SVOPL,TTN,-0.0031483145
TDRD1,TTN,-0.00057119166
CLEC12A,TTN,-0.015385374
PRKAR2B,TTN,-0.014653707
MACO1,TTN,-0.003781747
CD320,TTN,-0.0060108965
XKR5,TTN,7.766465e-06
HECA,TTN,-0.010429928
ECHDC3,TTN,-0.0069490667
PAX2,TTN,-0.001119136
LMAN2,TTN,0.0010944176
LAMA5,TTN,-0.007364949
LRCH1,TTN,0.00062385685
RRAGD,TTN,-0.0032132706
TNFAIP8L3,TTN,-0.0042748046
LAMC2,TTN,-0.0032943257
RPS11,TTN,-0.026662717
SCIMP,TTN,-0.013807945
MAP4K1,TTN,-0.011420959
SAMD14,TTN,-0.0038147578
ITPRIPL1,TTN,-0.009348349
STRC,TTN,-0.006802371
FAM71E1,TTN,-0.0067131575
CCNA1,TTN,-0.03186904
MX1,TTN,0.00490407
ABCA4,TTN,-0.0025151505
WNT2,TTN,-0.012100124
EXT1,TTN,-0.0034732795
TMEM45B,TTN,-0.0044997768
DDIT3,TTN,-0.04112404
CHP1,TTN,-0.0047507766
RAB12,TTN,-0.0059092497
CARHSP1,TTN,-0.00027679556
C17orf97,TTN,-0.0034264736
PVR,TTN,-0.0061934013
LTF,TTN,-0.00050203694
CHFR,TTN,-0.002559284
OPN5,TTN,-0.013466307
NYAP2,TTN,0.00047342523
TIAF1,TTN,-0.0083313985
LDLRAD1,TTN,-0.003438525
ZNF518A,TTN,-0.00055315625
LIG1,TTN,-0.0015565876
TRIM15,TTN,-0.005387998
FGD1,TTN,-0.003465455
EXOSC3,TTN,-0.007732205
COMP,TTN,-0.009456939
SPRR2B,TTN,-0.0044977884
SLC7A6OS,TTN,-0.002057128
LCE3E,TTN,-0.0012820377
POU6F1,TTN,-0.0062328344
ANKRD12,TTN,-0.0027596683
RPL13A,TTN,-0.002889178
MAGEA6,TTN,-0.000117454714
RPL28,TTN,-0.010300673
RPL26L1,TTN,0.00022497209
MAT1A,TTN,-0.008366337
UTP15,TTN,-0.010943009
TRPC4AP,TTN,-0.011753862
PRPF40B,TTN,-0.01352463
UPK1B,TTN,-0.0022084794
FCHSD1,TTN,-0.001069772
PRICKLE2,TTN,-0.0014819319
SLC25A34,TTN,-0.0039953263
WASF2,TTN,-0.0010405433
TDRD12,TTN,-0.028196618
POU2F3,TTN,-0.004470045
KRT86,TTN,-0.011121385
PTX3,TTN,-0.021398373
DTWD1,TTN,-0.0037415088
MAMDC4,TTN,-0.0015874476
ZNF273,TTN,-0.005930642
LRRC14B,TTN,-0.0005691161
LRRC43,TTN,-0.007400713
PAH,TTN,-0.0012316608
SMPDL3A,TTN,-0.009167179
FERMT2,TTN,-0.005224892
FLRT1,TTN,-0.002911333
SNAP25,TTN,-0.0026310897
XG,TTN,0.0018822757
PTRHD1,TTN,-0.0026640508
U2AF1,TTN,-0.0028497153
RNF8,TTN,-0.0045026913
ADRA2B,TTN,-0.005842014
IDH3B,TTN,-0.0050518485
ZNF613,TTN,-0.0051152185
MTMR1,TTN,-0.0052977027
TNFRSF1B,TTN,-0.012433175
ARPC1B,TTN,-0.0060159443
ZNF347,TTN,-0.0035169155
CREB5,TTN,-0.007897481
RNF125,TTN,-0.002821548
ZNF563,TTN,-0.00404399
CD70,TTN,-0.005720514
CBFA2T3,TTN,0.0020742083
SLC26A5,TTN,0.00042967006
CPEB2,TTN,-0.0072197593
OBSL1,TTN,-0.007299897
HES7,TTN,-0.0065039215
LAMP2,TTN,-0.010847879
ADIPOR1,TTN,-0.001577759
SORCS2,TTN,-0.0009650671
CAMTA1,TTN,-0.0017563303
ZNF766,USH2A,-0.0057310876
SERPING1,USH2A,-0.02765126
RAB24,USH2A,-0.0064538554
SERPINB13,USH2A,-0.004521452
SIRT7,USH2A,-0.043037474
ECPAS,USH2A,-0.010500717
AQP7,USH2A,-0.034986127
PPP1CA,USH2A,-0.002722018
FZD9,USH2A,-0.025911707
IRAK3,USH2A,-0.018165333
FKBP4,USH2A,-0.007954285
H2BC3,USH2A,-0.0035781604
MFF,USH2A,-0.011092299
MTMR3,USH2A,-0.00212812
TTC30B,USH2A,-0.008724403
CCSER2,USH2A,-0.02174477
NMRK1,USH2A,-0.0070024026
PIP5K1B,USH2A,-0.03112063
TTC9,USH2A,-0.010496442
CBLN1,USH2A,-0.006405821
AC114490.3,USH2A,-0.029049348
H2BC12,USH2A,-0.0034202184
SNRPF,USH2A,-0.02222537
MTRNR2L3,USH2A,-0.012193327
CRYM,USH2A,-0.021909276
MSANTD4,USH2A,-0.0063320887
MS4A4E,USH2A,-0.013633093
CD69,USH2A,-0.0073873578
KCNA7,USH2A,-0.019894939
CALML4,USH2A,-0.014144627
TRPV2,USH2A,-0.023940712
FXYD5,USH2A,-0.008531558
IRF5,USH2A,-0.010910943
TMPRSS6,USH2A,-0.033053543
LYSMD2,USH2A,-0.014693396
WNT3A,USH2A,-0.014259593
SRPX2,USH2A,-0.039294068
ST20,USH2A,-0.012625133
AGPAT2,USH2A,-0.029211903
SLC15A4,USH2A,-0.0005716788
GRIA2,USH2A,-0.018242542
AC093323.1,USH2A,-0.007803979
ZNF470,USH2A,-0.057069845
GP6,USH2A,-0.019252472
IGFL2,USH2A,-0.0005450171
TCIM,USH2A,-0.035492025
SLC6A8,USH2A,-0.018543083
EXOC3L2,USH2A,-0.007520325
GJB1,USH2A,-0.014862442
JAM2,USH2A,-0.038676158
HSD17B14,USH2A,-0.007120718
SHH,USH2A,-0.02303664
TMEM221,USH2A,-0.012784588
AGR2,USH2A,-0.06920299
EXOC3L4,USH2A,-0.019727152
ANKRD36,USH2A,-0.013916862
KCNMA1,USH2A,-0.01185762
SCD,USH2A,-0.014442927
UBE2F-SCLY,USH2A,-0.018979875
LIMD2,USH2A,-0.034515545
IDO1,USH2A,-0.022089869
VSNL1,USH2A,-0.020448541
CHAD,USH2A,-0.040156607
INSYN2B,USH2A,-0.009979761
SGCD,USH2A,-0.0066543096
ANO9,USH2A,-0.0051358338
CAMKMT,USH2A,-0.028588632
ARL4C,USH2A,-0.02849749
IL4I1,USH2A,-0.058182824
STKLD1,USH2A,-0.04700609
NELL2,USH2A,-0.044545144
B3GNT8,USH2A,-0.015677476
NSMCE1,USH2A,-0.030034631
APCDD1,USH2A,-0.008193011
SYCE2,USH2A,-0.009671934
NNMT,USH2A,-0.08473197
GPR108,USH2A,-0.025416197
NPFFR1,USH2A,-0.018670687
CCDC116,USH2A,-0.009104578
C1orf198,USH2A,-0.015286252
PLXDC2,USH2A,-0.021128269
NPIPA1,USH2A,-0.013296881
SLC2A10,USH2A,-0.016655955
SLC9A5,USH2A,-0.021504575
SIRT2,USH2A,-0.17538026
SPATA2L,USH2A,-0.028318176
CDA,USH2A,-0.014112992
SLC35E3,USH2A,-0.0075044087
GFRA2,USH2A,-0.013810837
NKX1-2,USH2A,-0.05474427
ASXL3,USH2A,-0.0054113683
ALDH1A2,USH2A,-0.027112419
VAMP2,USH2A,-0.006527948
TUSC3,USH2A,-0.022978205
TAS2R43,USH2A,-0.016027374
SLC8A1,USH2A,-0.029146502
SLC25A37,USH2A,-0.024179608
SPECC1,USH2A,-0.030992487
KCNK7,USH2A,-0.032550238
FKBP1B,USH2A,-0.022906272
GCNT4,USH2A,-0.4086005
MIF4GD,USH2A,-0.08054747
TTC16,USH2A,-0.012593754
RNF144B,USH2A,-0.0145302275
ITGA6,USH2A,-0.022387939
MT4,USH2A,-0.032198586
CSF2RB,USH2A,-0.008718763
BICC1,USH2A,-0.099401176
NKAIN2,USH2A,-0.015406689
CCN6,USH2A,-0.012523591
SCAMP4,USH2A,-0.008587911
ENDOV,USH2A,-0.011986318
CNTNAP3B,USH2A,-0.017639752
RHOBTB3,USH2A,-0.015096593
CNTNAP3,USH2A,-0.048467435
RNFT1,USH2A,-0.017315652
ZHX1,USH2A,-0.004066258
RPS26,USH2A,-0.030370548
KCNMB2,USH2A,-0.003998357
SOX18,USH2A,-0.01193864
ERRFI1,USH2A,-0.014589044
CRABP2,USH2A,-0.0062820576
RNF112,USH2A,-0.03960034
EMD,USH2A,-0.013710639
ST3GAL4,USH2A,-0.009822135
GLCE,USH2A,-0.043482605
ZNF517,USH2A,-0.1091833
TSHZ2,USH2A,-0.009522584
PCDH10,USH2A,-0.030659696
PTTG1,USH2A,-0.0060642026
PLA2G2D,USH2A,-0.02098619
MVD,USH2A,-0.010455784
GPR84,USH2A,-0.08126023
ZPR1,USH2A,-0.008017211
IGSF21,USH2A,-0.025069525
SYT2,USH2A,-0.06609122
RUFY1,USH2A,-0.027554244
LCA5L,USH2A,-0.038062435
OTUD3,USH2A,-0.040194996
CLCN2,USH2A,-0.031334117
SLC16A3,USH2A,-0.03468658
SAMD8,USH2A,-0.016661061
HMGN3,USH2A,-0.0061911764
FKBP9,USH2A,-0.03622964
ANKRD27,USH2A,-0.018611183
PPM1K,USH2A,-0.007109746
ST8SIA6,USH2A,-0.016185647
TMSB15A,USH2A,-0.008042435
SLC7A8,USH2A,-0.030158108
CXCL9,USH2A,-0.050655454
IL27,USH2A,-0.042653996
CYP2C18,USH2A,-0.009580641
ONECUT1,USH2A,-0.06245261
F5,USH2A,-0.009911642
LSR,USH2A,-0.019299876
ACOXL,USH2A,-0.007391008
COL22A1,USH2A,-0.0128618935
BCO2,USH2A,-0.015398021
OSBPL10,USH2A,-0.035832815
IGSF9B,USH2A,-0.015892036
KLK8,USH2A,-0.0047554118
LCN10,USH2A,-0.04561789
ZNF417,USH2A,-0.015185664
TWNK,USH2A,-0.01772765
NEFH,USH2A,-0.09326706
SCFD2,VPS13B,-0.0050950814
CPA6,VPS13B,-0.018454073
FASLG,VPS13B,-0.017832303
ADAMTS12,VPS13B,-0.005344332
MYH15,VPS13B,-0.56760347
KRT36,VPS13B,-0.033611003
FEZ1,VPS13B,-0.002426713
RANBP6,VPS13B,-0.030907314
DEXI,VPS13B,-0.02293737
E2F2,VPS13B,-0.03084498
ANG,VPS13B,-0.043931913
CENPF,VPS13B,-0.0073355353
DYNLRB1,VPS13B,-0.038415585
IDNK,VPS13B,-0.094151385
SEMA6C,VPS13B,-0.0077633993
SLC4A4,VPS13B,-0.08376699
KRT6B,VPS13B,-0.04539817
LRP8,VPS13B,-0.019138664
ERO1B,VPS13B,-0.047319368
WASHC1,VPS13B,-0.01338536
DHX16,VPS13B,-0.03157788
SERINC5,VPS13B,-0.026145738
DENND2C,VPS13B,-0.0630637
CHD5,VPS13B,-0.16381948
IFT22,VPS13B,-0.018039731
PDCD1,VPS13B,-0.05199011
CEACAM5,VPS13B,-0.018883107
SEM1,VPS13B,-0.034609497
CA11,VPS13B,-0.027863111
EHD3,VPS13B,-0.09950533
MACIR,VPS13B,-0.19547692
SPATA18,VPS13B,-0.041561637
LEAP2,VPS13B,-0.18209428
TTC30A,VPS13B,-0.032907348
KIF5A,VPS13B,-0.0155665465
TRMU,VPS13B,-0.015611895
CEP131,VPS13B,-0.014534605
RECK,VPS13B,-0.014917251
GRAMD2A,VPS13B,-0.038074397
MAZ,VPS13B,-0.22942244
PGK1,VPS13B,-0.0253031
FAM89A,VPS13B,-0.42691466
RPN1,VPS13B,-0.08820255
TUBB2A,VPS13B,-0.029179133
CCL17,VPS13B,-0.0239126
TMEM61,VPS13B,-0.14318132
CFAP94,VPS13B,-0.03495985
PRELID2,VPS13B,-0.017645273
FGF18,VPS13B,-0.03372753
DCUN1D4,VPS13B,-0.0016468086
ADPRHL1,VPS13B,-0.031915374
KDM4A,VPS13B,-0.02919366
CNN2,VPS13B,-0.13198113
CFAP300,VPS13B,-0.022781685
PRAME,VPS13B,-0.038227234
MAP4K5,VPS13B,-0.028821982
KLF11,VPS13B,-0.01910017
NF2,VPS13B,-0.035604134
GPBP1,VPS13B,-0.121035546
CFAP20DC,VPS13B,-0.025675064
FAM189A2,VPS13B,-0.040577974
ENDOU,VPS13B,-0.047512963
PHOSPHO1,VPS13B,-0.034774076
CBX6,VPS13B,-0.05287729
TP53I3,VPS13B,-0.053712692
ZMAT1,VPS13B,-0.019580135
USF1,VPS13B,-0.020677457
PTCH1,VPS13B,-0.013166048
YPEL1,VPS13B,-0.0023273476
SLC38A7,VPS13B,-0.0641273
SLC39A12,VPS13B,-0.039580483
PRKAA2,VPS13B,-0.11543691
CCNI2,VPS13B,-0.043852583
RAD54L,VPS13B,-0.13483365
APOL3,VPS13B,-0.041691992
LAMB4,VPS13B,-0.079990774
AQR,VPS13B,-0.0034977482
DNAH17,VPS13B,-0.025812743
PKMYT1,VPS13B,-0.04775843
PBX2,VPS13B,-0.022539347
ALCAM,VPS13B,-0.051453684
RAB20,VPS13B,-0.00520622
DLX3,VPS13B,-0.034037396
CNTRL,VPS13B,-0.09686934
KLHL17,VPS13B,-0.017090978
SPOCD1,VPS13B,-0.037136547
FABP3,VPS13B,-0.011516887
ETHE1,ZSWIM8,-0.026519435
CLCN7,ZSWIM8,-0.04262072
ZNF780B,ZSWIM8,-0.050409224
BHLHE41,ZSWIM8,-0.010611105
CNIH2,ZSWIM8,-0.07842268
ZNF582,ZSWIM8,-0.037576377
SELP,ZSWIM8,-0.20851628
TUSC1,ZSWIM8,-0.002242014
ADAM11,ZSWIM8,-0.022308687
ZCCHC10,ZSWIM8,-0.42364773
ATG2A,ZSWIM8,-0.014720707
TMEM144,ZSWIM8,-0.018945644
WFIKKN1,ZSWIM8,-0.04156161
MORN4,ZSWIM8,-0.022115512
FAM53C,ZSWIM8,-0.10651559
SBDS,ZSWIM8,-0.046933174
ITGAX,ZSWIM8,-0.015076024
PFDN2,ZSWIM8,-0.050431076
RP9,ZSWIM8,-0.024668956
SQSTM1,ZSWIM8,-0.031651925
TSPYL1,ZSWIM8,-0.03145082
KIAA0100,ZSWIM8,-0.089954406
SLC4A1,ZSWIM8,-0.1518311
NPRL3,ZSWIM8,-0.030375658
POLR2M,ZSWIM8,-0.06622787
EDC3,ZSWIM8,-0.02185505
TMCO1,ZSWIM8,-0.106866226
ZNF530,ZSWIM8,-0.04071094
NKAIN2,ZSWIM8,-0.087470144
ZNF346,ZSWIM8,-0.009412981
PDPR,ZSWIM8,-0.06316046
ARMCX5,ZSWIM8,-0.04491033
CSAG3,ZSWIM8,-0.023077577
RAB6A,ZSWIM8,-0.022985006
NBL1,ZSWIM8,-0.22311702
GRAMD1B,ZSWIM8,-0.011083409
EVI5L,ZSWIM8,-0.0021427413
CHST14,ZSWIM8,-0.034568895
WDR37,ZSWIM8,-0.060740054
INAFM1,ZSWIM8,-0.035815798
DNAJA3,ZSWIM8,-0.07392438
FAM227A,ZSWIM8,-0.06264971
TNS1,ZSWIM8,-0.033421822
DAZL,ZSWIM8,-0.03340475
APOM,ZSWIM8,-0.02264288
ITPKA,ZSWIM8,-0.02904846
OMD,ZSWIM8,-0.041994892
SLC4A2,ZSWIM8,-0.682281
DDI2,ZSWIM8,-0.11297425
ABCA13,ZSWIM8,-0.02514185
SCAMP5,ZSWIM8,-0.08592163
CD58,ZSWIM8,-0.06062265
EHD2,ZSWIM8,-0.07284805
LRRC19,ZSWIM8,-0.067562565
CCDC33,ZSWIM8,-0.009676375
TLL2,ZSWIM8,-0.037970666
CD99,ZSWIM8,-0.20563298
NFAM1,ZSWIM8,-0.042186547
SUSD3,ZSWIM8,-0.008473237
CCN6,ZSWIM8,-0.070339106
FAM177B,ZSWIM8,-0.04296273
SYTL3,ZSWIM8,-0.057939194
HOXB9,ZSWIM8,-0.011157705
C17orf99,ZSWIM8,-0.03715923
VEGFC,ZSWIM8,-0.035235345
HSPB6,ZSWIM8,-0.036940172
TTN,ZSWIM8,-0.041328117
RIPK3,ZSWIM8,-0.03681071
HSPA9,ZSWIM8,-0.24122337
SLC2A1,ZSWIM8,-0.03466535
XRRA1,ZSWIM8,-0.1388551
LMAN1L,ZSWIM8,-0.035394024
SDAD1,ZSWIM8,-0.059978403
