feature,target,mean_shap
MTMR7,ABCA12,-0.009820121
CLDN19,ABCA12,-0.024791684
ESRP2,ABCA12,-0.0062574698
GPM6B,ABCA12,-0.014232334
MEOX2,ABCA12,-0.037340075
KRT10,ABCA12,-0.09349538
TG,ABCA12,-0.026924418
QRFP,ABCA12,-0.014867606
FAM76A,ABCA12,-0.019944435
RNASEL,ABCA12,-0.020403164
GJA5,ABCA12,-0.01695835
PTPRG,ABCA12,-0.023149036
GNG3,ABCA12,-0.011694261
LEP,ABCA12,-0.013099349
CKB,ABCA12,-0.008190535
KYNU,ABCA12,-0.014961031
SIPA1,ABCA12,-0.03949213
ALDH1A2,ABCA12,-0.013729982
APBB1IP,ABCA12,-0.07671079
RAB19,ABCA12,-0.103892356
BTNL8,ABCA12,-0.016780043
DDX3Y,ABCA12,-0.010063345
TMEM184B,ABCA12,-0.06806212
SMO,ABCA12,-0.01698869
MPC1L,ABCA12,-0.010709147
STXBP5L,ABCA12,-0.01045719
RAMACL,ABCA12,-0.0485987
PHF21B,ABCA12,-0.030927613
ZIK1,ABCA12,-0.08708541
COL28A1,ABCA12,-0.017116692
RWDD2B,ABCA12,-0.11369558
ZNF234,ABCA12,-0.02053472
ZNF599,ABCA12,-0.632941
IL4I1,ABCA12,-0.026261095
BNIP5,ABCA12,-0.05068542
ZNF26,ABCA12,-0.002020337
RBPMS2,ABCA12,-0.031349618
OPN3,ABCA12,-0.05168597
GNLY,ABCA12,-0.042566128
EIF3J,ABCA12,-0.020443983
WDR45,ABCA12,-0.02841185
B4GALT6,ABCA12,-0.04962964
RRAD,ABCA12,-0.016588703
MCF2L2,ABCA12,-0.065784514
SMN1,ABCA12,-0.008961232
SUPT7L,ABCA12,-0.019089185
MKS1,ABCA12,-0.042083036
CLPSL2,ABCA12,-0.06784967
CCL4L2,ABCA12,-0.03229555
SLC25A20,ABCA12,-0.011426403
RUFY2,ABCA12,-0.0062649352
HGSNAT,ABCA12,-0.03992688
CCNB2,ABCA12,-0.011067436
PAPPA2,ABCA12,-0.2806624
CBFA2T3,ABCA12,-0.0069354977
SLC38A7,ABCA12,-0.02353229
H2AJ,ABCA12,-0.057819493
C5orf58,ABCA12,-0.19012685
THUMPD2,ABCA12,-0.033958476
ETNK1,ABCA12,-0.012342411
CELA2B,ABCA12,-0.022328222
SPESP1,ABCA12,-0.016181512
KLHL26,ABCA12,-0.034414005
CSAG3,ABCA12,-0.12462352
FAM117A,ABCA12,-0.019367103
MALSU1,ABCA12,-0.017293751
TMEM168,ABCA12,-0.04538613
HM13,ABCA12,-0.037215
ERMN,ABCA12,-0.018975092
SLC7A11,ABCA12,-0.021657068
PPP2R5B,ABCA12,-0.03047372
CLEC18B,ABCA12,-0.02413619
EXTL2,ABCA12,-0.059799038
CDHR1,ABCA12,-0.04210249
PROK1,ABCA12,-0.029329844
STXBP3,ABCA12,-0.030164743
PRR9,ABCA12,-0.016359253
MATK,ABCA12,-0.037142906
ZNF562,ABCA12,-0.0018606756
SMIM10L1,ABCA12,-0.023554182
GRIN1,ABCA12,-0.018878622
ZFP69B,ABCA12,-0.045827948
FBXO39,ABCA12,-0.024851814
ARID5A,ABCA12,-0.019598095
DMRT2,ABCA12,-0.038208105
PPIL2,ABCA12,-0.023241512
KLHL17,ABCA12,-0.026337802
NDUFA1,ABCA12,-0.010106899
NAT8L,ABCA12,-0.027187098
TMEM70,ABCA12,-0.018568752
OTUD1,ABCA12,-0.012831187
COX6A1,ABCA12,-0.012348516
MAP3K8,ABCA12,-0.0901721
TSR2,ABCA12,-0.0072388663
LIN28B,ABCA12,-0.031234987
HPN,ABCA12,-0.010449836
MRPS34,ABCA12,-0.08776863
RFLNB,ABCA12,-0.041103672
PDZD2,ABCA12,-0.007167338
MTLN,ABCA12,-0.026472442
PSD3,ABCA12,-0.02342174
METTL3,ABCA12,-0.026880952
MBNL3,ABCA12,-0.02659443
HSP90AA1,ABCA12,-0.03330423
CGB5,ABCA12,-0.04209783
FNDC3B,ABCA12,-0.024918083
FDCSP,ABCA12,-0.06779758
FAM120C,ABCA12,-0.02761826
COA4,ABCA12,-0.112971015
ZFP28,ABCA12,-0.017938416
DPP6,ABCA12,-0.025503846
PARD3,ABCA12,-0.023433326
LYPLAL1,ABCA12,-0.0064779376
SV2C,ABCA12,-0.042510945
EFHD1,ABCA12,-0.009679587
TRIM54,ABCA12,-0.038717773
MAGEB16,ABCA12,-0.032998797
APBA3,ABCA12,-0.01794392
MYNN,ABCA12,-0.0034082385
NPRL3,ABCA12,-0.06479095
RELL2,ABCA12,-0.08992946
CA13,ABCA12,-0.018802036
KRT83,ABCA12,-0.040615305
SHPK,ABCA12,-0.014927727
BBS5,ABCA12,-0.027549854
ACOT1,ABCA12,-0.014555707
DONSON,ABCA12,-0.07458949
TSHZ1,ABCA12,-0.06549041
IFNE,ABCA12,-0.031177588
CCDC167,ABCA12,-0.0033822518
ZNF608,ABCA12,-0.018428834
BTBD8,ABCA12,-0.10570228
LYPD6,ABCA12,0.0005584626
SLC15A1,AHNAK,-0.0024278096
CST8,AHNAK,-0.004896254
LACC1,AHNAK,-0.008634829
ELMO2,AHNAK,-0.011802893
MOBP,AHNAK,-0.0016015022
ANKRD54,AHNAK,-0.014154377
SMC1A,AHNAK,-0.003528113
SYTL2,AHNAK,-0.084948145
MAP3K13,AHNAK,-0.012171587
ITGB8,AHNAK,-0.010982527
TGFBR3L,AHNAK,-0.020430813
GFPT1,AHNAK,-0.003058961
CCDC88B,AHNAK,-0.010587874
MB,AHNAK,-0.010619643
IL6ST,AHNAK,-0.008734401
GAL3ST2,AHNAK,-0.012150113
BARHL1,AHNAK,-0.019438416
EIF1AY,AHNAK,-0.009215755
L3MBTL2,AHNAK,-0.07248254
KIR2DL1,AHNAK,-0.083176106
TRIM49B,AHNAK,-0.010803699
NEIL3,AHNAK,-0.036722764
APOBEC3A,AHNAK,-0.04658749
PDXP,AHNAK,-0.004520581
ITPKC,AHNAK,-0.008141676
PLCD3,AHNAK,-0.028487865
CTRC,AHNAK,-0.027419759
ABCC4,AHNAK,-0.0120169865
RAB9A,AHNAK,-0.022225868
P2RX5,AHNAK,-0.012750247
UTP18,AHNAK,-0.016016807
PRTG,AHNAK,-0.0129129095
ADD3,AHNAK,-0.026326831
EXT2,AHNAK,-0.005843749
FABP7,AHNAK,-0.008412099
ZNF573,AHNAK,5.328486e-05
CSNKA2IP,AHNAK,-0.0164224
AZIN1,AHNAK,-0.006010474
EPB41L4B,AHNAK,-0.017572774
CDH24,AHNAK,-0.032896172
PTX4,AHNAK,-0.02032878
METTL18,AHNAK,-0.02457383
IFNAR1,AHNAK,-0.0043190406
EPS8L2,AHNAK,-0.02444855
KIF26A,AHNAK,-0.008380114
CCN2,AHNAK,-0.028669536
TEX52,AHNAK,-0.0064870417
CYP4F8,AHNAK,-0.014859002
IGFBP6,AHNAK,-0.036151618
KLB,AHNAK,-0.01994089
CNFN,AHNAK,-0.015552435
CLBA1,AHNAK,-0.012072297
TBCEL-TECTA,AHNAK,-0.007893424
ABLIM3,AHNAK,-0.02195456
ABCC3,AHNAK,-0.02001959
DCAF12,AHNAK,-0.0044705886
AP001453.3,AHNAK,-0.007455276
PLXNB3,AHNAK,-0.0077068913
TNNI1,AHNAK,-0.014660269
CASP6,AHNAK,-0.022111608
EXOC3,AHNAK,-0.0125914635
PLCE1,AHNAK,-0.012331133
TMEM175,AHNAK,-0.0020100467
CES3,AHNAK,-0.014386763
CA13,AHNAK,-0.0062294956
UBE2I,AHNAK,-0.0126585215
KRCC1,AHNAK,-0.01741672
IFT88,AHNAK,-0.024953997
IFNAR2,AHNAK,-0.0055593494
ADPRH,AHNAK,-0.028186286
PSMA2,AHNAK,-0.03251659
RPS2,AHNAK,-0.017338756
PITPNC1,AHNAK,-0.0014493599
PLCXD2,AHNAK,-0.03433172
AGTR1,AHNAK,-0.009528506
WWTR1,AHNAK,-0.008599927
SLC25A45,AHNAK,-0.006425132
TNFRSF10D,AHNAK,-0.0380785
PARP8,AHNAK,-0.015359027
RELB,AHNAK,-0.006953581
NBPF6,AHNAK,-0.013558659
OAZ1,AHNAK,-0.015702311
FCER1A,AHNAK,-0.046941735
JMJD4,AHNAK,-0.01293646
GABARAPL1,AHNAK,-0.033640034
HAPLN3,AHNAK,-0.019145798
BASP1,AHNAK,-0.017569916
PTGES,AHNAK,-0.0066007324
CDC37,AHNAK,-0.0023203536
SLC18B1,AHNAK,-0.0102931
AC068580.4,AHNAK,-0.026599275
PYROXD2,AHNAK,-0.05761524
ISG15,AHNAK,-0.074185625
CDKL4,AHNAK,-0.0050002504
SORD,AHNAK,-0.014792265
CTU1,AHNAK,0.00046477525
PFN2,AHNAK,-0.009699715
ATP5MD,AHNAK,-0.020649672
OLR1,AHNAK,-0.024199767
SIRPB1,AHNAK,-0.015000056
CPT1A,AHNAK,-0.009107769
KLRK1,AHNAK,-0.014968309
TIMM17A,AHNAK,-0.022976259
NFKBIZ,AHNAK,-0.0128541775
TMPRSS15,AHNAK,-0.15347554
POU6F1,AHNAK,-0.031167133
CARD10,AHNAK,-0.038873293
KRT38,AHNAK,-0.012260919
SKAP1,AHNAK,-0.05020142
RAB9B,AHNAK,-0.014867289
AC072022.2,AHNAK,-0.018966122
TRDMT1,AHNAK,-0.048613314
SLC2A12,AHNAK,-0.011317353
TEX11,AHNAK,-0.032531373
SMS,AHNAK,-0.01044726
CD96,AHNAK,-0.05860885
PLOD3,AHNAK,-0.029231483
HNRNPK,AHNAK,-0.0036608253
AJAP1,AHNAK,-0.04327506
NEK11,AHNAK,-0.01703221
PLG,AHNAK,-0.121960446
SH3BP2,AHNAK,-0.030289516
ST3GAL4,AHNAK,-0.09818241
ZNF385D,AHNAK,-0.030308288
GMDS,AHNAK,-0.009400055
FBP1,AHNAK,-0.005970803
ACAT1,AHNAK,-0.04281506
C5orf46,AHNAK,-0.03047061
C11orf95,AHNAK,-0.009751229
FAM3A,AHNAK,-0.012999839
C1orf21,AHNAK,-0.021735726
ZNF287,AHNAK,-0.004187373
ACVR1C,AHNAK,-0.0153282
POLA2,AHNAK,-0.01640614
RNASE7,AHNAK,-0.008097847
TTC9,AHNAK,-0.009207888
ATP7A,AHNAK,-0.009177567
ITGA10,AHNAK,-0.01598162
IKZF3,AHNAK,-0.11799947
HSD3B7,AHNAK,-0.010652409
CERS3,AHNAK,-0.036353614
PDZD7,AHNAK,-0.037702948
TFAP2C,AHNAK,-0.02191769
PIF1,AHNAK,-0.04015752
CDK2AP2,AHNAK,-0.017324533
STK31,AHNAK,-0.022481317
SOWAHD,AHNAK,-0.05290806
IL9R,AHNAK,-0.01154845
RHBDD1,AHNAK,-0.036884345
GJC2,AHNAK,-0.011347831
PCOLCE2,AHNAK,-0.0311741
LHPP,AHNAK,-0.029628519
LTB,AHNAK,-0.004250521
APCDD1L,AHNAK,-0.008365671
GNB5,AHNAK,-0.02314577
PCDHGA10,AHNAK,-0.016574731
ANGPTL5,AHNAK,-0.008208012
RBBP5,AHNAK,-0.006967207
FO681492.1,AHNAK,-0.0092548905
TRIL,AHNAK,-0.0148595115
CACNB3,AHNAK,-0.05781046
ETV6,AHNAK,-0.023442537
ING5,AHNAK,-0.12966323
PDGFA,AHNAK,-0.012816322
DISP2,AHNAK,-0.05563495
ACTL8,AHNAK,-0.062042557
HHIPL1,AHNAK,-0.024599342
HOXD10,AHNAK,-0.025731068
HOXB13,AHNAK,-0.008913163
MAMDC2,AHNAK,-0.014475682
SCARA3,AHNAK,-0.017936721
ATP1A3,AHNAK,-0.014355978
TTC36,AHNAK,-0.02923342
KEL,AHNAK,-0.25024846
TGFBR3,AHNAK,-0.07217262
SPOP,AHNAK,-0.0034152255
NCAPD2,AHNAK,-0.014615083
NDUFV3,AHNAK,-0.015689569
TMEM245,AHNAK,-0.021088539
RPL12,AHNAK,-0.007315064
TAF5L,AHNAK,-0.014255627
DLX3,AHNAK,-0.009139948
KLHDC9,AHNAK,-0.009437601
NINL,AHNAK,-0.012511011
AKAP5,AHNAK,-0.013309371
ATP9B,AHNAK,-0.012237116
EGFL6,AHNAK,-0.012969237
EPSTI1,AHNAK,-0.013740345
ELOVL3,AHNAK,-0.023938233
GPR171,AHNAK,-0.08332205
SLC6A12,AHNAK,-0.028605632
NBPF4,AHNAK,-0.07585235
DNM1L,AHNAK,-0.020468017
SIRT6,AHNAK,-0.047177054
MVK,AHNAK,-0.017234623
GPLD1,AHNAK,-0.010010432
COMT,AHNAK,-0.012632277
STN1,AHNAK,-0.06625379
DNAJC6,ALMS1,-0.004960137
XDH,ALMS1,-0.0064089843
SMIM40,ALMS1,-0.004729112
OR14K1,ALMS1,-0.015240927
LLPH,ALMS1,-0.0139350165
DCUN1D4,ALMS1,-0.013446434
SYS1,ALMS1,-0.021263715
EXD1,ALMS1,-0.011533931
GRAMD2A,ALMS1,-0.032553367
NPTXR,ALMS1,-0.007043665
PUF60,ALMS1,-0.015558688
ECSIT,ALMS1,-0.004960464
RHOD,ALMS1,-0.008040404
PDLIM5,ALMS1,-0.0128780985
ITPKA,ALMS1,-0.020301638
CCL8,ALMS1,-0.014129071
MNT,ALMS1,-0.010514604
SREK1IP1,ALMS1,-0.015884353
AL160269.1,ALMS1,-0.0056200023
CARD14,ALMS1,-0.009841662
FUT11,ALMS1,-0.016901612
LRP3,ALMS1,-0.022536684
H2AZ2,ALMS1,-0.023404183
BBC3,ALMS1,-0.023898793
PTGES3L,ALMS1,-0.010111093
ZNF460,ALMS1,-0.061504968
SETX,ALMS1,-0.009075422
MPV17,ALMS1,-0.011104887
SPATA18,ALMS1,-0.01952406
VPS36,ALMS1,-0.04872944
APTX,ALMS1,-0.011100878
TM4SF18,ALMS1,-0.01121368
SGCG,ALMS1,-0.027695384
KDSR,ALMS1,-0.119273864
SLAMF7,ALMS1,-0.011466091
IL33,ALMS1,-0.084791414
RPL34,ALMS1,-0.0024258373
CTF1,ALMS1,-0.008878763
MTUS1,ALMS1,-0.0107150925
TESMIN,ALMS1,-0.005945148
CACNG6,ALMS1,-0.019462705
HGH1,ALMS1,-0.018005352
ADHFE1,ALMS1,-0.029731492
CDC6,ALMS1,-0.029983647
FAM236C,ALMS1,-0.009033985
AL031777.2,ALMS1,-0.0026446362
SEL1L3,ALMS1,-0.0037324522
FOXRED2,ALMS1,-0.005908667
NIPSNAP3B,ALMS1,-0.0049487134
IL17F,ALMS1,-0.012022057
DOCK3,ALMS1,-0.0129057355
HSD3B1,ALMS1,-0.015317973
ZFYVE27,ALMS1,-0.028126298
TMC1,ALMS1,-0.022515543
MAP4K1,ALMS1,-0.027186137
PDCD2,ALMS1,-0.041109372
TCIM,ALMS1,-0.1912115
AMY1B,ALMS1,-0.044401858
DBI,ALMS1,-0.016082466
ESF1,ALMS1,-0.004296736
CD19,ALMS1,-0.057245634
STYXL1,ALMS1,-0.014932074
TMEM104,ALMS1,-0.01666759
IGFBP2,ALMS1,-0.079048805
INHA,ALMS1,-0.02758165
NPHS1,ALMS1,-0.011431311
KCNC2,ALMS1,-0.040187612
FHIT,ALMS1,-0.018918805
C17orf97,ALMS1,-0.010348122
G3BP1,ALMS1,-0.0043984237
C4B,ALMS1,-0.0038273593
TRIM13,ALMS1,-0.019414466
EFCC1,ALMS1,-0.046636824
CLSTN3,ALMS1,-0.0002223043
TIMM23B,ALMS1,-0.016514642
WASHC3,ALMS1,-0.05934169
KPNA3,ALMS1,-0.021043003
YPEL2,ALMS1,-0.025043033
RNF157,ALMS1,-0.06496082
LRRC39,ALMS1,-0.013462684
ZFX,ALMS1,-0.013633659
TSC22D3,ALMS1,-0.020471564
S100A7,ALMS1,-0.007663246
DMBX1,ALMS1,-0.07287671
COMMD10,ALMS1,-0.007838884
TTLL11,ALMS1,-0.0874665
PCCA,ALMS1,-0.010974257
NLGN3,ALMS1,-0.023533031
SCN4B,ALMS1,-0.012083237
CEP162,ALMS1,-0.05261779
ULBP3,ALMS1,-0.009582731
ATP6V0E2,ALMS1,-0.02801302
ARID5A,ALMS1,-0.0060745855
KCNC4,ALMS1,-0.18602155
FBN2,ALMS1,-0.037759244
UPK1B,ALMS1,-0.02839657
GYPE,ALMS1,-0.009110317
SNAI2,ALMS1,-0.13890117
PRNP,ALMS1,-0.0985227
OGDHL,ALMS1,-0.013936955
KCNRG,ALMS1,-0.01888525
CDKL5,ALMS1,-0.0075142668
SMG8,ALMS1,-0.023738911
NR1I3,ALMS1,-0.02334149
GLP2R,ALMS1,-0.007674412
LYPD8,ALMS1,-0.15175909
GNB5,ALMS1,-0.053296696
BMP4,ALMS1,-0.009889191
ERC2,ALMS1,-0.008942641
ARRDC3,ALMS1,-0.020389035
TNFRSF13B,ALMS1,-0.0012708834
PCDHGA1,ALMS1,-0.04002456
C5orf58,ALMS1,-0.006758346
PARP6,ALMS1,-0.02487953
FCRL5,ALMS1,-0.057103008
CKMT1A,ALMS1,-0.04738285
VMP1,ALMS1,-0.01706135
RENBP,ALMS1,-0.05690442
EGFL6,ALMS1,-0.010686828
ATP1A1,ALMS1,-0.013032094
FLT3,ALMS1,-0.026944563
DSCAM,ALMS1,-0.034403555
CDCA3,ALMS1,-0.021460716
CLCN3,ALMS1,-0.0015668334
WASHC2A,ALMS1,-0.008141228
ADA2,ALMS1,-0.069434695
H1-3,ALMS1,-0.011356344
BTC,ALMS1,-0.030528126
LDHAL6A,ALMS1,-0.015329908
TIPARP,ALMS1,0.0003209696
CXorf38,ALMS1,-0.005642074
NANOS3,ALMS1,-0.05844277
NDP,ALMS1,-0.020879108
DRC3,ALMS1,-0.020445684
MOB3C,ALMS1,-0.0038935146
H3C3,ALMS1,-0.06340019
ARIH1,ALMS1,-0.004047603
ACHE,ALMS1,-0.040101435
FRK,ALMS1,-0.001329874
FCGR3B,ALMS1,0.0007693121
SPIN4,ALMS1,-0.0396111
CFAP251,ALMS1,-0.016693255
AC006254.1,ALMS1,-0.030349525
PIR,ALMS1,-0.074137904
DNAH11,ALMS1,-0.048783947
MYH6,ALMS1,-0.017015217
NUDT11,ALMS1,-0.0020625708
EIF2S3B,ALMS1,-0.01991917
CENPB,ALMS1,-0.013419954
GIPR,ALMS1,-0.01705764
RBM8A,ALMS1,-0.009873604
CCDC97,ALMS1,-0.007884817
RNF144A,ALMS1,-0.02736167
RAB2B,ALMS1,-0.0049613914
OPN5,ALMS1,-0.018995613
PROM1,ALMS1,-0.010832795
LGALS3BP,ALMS1,-0.008942375
HNRNPA1L2,ALMS1,-0.025521817
SLC22A31,ALMS1,-0.026752008
SURF2,ALMS1,-0.012472918
CEACAM4,ALMS1,-0.009169557
UBALD2,ALMS1,-0.051133554
LIMD2,ALMS1,-0.023863249
FAAP24,ALMS1,-0.018439217
ATG16L2,ALMS1,-0.011414201
TAX1BP3,ALMS1,-0.014264399
CACNA1F,ALMS1,-0.012906891
TTC17,ALMS1,-0.006377332
LAX1,ALMS1,-0.008018142
CD38,ALMS1,-0.058278073
CHRNE,ALMS1,-0.022801675
SCN8A,ALMS1,-0.043146256
DRP2,ALMS1,-0.01581741
FAM219A,ALMS1,-0.0071249926
OASL,ALMS1,-0.014294178
PRICKLE2,ALMS1,-0.012498077
CERS1,ALMS1,-0.013645907
SYT6,ALMS1,-0.011309206
CA1,ALMS1,-0.009256216
NAA80,ALMS1,-0.12280381
RBM28,ALMS1,-0.018694172
PI3,ALMS1,-0.011320806
ECSCR,ALMS1,-0.0103889
MYLK2,ALMS1,-0.009857242
EFNA5,ALMS1,-0.027825896
SELENOP,ALMS1,-0.023112414
HSPA2,ALMS1,-0.049646813
GLS2,ALMS1,-0.011633139
PHYHIP,ALMS1,-0.056725647
NXPH3,ALMS1,-0.00939255
DYNLT3,ALMS1,-0.0056879823
COMMD1,ALMS1,-0.016173502
CCDC167,ALMS1,-0.022477983
PRSS21,ALMS1,-0.009662612
LGALS7,ALMS1,-0.01906021
RTN4RL2,ALMS1,-0.002990359
FIP1L1,ALMS1,-0.017654305
ZDHHC14,ALMS1,-0.01961823
LOXL2,ALMS1,-0.0010974719
PEX11G,ANKHD1,-0.0041802847
ADAMTSL1,ANKHD1,-0.011531121
NR6A1,ANKHD1,-0.007471136
SOX9,ANKHD1,-0.009194471
CSRP1,ANKHD1,-0.0028338418
KIF4B,ANKHD1,-0.05313347
SLC37A2,ANKHD1,-0.05648587
MCM10,ANKHD1,-0.009755952
SVOP,ANKHD1,-0.012851673
MRPL34,ANKHD1,-0.03367661
RNF19A,ANKHD1,-0.019120058
PPP4R2,ANKHD1,-0.020102004
NAGA,ANKHD1,-0.0048038065
DEDD2,ANKHD1,-0.023246339
PRRT4,ANKHD1,-0.047033247
TNFRSF17,ANKHD1,-0.010171732
CCDC34,ANKHD1,-0.0035290995
CREG1,ANKHD1,-0.019138059
FDX1,ANKHD1,-0.019536514
UTP11,ANKHD1,-0.03241877
RPS6KA4,ANKHD1,-0.022193953
CSNK2A2,ANKHD1,-0.06149089
NAT2,ANKHD1,-0.023224762
ELOVL7,ANKHD1,-0.021924222
APLP1,ANKHD1,-0.07477716
GAB2,ANKHD1,-0.044231657
CAPN15,ANKHD1,-0.0070275697
ERRFI1,ANKHD1,-0.02230528
LRP8,ANKHD1,-0.020234855
SDSL,ANKHD1,-0.021587595
ABCA7,ANKHD1,-0.049497634
PHETA2,ANKHD1,-0.034473967
TDRD3,ANKHD1,-0.043990422
KRT13,ANKHD1,-0.033031568
PELP1,ANKHD1,-0.006355373
ADI1,ANKHD1,-0.017021606
SLC5A5,ANKHD1,-0.024774766
GPR37L1,ANKHD1,-0.09267066
NCEH1,ANKHD1,-0.03093428
IFT88,ANKHD1,-0.047819063
PCCB,ANKHD1,-0.013292782
CLEC19A,ANKHD1,-0.026023764
NDUFA11,ANKHD1,-0.028716112
COX7B2,ANKHD1,-0.019352099
MPC1L,ANKHD1,-0.02198363
FZD6,ANKHD1,-0.010744318
OTULINL,ANKHD1,-0.00990627
SHOX2,ANKHD1,-0.0100191375
BTAF1,ANKHD1,-0.013831113
GAS2L2,ANKHD1,-0.012904956
MGAT4A,ANKHD1,-0.07410758
ZNF584,ANKHD1,-0.012110928
OR13A1,ANKHD1,-0.0026487259
IFFO2,ANKHD1,-0.11738026
RSPH10B2,ANKHD1,-0.00972706
AK7,ANKHD1,-0.020646438
CD109,ANKHD1,-0.012099192
EVX1,ANKHD1,-0.013843521
ANKRD46,ANKHD1,-0.015833668
CDKN2B,ANKHD1,-0.045716867
GDF3,ANKHD1,-0.009834256
FADS3,ANKHD1,-0.08975076
CHAF1B,ANKHD1,-0.039910354
PCYOX1L,ANKHD1,-0.016778063
LPO,ANKHD1,-0.777732
AC007906.2,ANKHD1,-0.024478965
VAMP5,ANKHD1,-0.020388026
CCDC113,ANKHD1,-0.010750127
APOD,ANKHD1,-0.016803233
ZNF165,ANKHD1,-0.037188403
PLA2G3,ANKHD1,-0.091706604
HMOX2,ANKHD1,-0.022755308
XPNPEP3,ANKHD1,-0.03783502
LARGE2,ANKHD1,-0.009697602
ZNF490,ANKHD1,-0.0021074396
NCCRP1,ANKHD1,-0.03001815
PRRT1B,ANKHD1,-0.029910129
PROKR2,ANKHD1,-0.031918846
DPYSL4,ANKHD1,-0.023691434
ANKRD18B,ANKHD1,-0.026602272
ATP2A2,ANKHD1,-0.21017544
NDRG4,ANKHD1,-0.013488052
CAMK1G,ANKHD1,-0.021990413
CLDN7,ANKHD1,-0.045349263
IL18,ANKHD1,-0.0320529
RLF,ANKHD1,-0.03354489
ERMP1,ANKHD1,-0.026430259
SCNN1D,ANKHD1,-0.0037058517
C12orf50,ANKHD1,-0.017735422
H3C1,ANKHD1,-0.005773611
DESI1,ANKHD1,-0.025920153
SLC6A17,ANKHD1,-0.016591975
PDLIM7,ANKHD1,-0.043848895
USP8,ANKHD1,-0.0156731
SLC6A11,ANKHD1,-0.004454771
CRIP2,ANKHD1,-0.035312347
NPTN,ANKHD1,-0.010988271
PBX2,ANKHD1,-0.008694074
TMEM70,ANKHD1,-0.02376062
RGPD4,ANKHD1,-0.008120944
CYP27C1,ANKHD1,-0.01661873
BCL2L11,ANKHD1,-0.01263948
METTL1,ANKHD1,-0.050067976
HSD17B2,ANKHD1,-0.01783341
SOHLH2,ANKHD1,-0.16907105
NUDT2,ANKHD1,-0.016112123
ZNF341,ANKHD1,-0.038953632
RP1L1,ANKHD1,-0.015407293
PNPLA4,ANKHD1,-0.008250047
HPS4,ANKHD1,-0.0058360384
PPP1R3G,ANKHD1,-0.019923821
RIOK3,ANKHD1,-0.060012158
NWD2,ANKHD1,-0.074150436
PAGR1,ANKHD1,-0.002820727
DTX2,ANKHD1,-0.21484649
ZNF8,ANKHD1,-0.017728057
NPDC1,ANKHD1,-0.008228694
H2AW,ANKHD1,-0.025566539
LPIN1,ANKHD1,-0.10667603
CYP24A1,ANKHD1,-0.07012226
TPST1,ANKHD1,-0.03440029
ILDR1,ANKHD1,-0.06891937
ADAM32,ANKHD1,-0.009665827
CNIH2,ANKHD1,-0.00030762845
NBEAL1,ANKHD1,-0.016145704
GUCA2A,ANKHD1,-0.022175463
GABRB3,ANKHD1,-0.04144535
MICAL3,ANKHD1,-0.013112357
REC8,ANKHD1,-0.009184739
RPP14,ANKHD1,-0.0449066
NUP210,ANKHD1,-0.0908988
KCNQ2,ANKHD1,-0.030595977
IRS1,ANKHD1,-0.050059598
USP32,ANKHD1,-0.015305498
CACNG4,ANKHD1,-0.10433061
ATP6V1G1,ANKHD1,-0.061040677
RRM2B,ANKHD1,-0.026062129
TSR3,ANKHD1,-0.013801572
TMC1,ANKHD1,-0.0642774
CCAR2,ANKRD11,-0.022721909
S1PR3,ANKRD11,-0.003891893
YPEL4,ANKRD11,-0.025584873
RPL11,ANKRD11,-0.009777786
KLHL4,ANKRD11,-0.035573184
CKMT2,ANKRD11,-0.002692697
BCAS4,ANKRD11,-0.081447065
ZNF541,ANKRD11,-0.107991956
REP15,ANKRD11,-0.07604155
NSD1,ANKRD11,-0.05425939
CERCAM,ANKRD11,-0.027011052
SLC30A8,ANKRD11,-0.01993443
FRA10AC1,ANKRD11,-0.0074427086
COL4A1,ANKRD11,-0.017803542
SLC1A5,ANKRD11,-0.0159811
VPS35,ANKRD11,-0.020478258
RASIP1,ANKRD11,-0.03320575
DRC3,ANKRD11,-0.023565618
ACAA1,ANKRD11,-0.0080142375
RGR,ANKRD11,-0.021120261
NEB,ANKRD11,-0.014721042
IKZF1,ANKRD11,-0.007791911
MYCBP2,ANKRD11,-0.019894566
CADM1,ANKRD11,-0.017300319
ALG9,ANKRD11,-0.011147314
RPUSD2,ANKRD11,-0.08984106
FADS6,ANKRD11,-0.020635579
RIC3,ANKRD11,-0.005615243
CLEC2L,ANKRD11,-0.025234496
SLC35E4,ANKRD11,-0.007271694
RP9,ANKRD11,-0.01389699
MAGEF1,ANKRD11,-0.020680232
EGF,ANKRD11,-0.077541225
TAF6L,ANKRD11,-0.014491212
ZACN,ANKRD11,-0.39535615
CAMKK2,ANKRD11,-0.029141394
ATXN7L2,ANKRD11,-0.014106629
TREML1,ANKRD11,-0.008022049
TAF7,ANKRD11,-0.09976581
IL1B,ANKRD11,-0.014308656
TRPM1,ANKRD11,-0.016548183
TTYH1,ANKRD11,-0.01867924
ALKAL2,ANKRD11,-0.028681276
LRRC70,ANKRD11,-0.021331536
C14orf28,ANKRD11,-0.006776585
PLAG1,ANKRD11,-0.027750207
TRIM16L,ANKRD11,-0.011937734
C8orf76,ANKRD11,-0.017338637
ZKSCAN7,ANKRD11,-0.03743808
RASD2,ANKRD11,-0.018522939
WASHC2C,ANKRD11,-0.1246806
MSH3,ANKRD11,-0.15151371
PGAM5,ANKRD11,-0.0005473645
IVL,ANKRD11,-0.006469991
MYT1,ANKRD11,-0.030397048
PLIN1,ANKRD11,-0.022891397
MRPL54,ANKRD11,-0.016979657
TMEM160,ANKRD11,-0.056139458
BCL2L1,ANKRD11,-0.031156631
KATNA1,ANKRD11,-0.021652356
MINDY3,ANKRD11,-0.009790186
CORO2A,ANKRD11,-0.024263674
TFPI,ANKRD11,-0.024794482
RHPN2,ANKRD11,-0.0049124868
FN3KRP,ANKRD11,-0.0067225066
GCHFR,ANKRD11,-0.021655554
TACSTD2,ANKRD11,-0.019298024
SPRED3,ANKRD11,-0.0336971
GDPD3,ANKRD11,-0.01591652
SHOC2,ANKRD11,-0.023776254
EMC4,ANKRD11,-0.2941386
C5orf15,ANKRD11,-0.021882476
C17orf49,ANKRD11,-0.039964415
AC012651.1,ANKRD11,-0.019295054
PSG3,ANKRD11,-0.004120793
ATG12,ANKRD11,-0.028100736
EPHB3,ANKRD11,-0.036001574
POLL,ANKRD11,-0.0065166987
C20orf194,ANKRD11,-0.0186941
HCST,ANKRD11,-0.010744004
TPBGL,ANKRD11,-0.010249379
FAM131B,ANKRD11,-0.01897282
DDRGK1,ANKRD11,-0.013161847
EPHB4,ANKRD11,-0.024328839
GCGR,ANKRD11,-0.0153975785
FBXL2,ANKRD11,-0.015057292
ZNF26,ANKRD11,-0.01827645
FAM149A,ANKRD11,-0.029169524
GPR89A,ANKRD11,-0.034342382
FAM120B,ANKRD11,-0.0080762785
LPO,ANKRD11,-0.1124855
CDR2L,ANKRD11,-0.16290697
AKAP5,ANKRD11,-0.054465454
FOXF2,ANKRD11,-0.024951048
SEPHS2,ANKRD11,-0.05322788
LDHAL6A,ANKRD11,-0.044078212
SIK2,ANKRD11,-0.009618706
HABP4,ANKRD11,-0.012919458
ATP6V1B2,ANKRD11,-0.018385652
BCL2L15,ANKRD11,-0.024181863
KLK6,ANKRD11,-0.082354374
CDC5L,ANKRD11,-0.004593612
NWD1,ANKRD11,-0.032356225
DERL1,ANKRD11,-0.044321742
IPMK,ANKRD11,-0.002559321
ORM2,ANKRD11,-0.01181536
KCTD21,ANKRD11,-0.027761707
FKBP11,ANKRD11,-0.016021345
NUDT1,ANKRD11,-0.045666818
SYCP2L,ANKRD11,-0.016518446
PREX1,ANKRD11,-0.014167581
CMAS,ANKRD11,-0.029307416
ZNF18,ANKRD11,-0.00926229
FAIM,ANKRD11,-0.18117072
PIGW,ANKRD11,-0.038971383
BAIAP2,ANKRD11,-0.050213717
CTDSPL2,ANKRD11,-0.01046254
MOK,ANKRD11,-0.03538326
ARHGEF38,ANKRD11,-0.03811248
PRR5L,ANKRD11,-0.07560877
BABAM1,ANKRD11,-0.042088863
ZMYND12,ANKRD11,-0.036375538
TNFAIP3,ANKRD11,-0.037924264
HSPA2,ANKRD11,-0.034438852
AGR2,ANKRD11,-0.024203524
MINPP1,ANKRD11,-0.030054824
HNRNPUL1,ANKRD11,-0.053524684
AF196969.1,ANKRD11,-0.025312023
SIGLEC14,ANKRD11,-0.025491176
APP,ANKRD11,-0.056624062
MIF,ANKRD11,-0.034219254
JUP,ANKRD11,-0.038416553
IDH3G,ANKRD11,-0.0025122103
HOATZ,ANKRD11,-0.03510565
NDUFA7,ANKRD11,-0.03801269
PUS7,ANKRD11,-0.0031439723
PAICS,ANKRD11,-0.010569316
DPP10,ANKRD11,-0.06662996
ADAT2,ANKRD11,-0.022181362
FAM98A,ANKRD11,-0.019675134
SLC25A37,ANKRD11,-0.009942395
SLC15A1,ANKRD11,-0.026472129
SSC4D,ANKRD11,-0.016180795
SERINC1,ANKRD11,-0.15012261
MFSD13A,ANKRD11,-0.07424756
PVALB,ANKRD11,-0.047258932
PRELID3A,ANKRD11,-0.025908481
PPFIA3,ANKRD11,-0.03516469
SNRPN,ANKRD11,-0.02872307
SLC27A6,ANKRD11,-0.00893675
KATNAL1,APC,-0.007089737
HOXB13,APC,-0.003048019
DUSP29,APC,-0.018208334
ZBTB3,APC,-0.0031369883
GABRD,APC,-0.17736006
MAGT1,APC,-0.045576084
FOXQ1,APC,-0.012506068
CYP2C18,APC,-0.0757451
TMEM145,APC,-0.018803135
CEP120,APC,-0.05080234
CIP2A,APC,-0.0035307142
FAM177A1,APC,-0.05820957
HILPDA,APC,-0.08916058
ABHD11,APC,-0.016799988
CXCL8,APC,-0.022362081
OR2T8,APC,-0.053238083
STON2,APC,-0.12314627
LRRIQ3,APC,-0.013792782
RRP7A,APC,-0.0058964216
UBA5,APC,-0.029213324
MAD2L1BP,APC,-0.028380211
UGT1A5,APC,-0.016363107
HAUS7,APC,-0.013832084
TMEM52B,APC,-0.026220242
COMTD1,APC,-0.09229199
CCDC160,APC,-0.028975127
ZNF277,APC,-0.017637316
COCH,APC,-0.02065587
BARX1,APC,-0.03341815
SUCLA2,APC,-0.23898865
SLC25A53,APC,-0.084328376
AGER,APC,-0.019561933
C1GALT1C1,APC,-0.007815993
MAGEA3,APC,-0.04641815
NUAK1,APC,-0.03205121
LRRC4B,APC,-0.047970302
CDK15,APC,-0.057778887
MLYCD,APC,-0.066517316
TMEM255B,APC,-0.012015619
EGR4,APC,-0.027771566
DEPDC7,APC,-0.11887029
CHMP4C,APC,-0.029048214
NCKAP5,APC,-0.040062163
TGM2,APC,-0.023813177
FAM111B,APC,-0.0040506828
CALHM2,APC,-0.025454221
MAPK13,APC,-0.013383508
MYO19,APC,-0.01201463
RGMB,APC,-0.014862283
MAP3K10,APC,-0.01074316
GSTM1,APC,-0.022676332
SIN3B,APC,-0.053058278
DDX4,APC,-0.026402958
TMCO3,APC,-0.01520875
SUCLG2,APC,-0.015650129
PWP2,APC,-0.035206962
GIMAP8,APC,-0.050336048
PCTP,APC,-0.03104342
STRADA,APC,-0.024910681
MAN1C1,APC,-0.011375813
OSBPL7,APC,-0.24291459
TTLL7,APC,-0.009445864
VASH1,APC,-0.034411862
PLAAT2,APC,-0.01343213
ACER1,APC,-0.02445037
CEP83,APC,-0.034974366
RNF19A,APC,-0.17420669
HEY1,APC,-0.042839278
UNC50,APC,-0.02212431
ICOSLG,APC,-0.01917359
SEPTIN4,APC,-0.0545313
C1RL,APC,-0.014547656
MTHFSD,APC,-0.021764612
RGS6,APC,-0.027301164
SEC63,APC,-0.029382767
EFNA1,APC,-0.025144039
CLEC4F,APC,-0.02328256
ITPKC,APC,-0.08365126
GABRB1,APC,-0.01697949
CTU2,APC,-0.03623242
SYNE4,APC,-0.037938837
ZNF165,APC,-0.019014679
ALAS2,APC,-0.021139892
ABCA5,APC,-0.02437353
COPB1,APC,-0.011146665
TEX52,APC,-0.01207197
RHBDF2,APC,-0.032718543
CD69,APC,-0.032383334
LHPP,APC,-0.025899464
ANGPT2,APC,-0.1237461
TMTC1,APC,-0.04901114
EEF1AKMT4,APC,-0.011838621
KRTAP2-3,APC,-0.05312203
BPGM,APC,-0.024758058
BTBD8,APC,-0.030764522
SCARB1,APC,-0.005996291
GALNS,APC,-0.023447288
PKN3,APC,-0.059739042
CD207,APC,-0.036148954
DDIT4,APC,-0.24980232
PPP1R15A,APC,-0.16371793
WDR86,APC,-0.033617362
KCNAB1,APC,-0.072446264
ALPI,APC,-0.016270403
MANF,APC,-0.023942998
POLE4,APC,-0.039849862
BBC3,APC,-0.015861714
CXCL2,APC,-0.23089601
ERBIN,APC,-0.019197874
GFOD2,APC,-0.06835611
CES2,APC,-0.015159513
C7orf26,APC,-0.00028974796
TARBP1,APC,-0.038303293
GATA6,APC,-0.08957107
GLI3,APC,-0.05811654
ANKRD1,APC,-0.04666218
P4HTM,APC,-0.010827098
SPATA25,APC,-0.0057238624
MACROD1,APC,-0.08782165
NEDD9,APC,-0.14083184
GLB1L,APC,-0.011529169
LACTB2,APC,-0.02481818
RAB19,APC,-0.027992569
METTL21A,ARHGAP35,-0.025829673
SLC25A30,ARHGAP35,-0.021416564
POTEJ,ARHGAP35,-0.05208981
SGMS1,ARHGAP35,-0.06026031
WDR25,ARHGAP35,-0.0023147156
RPRD1B,ARHGAP35,-0.06255831
CRYBA1,ARHGAP35,-0.014700078
NCALD,ARHGAP35,-0.060507786
ANTKMT,ARHGAP35,-0.01753296
OR10Q1,ARHGAP35,-0.010178485
TIMM23B,ARHGAP35,-0.004104383
SPRR2F,ARHGAP35,-0.0370205
EMC10,ARHGAP35,-0.010375724
IFITM3,ARHGAP35,-0.024915295
DCPS,ARHGAP35,-0.025104996
TCAF2,ARHGAP35,-0.0029044496
SPATA33,ARHGAP35,-0.03210303
CDCA7L,ARHGAP35,-0.04185972
DNMBP,ARHGAP35,-0.009064181
SERPINA11,ARHGAP35,-0.02474087
CNTD1,ARHGAP35,-0.1582029
MZT2A,ARHGAP35,-0.043581415
PLA2G4F,ARHGAP35,-0.01231375
MCRIP2,ARHGAP35,-0.16813985
VCL,ARHGAP35,-0.01748996
SPTB,ARHGAP35,-0.10221882
SLC25A27,ARHGAP35,-0.019924626
BLMH,ARHGAP35,-0.037270654
IGFN1,ARHGAP35,-0.021113222
IBSP,ARHGAP35,-0.019754061
TNFRSF10C,ARHGAP35,-0.028556533
ATP5MF,ARHGAP35,-0.08261043
AC091167.6,ARHGAP35,-0.006691161
CDKN1C,ARHGAP35,-0.01244664
ZNF736,ARHGAP35,-0.021061826
NR1I3,ARHGAP35,-0.040130276
NTN5,ARHGAP35,-0.080480866
SRD5A2,ARHGAP35,-0.06498532
TBC1D22A,ARHGAP35,-0.01017585
DEGS1,ARHGAP35,-0.024153784
TCIM,ARHGAP35,-0.06317454
FA2H,ARHGAP35,-0.024822323
LDHC,ARHGAP35,-0.027405892
PABPC4L,ARHGAP35,-0.077329464
OR9A4,ARHGAP35,-0.29232255
PLPP2,ARHGAP35,-0.023318086
CCDC73,ARHGAP35,-0.08688233
GJB6,ARHGAP35,-0.054944396
NPIPB2,ARHGAP35,-0.020400079
ENOX1,ARHGAP35,-0.0030892203
CFAP53,ARHGAP35,-0.016718945
MYL6,ARHGAP35,-0.012846848
PLEKHA3,ARHGAP35,-0.032297634
OCIAD1,ARHGAP35,-0.013950115
METRNL,ARHGAP35,-0.07181579
DNAI4,ARHGAP35,-0.020328885
COX7B2,ARHGAP35,-0.018091934
RPL27A,ARHGAP35,-0.039496887
ZNF573,ARHGAP35,-0.032462012
DNASE1L3,ARHGAP35,-0.027069125
RPLP2,ARHGAP35,-0.01131585
NEK2,ARHGAP35,-0.06917679
MEGF10,ARHGAP35,-0.038837448
NME4,ARHGAP35,-0.012633054
MROH2A,ARHGAP35,-0.0058223885
PLEKHA4,ARHGAP35,-0.18030569
HEY2,ARHGAP35,-0.029553816
TRIM21,ARHGAP35,-0.012873529
TNS3,ARHGAP35,-0.016496839
CORT,ARHGAP35,-0.023498572
OR5A1,ARHGAP35,-0.090957254
LYRM9,ARHGAP35,-0.014269706
LHPP,ARHGAP35,-0.018200634
TNFRSF14,ARHGAP35,-0.012204914
AC009690.1,ARHGAP35,-0.018739743
KAZN,ARHGAP35,-0.12730254
AL441992.2,ARHGAP35,-0.06486105
NRCAM,ARHGAP35,-0.015613422
FIP1L1,ARHGAP35,-0.11037301
CCDC173,ARHGAP35,-0.12968016
TBX15,ARHGAP35,-0.009606124
RB1CC1,ARHGAP35,-0.015734335
HIC2,ARHGAP35,-0.0057051503
TTC23,ARHGAP35,-0.017571101
KCNH5,ARHGAP35,-0.053597465
SESN1,ARHGAP35,-0.029530628
NAA11,ARHGAP35,-0.033319846
SLC15A3,ARHGAP35,-0.02563528
MRPL17,ARHGAP35,-0.016094107
ACOX3,ARHGAP35,-0.021796992
MMP27,ARHGAP35,-0.0056338673
NFKB2,ARHGAP35,-0.015322315
IL1RN,ARHGAP35,-0.025802653
ATP6V0D1,ARHGAP35,-0.005192404
ITGB3BP,ARHGAP35,-0.11364262
DALRD3,ARHGAP35,-0.011458759
PCDHA5,ARHGAP35,-0.0036214269
PTPRS,ARHGAP35,-0.025599264
CXCR1,ARHGAP35,-0.02993648
SPDYE21,ARHGAP35,-0.029120615
TRIM31,ARHGAP35,-0.031606704
EPS8L3,ARHGAP35,-0.04284651
PRR15,ARHGAP35,-0.013188705
VPS53,ARHGAP35,-0.030641636
YJEFN3,ARHGAP35,-0.036383323
CEP83,ARHGAP35,-0.03121591
SGPL1,ARHGAP35,-0.018127277
DCAF8L2,ARHGAP35,-0.020684216
PALLD,ARHGAP35,-0.019600386
GALNT3,ARHGAP35,-0.022942537
COX7A1,ARHGAP35,-0.0050495425
TAF4B,ARHGAP35,-0.019087305
HORMAD1,ARHGAP35,-0.020716902
ST7,ARHGAP35,-0.008257407
WBP1L,ARHGAP35,-0.017520126
SNRPD1,ARHGAP35,-0.032138642
ADCY1,ARHGAP35,-0.049907904
RPA3,ARHGAP35,-0.024613455
TEFM,ARHGAP35,-0.023684217
LAS1L,ARHGAP35,-0.041012138
USP4,ARHGAP35,-0.026121536
CLCA4,ARHGAP35,-0.015091583
CRTAP,ARHGAP35,-0.011789816
CROCC,ARHGAP35,-0.021631707
RXFP1,ARHGAP35,-0.008439076
PSG4,ARHGAP35,-0.02563127
LAYN,ARHGAP35,-0.023517877
PROS1,ARHGAP35,-0.08999637
IMPA1,ARHGAP35,-0.06534585
ZNF362,ARHGAP35,-0.050526142
SCN4B,ARHGAP35,-0.06372456
SOX21,ARHGAP35,-0.03017447
ANKRD49,ARHGAP35,-0.008087404
SLC38A5,ARHGAP35,-0.09611628
C20orf144,ARHGAP35,-0.035967264
CFAP61,ARHGAP35,-0.02960948
PLAAT3,ARHGAP35,-0.010624726
LYPD5,ARHGAP35,-0.022201346
CD244,ARHGAP35,-0.0064743776
ECHDC3,ARHGAP35,-0.026669523
TSPAN15,ARHGAP35,-0.017378336
GLIPR1L2,ARHGAP35,-0.013084163
STPG1,ARHGAP35,-0.0063977735
HTR1F,ARHGAP35,-0.01583841
CCL24,ARHGAP35,-0.034350544
CHRNA2,ARHGAP35,-0.021737972
OR10W1,ARID1B,-0.006513004
H2AB3,ARID1B,-0.014163907
SNX7,ARID1B,-0.12207613
FAM183A,ARID1B,-0.009702604
LMAN2L,ARID1B,-0.011080094
KCNIP3,ARID1B,-0.0660861
APOBEC3B,ARID1B,-0.036733564
ERP29,ARID1B,-0.007191666
TUB,ARID1B,-0.0037419822
CA13,ARID1B,-0.02315561
C1QTNF6,ARID1B,-0.045447044
EN2,ARID1B,-0.006668091
TRABD2A,ARID1B,-0.037257787
POPDC3,ARID1B,-0.022824366
TSPOAP1,ARID1B,-0.03410539
RPS14,ARID1B,-0.044965956
MDFI,ARID1B,-0.1419373
ADAT2,ARID1B,-0.029101117
SFXN5,ARID1B,-0.011050846
SYK,ARID1B,-0.074685164
PYGM,ARID1B,-0.11690289
CTAGE8,ARID1B,-0.008991755
STK36,ARID1B,-0.001102376
SLC7A6,ARID1B,-0.061056286
RIMS1,ARID1B,-0.02442662
NLRP10,ARID1B,-0.028599873
C7orf25,ARID1B,-0.045330647
ADORA3,ARID1B,-0.042342037
PIR,ARID1B,-0.026996193
SENP3,ARID1B,-0.053844556
CRYZ,ARID1B,-0.02632141
RSPO1,ARID1B,-0.03314013
SLC2A9,ARID1B,-0.19032554
OPN1MW,ARID1B,-0.01779588
CPAMD8,ARID1B,-0.04255219
BAX,ARID1B,-0.013096324
RAB3D,ARID1B,-0.029692149
TBC1D1,ARID1B,-0.009004854
NBL1,ARID1B,-0.016752781
SOX15,ARID1B,-0.035003327
MKRN2OS,ARID1B,-0.012600992
CXCL3,ARID1B,-0.036523454
UNC119B,ARID1B,-0.05174438
PLD3,ARID1B,-0.014916128
CD200,ARID1B,-0.025116459
PRTFDC1,ARID1B,-0.024073986
ARRDC4,ARID1B,-0.06500316
RASA4B,ARID1B,-0.03144173
NT5DC1,ARID1B,-0.033168014
PCSK1N,ARID1B,-0.0145093
ADM,ARID1B,-0.028738681
B3GAT2,ARID1B,-0.034020156
E2F5,ARID1B,-0.031258754
COX14,ARID1B,-0.015822204
PRKD1,ARID1B,-0.01729382
RTL6,ARID1B,-0.05876603
LRRFIP2,ARID1B,-0.10593025
CCL8,ARID1B,-0.21715003
REN,ARID1B,-0.12241648
SPINK7,ARID1B,-0.046575338
MS4A7,ARID1B,-0.028530737
HDGFL3,ARID1B,-0.045808073
TRMT9B,ARID1B,-0.05923166
CFAP20,ARID1B,-0.04305146
DRAM1,ARID1B,-0.012444476
SYT6,ARID1B,-0.015759403
CEP89,ARID1B,-0.047130093
UBL7,ARID1B,-0.040590383
DEDD,ARID1B,-0.030219775
ERICH3,ARID1B,-0.026390228
BCL2L2,ARID1B,-0.032076653
PDP2,ARID1B,-0.0003458372
NUDT16L1,ARID1B,-0.058151226
GASK1A,ARID1B,-0.20662743
BOP1,ARID1B,-0.04322159
ADD2,ARID1B,-0.13210131
SLCO4A1,ARID1B,-0.086676285
OPA3,ARID1B,-0.0031372092
PTPN12,ARID1B,-0.018239703
CDNF,ARID1B,-0.055654924
H6PD,ARID1B,-0.012224172
RHNO1,ARID1B,-0.01454445
PARD6B,ARID1B,-0.023375768
ADGRA3,ARID1B,-0.01802674
RBP7,ARID1B,-0.017483354
KYAT3,ARID1B,-0.042382304
SREBF1,ARID1B,-0.016352436
PIK3AP1,ARID1B,-0.024509951
TYMP,ARID1B,-0.033625416
CFB,ARID1B,-0.025224302
KLB,ARID1B,-0.012890077
TMEM139,ARID1B,-0.03752929
ALG5,ARID1B,-0.007896857
KLHDC8B,ARID1B,-0.106034815
ELF3,ARID1B,-0.013639423
EOLA2,ARID1B,-0.02332615
SPATA33,ARID1B,-0.018241776
PARP14,ARID1B,-0.015340754
EBF1,ARID1B,-0.03188256
SH3YL1,ARID1B,-0.011725954
FBXL14,ARID1B,-0.00031560793
MT1M,ARID1B,-0.03383152
OSTC,ARID1B,-0.008205678
RPS13,ARID1B,-0.025603108
ALPP,ARID1B,-0.028005514
NXN,ARID1B,-0.038767036
ANO3,ARID1B,-0.0251856
UGT1A7,ARID1B,-0.022446476
GALNT1,ARID1B,-0.02531374
KLHL13,ARID1B,-0.05125424
SMIM10L1,ARID1B,-0.0017332656
PLIN4,ARID1B,-0.020044075
GPR150,ARID1B,-0.025658686
RNF144B,ARID1B,-0.033579644
PRKAR1B,ARID1B,-0.042848
DDHD2,ARID1B,-0.025149774
BVES,ARID1B,-0.06549839
SLC35D1,ARID1B,-0.34330198
BAIAP3,ARID1B,-0.0333094
GPR37L1,ARID1B,-0.015692877
ELOVL4,ARID1B,-0.018012341
MYO7B,ARID1B,-0.038235214
ZNF804A,ARID1B,-0.0056043253
PLAAT3,ARID1B,-0.049321126
CCR1,ARID1B,-0.059368804
TTC9,ARID1B,-0.009965468
HDAC4,ARID1B,-0.3061683
MRI1,ARID2,-0.005442668
RO60,ARID2,-0.0042316145
IFT140,ARID2,-0.008169874
ARMH2,ARID2,-0.011317391
CNTN5,ARID2,-0.013666593
TSACC,ARID2,-0.039628953
SPATA45,ARID2,-0.0032879498
CHST7,ARID2,-0.015182335
UQCRH,ARID2,-0.020467302
ERI1,ARID2,-0.02512442
NAT1,ARID2,-0.0353535
SOCS2,ARID2,-0.008429748
C21orf58,ARID2,-0.016655186
SMC1B,ARID2,-0.06342702
SGCA,ARID2,-0.047717005
EMP1,ARID2,-0.009432647
TMCO4,ARID2,-0.013090271
SLC9A1,ARID2,-0.03355444
ARC,ARID2,-0.013141588
ZAR1,ARID2,-0.0078003006
MTRNR2L8,ARID2,-0.008454726
GATA3,ARID2,-0.055685285
LTB4R,ARID2,-0.0025969404
CALHM6,ARID2,-0.0025637506
CCAR2,ARID2,-0.033315927
CD96,ARID2,-0.03883947
NECTIN2,ARID2,-0.027820166
B3GNT7,ARID2,-0.013225331
C1orf174,ARID2,-0.008422002
KIF5C,ARID2,-0.04211203
POU5F1B,ARID2,-0.061067007
GINS3,ARID2,-0.018128876
BLOC1S3,ARID2,-0.0075529325
LRRC10B,ARID2,-0.057721823
CSNK1E,ARID2,-0.01020747
CLDN14,ARID2,-0.022124214
GP5,ARID2,-0.0133070145
TTI2,ARID2,-0.02871864
PXYLP1,ARID2,-0.040575426
ZNF534,ARID2,-0.026818115
PLAAT5,ARID2,-0.024806822
MAP3K4,ARID2,-0.025156254
ERLIN2,ARID2,-0.12159839
RANGRF,ARID2,-0.010316089
BIN3,ARID2,-0.10819021
IFT57,ARID2,-0.023642935
ZNF667,ARID2,-0.027348975
SDC4,ARID2,-0.015807116
INSL4,ARID2,-0.01580551
CCNL2,ARID2,-0.05823507
TMEM101,ARID2,-0.017929776
CCDC136,ARID2,-0.012967352
ADGRL1,ARID2,-0.012637578
C1S,ARID2,-0.021257438
SLC1A1,ARID2,-0.015490746
RIMBP3,ARID2,-0.03292194
GSTT2B,ARID2,-0.013622361
FCMR,ARID2,-0.014543853
AL358113.1,ARID2,-0.020230716
CEP89,ARID2,-0.026799617
SLC7A9,ARID2,-0.010745542
GNL3L,ARID2,-0.0035881773
POU6F2,ARID2,-0.024144726
PNPLA1,ARID2,-0.016006842
CKMT2,ARID2,-0.019554501
NDEL1,ARID2,-0.007427439
ACOT13,ARID2,-0.019100253
LIN37,ARID2,-0.0323854
HSPBAP1,ARID2,-0.094475836
PARP6,ARID2,-0.011253752
KCNJ11,ARID2,-0.014425493
BARX1,ARID2,-0.010199705
TRIM36,ARID2,-0.019726172
CYB5R4,ARID2,-0.030928174
XKR5,ARID2,-0.0029720527
TRIM69,ARID2,-0.031208416
CADM2,ARID2,-0.03576546
NAA35,ARID2,-0.0044916007
PIK3R3,ARID2,-0.021622015
PGF,ARID2,-0.01414031
NHSL1,ARID2,-0.055259205
IL18BP,ARID2,-0.013764054
RBM4,ARID2,-0.027118735
CHD7,ARID2,-0.012860431
PCBD1,ARID2,-0.037579894
GPR37L1,ARID2,-0.01930561
ZSCAN5A,ARID2,-0.013380784
TNFRSF10D,ARID2,-0.047783528
SNTN,ARID2,-0.00662769
THEM4,ARID2,-0.023546685
BRSK1,ARID2,-0.022236507
FAM78B,ARID2,-0.018388586
HDAC8,ARID2,-0.031271275
FBXO32,ARID2,-0.029597001
RASGRF2,ARID2,-0.059179
AMIGO2,ARID2,-0.02508245
AREG,ARID2,-0.05630165
AMBRA1,ARID2,-0.014608816
METRNL,ARID2,-0.010903916
LRRC71,ARID2,-0.0006157531
CHP1,ARID2,-0.01381008
PLPP2,ARID2,-0.016870141
IRX5,ARID2,-0.026910294
RNASE3,ARID2,-0.03085201
MAPK8IP2,ARID2,-0.024654958
IAH1,ARID2,-0.019669553
NFKBID,ARID2,-0.02371311
AC093323.1,ARID2,-0.010283356
ESPNL,ARID2,-0.02399246
TOR3A,ARID2,-0.023466663
ACBD7,ARID2,-0.01904023
MYO18B,ARID2,-0.067137636
CNOT7,ARID2,-0.012638417
GOLGA7,ARID2,-0.01322697
RAD9A,ARID2,-0.045121998
AC013477.1,ARID2,-0.009491548
FRMPD4,ARID2,-0.036457106
HNRNPA0,ARID2,-0.018511219
RPS3A,ARID2,-0.014310674
HESX1,ARID2,-0.0071666953
GABRQ,ARID2,-0.042474665
SPTSSB,ARID2,-0.01814878
MRPL22,ARID2,-0.01491279
EN1,ARID2,-0.031566855
VTN,ARID2,-0.045892045
ADGRG2,ARID2,-0.006360412
KCNC3,ARID2,-0.027223773
GPR143,ARID2,-0.029588636
SLC13A5,ARID2,-0.007576494
ZNF334,ARID2,-0.0036973436
THUMPD2,ARID2,-0.013995964
MYH11,ARID2,-0.016697962
BMP3,ARID2,-0.030391365
APOH,ARID2,-0.021225777
RHOU,ARID2,-0.04546287
ANKRD42,ARID2,-0.06663782
AC004076.1,ARID2,-0.0109136095
SPINK7,ARID2,-0.057252597
PLCXD3,ARID2,-0.014772179
ETHE1,ARID2,-0.05640807
TMEM191B,ARID2,-0.035975616
SMIM10,ARID2,-0.021848036
MME,ARID2,-0.018340487
ZNF672,ARID2,-0.039236512
CASP14,ARID2,-0.016123353
SUCLG2,ARID2,-0.13581704
SERF1B,ARID2,-0.012343258
SCGB3A2,ARID2,-0.0044780863
SLC22A17,ARID2,-0.015683036
TRPM8,ARID2,-0.055519976
ZNF300,ARID2,-0.009235562
AFF2,ARID2,-0.05734698
ASB5,ARID2,-0.07858626
ZNF438,ARID2,-0.10721309
CLEC3B,ARID2,-0.029822791
AC005324.2,ARID2,-0.029422106
HLA-DPB1,ARID2,-0.0024829127
SDHA,ARID2,-0.014223288
RPL36,ARID2,-0.023315482
MAGEA9B,ARID2,-0.016158205
DGKQ,ARID2,-0.012809122
RTL8C,ARID2,-0.012823788
FOXF1,ARID2,-0.020968257
TRHR,ARID2,-0.02463771
TMEM129,ARID2,-0.014417432
SLC16A4,ARID2,-0.030198894
ADAMTS5,ARID2,-0.03360326
TH,ARID2,-0.033829816
SEPTIN2,ARID2,-0.015547723
RABGAP1L,ARID2,-0.041345052
TNIP2,ARID2,-0.017576477
DDX28,ARID2,-0.017823309
KCND3,ARID2,-0.022062695
ASL,ARID2,-0.16848151
AC068580.4,ARID2,-0.0145553155
SLC6A14,ARID2,-0.0112851905
FABP5,ARID2,-0.0006433808
KNCN,ARID2,-0.02591993
RPL35A,ARID2,-0.026898336
IFI44L,ARID2,-0.00438386
THYN1,ARID2,-0.014405381
MRGBP,ARID2,-0.009744668
LAP3,ARID2,-0.013283972
GCGR,ARID2,-0.048614625
PAK3,ARID2,-0.037151176
LMNTD1,ARID2,-0.051237162
DZIP1L,ARID2,-0.013393986
COL13A1,ARID2,-0.011520828
SLC6A12,ARID2,-0.03242018
CHRM2,ARID2,-0.011071805
CYP4A22,ARID2,-0.0084981555
CBLN1,ARID2,-0.026027165
TMEM117,ARID2,-0.017680006
TRAPPC2B,ARID2,-0.038522735
SENP7,ARID2,-0.013012829
CASD1,ASXL2,-0.0050734696
KLHL4,ASXL2,-0.01568224
BRI3,ASXL2,-0.000115267394
FAM78B,ASXL2,-0.013916034
ATP8A1,ASXL2,-0.013909146
SYP,ASXL2,-0.019210204
RETN,ASXL2,-0.007970399
TMC3,ASXL2,-0.0043322584
HEXA,ASXL2,-0.017298095
GNS,ASXL2,-0.01076922
WIPF3,ASXL2,-0.015669163
MAZ,ASXL2,-6.551954e-05
PPT2,ASXL2,-0.0310581
FEZ1,ASXL2,-0.0787777
ACADS,ASXL2,-0.010962709
DPH6,ASXL2,-0.0026598105
MYEOV,ASXL2,-0.0189766
SCEL,ASXL2,-0.06013458
ZNF703,ASXL2,-0.012792604
ULK1,ASXL2,-0.031962793
ZNF581,ASXL2,-0.036671575
OR10W1,ASXL2,-0.015392885
CSRP3,ASXL2,-0.016622983
CDK17,ASXL2,-0.047592115
ACTR6,ASXL2,-0.013713944
NCALD,ASXL2,-0.030124364
ATP2C2,ASXL2,-0.024787173
ARL10,ASXL2,0.00025275233
GPR146,ASXL2,-0.0147566395
ZNF382,ASXL2,-0.009942314
BRS3,ASXL2,-0.028984673
BMF,ASXL2,-0.043767
TRPM2,ASXL2,-0.014581232
RSRC1,ASXL2,-0.005199968
EIF4E2,ASXL2,-0.020991014
PLPBP,ASXL2,-0.013281852
GPR89B,ASXL2,-0.006491015
TMEM179,ASXL2,-0.058381308
GPX3,ASXL2,-0.044121373
BMERB1,ASXL2,-0.029510401
PSORS1C2,ASXL2,-0.017788071
MED15,ASXL2,-0.07806179
CNGB3,ASXL2,-0.02541605
WDR64,ASXL2,-0.024695566
EFHD2,ASXL2,-0.014687228
MYOM2,ASXL2,-0.10034496
SLC26A4,ASXL2,-0.010460887
EPX,ASXL2,-0.03540439
COL9A3,ASXL2,-0.019816427
IFT27,ASXL2,-0.018022697
RBP7,ASXL2,-0.011841366
NR1H3,ASXL2,-0.046058863
SDR39U1,ASXL2,-0.03192768
ELMO2,ASXL2,-0.011160061
URM1,ASXL2,-0.028948236
ABHD1,ASXL2,-0.047112092
FAM166C,ASXL2,-0.04311507
ESD,ASXL2,-0.018406436
NHLRC4,ASXL2,-0.00012983973
GPRC6A,ASXL2,-0.036978494
TBC1D3I,ASXL2,-0.019869555
LAMA3,ASXL2,-0.052063275
VWA5B2,ASXL2,-0.04581238
RANGAP1,ASXL2,-0.01814682
AADACL3,ASXL2,-0.050488412
SPRED3,ASXL2,-0.017300097
SLC41A2,ASXL2,-0.015866498
BAP1,ASXL2,-0.04820264
INAFM2,ASXL2,-0.016362984
COMT,ASXL2,-0.15300807
FNDC8,ASXL2,-0.0135864215
KLHL29,ASXL2,-0.08139226
PRKCQ,ASXL2,-0.015630623
C14orf39,ASXL2,-0.025836006
ZNF18,ASXL2,-0.0026256698
TMED6,ASXL2,-0.02685728
GOLGA1,ASXL2,-0.0039057175
ADAMTS17,ASXL2,-0.009754717
KCNJ8,ASXL2,-0.03624517
POU5F1B,ASXL2,-0.013316494
MATN3,ASXL2,-0.0214833
MIP,ASXL2,-0.012494632
RPS3,ASXL2,-0.010490849
PAQR5,ASXL2,-0.1624079
TMEM40,ASXL2,-0.022670193
CA8,ASXL2,-0.03668343
KRTCAP3,ASXL2,-0.006411662
ZNF716,ASXL2,-0.011571076
PRDX2,ASXL2,-0.025136476
KIAA0895L,ASXL2,-0.017784402
JPH4,ASXL2,-0.015330021
NBPF3,ASXL2,-0.025473755
ZNF841,ASXL2,-0.023335552
AP2B1,ASXL2,-0.04118088
TNIK,ASXL2,-0.032320306
CDHR3,ASXL2,-0.045075808
HCN4,ASXL2,-0.022011604
CSK,ASXL2,-0.030166754
NARS2,ASXL2,-0.013840995
ADGRF4,ASXL2,-0.016690644
AGBL2,ASXL2,-0.02008444
RSPO4,ASXL2,-0.009634663
TRPV4,ASXL2,-0.14443491
PRSS27,ASXL2,-0.037351545
ACAD10,ASXL2,-0.08638979
WWC2,ASXL2,-0.00369879
RPS13,ASXL2,-0.026410492
NRG2,ASXL2,-0.012165181
ISLR2,ASXL2,-0.023958908
IL7R,ASXL2,-0.01302208
AC022415.2,ASXL2,-0.034918692
LGALS12,ASXL2,-0.027801162
NCKAP5,ASXL2,-0.002806658
SYNE1,ASXL2,-0.003812663
CFAP70,ASXL2,-0.0048667532
KPTN,ASXL2,-0.07863923
SOD1,ASXL2,-0.0029788965
CD99,ASXL2,-0.006403014
LRCH3,ASXL2,-0.025685372
CCDC3,ASXL2,-0.053782083
SLCO2A1,ASXL2,-0.008736168
TOMM40L,ASXL2,-0.0075238775
CNR2,ASXL2,-0.015917504
PTTG1IP,ASXL2,-0.017233925
SMIM4,ASXL2,-0.04012945
PALM3,ASXL2,-0.012494507
RNF10,ASXL2,-0.012975555
OSBPL3,ASXL2,-0.0053572548
CPNE2,ASXL2,-0.021362018
EFEMP1,ASXL2,-0.013479666
ZMAT2,ASXL2,-0.004584197
PTK6,ASXL2,-0.034372393
OAS3,ASXL2,-0.06459393
GRIK2,ASXL2,-0.039710008
KLHL2,ASXL2,-0.0024854676
KIF17,ASXL2,-0.030381806
BOLA1,ASXL2,-0.03052939
BNIP3,ASXL2,-0.024809869
CBY2,ASXL2,-0.009510418
CD300LB,ASXL2,-0.013326677
SNAPC5,ASXL2,-0.02451956
SNU13,ASXL2,-0.016167747
PYY,ASXL2,-0.013214682
ZNF561,ASXL2,-0.0016406585
MRPL2,ASXL2,-0.0074315774
PLCXD1,ASXL2,-0.014648767
SRGAP1,ASXL2,-0.005539166
LARP6,ASXL2,-0.028545476
CBWD6,ASXL2,-0.0008436512
TTYH2,ASXL2,-0.051301025
OGDHL,ASXL2,-0.015417576
ZNF835,ASXL2,-0.013867465
NKX1-2,ASXL2,-0.011084938
FIS1,ASXL2,-0.020696534
PPM1E,ASXL2,-0.022141876
NPIPB5,ASXL2,-0.018263523
DOC2A,ASXL2,-0.031711888
C19orf57,ASXL2,-0.011224093
PLIN1,ASXL2,-0.04804217
SYNGR1,ASXL2,-0.042987548
RPL17,ASXL2,-0.006598887
PABPC4L,ASXL2,-0.03615241
TLE1,ASXL2,-0.035551455
ARMC12,ASXL2,-0.013519957
ANO7,ASXL2,-0.04203345
IL1R2,ASXL2,-0.017403716
ZDHHC2,ASXL2,-0.012882496
CA5B,ASXL2,-0.0169842
RPL27A,ASXL2,-0.043093428
SH3BP4,ASXL2,2.8832103e-05
RGPD2,ASXL2,-0.011994509
HLA-DQB2,ASXL2,-0.0058918437
HSD17B12,ASXL2,-0.016804105
CYP4F22,ASXL2,-0.06601434
C3orf84,ASXL2,-0.020270195
DNM1,ASXL2,-0.017998436
ZNF516,ASXL2,-0.12527911
ENKUR,ASXL2,-0.045155514
CAMKK2,ASXL2,-0.00086198153
KREMEN1,ASXL2,-0.018257922
NLRP7,ASXL2,-0.02649951
IGBP1,ASXL2,-0.11010414
S100A8,ASXL2,-0.014855971
FIBCD1,ASXL2,-3.884321e-05
GPR158,ASXL2,-0.010846525
MATN2,ASXL2,-0.041982614
RPS6KA1,ASXL2,-0.024529407
WDR37,ASXL2,-0.007912054
LEP,ASXL2,-0.0033798264
CYP4F8,ASXL2,-0.022978319
TMEM132B,ASXL2,-0.010118724
LLCFC1,ASXL2,-0.020707946
AL365205.1,ASXL2,-0.030695729
ENO1,C2orf16,-0.011442682
FARP1,C2orf16,-0.0024246927
SIAH2,C2orf16,-0.014229658
RPS6,C2orf16,-0.11121074
TIPARP,C2orf16,-0.020277495
ZKSCAN5,C2orf16,-0.03056046
CLU,C2orf16,-0.04711984
TIMP3,C2orf16,-0.035501376
DEPP1,C2orf16,-0.03614374
C3orf52,C2orf16,-0.03301598
ZGRF1,C2orf16,-0.018133456
POLR3E,C2orf16,-0.007491846
ACOT2,C2orf16,-0.075174496
PLK5,C2orf16,-0.020437824
SMN2,C2orf16,-0.2083673
SIX3,C2orf16,-0.028811742
TIAL1,C2orf16,-0.014402152
SIX4,C2orf16,-0.0297046
TYSND1,C2orf16,-0.008584634
ZDHHC21,C2orf16,-0.055644717
EDN2,C2orf16,-0.17586625
NTMT1,C2orf16,-0.006839229
CEMIP,C2orf16,-0.030039154
TDRD9,C2orf16,-0.03346105
CFAP69,C2orf16,-0.015757266
MLF1,C2orf16,-0.029510496
RIDA,C2orf16,-0.032171044
C2CD6,C2orf16,-0.07554562
C9orf72,C2orf16,-0.06581478
CLEC2A,C2orf16,-0.025989754
IRF3,C2orf16,-0.0023714877
AC109583.1,C2orf16,-0.014662993
ARMH4,C2orf16,-0.028548595
PFDN6,C2orf16,-0.005934973
DIPK1C,C2orf16,-0.013383434
HK2,C2orf16,-0.02766041
CA11,C2orf16,-0.07386762
PRPS2,C2orf16,-0.11378068
NAB2,C2orf16,-0.0013651112
ZNF714,C2orf16,-0.111709125
TJP2,C2orf16,-0.009018751
TRMT11,C2orf16,-0.033879343
NLGN2,C2orf16,-0.039338153
RAB39B,C2orf16,-0.023584899
CD274,C2orf16,0.0003393114
DHDH,C2orf16,-0.015279903
LAMTOR2,C2orf16,-0.02694281
GGH,C2orf16,-0.014211164
ALG1L,C2orf16,-0.05945505
KRT222,C2orf16,-0.036274306
CYBC1,C2orf16,-0.2544122
F8A1,C2orf16,-0.019794827
PCDHB15,C2orf16,-0.13115098
TPRG1,C2orf16,-0.022614362
NUCB2,C2orf16,-0.03819336
C5orf58,C2orf16,-0.021281796
NSDHL,C2orf16,-0.04878499
KIR3DL1,C2orf16,-0.045733638
RNASEH2A,C2orf16,-0.025527725
GHRH,C2orf16,-0.04063798
GPHA2,C2orf16,-0.016281582
HHIPL2,C2orf16,-0.29310307
ANKRD36C,C2orf16,-0.09024671
NIT2,C2orf16,-0.14524943
TECR,C2orf16,-0.019310936
SLC66A3,C2orf16,-0.0709269
PSMG1,C2orf16,-0.03821097
AARD,C2orf16,-0.011294296
TMEM269,C2orf16,-0.037796564
CLDN2,C2orf16,-0.035936378
RASGRF1,C2orf16,-0.032012418
PRODH,C2orf16,-0.030391261
PYCR2,C2orf16,-0.16808037
COX7B2,C2orf16,-0.022757137
CACYBP,C2orf16,-0.0072777616
GADD45B,C2orf16,-0.040543206
AC010980.1,C2orf16,-0.028693115
KRT1,C2orf16,-0.02086845
DNAH10,C2orf16,-0.014221697
ST6GALNAC5,C2orf16,-0.025508238
SLC3A2,C2orf16,-0.008498921
ANO3,C2orf16,-0.024135232
P2RX6,C2orf16,-0.0098788785
EPS8L2,C2orf16,-0.023051234
MTERF1,C2orf16,-0.00086466013
LMO2,C2orf16,-0.01679665
SYTL4,C2orf16,-0.01832018
TSPAN10,C2orf16,-0.12891303
FAM81B,C2orf16,-0.042913396
TOMM22,C2orf16,-0.044681896
C1orf35,C2orf16,-0.024351122
SCNN1D,C2orf16,-0.08186716
SQLE,C2orf16,-0.028739713
FIBCD1,C2orf16,-0.014533193
DUSP2,C2orf16,-0.012332195
ARHGAP30,C2orf16,-0.026161341
DCAF4L2,C2orf16,-0.15213321
SPRY3,C2orf16,-0.050578758
MATK,C2orf16,-0.03714669
METTL1,C2orf16,-0.012395167
ITM2A,C2orf16,-0.02381347
ADTRP,C2orf16,-0.024812832
TTC5,C2orf16,-0.062919766
PRB3,C2orf16,-0.060534842
CH25H,C2orf16,-0.019943614
LIN37,C2orf16,-0.12991035
PPME1,C2orf16,-0.03625215
ANGPT1,C2orf16,-0.011881449
IDO2,C2orf16,-0.018321466
TWNK,C2orf16,-0.11066395
PLA2G4B,C2orf16,-0.08777622
FBXL15,C2orf16,-0.005207943
PCDHA4,C2orf16,-0.05243829
SPATA19,C2orf16,-0.053298682
SPDYC,C2orf16,-0.047361247
VMAC,C2orf16,-0.02404344
CFAP20DC,C2orf16,-0.029026847
RRAGA,C2orf16,0.00018393912
PPP2R1B,C2orf16,-0.053606085
AHDC1,C2orf16,-0.021181073
FAM162A,CDKN1A,-0.00497292
NXF5,CDKN1A,-0.009114041
ZG16,CDKN1A,-0.005725533
MMP1,CDKN1A,-0.0050410973
STARD3,CDKN1A,-0.007752569
F5,CDKN1A,-0.0033775812
SRGAP3,CDKN1A,-0.0028919121
FHAD1,CDKN1A,-0.049409475
PYGO1,CDKN1A,-0.014036552
TMEM101,CDKN1A,-0.006004347
WDFY3,CDKN1A,-0.0012708127
TPCN1,CDKN1A,-0.017428804
PPP1R1B,CDKN1A,-0.013750825
TNIP2,CDKN1A,-0.005115739
KRT79,CDKN1A,-0.019301876
TLX1,CDKN1A,-0.04303524
CACHD1,CDKN1A,-0.032613587
CD300LG,CDKN1A,-0.029631522
SLC22A23,CDKN1A,-0.011765597
FP565260.6,CDKN1A,-0.021254636
HMGN3,CDKN1A,-0.012548945
SH2D2A,CDKN1A,-0.008044549
ATG9B,CDKN1A,-0.014838866
PRSS2,CDKN1A,-0.019935306
RPL8,CDKN1A,-0.06335739
SUSD2,CDKN1A,-0.011968395
FPGT-TNNI3K,CDKN1A,-0.009675008
COL22A1,CDKN1A,-0.11603531
TAS2R10,CDKN1A,-0.0061828555
SLC46A2,CDKN1A,-0.007057942
MLPH,CDKN1A,-0.01371229
IGF2R,CDKN1A,-0.028041977
S100A10,CDKN1A,-0.02008176
KRT4,CDKN1A,-0.013042617
SNX7,CDKN1A,-0.017645296
SLCO2A1,CDKN1A,-0.008514458
ZFP37,CDKN1A,-0.107384205
FBXO8,CDKN1A,-0.11424988
SVOPL,CDKN1A,-0.020114003
FCGBP,CDKN1A,-0.005606632
CEP250,CDKN1A,-0.02653516
TCP10L,CDKN1A,-0.019030254
CCDC102A,CDKN1A,-0.06497178
TMEM79,CDKN1A,-0.014246488
BMP7,CDKN1A,-0.09051721
VWA3A,CDKN1A,-0.0573482
STPG4,CDKN1A,-0.011636657
URI1,CDKN1A,-0.033571467
FAM83E,CDKN1A,-0.020147849
BEGAIN,CDKN1A,-0.006360648
ITLN2,CDKN1A,-0.006366072
ATG2B,CDKN1A,-0.03142579
CNTFR,CDKN1A,-0.047141578
METTL17,CDKN1A,-0.0169568
RAB17,CDKN1A,-0.01135362
PCNX2,CDKN1A,-0.013941504
RALGDS,CDKN1A,-0.005563378
FRAT2,CDKN1A,-0.007267191
TP53BP2,CDKN1A,-0.04015632
RHOC,CDKN1A,-0.04799154
PMVK,CDKN1A,-0.007236402
VEGFB,CDKN1A,-0.017090643
CAMK2B,CDKN1A,-0.016912205
ASPDH,CDKN1A,-0.018774975
MEST,CDKN1A,-0.017601945
MRRF,CDKN1A,-0.0071749534
ILKAP,CDKN1A,-0.00079322146
EDEM2,CDKN1A,-0.03318731
MDM2,CDKN1A,-0.017497376
TRAFD1,CDKN1A,-0.024296204
RNF32,CDKN1A,-0.006709223
ZER1,CDKN1A,-0.01446873
PNPLA1,CDKN1A,-0.16973762
SGPP2,CDKN1A,-0.0072749476
CD177,CDKN1A,-0.011141666
SPA17,CDKN1A,-0.0022253501
CACNA1C,CDKN1A,-0.0104092825
NOX5,CDKN1A,-0.019842297
PLPPR1,CDKN1A,-0.004136973
CACNA1B,CDKN1A,-0.0046051443
PPP2R2D,CDKN1A,-0.0127851395
VGF,CDKN1A,-0.011449044
RPL30,CDKN1A,-0.044486362
IL9R,CDKN1A,-0.021174088
EBPL,CDKN1A,-0.0066908775
ERMARD,CDKN1A,-0.050421193
FKBP1B,CDKN1A,-0.01464341
POMT1,CDKN1A,-0.024630072
BAZ1A,CDKN1A,-0.039259948
TIGD5,CDKN1A,-0.03610646
TRIM65,CDKN1A,-0.009773034
UCHL3,CDKN1A,-0.011143684
RPL13,CDKN1A,-0.024707828
KRBOX1,CDKN1A,-0.06562904
CYP26C1,CDKN1A,-0.033333525
PAPOLA,CDKN1A,-0.027606301
TEX38,CDKN1A,-0.0037228947
GPR22,CDKN1A,-0.011520403
RTN2,CDKN1A,-0.016404051
SDHD,CDKN1A,-0.0040364177
KCNG1,CDKN1A,-0.035903204
SLC45A4,CDKN1A,-0.1567222
RAD54B,CDKN1A,-0.009892985
TNNT3,CDKN1A,-0.010505677
DNAJB1,CDKN1A,-0.0037430576
ZSCAN31,CDKN1A,-0.011317389
ASXL1,CDKN1A,-0.014833634
CATSPERE,CDKN1A,-0.014848014
CNNM2,CDKN1A,-0.004924301
VIPR2,CDKN1A,-0.0012240177
MMP10,CDKN1A,-0.035371963
ABTB1,CDKN1A,-0.024792662
ENTPD3,CDKN1A,-0.034085494
FOLH1,CDKN1A,-0.007659836
AVPI1,CDKN1A,-0.011576002
TNFAIP2,CDKN1A,-0.013950079
HCN2,CDKN1A,-0.021826426
PIM3,CDKN1A,-0.008559988
MSX2,CDKN1A,-0.020893168
TPSD1,CDKN1A,-0.038449444
PRDM5,CDKN1A,-0.029641373
ZNF710,CDKN1A,-0.03414638
PDE9A,CDKN1A,-0.044463083
PARM1,CDKN1A,-0.012321949
CBWD1,CDKN1A,-0.01655158
UGT1A10,CDKN1A,-0.019106515
WEE1,CDKN1A,-0.0148423435
SLC39A14,CDKN1A,-0.030043859
NFIA,CDKN1A,-0.011066324
ZFP92,CDKN1A,-4.111631e-05
SFT2D2,CDKN1A,-0.0056120977
CWH43,CDKN1A,-0.011696858
MARK3,CDKN1A,-0.011557587
COMMD5,CDKN1A,-0.0080285575
MSANTD1,CDKN1A,-0.004221047
RPS25,CDKN1A,-0.110768765
TP53AIP1,CDKN1A,-0.024662457
ZFC3H1,CDKN1A,-0.011845318
PPP2R5B,CDKN1A,0.0013524622
AKR1B10,CDKN1A,-0.02762478
HCAR1,CDKN1A,-0.0073313117
C17orf107,CDKN1A,-0.08498375
OGDHL,CDKN1A,-0.16591679
PIFO,CDKN1A,-0.036839847
PAQR7,CDKN1A,-0.050818346
GSTM5,CDKN1A,-0.010507216
SLC26A4,CDKN1A,-0.06865803
MUC5AC,CDKN1A,-0.03421585
MXRA5,CDKN1A,-0.041414645
MFSD3,CDKN1A,-0.047956634
GSC,CDKN1A,0.0004026345
ACE2,CDKN1A,-0.026979247
TAC1,CDKN1A,-0.020057853
XRN2,CDKN1A,-0.024350516
MOSPD2,CDKN1A,-0.07879846
OR10H1,CDKN1A,-0.08702209
UBR7,CDKN1A,-0.024260085
SP6,CDKN1A,-0.09823939
TSLP,CDKN1A,-0.01158767
CACUL1,CDKN1A,-0.013358637
HIGD1A,CDKN1A,-0.012015433
FRMPD2,CDKN1A,-0.010511747
PDK3,CDKN1A,-0.072989255
GPALPP1,CDKN1A,-0.016518487
ERMAP,CDKN1A,-0.014527619
NOTCH1,CDKN1A,-0.0012210119
XRCC3,CDKN1A,-0.008128443
DUSP3,CDKN1A,-0.028342908
SMUG1,CDKN1A,-0.027378794
NDN,CDKN1A,-0.021087877
HSPA4L,CDKN1A,-0.014411644
ZNF33B,CDKN1A,-0.018810343
PPT2,CDKN1A,-0.024929354
MPST,CDKN1A,-0.017380845
MRPL14,CDKN1A,-0.007994316
TG,CDKN1A,-0.009885866
PTGER1,CDKN1A,-0.016041538
FP565260.3,CDKN1A,-0.017424693
SAGE1,CDKN1A,-0.028629139
CHRNA6,CDKN1A,-0.010200411
FAM83G,CDKN1A,-0.035318725
PRMT6,CDKN1A,-0.022599116
EMP1,CDKN1A,-0.019118369
BASP1,CDKN1A,-0.05580124
DHDH,CDKN1A,-0.006878352
IP6K3,CDKN1A,-0.0065979636
STX11,CDKN1A,-0.0052190907
IL17RC,CDKN1A,-0.01885325
SHISAL2B,CDKN1A,-0.014939952
ALKAL1,CDKN1A,-0.027574945
KIF1C,CDKN1A,-0.026509339
RYBP,CDKN1A,-0.02913018
CD207,CDKN1A,-0.02736011
KIFAP3,CDKN1A,-0.048922326
DAPK1,CDKN1A,-0.009459254
TMEM253,CHD9,-0.008413679
RAB5C,CHD9,-0.003032679
RASAL3,CHD9,-0.00022982403
RNF112,CHD9,-0.041324403
HHIPL1,CHD9,-0.0029465754
MED13L,CHD9,-0.052829377
DPY19L1,CHD9,-0.019854901
ANKRD33B,CHD9,-0.043207638
TERT,CHD9,-0.027659427
GLTP,CHD9,-0.035938922
NEK7,CHD9,-0.076283045
KRT79,CHD9,-0.02216417
TINCR,CHD9,-0.047484875
PUS3,CHD9,-0.008950466
TMEM240,CHD9,-0.021173865
DSEL,CHD9,-0.01299855
EIF4B,CHD9,-0.16685003
PDCD6,CHD9,-0.0032454738
TSPYL5,CHD9,-0.04761278
SLC1A2,CHD9,-0.03251267
USF2,CHD9,-0.021655252
ZNF213,CHD9,-0.0103195775
FAM114A2,CHD9,-0.014538268
LIN7A,CHD9,-0.056572083
SIAE,CHD9,-0.015717547
AC119396.1,CHD9,-0.037318546
SLIT3,CHD9,-0.04064032
WDR1,CHD9,-0.032410707
HPS1,CHD9,-0.19687837
SLC7A4,CHD9,-0.05946998
PRAM1,CHD9,-0.011039851
LGR6,CHD9,-0.02684846
STK31,CHD9,-0.15517485
PEX2,CHD9,-0.015756106
PGGT1B,CHD9,-0.011269852
PPIC,CHD9,-0.017688788
ALX4,CHD9,-0.025373187
ZNF233,CHD9,-0.007459884
TRNP1,CHD9,-0.014052618
PLEKHA4,CHD9,-0.027487384
TCHHL1,CHD9,-0.032031424
PSMA6,CHD9,-0.08298663
DPYSL5,CHD9,-0.02910847
C22orf42,CHD9,-0.053839754
TIMM21,CHD9,-0.04549877
SERPINH1,CHD9,-0.018900976
APOL4,CHD9,-0.07911392
PCSK2,CHD9,-0.21180661
TRIP6,CHD9,-0.024896022
TMEM255A,CHD9,-0.020932257
CELA2B,CHD9,-0.02200527
RAC3,CHD9,-0.03042586
ARHGAP11B,CHD9,-0.012032046
WNT9B,CHD9,-0.020233182
PNPLA1,CHD9,-0.04473114
ZNF160,CHD9,-0.030794628
UBE2J2,CHD9,-0.028350323
ERVMER34-1,CHD9,-0.019215832
FBXL6,CHD9,-0.11581342
WWTR1,CHD9,-0.010564823
CCDC141,CHD9,-0.03308075
TMPRSS13,CHD9,-0.020903438
CCDC12,CHD9,-0.11232273
CFDP1,CHD9,-0.014353606
FBN2,CHD9,-0.0470076
RET,CHD9,-0.038683124
CSAG2,CHD9,-0.03260637
PEG3,CHD9,-0.006733326
SLC1A3,CHD9,-0.038753267
RTP4,CHD9,-0.03361609
ABCG2,CHD9,-0.023565922
CPZ,CHD9,-0.027144311
STXBP1,CHD9,-0.082279615
SUN2,CHD9,-0.0235023
PRR22,CHD9,-0.03659313
RTKN2,CHD9,-0.020112734
NDUFV3,CHD9,-0.08884345
PTGR2,CHD9,-0.040938597
PLCB4,CHD9,-0.029627372
MKRN2OS,CHD9,-0.028205248
H1-0,CHD9,-0.16815583
KMT2B,CHD9,-0.020778302
CMYA5,CHD9,-0.025648426
CDC42EP5,CHD9,-0.020345217
HOXD4,CHD9,-0.02082266
IGFN1,CHD9,-0.02008415
CERS4,CHD9,-0.06760961
HECW2,CHD9,-0.09703826
LGALS9,CHD9,-0.0125982445
ATP2B1,CHD9,-0.011798112
KLF14,CHD9,-0.011046144
KLHL31,CHD9,-0.06582824
CASP9,CHD9,-0.032173023
GRIN2A,CHD9,-0.017304104
HLA-DQA2,CHD9,-0.0232207
SCN4B,CHD9,-0.117420584
MMP24OS,CHD9,-0.023993358
TICAM2,CHD9,-0.16623232
TIMM8B,CHD9,-0.061999794
EPAS1,CHD9,-0.021593146
TMEM65,CHD9,-0.062370792
M1AP,CHD9,-0.008290581
PRKCH,CHD9,-0.103593186
SPR,CHD9,-0.015340207
FBXL15,CHD9,-0.1076355
KRTAP4-1,CHD9,-0.08320948
TMEM163,CHD9,-0.029231708
SEMA5B,CHD9,-0.024264298
APOLD1,CHD9,-0.020810103
NRARP,CHD9,-0.021129405
MCRIP2,CHD9,-0.018990405
SHISA2,CHD9,-0.0160455
ARL17B,CHD9,-0.0621153
SYT13,CHD9,-0.03596871
NPR3,CHD9,-0.08663937
SDC4,CHD9,-0.016229557
RIPK2,CHD9,-0.1129788
SEL1L,CHD9,-0.02519551
TP73,CHD9,-0.023195948
RIT1,CHD9,-0.011398299
BABAM2,CHD9,-0.03576579
ARHGAP10,CHD9,-0.028163135
SLC45A4,CHD9,-0.23567267
SLC34A3,CIT,-0.013667366
FKBP4,CIT,-0.0147181945
ZNF20,CIT,-0.029206673
BRF2,CIT,-0.019493625
JADE2,CIT,-0.016823972
SH3BGRL3,CIT,-0.02890787
CCL13,CIT,-0.013574874
OSBP2,CIT,-0.041488916
RPP30,CIT,-0.055106275
AC093827.5,CIT,-0.013670521
H3C10,CIT,-0.052457757
RTKN,CIT,-0.09198234
FAM151B,CIT,-0.049384456
LMO2,CIT,-0.030041978
THSD7B,CIT,-0.022871938
FAM186B,CIT,-0.017289324
IL26,CIT,-0.047488645
KRTDAP,CIT,-0.04123557
ACSL1,CIT,-0.03157098
SMYD3,CIT,-0.10497662
GRIN2A,CIT,-0.002720322
ZNF669,CIT,-0.021065576
CACNA1A,CIT,-0.028692188
SLCO2B1,CIT,-0.0068968036
DLL1,CIT,-0.014052057
CEP126,CIT,-0.056079313
CTBP2,CIT,-0.018694617
CABYR,CIT,-0.027327579
FRG1,CIT,-0.038686734
MGP,CIT,-0.04517753
CRMP1,CIT,-0.04174563
KIAA1671,CIT,-0.01668564
RASSF7,CIT,-0.011430583
LRRTM2,CIT,-0.03535894
SP110,CIT,-0.0065097804
DDHD2,CIT,-0.069751374
LXN,CIT,-0.020729793
TIGD6,CIT,-0.052442145
PWWP3B,CIT,-0.16289254
LRRN1,CIT,-0.007873317
TTC25,CIT,-0.028096765
ATP1A3,CIT,-0.024035765
C2CD6,CIT,-0.015549067
RELL2,CIT,-0.023412328
HTR1F,CIT,-0.028184827
CDNF,CIT,-0.0324579
KHDC1,CIT,-0.011806744
CFAP52,CIT,-0.028280398
SELENOP,CIT,-0.032442324
PFN2,CIT,-0.06810795
AK9,CIT,-0.0078476425
CNGA4,CIT,-0.022135299
UTP11,CIT,-0.0053363885
BCL2L12,CIT,-0.042080797
ZNF587B,CIT,-0.029218579
RNF31,CIT,-0.029228458
CLUAP1,CIT,-0.011154584
CST1,CIT,-0.024721082
AC119674.2,CIT,-0.30466002
NGFR,CIT,0.000860689
GINS3,CIT,-0.037639476
LRIT1,CIT,-0.029460395
LRRC37A3,CIT,-0.04306884
ZFP36,CIT,-0.026969299
IL17F,CIT,-0.014939401
AATK,CIT,-0.08891252
TSPAN12,CIT,-0.076900445
SCN5A,CIT,-0.03679458
UBE2F,CIT,-0.021406783
PRTFDC1,CIT,-0.02789712
MPV17L,CIT,-0.029652245
SEMA5A,CIT,-0.037326235
HS6ST1,CIT,-0.018347045
LGALS3BP,CIT,-0.04331152
CTSW,CIT,-0.37051153
TLE4,CIT,-0.023939088
TPPP3,CIT,-0.044994127
CCNB1IP1,CIT,-0.012302845
BDH2,CIT,-0.02925681
AC007906.2,CIT,-0.009348502
QPRT,CIT,-0.07516948
APOBR,CIT,-0.027793298
APOC3,CIT,-0.031933688
WDR72,CIT,-0.02705082
SLC13A5,CIT,-0.013043615
RAB12,CIT,-0.026032127
RNF19A,CIT,-0.04851138
MPHOSPH6,CIT,-0.006558146
SPINK4,CIT,-0.06593617
ATP10B,CIT,-0.038300823
RAB40B,CIT,-0.030071247
TMEM237,CIT,-0.047560252
PDGFA,CIT,-0.02843195
NDNF,CIT,-0.019162595
LRRN3,CIT,-0.070643306
FGFR3,CIT,-0.07872822
TMEM91,CIT,-0.014137615
DBI,CIT,-0.03911377
CCDC38,CIT,-0.026378784
H2BC5,CIT,-0.023023749
INHA,CIT,-0.041864377
FKBP2,CIT,-0.063308954
IER3IP1,CIT,-0.032776218
ORAI1,CIT,-0.030523155
SMARCD3,CIT,-0.13906711
LYAR,CIT,-0.052897725
PMPCB,CIT,-0.014824653
CEP55,CIT,-0.050869502
CACUL1,CIT,-0.03369246
TNNI2,CIT,-0.018863717
HOXA13,CIT,-0.022405796
C6orf136,CIT,-0.0034660308
LRP5,CIT,-0.02071832
SPATA20,CIT,-0.014670097
ACVR2A,CIT,-0.0046089357
FIGN,CIT,-0.07665439
USP42,CIT,-0.035332374
NT5M,CIT,-0.026112273
LRAT,CIT,-0.004168364
MNS1,CIT,-0.020798828
PSTPIP2,CIT,-0.025559388
DNAH8,CIT,-0.031678263
RP2,CIT,-0.033593055
RNF183,CIT,-0.025878126
LIPG,CIT,-0.029663721
TCIM,CIT,-0.055552073
RARB,CIT,-0.038072936
ALKBH1,CIT,0.0010311409
CXCR5,CIT,-0.028671622
DNAH10,CIT,-0.024525572
SSBP4,CIT,-0.02785871
EVC2,CIT,-0.04750893
CAPN3,CIT,-0.046605494
FBXO43,CIT,-0.018520921
GK3P,CIT,-0.009387747
VCX3A,CIT,-0.05514994
PNO1,CIT,-0.010575515
ITPKA,CIT,-0.05189262
CSAG3,CIT,-0.054381896
MRPL38,CIT,-0.019041048
PLAAT2,CIT,-0.0243497
GPR173,CIT,-0.0367473
DPM1,CIT,-0.009155521
MTRF1,CNOT1,-0.0028356854
KLHL38,CNOT1,-0.011007823
ZNF703,CNOT1,-0.020348452
AMY2A,CNOT1,-0.019411013
DMRTA2,CNOT1,-0.017767174
FMC1,CNOT1,-0.021327488
AADACL2,CNOT1,-0.04964971
TULP2,CNOT1,-0.021799967
CDK19,CNOT1,-0.01439123
SLC36A4,CNOT1,-0.070708014
SPTSSB,CNOT1,-0.010981272
DNAJC15,CNOT1,-0.027427636
ZNF385A,CNOT1,-0.02586187
MMP8,CNOT1,-0.013317428
FAM102B,CNOT1,-0.019904159
IQGAP1,CNOT1,-0.04185571
ABITRAM,CNOT1,-0.071996145
PPP3CC,CNOT1,-0.0946512
GABARAPL1,CNOT1,-0.046337627
TMEM40,CNOT1,-0.07335409
ODC1,CNOT1,-0.06633613
MRPS12,CNOT1,-0.23820908
PRLR,CNOT1,-0.034790885
SMIM10,CNOT1,-0.117523596
VDR,CNOT1,-0.094995506
PLAC1,CNOT1,-0.047925808
C5orf15,CNOT1,-0.06673274
NEK3,CNOT1,-0.029945098
INPP5E,CNOT1,-0.029428782
PTPDC1,CNOT1,-0.007934271
ARL6IP1,CNOT1,-0.020204494
ZSWIM4,CNOT1,-0.014184848
HOXB2,CNOT1,-0.025740419
ZFP36L2,CNOT1,-0.018362323
CARHSP1,CNOT1,-0.048600245
PTTG2,CNOT1,-0.07092474
H1-4,CNOT1,-0.028567884
METTL14,CNOT1,-0.006572957
DRICH1,CNOT1,-0.020202352
OR5BS1P,CNOT1,-0.022064663
KIAA1958,CNOT1,-0.009097852
RRAGA,CNOT1,-0.0125137605
CCSER2,CNOT1,-0.018987397
SLC16A9,CNOT1,-0.02490945
NHP2,CNOT1,-0.010461124
TMEM215,CNOT1,-0.029424619
WNT1,CNOT1,-0.020205637
RET,CNOT1,-0.045587387
C2CD6,CNOT1,-0.043142024
ABHD11,CNOT1,-0.040196877
OXSM,CNOT1,-0.07484346
SPINK13,CNOT1,-0.029166555
ACTR5,CNOT1,-0.03256085
MYOZ3,CNOT1,-0.016602157
MAGEA8,CNOT1,-0.0073025944
HUNK,CNOT1,-0.012595081
CTSW,CNOT1,-0.0457917
SLC25A23,CNOT1,-0.024880452
ELOVL2,CNOT1,-0.043252945
UPP2,CNOT1,-0.013410492
LY6D,CNOT1,-0.021354226
RHBDL2,CNOT1,-0.101146154
ANO7,CNOT1,-0.03992096
SYT15,CNOT1,-0.019384358
TRAF3IP3,CNOT1,-0.109312706
DLX3,CNOT1,-0.02181544
CNIH2,CNOT1,-0.061304957
C2orf15,CNOT1,-0.0137539655
TAC4,CNOT1,-0.044019207
ADAM15,CNOT1,-0.026884614
EPPK1,CNOT1,-0.015770933
ZG16B,CNOT1,-0.01527343
SRRM4,CNOT1,-0.02741355
CGB7,CNOT1,-0.016885798
SNRPN,CNOT1,-0.0058951126
RNF182,CNOT1,-0.040607795
HES1,CNOT1,-0.046658248
TAF7,CNOT1,-0.039529763
RNF222,CNOT1,-0.015326466
TIFAB,CNOT1,-0.00062391494
MFAP2,CNOT1,-0.03508469
LDHC,CNOT1,-0.018655278
RPS27L,CNOT1,-0.01970724
PLS1,CNOT1,-0.08595964
ARHGAP40,CNOT1,-0.01618173
AGTR1,CNOT1,-0.01855342
TXLNB,CNOT1,-0.037519213
PRF1,CNOT1,-0.032097694
NSUN5,CNOT1,-0.060147487
AADAC,CNOT1,-0.03817697
SAPCD1,CNOT1,-0.024909414
SLFN12,CNOT1,-0.021057347
APOL1,CNOT1,-0.033512954
SERPINC1,CNOT1,-0.11913545
TTF1,CNOT1,-0.032939527
DENND2B,CNOT1,-0.016655892
GNLY,CNOT1,-0.018809652
GADD45A,CNOT1,-0.009100348
ESPNL,CNOT1,-0.059965182
NBPF4,CNOT1,-0.037040383
PPY,CNOT1,-0.012660448
BRCC3,CNOT1,-0.0073865885
TUBB4B,CNOT1,-0.03771797
PIAS1,CNOT1,-0.017981945
PSMB10,CNOT1,-0.06273652
PIK3CB,CNOT1,-0.0064982567
NMI,CNOT1,-0.020209374
GPRIN2,CNOT1,-0.017560173
CDNF,CNOT1,-0.04492352
EEF1E1,CNOT1,-0.025858939
CYP26A1,CNOT1,-0.012079001
STK4,CNOT1,-0.01253466
TTC16,CNOT1,-0.023949303
EPN1,CNOT1,-0.049546055
C12orf45,CNOT1,-0.04116366
HUS1B,CNOT1,-0.012544925
ABCA7,CNOT1,-0.049831275
ARHGEF2,CNOT1,-0.019625919
CCDC88A,CNOT1,-0.0051231226
MAFF,CNOT1,-0.020390615
ANKRD36B,CNOT1,-0.016543528
PIM3,CNOT1,-0.06396973
EPHB1,CNOT1,-0.020467982
CD36,CNOT1,-0.05721352
ASB9,CNOT1,-0.02320664
GPR15,CNOT1,-0.04458529
ARAP2,CNOT1,-0.030164488
NPAS1,CNOT1,-0.044363435
MRPS2,CNOT1,-0.042396393
EVPLL,CNOT1,-0.18314594
RMI2,CNOT1,-0.14266397
MTHFD2L,CNOT1,-0.019042632
LCMT2,CNOT1,-0.009408438
YBX2,CNOT1,-0.02467156
ESYT3,CNOT1,-0.0107707
RTKN2,CNOT1,-0.020171773
EPCAM,CNOT1,-0.023155162
CSMD1,CNOT1,-0.15660673
INAVA,CNOT1,-0.06208607
SLC27A6,CNOT1,-0.29121777
MFSD13A,CNTNAP2,-0.009154544
RPGRIP1,CNTNAP2,-0.006331066
ZAR1,CNTNAP2,-0.011990433
CDIP1,CNTNAP2,-0.022615625
MBP,CNTNAP2,-0.012738121
GIMAP7,CNTNAP2,-0.0055909054
TRIM68,CNTNAP2,-0.0048611355
RETREG3,CNTNAP2,-0.009118565
GLT8D2,CNTNAP2,-0.023676217
KIR2DL3,CNTNAP2,-0.018392505
CYSLTR2,CNTNAP2,-0.026331538
ASTL,CNTNAP2,-0.027220497
PPP1R3G,CNTNAP2,-0.025775246
GIPR,CNTNAP2,-0.02286019
POLR2J3,CNTNAP2,-0.07100372
AGBL4,CNTNAP2,-0.0416383
RIMBP3B,CNTNAP2,-0.10711797
AMZ2,CNTNAP2,-0.049098715
DAGLA,CNTNAP2,-0.027775733
AKIP1,CNTNAP2,-0.034597382
CGA,CNTNAP2,-0.01970976
THAP3,CNTNAP2,-0.004427689
ENTR1,CNTNAP2,-0.046052054
CXCL17,CNTNAP2,-0.00226064
ABLIM1,CNTNAP2,-0.030726753
MVK,CNTNAP2,-0.038347203
HORMAD1,CNTNAP2,-0.031658582
ERRFI1,CNTNAP2,-0.038884368
XIRP1,CNTNAP2,-0.011587597
SCRN2,CNTNAP2,-0.013680464
ASB5,CNTNAP2,-0.0030948876
VEGFA,CNTNAP2,-0.027820181
TSPO,CNTNAP2,-0.03637921
CCDC126,CNTNAP2,-0.121039934
PILRB,CNTNAP2,-0.038545784
LDHB,CNTNAP2,-0.06712612
MKRN3,CNTNAP2,-0.16290253
TRUB1,CNTNAP2,-0.010414162
HOXC5,CNTNAP2,-0.022714514
RAB38,CNTNAP2,-0.012791929
SRD5A1,CNTNAP2,-0.00030755097
LMO7,CNTNAP2,-0.062019095
ZNF160,CNTNAP2,-0.03100083
BBS4,CNTNAP2,-0.05000233
STK39,CNTNAP2,-0.002496394
CNTNAP3,CNTNAP2,-0.018258518
PDZRN4,CNTNAP2,-0.03259676
FSBP,CNTNAP2,-0.025041444
RAB15,CNTNAP2,-0.049232427
PCDHGA6,CNTNAP2,-0.01667801
EPOP,CNTNAP2,-0.025165016
CD274,CNTNAP2,-0.033592742
CDRT4,CNTNAP2,-0.01953172
CATSPERB,CNTNAP2,-0.06510144
ZFYVE28,CNTNAP2,-0.028078966
RGS1,CNTNAP2,-0.032002237
CTU1,CNTNAP2,-0.010264452
PZP,CNTNAP2,-0.03324313
MASP1,CNTNAP2,-0.022942292
ARHGAP32,CNTNAP2,-0.03835284
SGF29,CNTNAP2,-0.0057718623
CARD6,CNTNAP2,-0.022103827
ZNF516,CNTNAP2,-0.016786238
PRDM16,CNTNAP2,-0.041179694
CISD1,CNTNAP2,-0.017042896
KCNS1,CNTNAP2,-0.013191027
NLGN4X,CNTNAP2,-0.03305341
DMRTC2,CNTNAP2,-0.013551321
TGFBR3L,CNTNAP2,-0.08211743
IL17REL,CNTNAP2,-0.024498736
PRSS21,CNTNAP2,-0.13617773
CCDC163,CNTNAP2,-0.050051898
IGSF11,CNTNAP2,-0.023561496
FABP5,CNTNAP2,-0.01795811
ZDHHC2,CNTNAP2,-0.05006746
PPP1R1C,CNTNAP2,-0.019985575
TIGD4,CNTNAP2,-0.02254889
ERVW-1,CNTNAP2,-0.050076906
SREBF1,CNTNAP2,-0.04408982
MAGEA2B,CNTNAP2,-0.02974364
MYO10,CNTNAP2,-0.03242341
SHANK2,CNTNAP2,-0.039098687
ARRDC4,CNTNAP2,-0.07706508
HOMER3,CNTNAP2,-0.033101894
TOMM20,CNTNAP2,-0.00068873056
CFHR4,CNTNAP2,-0.024375806
ANO3,CNTNAP2,-0.02370605
SCGB3A2,CNTNAP2,-0.014422197
PPFIA3,CNTNAP2,-0.036097046
LRP2BP,CNTNAP2,-0.0246076
GPR158,CNTNAP2,-0.049409993
PCDHGA8,CNTNAP2,-0.09084883
GLTPD2,CNTNAP2,-0.034743957
SSBP3,CNTNAP2,-0.06586608
SYTL2,CNTNAP2,-0.009835884
ARFGAP2,CNTNAP2,-0.005619158
DGKH,CNTNAP2,-0.022884918
ARMC7,CNTNAP2,-0.22259839
EBPL,CNTNAP2,-0.025895463
H3C1,CNTNAP2,-0.043658294
HIGD1A,CNTNAP2,-0.02869679
SNAPC2,CNTNAP2,-0.036028076
NAA16,CNTNAP2,-0.01223379
FABP2,CNTNAP2,-0.07878229
KPRP,CNTNAP2,-0.020650625
GEMIN8,CNTNAP2,-0.0142805325
TPPP,CNTNAP2,-0.006781977
ADGRF2,CNTNAP2,-0.007416399
LPP,CNTNAP2,-0.03658357
APBA1,CNTNAP2,-0.20130901
NEURL3,CNTNAP2,-0.05971381
SEPTIN5,CNTNAP2,-0.04874006
MFSD6,CNTNAP2,-0.026589297
CENATAC,CNTNAP2,-0.021697136
TRA2A,CNTNAP2,-0.021226404
MFSD1,CNTNAP2,-0.0065057
PPIL3,CNTNAP2,-0.013785722
KRT6A,CNTNAP2,-0.02770684
ZBTB20,CNTNAP2,-0.012057138
NUDT21,CNTNAP2,-0.0019988753
KLHL41,CNTNAP2,-0.060968004
SYT1,CNTNAP2,-0.06542356
NCR3LG1,CNTNAP2,-0.010883898
DAB2,CNTNAP2,-0.014996646
TTLL11,CNTNAP2,-0.016221315
TMEM63A,CNTNAP2,-0.20298713
RAB32,CNTNAP2,-0.0072499155
C2orf72,CNTNAP2,-0.038479988
CD19,CNTNAP2,-0.055342544
ZNF17,CNTNAP2,-0.025740836
PLXNA3,CNTNAP2,-0.025007153
PFKFB1,CNTNAP2,-0.021773838
KHDC4,CNTNAP2,-0.010338225
PPP2CA,CNTNAP2,-0.015932107
PROK2,CNTNAP2,-0.021947898
SEMA3D,CNTNAP2,-0.02392028
DEPP1,CNTNAP2,-0.052650046
RYR1,CNTNAP2,-0.02137668
VIPR1,CNTNAP2,-0.007940673
CSRNP3,CNTNAP2,-0.008335664
GNG13,CNTNAP2,-0.031095462
MKKS,CNTNAP2,-0.04322837
TTC28,CNTNAP2,-0.020249229
RPL23A,CNTNAP2,-0.031466283
SCO1,CNTNAP2,-0.03029299
SERTAD3,CNTNAP2,-0.09750762
AGTR1,CNTNAP2,-0.018108137
MKRN1,CNTNAP2,-0.0029061895
NFE2L2,CNTNAP2,-0.058702294
CARNS1,CNTNAP2,-0.0833344
GPKOW,DIAPH2,-0.0067850063
NSRP1,DIAPH2,-0.008036077
LZTFL1,DIAPH2,-0.047054715
DENND5B,DIAPH2,-0.03966409
AADAC,DIAPH2,-0.015621232
FBRS,DIAPH2,-0.0889209
FAM53B,DIAPH2,-0.014588606
WDR12,DIAPH2,-0.18774197
SLC39A11,DIAPH2,-0.016173115
VPS72,DIAPH2,-0.211298
COPE,DIAPH2,-0.014350865
ZNF354A,DIAPH2,-0.03742642
ST6GALNAC5,DIAPH2,-0.03904051
CCNA1,DIAPH2,-0.014120287
RELN,DIAPH2,-0.0181135
A3GALT2,DIAPH2,-0.015677627
PDCD5,DIAPH2,-0.02205496
C16orf71,DIAPH2,-0.047075562
IFIT1,DIAPH2,-0.009914918
EXOC3L4,DIAPH2,-0.061951675
CTPS1,DIAPH2,-0.09451731
ARRB2,DIAPH2,-0.037720144
IL17B,DIAPH2,-0.03568478
ZNF732,DIAPH2,-0.0460101
BET1L,DIAPH2,-0.035960767
PCP2,DIAPH2,-0.019721145
MACROD2,DIAPH2,-0.105249636
PIP4K2B,DIAPH2,-0.04889562
GCAT,DIAPH2,-0.035869062
FUZ,DIAPH2,-0.02551354
DDX39A,DIAPH2,-0.022193167
GPX4,DIAPH2,-0.048293445
POU6F2,DIAPH2,-0.0077743893
EFCAB11,DIAPH2,-0.021372557
ZNF629,DIAPH2,-0.1318218
DCX,DIAPH2,-0.018927095
EPHA2,DIAPH2,-0.14181086
GADD45B,DIAPH2,-0.054393843
RIMS1,DIAPH2,-0.017471282
SUPT20H,DIAPH2,-0.06352567
ZNF320,DIAPH2,-0.006711646
LRRC18,DIAPH2,-0.015261177
SLC19A3,DIAPH2,-0.080469355
P2RX4,DIAPH2,-0.013030535
NFATC2IP,DIAPH2,-0.06813147
AP1S1,DIAPH2,-0.007889843
TAS2R43,DIAPH2,-0.04870028
CTSD,DIAPH2,-0.012529943
ESD,DIAPH2,-0.13621138
GREM2,DIAPH2,-0.01679036
GDPD4,DIAPH2,-0.006247258
ARID3B,DIAPH2,-0.02199302
SEMA4C,DIAPH2,-0.016361922
ALDH4A1,DIAPH2,-0.034659073
REXO2,DIAPH2,-0.09127927
ZNF77,DIAPH2,-0.0030143608
RB1,DIAPH2,-0.113986626
LTBR,DIAPH2,-0.18140145
LAMA5,DIAPH2,-0.03707844
KLF5,DIAPH2,-0.027239028
ZNF419,DIAPH2,-0.029021513
GRPEL1,DIAPH2,-0.008454612
TLR2,DIAPH2,-0.024924565
MTFR2,DIAPH2,-0.057691384
CCDC168,DIAPH2,-0.023591314
TRMT6,DIAPH2,-0.11210427
MRM3,DIAPH2,-0.027494133
NFKBIB,DIAPH2,-0.041586183
CCDC124,DIAPH2,-0.029799975
FAM222A,DIAPH2,-0.009422016
ATXN7L2,DIAPH2,-0.008228409
ALOX15B,DIAPH2,-0.013498406
NUFIP1,DIAPH2,-0.05135187
IZUMO4,DIAPH2,-0.015594373
PON3,DIAPH2,-0.030874949
LRCH1,DIAPH2,-0.02269206
GCN1,DIAPH2,-0.04259571
ASH2L,DIAPH2,-0.027244188
CHRNB4,DIAPH2,-0.02483683
YIPF1,DIAPH2,-0.005379812
S100A11,DIAPH2,-0.056763247
ZC3H15,DIAPH2,-0.18772389
CIT,DIAPH2,-0.013546153
PCNX3,DIAPH2,-0.018489774
CKAP2L,DIAPH2,-0.016903648
FUT1,DIAPH2,-0.016492894
PTK2B,DIAPH2,-0.02919952
RCN3,DIAPH2,-0.040850114
MFSD5,DIAPH2,-0.007102531
IQCE,DIAPH2,-0.023174398
KANK3,DIAPH2,-0.023078118
SMPDL3A,DIAPH2,-0.021836976
RPS15,DIAPH2,-0.047600355
OCM,DIAPH2,-0.019062491
ZSCAN31,DIAPH2,-0.058462072
ULK4,DIAPH2,-0.007372145
UBASH3B,DIAPH2,-0.07615896
ABLIM2,DIAPH2,-0.013183236
TOR4A,DIAPH2,-0.024831112
PGBD1,DIAPH2,-0.03169438
ZNRD2,DIAPH2,-0.04583652
ZNF35,DIAPH2,-0.032803055
TNFRSF11B,DIAPH2,-0.03296813
PDZD11,DIAPH2,-0.02675646
EAF2,DIAPH2,-0.08866261
UBAP1L,DIAPH2,-0.007441126
PTCRA,DIAPH2,-0.024862701
PGLS,DIAPH2,-0.06186451
HS6ST1,DIAPH2,-0.020945298
METRNL,DIAPH2,-0.03182513
COX5A,DIAPH2,-0.01143483
KPNB1,DIAPH2,-0.032734487
ABCD1,DIAPH2,-0.2334498
CALHM3,DIAPH2,-0.045018636
RPS17,DIAPH2,-0.03473998
ASIC3,DIAPH2,-0.080970466
ITM2B,DIAPH2,-0.056039568
ECH1,DIAPH2,-0.08520418
TMEM259,DIAPH2,-0.053680453
AKAP14,DIAPH2,-0.0653234
USP7,DIAPH2,-0.045468513
BTBD2,DIAPH2,-0.026037395
GSPT1,DIAPH2,-0.056016527
BMPR2,DIDO1,-0.0038339037
ARMC10,DIDO1,-0.03691562
CUEDC1,DIDO1,-0.008830859
USP26,DIDO1,-0.017959839
HLA-DPA1,DIDO1,-0.01462472
SLC29A2,DIDO1,-0.008025233
FAM163B,DIDO1,-0.02653929
SSB,DIDO1,-0.01685525
KRT71,DIDO1,-0.016713295
FAM117A,DIDO1,-0.02589071
BAIAP2L1,DIDO1,-0.005077289
MRPS10,DIDO1,-0.11740315
PRSS1,DIDO1,-0.0069829714
MXRA7,DIDO1,-0.003808004
SPOCK2,DIDO1,-0.029937463
PNMA8C,DIDO1,-0.02934024
PRKAR1B,DIDO1,-0.015420056
ZNF273,DIDO1,-0.0058196126
INTU,DIDO1,-0.021723138
ATP5PO,DIDO1,-0.008272458
FAM43A,DIDO1,-0.009669522
SPATA13,DIDO1,-0.014446465
TIAF1,DIDO1,-0.050231263
QPCT,DIDO1,-0.014770477
CHDH,DIDO1,-0.024056794
APBA3,DIDO1,-0.017320588
MED16,DIDO1,-0.022267073
LBH,DIDO1,-0.02921943
PPP2R1B,DIDO1,-0.016273925
EPHB6,DIDO1,-0.012421479
TLR10,DIDO1,-0.017718298
MAN2C1,DIDO1,-0.03097456
IL1RAPL2,DIDO1,-0.010159792
SYT16,DIDO1,-0.038449153
CTSF,DIDO1,-0.014622507
H4C12,DIDO1,-0.014109599
LZTS3,DIDO1,-0.04956435
HNRNPA1L2,DIDO1,-0.013690019
ATXN2,DIDO1,-0.0037465417
P2RX5,DIDO1,-0.046182614
C1QTNF6,DIDO1,-0.031680115
LRR1,DIDO1,-0.053147253
ATP8A2,DIDO1,-0.013302617
NUTM2D,DIDO1,-0.014808525
GLDN,DIDO1,-0.039993532
TEPP,DIDO1,-0.029105645
TCIM,DIDO1,-0.051439546
PIK3C2G,DIDO1,-0.030915018
MISP,DIDO1,-0.025562761
RBM6,DIDO1,-0.040031593
NEB,DIDO1,-0.0071741133
ADAP1,DIDO1,-0.024751458
MAGEA3,DIDO1,-0.020415004
LIMCH1,DIDO1,-0.0068575935
FAAP20,DIDO1,-0.018829284
ZNF860,DIDO1,-0.018285513
DKK3,DIDO1,-0.030436156
SLC1A5,DIDO1,-0.0064712306
RAP1GAP2,DIDO1,-0.01468834
ZDHHC21,DIDO1,-0.002363234
MMP1,DIDO1,-0.010225563
TTC33,DIDO1,-0.004361582
ERI3,DIDO1,-0.0307769
SLIRP,DIDO1,-0.023156336
TSPYL5,DIDO1,-0.012470008
DPCD,DIDO1,-0.026391923
SLC22A1,DIDO1,-0.040230136
OSCP1,DIDO1,-0.017649837
PRODH,DIDO1,-0.0058652437
CLDN16,DIDO1,-0.015980307
CRISPLD1,DIDO1,-0.02644721
ZNF808,DIDO1,-0.015672417
PNPLA6,DIDO1,-0.007682779
CMAS,DIDO1,-0.05415253
GTPBP6,DIDO1,-0.016545095
IL17RB,DIDO1,-0.011552545
MYLIP,DIDO1,-0.013393199
CASTOR1,DIDO1,-0.03851898
RASAL1,DIDO1,-0.010130586
CAMKK1,DIDO1,-0.022480587
ZNF132,DIDO1,-0.3387748
LARGE2,DIDO1,-0.005409395
WASH6P,DIDO1,-0.013137154
RAB3D,DIDO1,-0.011522223
SCOC,DIDO1,-0.026318213
SERPINB2,DIDO1,-0.022025252
CFHR3,DIDO1,-0.019372039
SAP18,DIDO1,-0.0077090943
ZBTB48,DIDO1,-0.012956314
SERF1B,DIDO1,-0.02821285
ICAM3,DIDO1,-0.022502605
LYPD1,DIDO1,-0.29812086
NECAB2,DIDO1,-0.006597981
ZNF404,DIDO1,-0.011364219
HABP2,DIDO1,-0.023152573
CILP2,DIDO1,-0.024502529
MGAT4B,DIDO1,-0.0133564975
GPR18,DIDO1,-0.04040149
SNRPA1,DIDO1,-0.012162308
NSUN7,DIDO1,-0.007560289
SSNA1,DIDO1,-0.017422583
F2RL2,DIDO1,-0.038676985
SEC22C,DIDO1,-0.006376955
ZNF853,DIDO1,-0.009756923
GPR45,DIDO1,-0.017305342
C14orf119,DIDO1,-0.0125157945
ISG20,DIDO1,-0.013798
EFHC1,DIDO1,-0.015122099
SIGLEC5,DIDO1,-0.037793458
ZNF256,DIDO1,-0.018716868
CYP39A1,DIDO1,-0.021106325
TMEM234,DIDO1,-0.011555051
KAZALD1,DIDO1,-0.03300744
LIPC,DIDO1,-0.081100784
H4C9,DIDO1,-0.0074644405
SIGLEC14,DIDO1,-0.045860447
LEPR,DIDO1,-0.0078074518
CARMIL2,DIDO1,-0.028563317
SEZ6,DIDO1,-0.013520993
ZNF530,DIDO1,-0.032661613
MED15,DIDO1,-0.019775286
PTGDS,DIDO1,-0.023218475
DMRT3,DIDO1,-0.014014445
PRKG2,DIDO1,-0.0675699
KIF12,DIDO1,-0.01265774
NPM3,DIDO1,-0.02177505
TRPC4,DIDO1,-0.01754058
ALDH7A1,DIDO1,-0.009721448
CITED4,DIDO1,-0.016660102
EFNA2,DIDO1,-0.049001895
KCNG1,DIDO1,-0.014456606
NRGN,DIDO1,-0.025923619
C1orf216,DIDO1,-0.0006648817
DGCR6L,DIDO1,-0.033682864
MUC3A,DIDO1,0.0003659804
RASSF2,DIDO1,-0.04705529
SNX21,DIDO1,-0.035449993
CIDEA,DIDO1,-0.014671451
MAP3K1,DIDO1,-0.02583736
CCDC110,DIDO1,-0.02793015
DHX32,DIDO1,-0.025549227
WDR46,DIDO1,-0.009388471
FUOM,DIDO1,-0.025693523
BAIAP2,DIDO1,-0.0037119815
FBXL16,DIDO1,-0.0656506
TSPAN10,DIDO1,-0.008602005
ZNF408,DIDO1,-0.010356695
TTN,DIDO1,-0.01785521
C19orf84,DIDO1,-0.009410801
KLRF2,DIDO1,-0.017123897
CRPPA,DIDO1,-0.02530349
HELLS,DIDO1,-0.0090950765
DCP1B,DIDO1,-0.08130447
SNF8,DIDO1,-0.02458351
YBEY,DIDO1,-0.025077641
ZNF717,DIDO1,-0.05488425
ZNF839,DIDO1,-0.019598324
CCDC18,DIDO1,-0.01368054
KLHL11,DIDO1,-0.021480786
RERG,DIDO1,-0.0069060517
BZW2,DIDO1,-0.017462587
SLC6A20,DIDO1,-0.010804109
RPL3L,DIDO1,-0.024372356
LGI4,DIDO1,0.001029885
COL10A1,DIDO1,-0.018960383
TSPAN14,DIDO1,-0.020347293
ASF1A,DIDO1,-0.0063644587
CENPP,DIDO1,-0.037774496
GALR3,DIDO1,-0.019408112
CAPS2,DIDO1,-0.015249214
GPR132,DIDO1,-0.04839945
ANKRD20A1,DIDO1,-0.018041674
SNAPC5,DIDO1,-0.018846646
ZNF134,DIDO1,-0.07346478
LRSAM1,DIDO1,-0.02723414
NEXN,DIDO1,-0.00960926
COX17,DIDO1,-0.0135738
MYLK4,DIDO1,-0.021538153
SLPI,DIDO1,-0.018908009
PMAIP1,DIDO1,-0.076496355
GABBR1,DIDO1,-0.011940476
SLC25A27,DIDO1,-0.016788527
C8orf82,DIDO1,-0.0058626826
PNKP,DIDO1,-0.012345283
PDPR,DIDO1,-0.02169817
GK3P,DIDO1,-0.005407815
DUSP14,DIDO1,-0.0022779526
ESYT3,DIDO1,-0.05047824
C17orf75,DIDO1,-0.018034004
H2AC13,DIDO1,-0.018044483
IZUMO4,DIDO1,-0.06077618
ZC3H8,DIDO1,-0.01417105
COL23A1,DIDO1,-0.016616695
GALM,DIDO1,-0.014556888
ANKRD36,DIDO1,-0.01863683
CKMT1B,DIDO1,-0.0076658856
HTRA4,DIDO1,-0.059055034
ARTN,DIDO1,-0.018030033
GOLPH3,DIDO1,-0.036576707
PCDHB12,DNAH17,-0.026786942
NRBP2,DNAH17,-0.0077155973
PCDHB14,DNAH17,-0.012027692
MED15,DNAH17,-0.0088770725
ZNF239,DNAH17,-0.0088816695
UACA,DNAH17,-0.058119286
ST6GALNAC1,DNAH17,-0.005387531
PROSER2,DNAH17,-0.0017776543
MON1B,DNAH17,-0.008828423
SPRY2,DNAH17,-0.012210149
RNF208,DNAH17,-0.018826922
DEFA4,DNAH17,-0.020263528
FAM72D,DNAH17,-0.020654188
ZBTB2,DNAH17,-0.010484429
CA9,DNAH17,-0.011831515
CDH7,DNAH17,-0.013496894
STAC3,DNAH17,-0.0073745903
TPI1,DNAH17,-0.020095378
SPICE1,DNAH17,-0.01047417
ERCC6,DNAH17,-0.02574826
ETFB,DNAH17,-0.029474635
CNOT6L,DNAH17,-0.026463477
PTCHD4,DNAH17,-0.008731019
RNF32,DNAH17,-0.013612828
ABHD6,DNAH17,-0.0111850975
UBB,DNAH17,-0.010850173
TLCD1,DNAH17,-0.0126292305
SLC3A2,DNAH17,-0.023234254
MMP10,DNAH17,-0.02530445
FUT6,DNAH17,-0.021596309
POU1F1,DNAH17,-0.056316707
MSRB2,DNAH17,-0.023585534
UCN2,DNAH17,-0.011127098
CORO1A,DNAH17,-0.050464805
AC098650.1,DNAH17,-0.020372527
NAGA,DNAH17,-0.015904756
COLEC10,DNAH17,-0.037113298
RETREG2,DNAH17,-0.0066160453
AMBP,DNAH17,-0.026944699
HAO2,DNAH17,-0.013051726
SNAP91,DNAH17,-0.00779031
NPY,DNAH17,-0.020337414
IDH2,DNAH17,-0.069961436
PREB,DNAH17,-0.01829504
SMC6,DNAH17,-0.0801737
RIOK1,DNAH17,0.000184205
ALOX12B,DNAH17,-0.025827583
ANKRD54,DNAH17,-0.0131874615
RTL6,DNAH17,-0.015052361
PCDHA11,DNAH17,-0.015274723
FCRL1,DNAH17,-0.016657421
PRDX5,DNAH17,-0.007063819
ZC3H6,DNAH17,-0.010699528
TCEAL4,DNAH17,-0.012021903
C22orf15,DNAH17,-0.01799996
QTRT1,DNAH17,-0.015040162
WASHC2A,DNAH17,-0.017018171
FAM163B,DNAH17,-0.010183324
GPR34,DNAH17,-0.017936537
KRT7,DNAH17,-0.008580397
MIDN,DNAH17,-0.015135104
IL23R,DNAH17,-0.009390643
AMOT,DNAH17,-0.03204096
ID2,DNAH17,-0.016213328
PSD,DNAH17,-0.02646839
PLLP,DNAH17,-0.046474986
CLU,DNAH17,-0.018550375
DAZL,DNAH17,-0.057872515
ADAM23,DNAH17,-0.02281774
TPSAB1,DNAH17,-0.01771637
C1orf210,DNAH17,-0.021029934
SCARA3,DNAH17,-0.043929365
POLL,DNAH17,-0.03227987
DAPK2,DNAH17,-0.020945737
ARMC7,DNAH17,-0.015183977
FOXO4,DNAH17,-0.0595787
ERVMER34-1,DNAH17,-0.015508299
HRH2,DNAH17,-0.0079643205
RAD50,DNAH17,-0.120462425
DUSP4,DNAH17,-0.050943308
LILRB5,DNAH17,-0.02925828
CBR4,DNAH17,-0.0065498785
KRT6B,DNAH17,-0.022701496
VIP,DNAH17,-0.0080532245
KPNA7,DNAH17,-0.021862939
MDK,DNAH17,-0.019925201
MFSD13A,DNAH17,-0.016172634
ANAPC7,DNAH17,-0.006677863
EXOC3L4,DNAH17,-0.018654227
TMEM255A,DNAH17,-0.07597291
RRM2,DNAH17,-0.04326502
SLC9A8,DNAH17,-0.018644812
CYFIP1,DNAH17,-0.027263066
SLC39A5,DNAH17,-0.022812713
KRBA2,DNAH17,-0.0125042545
BSCL2,DNAH17,-0.058541253
IL4I1,DNAH17,-0.0039875642
VIT,DNAH17,-0.012398422
AEBP1,DNAH17,-0.008030345
BASP1,DNAH17,-0.034262337
SYCP3,DNAH17,-0.01654364
KBTBD13,DNAH17,-0.0065082223
MYBPC3,DNAH17,-0.02330409
ABCC6,DNAH17,-0.014534156
KCNF1,DNAH17,-0.011660539
RASGRP2,DNAH17,-0.015063594
ZFP3,DNAH17,-0.019604942
C5orf38,DNAH17,-0.047739513
ZNF135,DNAH17,-0.012950679
OPN3,DNAH17,-0.0024754808
U2AF1,DNAH17,-0.014680728
RORA,DNAH17,-0.0077494453
OSM,DNAH17,-0.010870539
NT5DC3,DNAH17,-0.04527675
C2CD4A,DNAH17,-0.009698494
ZDHHC2,DNAH17,-0.050190493
CTBP1,DNAH17,-0.00798752
RPL22L1,DNAH17,-0.0077125533
TMEM240,DNAH17,-0.019467048
FOXD2,DNAH17,-0.046728317
SPECC1,DNAH17,-0.009963745
KRT81,DNAH17,-0.12165441
DNER,DNAH17,-0.047631275
TPSB2,DNAH17,-0.011335649
SLC43A3,DNAH17,-0.091440015
PRR18,DNAH17,-0.00818612
ZNF728,DNAH17,-0.005084528
PCDH7,DNAH17,-0.01313038
MRGPRX3,DNAH17,-0.018199926
PLD5,DNAH17,-0.03056492
POLA2,DNAH17,-0.038312986
PRR16,DNAH17,-0.016246768
HDAC2,DNAH17,-0.025332289
TMEM91,DNAH17,-0.023622647
FAM216B,DNAH17,-0.0265212
ANGPTL5,DNAH17,-0.007945841
MLIP,DNAH17,-0.02172134
AC010132.3,DNAH17,-0.016560435
LYPD5,DNAH17,-0.14732967
BGLAP,DNAH17,-0.02149461
KCNAB2,DNAH17,-0.037286874
TNFRSF10A,DNAH17,-0.011914012
TARS3,DNAH17,-0.03935264
MOCS1,DNAH17,-0.011729302
ENPEP,DNAH17,-0.029529331
S100A5,DNAH17,-0.011740174
CCL2,DNAH17,-0.00694395
C14orf28,DNAH17,-0.036669567
CHD4,DNAH17,-0.01253684
ACTBL2,DNAH17,-0.01931377
CLIC5,DNAH17,-0.01693768
AKAP10,DNAH17,-0.008560017
H2AC20,DNAH17,-0.02875333
PIDD1,DNAH17,-0.021639371
CWF19L1,DNAH17,-0.015483595
ADGRG5,DNAH17,-0.022619538
MAN1B1,DNAH17,-0.08148134
PIK3R3,DNAH17,-0.018061955
MICALL2,DNAH17,-0.010754793
TLR5,DNAH17,-0.0016565506
SHOX2,DNAH17,-0.010705887
UBE3D,DNAH17,-0.0070104985
C12orf75,DNAH17,-0.022172755
ZNF613,DNAH17,-0.01278232
KCNA6,DNAH17,-0.03812954
POLR2J2,DNAH17,-0.01599208
TCEAL5,DNAH17,-0.010544154
PPP2R2A,DNAH17,-0.020295516
REG4,DNAH17,-0.0022847925
CBLN1,DNAH17,-0.022524187
SDHA,DNAH17,-0.045694847
HOXA5,DNAH17,-0.015611636
GPAT3,DNAH17,-0.03290975
SLC44A2,DNAH17,-0.0071285567
PMF1,DNAH17,-0.033357747
COX7B,DNAH17,-0.034385536
MMP11,DNAH17,-0.01888802
LMTK3,DNAH17,-0.030196877
APCDD1,DNAH17,-0.012957794
MRPS24,DNAH17,-0.004884809
EREG,DNAH17,-0.011429409
PCNA,DNAH17,-0.017897561
AC023055.1,DNAH17,-0.009493303
TMEM86B,DNAH17,-0.012608448
DCTPP1,DNAH17,-0.017876867
SUSD3,DNAH17,0.0033681726
METTL1,DNAH17,-0.03971362
NUTM2B,DNAH17,-0.013906681
PRR32,DNAH17,-0.011011316
SULT1A1,DNAH17,-0.09348135
GPX4,DNAH17,-0.0076141073
ADSS1,DNAH17,-0.008263513
MDGA1,DNAH17,-0.014905546
STBD1,DNAH17,-0.011939857
ZNF530,DNAH17,-0.020436047
PHF19,DNAH17,-0.102630444
PERP,DNAH17,-0.039955873
CENPS,DNAH17,-0.017902572
NQO2,DNAH17,-0.019858576
MVP,DNAH17,-0.024687972
ADAMTS14,DNAH17,-0.019038903
SMOC1,DNAH17,-0.01384146
ZBTB32,DNAH17,-0.018882655
ZKSCAN2,DNAH17,-0.009074614
SRGAP3,DNAH17,-0.01143038
SLC1A3,DNAH17,-0.045508754
APOC1,DNAH17,-0.008441694
GALNT5,DNAH17,-0.019549243
HNF4G,DNAH17,-0.027737431
PTGS2,DNAH17,-0.042596955
HSPA1A,DNAH17,-0.01639118
HOXC6,DNAH17,-0.007451959
CBSL,DNAH17,-0.016889766
AKAP11,DNAH17,-0.011119994
ADHFE1,DNAH17,-0.008149366
GNMT,DNAH9,-0.0015531466
MARCHF10,DNAH9,-0.019392904
CBLC,DNAH9,-0.006858244
SLC2A1,DNAH9,-0.016051024
SFXN2,DNAH9,-0.005048767
CLEC5A,DNAH9,-0.024928357
PRG3,DNAH9,-0.017888948
ZNF197,DNAH9,-0.03338239
SF3A1,DNAH9,-0.009910376
VWDE,DNAH9,-0.006602504
SAXO2,DNAH9,-0.019275298
TMSB15B,DNAH9,-0.011090411
ATP6V0B,DNAH9,-0.023658441
ZNF507,DNAH9,-0.029277954
BCAS4,DNAH9,-0.0123710465
MARCHF2,DNAH9,-0.010864826
SP140L,DNAH9,-0.014076462
FAM86B2,DNAH9,-0.0036606458
FAM118A,DNAH9,-0.02104541
NKAIN3,DNAH9,-0.0149315195
WDR72,DNAH9,-0.014217231
SH3RF3,DNAH9,-0.014539929
PLCG2,DNAH9,-0.011078702
SLC9A2,DNAH9,-0.032864667
RP1L1,DNAH9,-0.03730546
AAR2,DNAH9,-0.014167515
GPR149,DNAH9,-0.03615955
SLC25A38,DNAH9,-0.011620057
GLI1,DNAH9,-0.047148984
PTPRE,DNAH9,-0.10240012
PFDN2,DNAH9,-0.0077135568
RASGRP2,DNAH9,-0.022271112
SHISA2,DNAH9,-0.01537993
HRC,DNAH9,-0.0181048
RRP7A,DNAH9,-0.014055269
FBXL22,DNAH9,-0.023729095
ABCA8,DNAH9,-0.014332536
ADGRF3,DNAH9,-0.046839323
CHMP4B,DNAH9,-0.16190138
TEX261,DNAH9,-0.0057154307
GAMT,DNAH9,-0.013111182
KRT14,DNAH9,-0.022877768
SLC52A1,DNAH9,-0.09634808
KCNE5,DNAH9,-0.014423485
LRRC20,DNAH9,-0.00848487
KCND2,DNAH9,-0.030170664
ATP5MF,DNAH9,-0.013075545
EXOSC7,DNAH9,-0.028039426
FOXO1,DNAH9,-0.015767086
DDX28,DNAH9,-0.024334677
DHFR2,DNAH9,-0.041301284
LRRC73,DNAH9,-0.008400027
CD244,DNAH9,-0.017795188
CLDN11,DNAH9,-0.009915314
RBP7,DNAH9,-0.013903732
POLR1B,DNAH9,-0.112622604
SMIM22,DNAH9,-0.013113035
SLC38A5,DNAH9,-0.020679552
CAMK4,DNAH9,-0.013958206
GTPBP6,DNAH9,-0.025407903
RNF170,DNAH9,-0.03618192
RNF144A,DNAH9,-0.009143012
ARHGAP19-SLIT1,DNAH9,-0.013775128
UBALD2,DNAH9,-0.013478519
FRRS1,DNAH9,-0.19520117
IRGQ,DNAH9,-0.0064799385
LONRF2,DNAH9,-0.008716279
ATP6V1F,DNAH9,-0.017411336
METTL27,DNAH9,-0.015014847
PTPRJ,DNAH9,-0.058775242
CSTF1,DNAH9,-0.014837625
SULT1B1,DNAH9,-0.026215956
HSPA6,DNAH9,-0.0045294045
IQANK1,DNAH9,-0.011287364
ZNF502,DNAH9,-0.015659261
FJX1,DNAH9,-0.008074704
IFI44,DNAH9,-0.012470319
RYR3,DNAH9,-0.020610964
DENND5A,DNAH9,-0.014861623
ISLR2,DNAH9,-0.021983914
GALM,DNAH9,-0.4070088
CPSF3,DNAH9,-0.030878562
PLEKHS1,DNAH9,-0.017614013
POLN,DNAH9,-0.01993504
LRIF1,DNAH9,-0.08708315
CROCC2,DNAH9,-0.06172603
FOSL2,DNAH9,-0.009158045
CT83,DNAH9,-0.020258948
RFXAP,DNAH9,-0.025686942
ZNF467,DNAH9,-0.021339606
ADGRG2,DNAH9,-0.037482634
MTERF2,DNAH9,-0.0068982444
AC099489.1,DNAH9,-0.010138903
HCRTR2,DNAH9,-0.017366385
RWDD3,DNAH9,-0.02307751
MRAP,DNAH9,-0.009731972
EVL,DNAH9,-0.035452623
PRR15,DNAH9,-0.023887761
RPL10L,DNAH9,-0.05996146
SLC19A3,DNAH9,-0.020039955
FAR2,DNAH9,-0.01190711
TSPAN4,DNAH9,-0.012154198
SLITRK4,DNAH9,-0.048817
TUB,DNAH9,-0.022705728
GSTA1,DNAH9,-0.04752577
AARS2,DNAH9,-0.014225448
ABCA5,DNAH9,-0.02099631
RPS4Y1,DNAH9,-0.014209362
SPDL1,DNAH9,-0.026317032
ITGAE,DNAH9,-0.056143355
PLEK2,DNAH9,-0.0070818337
GATB,DNAH9,-0.035069764
RHEB,DNAH9,-0.0013198605
BCL11B,DNAH9,-0.035162177
PDCD5,DNAH9,-0.026393374
SPRR3,DNAH9,-0.071654014
OR8G5,DNAH9,-0.0044688648
SAMD1,DNAH9,-0.030442933
FLCN,DNAH9,-0.012668583
AGO1,DNAH9,-0.008882547
DEPDC7,DNAH9,-0.03696959
TNS2,DNAH9,-0.008504553
SDR9C7,DNAH9,-0.015005466
UGT2B15,DNAH9,-0.027624043
COLEC11,DNAH9,-0.018732825
GEMIN7,DNAH9,-0.033935733
CDK15,DNAH9,-0.04059414
NCS1,DNAH9,-0.020483274
ACE2,DNAH9,-0.017069802
MUC3A,DNAH9,-0.046688557
ACAD10,DNAH9,-0.042005934
PHF20,DNAH9,-0.008083121
DCBLD2,DNAH9,-0.124200046
LAMTOR4,DNAH9,-0.0007823376
S100A1,DNAH9,-0.028509062
PAX9,DNAH9,-0.01442137
EIF6,DNAH9,-0.02813324
CC2D2A,DNAH9,-0.0464074
FMO3,DNAH9,-0.033612262
ZNF189,DNAH9,-0.046441417
CPLX1,DNAH9,-0.042923097
SMG5,DNAH9,-0.0336415
ANGPTL5,DNAH9,-0.013968193
ALK,DNAH9,-0.0045108055
TIMM8B,DNAH9,-0.01881289
KLF12,DNAH9,-0.10250416
ABHD4,DNAH9,-0.022380047
AVPR1A,DNAH9,-0.016616965
ELMO3,DNAH9,-0.024983648
PPP4C,DNAH9,-0.03712385
AKAP3,DNAH9,-0.01653502
HEPACAM,DNAH9,-0.11790469
RUNX1,DNAH9,-0.027264535
C4orf36,DNAH9,-0.015047306
ADD1,DNAH9,-0.014002998
ZNF738,DNAH9,-0.010124726
SEC16B,DNAH9,-0.04536442
ABHD11,DNAH9,-0.006618715
CRLF2,DNAH9,-0.03636511
SLCO4C1,DNAH9,-0.019526064
EN1,DNAH9,-0.018341586
ACE,DNAH9,-0.045513872
NIBAN3,DNAH9,-0.047076657
TIAM1,DNAH9,-0.019327063
CTAG2,DNAH9,-0.05476279
CD2BP2,DNAH9,-0.035416752
RAB40A,DNAH9,-0.03053766
EIF2S2,DNAH9,-0.014709594
ZNF85,DNAH9,-0.009524211
FABP4,DNAH9,-0.012124864
GRB14,DNAH9,-0.021643905
TANK,DNAH9,-0.0038391505
ATP12A,DNAH9,-0.0060570096
HMOX1,DNAH9,-0.035751827
CTSL,DNAH9,-0.029815294
MGST2,DNAH9,-0.02038944
CD74,DSP,-0.0033588712
NHSL2,DSP,-0.023193644
CRYBG1,DSP,-0.023297172
GRK3,DSP,-0.039286338
PSG11,DSP,-0.01035048
CD7,DSP,-0.024244199
ZNF773,DSP,-0.017550813
NKAIN1,DSP,-0.56850797
SMURF2,DSP,-0.015388768
CITED4,DSP,-0.024369566
MUC6,DSP,-0.028346682
ZNF362,DSP,-0.0917703
DECR1,DSP,-0.08591555
GPR173,DSP,-0.09178341
KIAA1614,DSP,-0.049249772
ODC1,DSP,0.0014177992
KLC1,DSP,-0.013543946
NOTUM,DSP,-0.01680197
LILRA1,DSP,-0.011605392
C4orf47,DSP,-0.041993506
CRLF3,DSP,-0.02943571
TICAM2,DSP,-0.0068631466
ITGA2B,DSP,-0.016574984
KCTD9,DSP,-0.036341794
MMRN2,DSP,-0.08261785
RAB43,DSP,-0.00606775
CCND3,DSP,-0.027393227
CUBN,DSP,-0.053156517
TMEM115,DSP,-0.0021977208
MOV10,DSP,-0.018689275
ACP5,DSP,-0.10824605
POLR3G,DSP,-0.019875502
AC011448.1,DSP,-0.025757104
FSD1,DSP,-0.05640123
ASS1,DSP,-0.023133215
DPM3,DSP,-0.0343548
RTP5,DSP,-0.015070609
SLC35E2B,DSP,-0.014829507
ESPN,DSP,-0.0047849636
RASSF4,DSP,-0.021781966
MACROD1,DSP,-0.026653884
FPR2,DSP,-0.029073358
GSC,DSP,-0.0052373414
SIRT5,DSP,-0.017197438
COMMD1,DSP,-0.027883159
TIGAR,DSP,-0.08262352
RTL8C,DSP,-0.019651247
TCEA2,DSP,-0.010625619
KRT77,DSP,-0.012860929
VSTM1,DSP,-0.023458472
AL021997.2,DSP,-0.016932683
ZNF878,DSP,-0.032828413
TTLL9,DSP,-0.0017477794
C2CD6,DSP,-0.050035853
TULP2,DSP,-0.023626648
PTPN20,DSP,-0.017289087
GPT2,DSP,-0.035668083
MARCO,DSP,-0.02991087
ABCG2,DSP,-0.03271022
ITGA6,DSP,-0.0028008586
DNAJA4,DSP,-0.010215647
AGER,DSP,-0.015516071
KCNK7,DSP,-0.011732364
FUT6,DSP,-0.020668717
IKBKB,DSP,-0.02467693
AGT,DSP,-0.21014668
GALE,DSP,-0.045078505
TTLL10,DSP,-0.02090428
S1PR3,DSP,-0.020841977
KMT5A,DSP,-0.019747281
MTARC1,DSP,-0.016189259
ZBTB24,DSP,-0.024414698
MKNK1,DSP,-0.0068020923
GTDC1,DSP,-0.013559446
PDS5B,DSP,-0.003586545
PADI2,DSP,-0.031491246
HYDIN,DSP,-0.06854309
PHETA2,DSP,-0.0044444543
GPR55,DSP,-0.008868779
ADA2,DSP,-0.13587114
MBLAC1,DSP,-0.030256948
MAGEA9B,DSP,-0.08471752
SKA3,DSP,-0.012144059
TMCO1,DSP,-0.02513153
CDC42EP1,DSP,-0.01626798
GADD45G,DSP,-0.12782414
EREG,DSP,-0.085892096
COLEC11,DSP,-0.032946054
KYAT3,DSP,-0.039336354
FSCN2,DSP,-0.09173162
MINDY4,DSP,-0.042948846
VAV1,DSP,-0.012609057
PCDHGB5,DSP,-0.02524501
MMP12,DSP,-0.018444408
RBMXL2,DSP,-0.008607122
HOXC10,DSP,-0.024022961
DIABLO,DSP,-0.015761364
MERTK,DSP,-0.022506613
C6orf136,DSP,-0.009762334
APOM,DSP,-0.014763006
JARID2,DSP,-0.06564304
PRPH2,DSP,-0.01727667
LONRF3,DSP,-0.017800843
PFKFB4,DSP,-0.036764115
MRGPRX3,DSP,-0.009626001
SLC35A2,DSP,-0.021027474
RAI14,DSP,-0.11118125
ART4,DSP,-0.08709284
SNRPA,DSP,-0.009657752
PCOLCE2,DSP,-0.021257365
FCN1,DSP,-0.017685927
FAM95C,DSP,-0.057038028
ZNF273,DSP,-0.015803076
ZNF518B,DSP,-0.084037915
ACLY,DSP,-0.02741078
C17orf58,DSP,-0.0016713599
TAF3,DSP,-0.049664594
MFSD9,DSP,-0.013851767
OLFM4,DSP,-0.008135464
CHODL,DSP,-0.012073041
MUSK,DSP,-0.028619
NEK10,DSP,-0.01284918
SPIRE2,DSP,-0.060816154
FABP2,DSP,-0.10198969
CYP2U1,DSP,-0.050996277
GTPBP3,DSP,-0.014190665
TACC3,DSP,-0.00967224
SLC25A26,DSP,-0.08629552
SLC25A4,DSP,-0.0078049903
ENTPD1,DSP,-0.025287362
TSNAXIP1,DSP,-0.012392577
HP,DSP,-0.026352188
AGBL2,DSP,-0.02701575
IGSF8,DSP,-0.0057500075
FANCI,DSP,-0.008079895
MPL,DSP,-0.009672904
S100A2,DSP,-0.00043971653
CRHR2,DSP,-0.0039915787
GATA4,DSP,-0.008208882
SLC46A3,DSP,-0.0042605526
DUOXA2,DSP,-0.011898737
ENPP3,DSP,-0.042489458
PSAT1,DSP,-0.06402541
RANGRF,DSP,-0.00582146
EDA,DSP,-0.031338334
RASL11A,DSP,-0.019162798
CYFIP2,DSP,-0.0497712
UGT1A4,DSP,-0.04466801
C19orf12,DSP,-0.07529271
GSTP1,ELF3,-0.0062572835
THOC6,ELF3,-0.015251251
PHEX,ELF3,-0.006050413
TRAK1,ELF3,-0.0026248777
PITX1,ELF3,-0.00021545342
ATMIN,ELF3,-0.017572602
SLC27A5,ELF3,-0.0011841782
ELL3,ELF3,-0.011659669
SULT1C2,ELF3,-0.011083014
RLBP1,ELF3,-0.0057837046
PSPN,ELF3,-0.0022195757
SLC16A10,ELF3,-0.0016031828
PGS1,ELF3,-0.018923402
ANK2,ELF3,-0.05331568
IL19,ELF3,-0.0032638202
IQUB,ELF3,-0.016415045
CHRFAM7A,ELF3,-0.004740245
SHTN1,ELF3,-0.006684789
C12orf57,ELF3,-0.0019728083
OBSCN,ELF3,-0.008272086
ACKR2,ELF3,-0.012443379
DNTTIP1,ELF3,-0.012921462
HSPB9,ELF3,-0.0063232044
SLC9A9,ELF3,-0.012791033
FOXL2,ELF3,-0.027271217
CXCL12,ELF3,-0.023097098
IER5L,ELF3,-0.019870477
CDC20B,ELF3,-0.029753014
CTSH,ELF3,-0.08243784
PBK,ELF3,-0.029935213
SESN3,ELF3,-0.01720133
DLG4,ELF3,-0.020909946
UROS,ELF3,-0.010068966
FUT3,ELF3,-0.0028060717
SETDB2,ELF3,-0.002174163
PLXNA4,ELF3,-0.004332884
ETV2,ELF3,-0.072538026
CCDC68,ELF3,-0.005741059
TET1,ELF3,-0.0074296985
NDUFA8,ELF3,-0.0116123855
PRKDC,ELF3,-0.004199792
CAMK1D,ELF3,-0.02531654
LRRC63,ELF3,-0.011589262
MED24,ELF3,-0.05236986
CORIN,ELF3,-0.0023183268
TGFA,ELF3,-0.022101637
MS4A7,ELF3,-0.009485039
SMNDC1,ELF3,-0.0048812465
MTX1,ELF3,-0.016085712
KLRD1,ELF3,-0.006177831
TRIM17,ELF3,-0.00856701
CCNA1,ELF3,-0.016631238
MALRD1,ELF3,-0.015000856
ELOVL7,ELF3,-0.010214438
UPK1B,ELF3,-0.06459596
UPF3A,ELF3,-0.006489463
NREP,ELF3,-0.008464894
SNRPN,ELF3,-0.056241
SH2D7,ELF3,-0.01172879
TIPIN,ELF3,-0.02315475
CFHR4,ELF3,-0.007881243
FREM1,ELF3,-0.018168502
HS3ST6,ELF3,-0.011221946
RPS18,ELF3,-0.0016007547
HSPB8,ELF3,-0.01158644
YIPF4,ELF3,-0.008992035
KCNH7,ELF3,-0.0042725913
CHAMP1,ELF3,-0.0077530346
HTR1F,ELF3,-0.03216739
SLC10A3,ELF3,-0.015571826
PSMB7,ELF3,-0.026908044
NFIA,ELF3,-0.032404065
FUT9,ELF3,-0.014242401
CARD10,ELF3,-0.014086401
ALX3,ELF3,-0.010454251
OSBPL6,ELF3,-0.01840494
PANK2,ELF3,-0.0052255555
DNAH10,ELF3,-0.0941004
MYO19,ELF3,-0.026815766
SNAPC4,ELF3,-0.023298047
AACS,ELF3,-0.008230328
RNF175,ELF3,-0.0055745277
KCTD13,ELF3,-0.020154865
ABCA4,ELF3,-0.0034976858
ZGRF1,ELF3,-0.009248668
ESR1,ELF3,-0.015378021
TIMP1,ELF3,-0.008150209
RAVER2,ELF3,-0.008905317
KMT5C,ELF3,-0.012955928
SPATA45,ELF3,-0.024365822
TMEM219,ELF3,-0.0071522403
KRT9,ELF3,-0.0017362597
COMTD1,ELF3,-0.022011664
DPT,ELF3,-0.021602849
KBTBD11,ELF3,-0.013674484
ALDOA,ELF3,-0.007962771
RPL32,ELF3,-0.0034838489
MXD3,ELF3,-0.0018683404
EGF,ELF3,-0.06002273
NUTM2D,ELF3,-0.005381743
TMC8,ELF3,-0.04231769
FLRT3,ELF3,-0.016759563
PITRM1,ELF3,-0.008094193
KRT75,ELF3,-0.072693795
CAMTA2,ELF3,-0.0069892625
ADORA2B,ELF3,-0.007505421
ENTPD5,ELF3,-0.0031199045
SPRR2A,ELF3,-0.009048136
PTDSS2,ELF3,-0.004187551
SLC2A14,ELF3,-0.00055144104
STK32C,ELF3,-0.0033615406
OPN4,ELF3,-0.009810651
GPR63,ELF3,-0.032671038
BASP1,ELF3,-0.011287011
XPNPEP2,ELF3,-0.022971598
TCTA,ELF3,-0.019842278
HCFC1R1,ELF3,-0.023338387
UPK2,ELF3,-0.021927655
RPL6,ELF3,-0.02030492
ZNF79,ELF3,-0.011985453
FAM98A,ELF3,-0.00045824423
JTB,ELF3,-0.0025437868
ITLN2,ELF3,-0.010716975
PBX2,ELF3,-0.059360854
CLPSL2,ELF3,-0.005926985
ARL14EPL,ELF3,-0.016093556
LMNTD2,ELF3,-0.02366414
ELOB,ELF3,-0.06246375
SLC6A12,ELF3,-0.018146638
HSF4,ELF3,-0.010114081
ST8SIA4,ELF3,-0.0006349087
KIF27,ELF3,-0.068531506
CEP68,ELF3,-0.0023898035
COX14,ELF3,-0.020535616
ETFRF1,ELF3,-0.0063155
CRIP3,ELF3,-0.008098807
GSTA2,ELF3,-0.009057617
OXA1L,ELF3,-0.006528925
ESYT3,ELF3,-0.014328796
LRIG1,ELF3,-0.018194946
PLAUR,ELF3,-0.03375898
LRRN2,ELF3,-0.022012502
ACBD4,ELF3,-0.00955338
PITPNB,ELF3,-0.0075685927
TAFA3,ELF3,-0.01756767
MOCS1,ELF3,-0.008520904
WDR97,ELF3,-0.023427635
PAMR1,ELF3,-0.029628694
MACROH2A2,ELF3,-0.01748097
EME1,ELF3,-0.066714734
GPM6A,ELF3,-0.019234458
SRPX2,ELF3,-0.01776997
SIGIRR,ELF3,-0.0011992187
ZER1,ELF3,-0.011884268
MAGI2,ELF3,-0.011621751
DNAH9,ELF3,-0.007550604
RPL19,ELF3,-0.004516268
ROS1,ELF3,-0.00678587
ISG15,ELF3,-0.010633953
FGFR3,ELF3,-0.008844531
CIAO2B,ELF3,-0.0078044576
FZD10,ELF3,-0.113356896
PLA2G4D,ELF3,-0.022431493
RPS6KA4,ELF3,-0.0034435373
PCDHGA10,ELF3,0.0007020868
TMEM161A,ELF3,-0.004753787
SH3TC2,ELF3,-0.023975622
LHX5,ELF3,-0.16781665
HNRNPD,ELF3,-0.04035874
MANSC4,ELF3,-0.00563297
CLIP4,ELF3,-0.023973364
CRAT,ELF3,-0.014998426
S100P,ELF3,-0.010069864
ARHGAP15,ELF3,-0.0050425567
RADX,ELF3,-0.011274034
FAM217A,ELF3,-0.00058414007
CEP43,ELF3,-0.0023744951
PLA2G4A,ELF3,-0.011145541
C17orf113,ELF3,-0.010300902
MICALL2,ELF3,-0.019508298
UMPS,ELF3,-0.008025221
RPL35,ELF3,0.00068473467
SLC35F3,ELF3,-0.009901003
HRC,ELF3,-0.005933162
CCDC88B,ELF3,-0.021768458
PRKCA,ELF3,-0.027326927
FXYD5,ELF3,-0.0059210765
FCGBP,ELF3,-0.0060364013
GPR3,ELF3,-0.026702955
ROPN1B,ELF3,-0.015518757
ZNF205,ELF3,-0.025398897
ANO9,ELF3,-0.008340876
CBX7,ELF3,-0.021987204
GALNT12,ELF3,-0.023133809
AP2A2,ELF3,-0.0108106965
PUM3,ELF3,-0.0015789763
HSD3B7,ELF3,-0.014902499
TMEM256,ELF3,-0.03102384
C1QBP,ELF3,-0.0135792745
HOXD13,ELF3,-0.022641087
ATP2C2,ELF3,-0.1495438
TIAF1,ELF3,-0.005885949
IL5RA,ELF3,-0.010100807
OR10A6,ELF3,-0.01245375
ZNRF1,ELF3,-0.03490865
YBEY,ELF3,-0.0065855333
ANG,ELF3,2.459513e-05
UBA6,ELF3,-0.019880276
PTK7,ELF3,-0.017217286
RILPL1,ELF3,-0.008367815
FRMPD2,ELF3,-0.05930022
TINCR,ELF3,-0.010692077
OLR1,ELF3,-0.010651008
INSIG2,ELF3,-0.014892695
ARHGAP23,ELF3,-0.014022598
CNRIP1,ELF3,-0.018564926
ZNF202,ELF3,-0.014659907
ADGRF1,ELF3,-0.003254725
PET100,ELF3,-0.012341015
HELB,ELF3,-0.03450955
FLOT1,ELF3,-0.017148739
FIP1L1,ELF3,-0.015832383
C22orf15,ELF3,-0.0041273045
SLC28A1,ELF3,-0.046684828
DSG1,ELF3,-0.0064857737
TMEM200C,ELF3,-0.042207472
IFNGR2,ELF3,-0.016564157
PRRT1B,ELF3,-0.020788688
TFAP2E,ELF3,-0.012877622
C1orf74,ELF3,-0.0035863582
PPIL3,ELF3,-0.008975966
MYCL,ELF3,-0.0073541733
FAM217B,ELF3,-0.032554798
ALB,ELF3,-0.013790157
ANKRD63,ELF3,-0.011195178
CAVIN3,ELF3,-6.09157e-05
SOX12,ELF3,-0.0344474
SUGT1,ELF3,-0.015375791
ZNF184,ELF3,-0.0031587118
CH25H,ELF3,-0.037316564
KCNS1,ELF3,-0.0012564736
LY6H,ELF3,-0.010854511
VIL1,ELF3,-0.012559625
PNLIP,ELF3,-0.0390626
WDR3,ELF3,-0.026754603
PGAP3,ELF3,-0.009451633
SNCG,ELF3,-0.0208597
ADGRV1,ELF3,-0.020770194
NUP85,ELF3,-0.0007724206
RAB13,ELF3,-0.014987282
CD59,ELF3,-0.0085173845
IRGM,ELF3,-0.0020050865
CFAP20DC,ELF3,-0.0012290619
UBAP2,ELF3,-0.007968754
CNGB3,ELF3,-0.023663571
BATF,ERBB2,-0.000978042
FAM47A,ERBB2,-0.00976354
STX5,ERBB2,-0.0002527065
GDAP2,ERBB2,-0.0016808896
ZC2HC1A,ERBB2,-0.007461058
SLC5A9,ERBB2,-0.0064324797
CXorf49,ERBB2,-0.014181941
AC020636.2,ERBB2,-0.00991519
GNGT1,ERBB2,-0.014065103
ATP5MPL,ERBB2,-0.0025996189
MAGEF1,ERBB2,-0.0026665037
DHRS7C,ERBB2,-0.008675464
CLDN10,ERBB2,-0.10701828
GLI2,ERBB2,-0.028641513
ADCYAP1,ERBB2,-0.0066444827
FXYD7,ERBB2,-0.008147668
TMEM38B,ERBB2,-0.007931734
PARM1,ERBB2,-0.004719931
SERTAD1,ERBB2,-0.0026963532
SINHCAF,ERBB2,-0.00858028
ELAVL2,ERBB2,-0.012168078
CLEC12A,ERBB2,-0.016106658
GALC,ERBB2,-0.03598656
HSPA9,ERBB2,-0.004537672
NELFCD,ERBB2,-0.0043504992
IGF2,ERBB2,-0.03616295
CCBE1,ERBB2,-0.01116528
ERV3-1,ERBB2,-0.012165659
SSBP4,ERBB2,-0.006448062
P4HA1,ERBB2,-0.022847075
SLC44A4,ERBB2,-0.022337783
SHISAL2B,ERBB2,-0.047884487
FAAP20,ERBB2,-0.01794193
TRIM16,ERBB2,-0.059484597
PLA2G4D,ERBB2,-0.015523
DENND2B,ERBB2,-0.0113790985
KIR2DL4,ERBB2,-0.016569814
LGALS2,ERBB2,-0.011238503
ESR1,ERBB2,-0.00769737
GFRAL,ERBB2,-0.019250492
NFIX,ERBB2,-0.017043838
SALL4,ERBB2,-0.007141319
RHNO1,ERBB2,-0.009093056
NEFL,ERBB2,-0.023001688
DBF4,ERBB2,-0.029035274
METTL7B,ERBB2,-0.0094951335
BEND5,ERBB2,-0.00409753
QSOX2,ERBB2,-0.05011295
COX16,ERBB2,-0.0052193464
BTBD6,ERBB2,-0.021445403
GYS2,ERBB2,-0.009482963
SLC12A7,ERBB2,-0.01020774
MUC19,ERBB2,-0.037443146
SERPINE1,ERBB2,-0.0076214424
ARHGEF25,ERBB2,-0.011567959
SLC22A18AS,ERBB2,-0.010548474
ATP6V1F,ERBB2,-0.003709211
SLCO1C1,ERBB2,-0.016582845
BSN,ERBB2,-0.015357989
SUOX,ERBB2,-0.010492719
ZNF470,ERBB2,-0.038451947
NKD2,ERBB2,-0.023631927
KRT86,ERBB2,-0.028695794
UBASH3B,ERBB2,-0.004603617
BTBD2,ERBB2,-0.02101245
SERF1A,ERBB2,-0.012219726
KLRG2,ERBB2,-0.0061481036
C17orf49,ERBB2,-0.017831277
NLRP1,ERBB2,-0.014586955
VAV3,ERBB2,-0.034434043
SLC2A9,ERBB2,-0.009932779
CCDC89,ERBB2,-0.023708593
PCGF1,ERBB2,-0.00577199
ETNK2,ERBB2,-0.035522666
EMID1,ERBB2,-0.009857248
GSTT2B,ERBB2,-0.013383237
FAM78A,ERBB2,-0.04472872
SELENBP1,ERBB2,-0.06497489
SPIN4,ERBB2,-0.017555173
VEZF1,ERBB2,-0.018110756
SLC26A6,ERBB2,-0.030025214
SHMT1,ERBB2,-0.013338565
STC2,ERBB2,-0.0037237133
CCT7,ERBB2,-0.006540911
MTM1,ERBB2,-0.00094143354
FAM200A,ERBB2,-0.12447007
TOR1AIP2,ERBB2,-0.027677475
TRAF2,ERBB2,-0.017417999
EDAR,ERBB2,-0.008504717
CCNB1IP1,ERBB2,-0.012676557
TGIF2,ERBB2,-0.011561691
TLE3,ERBB2,-0.021492355
PRKAR2A,ERBB2,-0.00089401676
ASB16,ERBB2,-0.019317048
EFNA5,ERBB2,-0.009362043
PIKFYVE,ERBB2,-0.011687619
ATF4,ERBB2,-0.04159233
HIVEP3,ERBB2,-0.02218372
GTPBP8,ERBB2,-0.012556072
ICOSLG,ERBB2,-0.009868935
SEC14L6,ERBB2,-0.010881348
CCR2,ERBB2,-9.652731e-05
INTU,ERBB2,-0.019447327
SCAI,ERBB2,-0.004722104
POU2AF1,ERBB2,-0.034840543
PLXNA2,ERBB2,-0.007944341
TMEM141,ERBB2,-0.05728996
ZNF549,ERBB2,-0.049571283
BRF1,ERBB2,-0.019098133
SUSD2,ERBB2,-0.016077004
ERBB3,ERBB2,-0.004696408
PITX2,ERBB2,-0.007591155
CALB1,ERBB2,-0.0113895675
OBSL1,ERBB2,-0.0056838025
COA8,ERBB2,-0.09056067
SF1,ERBB2,-0.011821256
EPPK1,ERBB2,-0.046064656
MPHOSPH10,ERBB2,-0.020285292
POLR3B,ERBB2,-0.041820023
SMO,ERBB2,-0.01120449
MKRN3,ERBB2,-0.029161427
TUBB8,ERBB2,-0.015790667
NRARP,ERBB2,-0.020479841
BARX1,ERBB2,-0.008176838
HOXC13,ERBB2,-0.0037569772
ZNF618,ERBB2,-0.026170567
NUDT12,ERBB2,-0.0047460906
GATD3B,ERBB2,-0.0060013314
RTN2,ERBB2,-0.020051764
RARRES1,ERBB2,-0.025152544
NCOA6,ERBB2,-0.046778
TOR4A,ERBB2,-0.025412746
IL21,ERBB2,-0.013404323
IL27RA,ERBB2,-0.011122152
GNRHR,ERBB2,-0.053461317
ARL6IP1,ERBB2,-0.015905654
RAB1B,ERBB2,-0.026872676
CSNK2B,ERBB2,-0.026749482
SYNPO2L,ERBB2,-0.007650055
ADAMTS7,ERBB2,-0.0072717946
ARL10,ERBB2,-0.04307659
MCUB,ERBB2,-0.006589462
PPP2R2B,ERBB2,-0.0052841716
RAET1G,ERBB2,-0.013807603
ZNF687,ERBB2,-0.040596522
PBXIP1,ERBB2,-0.0067763673
CHST4,ERBB2,-0.015061621
CLUAP1,ERBB2,-0.037064806
EEF1D,ERBB2,-0.01193429
NECAP1,ERBB2,-0.013250217
GADD45G,ERBB2,-0.007988043
RFK,ERBB2,-0.0030904226
JRK,ERBB2,-0.009250498
KIN,ERBB2,-9.171947e-05
MME,ERBB2,-0.015764818
SERTAD4,ERBB2,-0.02721724
ST3GAL3,ERBB2,-0.0025691628
PLCG1,ERBB2,-0.015081057
ANAPC11,ERBB2,-0.011337851
ANAPC2,ERBB2,-0.07790909
SBNO2,ERBB2,-0.015895275
ELF5,ERBB2,-0.012832611
NMNAT2,ERBB2,-0.007179967
PIDD1,ERBB2,-0.05557574
SCT,ERBB2,-0.010687252
PTK6,ERBB2,-0.0067748977
FAM53A,ERBB2,-0.012273235
ZNF559,ERBB2,-0.014582986
HES7,ERBB2,-0.011821889
ASS1,ERBB2,-0.011539401
GINS4,ERBB2,-0.0049028383
DNAH6,ERBB2,-0.0030809392
SEMA4F,ERBB2,-0.026144955
BAP1,ERBB2,-0.009091568
MAPKAPK5,ERBB2,-0.004068314
TMEM225B,ERBB2,-0.020922223
ARNT,ERBB2,-0.009580241
AMER2,ERBB2,-0.028821398
SLC18B1,ERBB2,-0.057448927
MCL1,ERBB2,-0.007525427
ABHD6,ERBB2,-0.0046292664
SORL1,ERBB2,-0.024707604
IL34,ERBB2,-0.014140963
AGBL5,ERBB2,-0.0058484245
WASF3,ERBB2,-0.009861782
FOXO1,ERBB2,-0.01123523
ARHGDIB,ERBB2,-0.0054586213
HRCT1,ERBB2,-0.044455092
CLIC1,ERBB2,-0.037382938
CD19,ERBB2,-0.013482304
GCNT4,ERBB2,-0.011334698
FAM171B,ERBB2,-0.0052895015
ETFBKMT,ERBB2,-0.005729887
KCTD2,ERBB2,-0.0021174597
FAM50B,ERBB2,-0.006207603
KIF24,ERBB2,-0.045175426
RWDD1,ERBB2,-0.01270952
YWHAZ,ERBB2,-0.04551899
STK31,ERBB2,-0.07140509
GOLGA7B,ERBB2,-0.013622126
PLPPR1,ERBB2,-0.035235383
ATP8B4,ERBB2,-0.018937293
SCUBE3,ERBB2,-0.00809219
DHX36,ERBB2,-0.0030551474
SUB1,ERBB2,-0.0064965645
C1orf53,ERBB2,-0.024278395
PQBP1,ERBB2,-0.010400905
OAZ3,ERBB2,-0.051367525
ZIM2,ERBB2,-0.021630729
HAUS6,ERBB2,-0.007594328
RAD51D,ERBB2,-0.02218074
SEMA3B,ERBB2,-0.012991049
ZNF471,ERBB2,-0.03302702
ZNF71,ERBB2,-0.016335221
CIB2,ERBB2,-0.018935334
KCNH4,ERBB2,-0.000101469785
ZNF681,ERBB2,-0.00899449
GNPDA2,ERBB2,-0.0073412
PRODH,ERBB2,-0.11835857
ABCG1,ERBB2,-0.036984663
SYBU,ERBB2,-0.012963868
NTS,ERBB2,-0.01642291
CPNE1,ERBB2,-0.025665298
IQCD,ERBB2,-0.024455251
STRADB,ERBB2,-0.014327977
RTCB,ERBB2,-0.012382734
HNF4A,ERBB2,-0.00674397
EMC6,ERBB2,-0.004719445
EIF5,ERBB2,-0.008254958
CSK,ERBB2,-0.0061669303
APIP,ERBB2,-0.010830188
ZDHHC12,ERBB2,-0.018547468
NME1,ERBB2,-0.015676297
NSD3,ERBB2,-0.008565778
CHPF,ERBB2,-0.014081015
PTMA,ERBB2,-0.013093179
MYEF2,ERBB2,-0.02506567
DPYSL4,ERBB2,-0.015375593
OSR2,ERBB2,-0.02943037
C1orf112,ERBB2,-0.016689662
GATD3A,ERBB2,-0.011062142
PXN,ERBB2,-0.010218963
TERB1,ERCC2,-0.009150812
STK39,ERCC2,-0.0026885173
ECHDC2,ERCC2,-0.03003746
RPS3A,ERCC2,-0.02098467
MAP3K3,ERCC2,-0.009078564
AKAP6,ERCC2,-0.031570464
OR8A1,ERCC2,-0.010461176
COX20,ERCC2,-0.008790235
WDR36,ERCC2,-0.0147655625
C1QTNF3,ERCC2,-0.015715182
SSBP1,ERCC2,-0.017028928
H2AP,ERCC2,-0.007710599
MBOAT1,ERCC2,-0.013454146
TMED7,ERCC2,-0.035109818
TEX29,ERCC2,-0.009875476
NCOA1,ERCC2,-0.034078818
NCAPH,ERCC2,-0.05268827
FAM20A,ERCC2,-0.0020672292
SOX18,ERCC2,-0.03816379
TRMT61A,ERCC2,-0.0023489306
SPA17,ERCC2,-0.01356343
ZDHHC2,ERCC2,-0.013740274
KATNAL2,ERCC2,-0.09644043
DBX2,ERCC2,-0.003856746
RPS6KA5,ERCC2,-0.01963356
MRS2,ERCC2,-0.0055692433
PHLDA1,ERCC2,-0.07734391
OR8D1,ERCC2,-0.04440563
MCUB,ERCC2,-0.03318837
ACKR2,ERCC2,-0.03914297
PIK3IP1,ERCC2,-0.072511524
RAB19,ERCC2,-0.010398332
EMP1,ERCC2,-0.009619556
S100A13,ERCC2,-0.026702717
RNF175,ERCC2,-0.062796265
RMI2,ERCC2,-0.0020645743
SRSF12,ERCC2,-0.00426643
ADAMTS17,ERCC2,-0.012430819
ZMYND19,ERCC2,-0.17456198
FBXO9,ERCC2,-0.022542221
CPNE8,ERCC2,-0.0062571964
TMCC3,ERCC2,-0.011771438
HMGA1,ERCC2,-0.02958387
ACSL6,ERCC2,-0.01356091
GPAM,ERCC2,-0.037341654
TMEM238L,ERCC2,-0.0054825624
SEC14L6,ERCC2,-0.028269578
FAM76B,ERCC2,-0.011625059
EFNA2,ERCC2,-0.01683085
ADAMTS6,ERCC2,-0.01597892
ABT1,ERCC2,-0.023430977
MT-ND6,ERCC2,-0.0100232
ZNF717,ERCC2,-0.0037645819
IRS2,ERCC2,-0.006868667
ZNF251,ERCC2,-0.015511806
LHX1,ERCC2,-0.020393962
AC055839.2,ERCC2,-0.00066682044
CYP3A5,ERCC2,-0.007043766
PCIF1,ERCC2,-0.013250355
DNAJB5,ERCC2,-0.00439
TSPOAP1,ERCC2,-0.014702053
SKOR1,ERCC2,-0.020493908
DGKI,ERCC2,-0.012973553
NEURL2,ERCC2,-0.0130132595
FAR2,ERCC2,-0.014663563
KLHL17,ERCC2,-0.006199339
LDHD,ERCC2,-0.0409461
GAB2,ERCC2,-0.06195013
NCAPG,ERCC2,-0.019852761
WFS1,ERCC2,-0.013750114
RNF152,ERCC2,-0.020239742
FLOT2,ERCC2,-0.0019554389
ANGPT1,ERCC2,-0.016630441
VPS35L,ERCC2,-0.030942572
EGF,ERCC2,-0.016698986
DGKG,ERCC2,-0.012159174
BPIFA1,ERCC2,-0.012172878
ZC3H8,ERCC2,0.00021759837
FOXG1,ERCC2,-0.022162935
TAPBPL,ERCC2,-0.022792822
ESD,ERCC2,-0.06734584
RNF212,ERCC2,-0.0038231805
IL17RE,ERCC2,-0.07200381
ADH4,ERCC2,-0.017536992
KCNS3,ERCC2,-0.019996557
INKA1,ERCC2,-0.033919994
EHD1,ERCC2,-0.012759547
HDAC11,ERCC2,-0.013659981
TMEM234,ERCC2,-0.032324187
ZP1,ERCC2,-0.010453078
ITGAE,ERCC2,-0.016851509
RHBDF2,ERCC2,-0.029534657
BCL11A,ERCC2,-0.04593727
HOXD12,ERCC2,-0.011777139
RSRP1,ERCC2,-0.012010265
PITX1,ERCC2,-0.012383976
ANKDD1B,ERCC2,-0.047765665
ZNF561,ERCC2,-0.0063417107
GTF2IRD2B,ERCC2,-0.016725576
PLD4,ERCC2,-0.033126004
LIPG,ERCC2,-0.04428073
CXCL9,ERCC2,-0.023667496
ZNF570,ERCC2,-0.02424045
NOMO1,ERCC2,-0.015035725
HEYL,ERCC2,-0.06150511
MYCBPAP,ERCC2,-0.01558633
PROSER3,ERCC2,-0.023316273
RPL7,ERCC2,-0.01138921
TNC,ERCC2,-0.0077378005
TACR3,ERCC2,-0.035559986
C15orf40,ERCC2,-0.012885387
ZBTB16,ERCC2,-0.02199452
SCAMP5,ERCC2,-0.010594569
CPAMD8,ERCC2,-0.021577558
OR8G5,ERCC2,-0.015317568
ATP8B3,ERCC2,-0.009325286
HMGN5,ERCC2,-0.01582061
KANK3,ERCC2,-0.013708081
TCF4,ERCC2,-0.028220618
GPR143,ERCC2,-0.08583376
C15orf62,ERCC2,-0.030778337
CRMP1,ERCC2,-0.1929375
C3orf14,ERCC2,-0.21083064
ZNF709,ERCC2,-0.022707868
SLC38A5,ERCC2,-0.013869497
NIF3L1,ERCC2,-0.035702053
PELP1,ERCC2,-0.03610933
CCN6,ERCC2,-0.035866532
PRR5-ARHGAP8,ERCC2,-0.01031648
FANCG,ERCC2,-0.010564598
TFF3,ERCC2,-0.020546114
RPS27,ERCC2,-0.05786109
BMP4,ERCC2,-0.017308917
SLC15A2,ERCC2,-0.07988114
SLC26A6,ERCC2,-0.010424598
SPNS3,ERCC2,-0.020310145
RFC2,ERCC2,-0.053677075
CNIH2,ERCC2,-0.014145641
PTPRC,ERCC2,-0.0044756015
SPAG1,ERCC2,-0.023433015
RTP4,ERCC2,-0.010637716
ELOVL6,ERCC2,-0.4739365
AASS,ERCC2,-0.020900726
NEXMIF,ERCC2,-0.015524679
CATSPERE,ERCC2,-0.051800095
CHMP2B,ERCC2,-0.01707271
SAMD10,ERCC2,-0.042514578
SLC9A8,ERCC2,-0.17531702
SLC16A5,ERCC2,-0.04342794
FBXO46,ERCC2,-0.012415659
CCL20,ERCC2,-0.015643954
CYP3A4,ERCC2,-0.02807005
PRKG1,ERCC2,-0.0068271314
FAT2,ERCC2,-0.026983911
MED16,ERCC2,-0.030315159
BIN3,ERCC2,-0.032942366
LDLRAD2,ERCC2,-0.014241583
ZNF620,ERCC2,-0.008427711
FP565260.6,ERCC2,-0.02955425
OAZ3,ERCC2,-0.016666075
TAFA2,ERCC2,-0.014800966
NINJ1,ERCC2,-0.038665663
N4BP3,ERCC2,-0.032910153
MCC,ERCC2,-0.0011403156
TSC22D3,ERCC2,-0.016351417
MYH3,ERCC2,-0.010832419
GFUS,ERCC2,-0.0048831007
HTR3C,ERCC2,-0.06664207
BCL6,ERCC2,-0.017237188
ZC3H12B,ERCC2,-0.017512865
CCDC85B,ERCC2,-0.0059322575
DIPK1C,ERCC2,-0.05475682
DLGAP3,ERCC2,-0.024578461
AADAT,F5,-0.015896278
IFT27,F5,-0.0069659296
AC005520.1,F5,-0.018449163
INSIG1,F5,-0.004363325
BTC,F5,-0.012485663
RNF144A,F5,-0.034477238
MAB21L4,F5,-0.026321998
CYP2F1,F5,-0.030878901
CAT,F5,-0.024360977
CLEC18B,F5,-0.017204517
CD274,F5,-0.03519812
ATP1B2,F5,-0.01754788
HMGCS2,F5,-0.020285036
AP003108.2,F5,-0.03876452
ZNF816,F5,-0.023990184
MGAM,F5,-0.076093666
CHRAC1,F5,-0.11114968
PIAS2,F5,-0.18353885
ZNF395,F5,-0.048211113
KNDC1,F5,-0.04101678
PRDM5,F5,-0.023537517
HOXD9,F5,-0.024276938
CPT1A,F5,-0.055799387
GATD3A,F5,-0.016082505
PPP1R32,F5,-0.025402578
URB1,F5,-0.015834382
NRN1,F5,-0.10387028
ZDHHC2,F5,-0.037882645
SETMAR,F5,-0.019791303
ABCB8,F5,-0.025315287
FBXO10,F5,-0.036474563
ZMYND11,F5,-0.06806655
LMX1B,F5,-0.035815053
CST1,F5,-0.029093768
RDH13,F5,-0.021849932
ERLIN2,F5,-0.020642722
ANKRD39,F5,-0.07193903
TRPV4,F5,-0.104159206
NAA60,F5,-0.22571029
SPACA9,F5,-0.070045
LRRC8D,F5,-0.036217175
NYAP1,F5,-0.09955835
PHOSPHO2,F5,-0.06632517
SERTAD1,F5,-0.022730185
FILIP1L,F5,-0.05474238
RPL30,F5,-0.044013802
CXCL17,F5,-0.03744916
AHRR,F5,-0.08766415
BEX3,F5,-0.03030983
FOXI1,F5,-0.013945235
MAML2,F5,-0.012041675
SLCO6A1,F5,-0.03594923
SNAP25,F5,-0.025905292
CLIP2,F5,-0.02844294
FEZ1,F5,-0.028182803
SMC5,F5,-0.016219757
MGA,F5,-0.014775453
EPHA10,F5,-0.0077312523
NSUN6,F5,-0.03287624
MRFAP1,F5,-0.023561409
HSBP1,F5,-0.014700168
PSME2,F5,-0.033239137
PLD2,F5,-0.052800164
NMT2,F5,-0.079110555
BAMBI,F5,-0.08201385
DHTKD1,F5,-0.018773513
PRSS2,F5,-0.03564175
PLOD1,F5,-0.0197927
KIR2DL4,F5,-0.024596686
CEACAM7,F5,-0.006416242
SEC61A2,F5,-0.048323456
ERC2,F5,-0.008447328
FAM210B,F5,-0.06668133
B4GALT1,F5,-0.02076917
PFKL,F5,-0.027003434
PCDHB8,F5,-0.031187996
EPS8L2,F5,-0.28915316
EPHB3,F5,-0.024792911
PITPNM3,F5,-0.035736576
SLC40A1,F5,-0.03329629
DCDC1,F5,-0.016770447
C2orf81,F5,-0.014580285
AGPAT4,F5,-0.022555893
ALG10B,F5,-0.017012414
OR6M1,F5,-0.025146857
MMP20,F5,-0.27643234
UCK1,F5,-0.02936933
PLCB1,F5,-0.13204455
MLST8,F5,-0.042836417
XIRP2,F5,-0.11330115
LCMT2,F5,-0.091081694
DUSP14,F5,-0.013814261
SRSF2,F5,-0.018261537
NSUN5,F5,-0.036114674
ASB6,F5,-0.08103823
MST1,F5,-0.011881484
LOXL2,F5,-0.03870468
GPA33,F5,-0.020467695
SLC9B2,F5,-0.012453048
SLC52A1,F5,-0.040985677
GTPBP6,F5,-0.027850475
TRIM9,F5,-0.020254623
PFKFB4,F5,-0.011229656
TCHHL1,F5,-0.057648513
ICAM1,F5,-0.015473938
TUSC3,F5,-0.16803885
SGCD,F5,-0.026999714
UST,F5,-0.072636284
DLL1,F5,-0.031013336
PAK6,F5,-0.016006166
HGSNAT,F5,-0.006092812
TRIM4,F5,-0.025574038
ALDH1A2,F5,-0.09389931
NXT2,F5,-0.02676195
OPLAH,F5,-0.013016339
CLDN19,F5,-0.03482106
SPAG6,F5,-0.026892971
POLR3C,F5,-0.017233327
CEACAM16,F5,-0.067876935
CWH43,F5,-0.05401316
KANK2,FAM193A,-0.0069502518
ADM,FAM193A,-0.01287892
ADM5,FAM193A,-0.0022289655
KIF2C,FAM193A,-0.00068831275
RNF212B,FAM193A,-0.011624177
CHADL,FAM193A,-0.009418555
TAF9,FAM193A,-0.012787691
TM9SF4,FAM193A,-0.011717062
ASAH2,FAM193A,-0.027322967
SLC46A2,FAM193A,-0.249552
RNF32,FAM193A,-0.014361103
ST3GAL1,FAM193A,-0.02219828
VPS37B,FAM193A,-0.0547384
RENBP,FAM193A,-0.027622582
RND2,FAM193A,-0.16419765
G6PC2,FAM193A,-0.01970778
CLEC20A,FAM193A,-0.006625078
KDF1,FAM193A,-0.024359005
SPRYD3,FAM193A,-0.014534461
GSTM2,FAM193A,-0.020680396
VWA2,FAM193A,-0.028099556
TIPARP,FAM193A,-0.04416787
MED22,FAM193A,-0.006168626
KBTBD3,FAM193A,-0.041777436
NPIPA3,FAM193A,-0.017189216
VDAC3,FAM193A,-0.04783916
MARVELD3,FAM193A,-0.0062522097
GTF2A1L,FAM193A,-0.032567304
SDHAF3,FAM193A,-0.019600166
PSAT1,FAM193A,-0.03460066
GIGYF1,FAM193A,-0.041470513
SGK1,FAM193A,-0.025710212
TMEM61,FAM193A,-0.037192743
SIRT7,FAM193A,-0.0027930029
CRACR2A,FAM193A,-0.059650365
SLC5A9,FAM193A,-0.021467034
KLHL26,FAM193A,-0.017634174
CERS4,FAM193A,-0.30692422
PCDHA5,FAM193A,-0.015157748
KIZ,FAM193A,-0.011216637
UQCRH,FAM193A,-0.05755023
ZNF501,FAM193A,-0.014840635
C17orf107,FAM193A,-0.011425508
COLEC11,FAM193A,-0.01229527
TMEM89,FAM193A,-0.031247549
DNAJB2,FAM193A,-0.025675422
EEF2KMT,FAM193A,-0.039788615
ILDR1,FAM193A,-0.01694231
LBX2,FAM193A,-0.025547395
ESS2,FAM193A,-0.01927474
NIP7,FAM193A,-0.023286663
CSTB,FAM193A,-0.026022973
RDH5,FAM193A,-0.046317853
MUC4,FAM193A,-0.18754563
LCE1E,FAM193A,-0.06653742
BMP4,FAM193A,-0.01625621
GALNT9,FAM193A,-0.010881115
PGAP3,FAM193A,-0.014490972
TLR3,FAM193A,-0.0041447068
SH3BP2,FAM193A,-0.01647416
RBM41,FAM193A,-0.008735568
KRT20,FAM193A,-0.01732423
GCLM,FAM193A,-0.01718889
ID4,FAM193A,-0.011523882
CLEC18C,FAM193A,-0.028301606
MNS1,FAM193A,-0.019191043
DTX2,FAM193A,-0.02217098
PEX16,FAM193A,-0.06982679
SCT,FAM193A,-0.018523548
METTL15,FAM193A,-0.009761918
HMGN3,FAM193A,-0.078424595
UPF3A,FAM193A,-0.032295298
GRAMD2A,FAM193A,-0.019648055
GIP,FAM193A,-0.024341375
PCSK1N,FAM193A,-0.008869785
SEL1L2,FAM193A,-0.014692177
DDX19A,FAM193A,-0.029008154
HAPLN1,FAM193A,-0.026912902
FOXB1,FAM193A,-0.04127879
OSCAR,FAM193A,-0.07772829
TCN2,FAM193A,-0.033078115
GCAT,FAM193A,-0.0920428
MYB,FAM193A,-0.035719786
PPARGC1B,FAM193A,-0.05368161
ABT1,FAM193A,-0.03287742
DECR1,FAM193A,-0.050864823
CCNG2,FAM193A,-0.039204437
OARD1,FAM193A,-0.048181273
LGMN,FAM193A,-0.0065928823
ACADVL,FAM193A,-0.048656054
ALG3,FAM193A,-0.033212673
SYT5,FAM193A,-0.016856235
DLK2,FAM193A,-0.05872494
MX2,FAM193A,-0.008329258
SHTN1,FAM193A,-0.026816843
SPIDR,FAM193A,-0.014908139
PAPPA2,FAM193A,-0.014080813
NR5A1,FAM193A,-0.05100859
DAXX,FAM193A,-0.0007980066
HADHA,FAM193A,-0.017452803
WDR89,FAM193A,-0.06073498
NEU1,FAM193A,-0.031054666
POLR2J,FAM193A,-0.03197649
NKX3-1,FAM193A,-0.01970531
FLYWCH1,FAM193A,-0.01702073
SLCO4C1,FAM193A,-0.07004022
ZFP62,FAM193A,-0.017210087
GOLGA7B,FAM193A,-0.014859525
SCN3A,FAM193A,-0.23663421
GPR27,FAM193A,-0.08980134
F2RL1,FAM193A,-0.05966092
CGAS,FAM193A,-0.016201839
NIPAL4,FAM193A,-0.01241128
ZNF443,FAM193A,-0.0030085393
CMTR1,FAM193A,-0.023810187
DHRS4L2,FAM193A,-0.022280186
ZNF268,FAM193A,-0.018377988
MPDU1,FAM193A,-0.07454428
CKS2,FAM193A,-0.011678029
ERMP1,FAM193A,-0.01309426
GPR37L1,FAM193A,-0.022481818
L3MBTL2,FAM193A,-0.034177035
CXCR2,FAM193A,-0.0122003555
ZCCHC14,FAM193A,-0.016720967
SMIM29,FAM193A,-0.16182737
TRAK2,FAM193A,-0.014978534
MORN4,FAM193A,-0.023271553
ASCL5,FAM193A,-0.015123552
EMC7,FAM193A,-0.010465845
EPGN,FAM193A,-0.0110649
ZNF256,FAM193A,-0.037415635
SPDYE3,FAM193A,-0.10099387
CDKN1C,FAM193A,-0.009767319
HDAC2,FAM193A,-0.012607424
GLIS1,FAM193A,-0.003714285
AC093323.1,FAM193A,-0.063725814
AC005324.2,FAM193A,-0.013848538
ZBTB12,FAM193A,-0.081035025
CD8B,FAM193A,-0.01713159
MADD,FAM193A,-0.17891984
TAOK2,FAM193A,-0.036661487
MDGA1,FAM193A,-0.023451017
USP7,FAM193A,-0.06518898
TMEM42,FAM193A,-0.0066636014
CALHM5,FAM193A,-0.020637985
C11orf21,FAM193A,-0.0075393575
DLX4,FAM193A,-0.021517493
NDRG1,FAT3,-0.0150799705
AP1S2,FAT3,-0.012106291
SMIM27,FAT3,-0.012677428
SMARCC2,FAT3,-0.0011771205
CX3CL1,FAT3,-0.010751891
SYNGR3,FAT3,-0.03846638
CHD4,FAT3,-0.01065012
MGA,FAT3,-0.00704189
CPPED1,FAT3,-0.0067199487
NECTIN3,FAT3,-0.0056200344
GAD1,FAT3,-0.00828416
MAGI2,FAT3,-0.022130337
DEDD,FAT3,-0.0070922957
NOX5,FAT3,-0.01837157
MS4A4E,FAT3,-0.012036259
AL139260.3,FAT3,-0.008996245
ZNF79,FAT3,-0.0039746156
PPARGC1A,FAT3,-0.0010537817
SLC16A2,FAT3,-0.026142925
RERE,FAT3,-0.013178251
ABCC12,FAT3,-0.008917105
CSPG5,FAT3,-0.013629283
ZNF853,FAT3,-0.010972608
NGB,FAT3,-0.05322204
LPO,FAT3,-0.022218328
DUSP4,FAT3,-0.017344484
MUC19,FAT3,-0.026914239
IGF2,FAT3,-0.007625581
ICOS,FAT3,-0.10904144
TRPA1,FAT3,-0.012676796
THBS3,FAT3,-0.030393051
RPS6KA5,FAT3,-0.012443663
FAM71F2,FAT3,-0.021816822
SULT1A1,FAT3,-0.01959204
AFF3,FAT3,-0.009750563
CPT1C,FAT3,-0.03255917
CNNM4,FAT3,-0.013675536
ASPA,FAT3,-0.030645464
CTH,FAT3,-0.011240832
EPHX4,FAT3,-0.0041089742
PLCD1,FAT3,-0.012319827
PRKAA1,FAT3,-0.022862988
EFNA5,FAT3,-0.009897913
SCRN2,FAT3,-0.048671305
ABCB1,FAT3,-0.016436804
CHST8,FAT3,-0.01740706
SPOCK1,FAT3,-0.020958755
DUSP11,FAT3,-0.02205993
ACSF2,FAT3,-0.008251567
DHCR7,FAT3,-0.019268421
DRC1,FAT3,-0.026793335
HCLS1,FAT3,-0.019494908
RPRM,FAT3,-0.008721768
APOE,FAT3,-0.021133034
ITGB1BP2,FAT3,-0.024120882
FCRL1,FAT3,-0.013068305
REPS2,FAT3,-0.012259102
H3-3B,FAT3,-0.014690555
SPAG17,FAT3,-0.01077961
FAM86B2,FAT3,-0.01180119
CDA,FAT3,-0.0045964196
RNF125,FAT3,-0.058479745
RPS6KL1,FAT3,-0.085525624
FTH1,FAT3,-0.0077914908
SRGAP1,FAT3,-0.013861016
CBLN2,FAT3,-0.019942047
C4A,FAT3,-0.050533395
LILRA1,FAT3,-0.010205328
DNAH12,FAT3,-0.018084982
WRAP53,FAT3,-0.00738686
ATP6V1E2,FAT3,-0.021899205
TTC33,FAT3,-0.0067279697
CRLF2,FAT3,-0.0139748175
CD207,FAT3,-0.026629161
C20orf203,FAT3,-0.0053371005
LBX1,FAT3,-0.022687249
FAM89A,FAT3,-0.019688766
GTF2IRD2,FAT3,-0.047327764
PF4V1,FAT3,-0.01194895
RPL23A,FAT3,-0.01603834
ZNF526,FAT3,-0.007223355
FOXRED2,FAT3,-0.035512153
HHIPL1,FAT3,-0.007980532
ABCA9,FAT3,-0.011324592
MDM1,FAT3,-0.006771244
GRIK5,FAT3,-0.005553622
TENM1,FAT3,-0.056024425
ADAMTS8,FAT3,-0.03473864
P2RY14,FAT3,-0.06015367
TWF2,FAT3,-0.021966722
CDX2,FAT3,-0.007785312
CLCA4,FAT3,-0.029347995
DSCAM,FAT3,-0.009128687
MED12L,FAT3,-0.033767458
HR,FAT3,-0.019799517
ALG5,FAT3,-0.007624706
NADSYN1,FAT3,0.0025123064
ATIC,FAT3,-0.011222696
NIPAL3,FAT3,-0.021335222
PIGW,FAT3,-0.016467707
MXD4,FAT3,-0.009204326
ABCA12,FAT3,-0.0090915
SEMA4F,FAT3,-0.030612811
NOMO1,FAT3,-0.059029605
PLCXD2,FAT3,-0.04159853
KIFAP3,FAT3,-0.03493796
MYD88,FAT3,-0.023044758
NRSN2,FAT3,-0.003841393
ZNF596,FAT3,-0.0127184205
NEIL2,FAT3,-0.07244817
IGSF21,FAT3,-0.012901006
TP53,FAT3,-0.019684054
SGSH,FAT3,-0.020908164
RAB20,FAT3,-0.012098039
PER3,FAT3,-0.028321473
EREG,FAT3,-0.010133335
DPYD,FAT3,-0.018145286
STMP1,FAT3,-0.030731693
UBAC2,FAT3,-0.025466388
MAP1LC3A,FAT3,-0.045702517
AC099489.1,FAT3,-0.017262414
SLC23A3,FAT3,-0.014081895
KYNU,FAT3,-0.0063115503
LTA4H,FAT3,-0.014525599
RPL28,FAT3,-0.011155571
TNF,FAT3,-0.009722699
FOLR1,FAT3,-0.016061816
LTB4R,FAT3,-0.007827536
CHCHD7,FAT3,-0.010727219
UROS,FAT3,-0.012687457
MPHOSPH8,FAT3,-0.007354329
CDK14,FAT3,-0.024118448
LRP5L,FAT3,-0.026580578
CNTNAP2,FAT3,-0.018135754
PLCL2,FAT3,-0.02373568
RPL36AL,FAT3,-0.016193623
LZTS2,FAT3,-0.013140447
KCNE3,FAT3,-0.010270054
TSPAN10,FAT3,-0.024393497
CNKSR3,FAT3,-0.057387955
NPAS4,FAT3,-0.016263045
MUC22,FAT3,-0.017802205
HMBOX1,FAT3,-0.054914787
AC010980.1,FAT3,-0.042827412
ASXL3,FAT3,-0.011569806
MZB1,FAT3,-0.033908572
RPS2,FAT3,-0.015949372
SCPEP1,FAT3,-0.010386007
ZMAT3,FAT3,-0.03473603
WSCD1,FAT3,0.0019997903
ADGRG6,FAT3,-0.036419876
AAR2,FAT3,-0.0008877802
CHCHD6,FAT3,-0.023994537
RRP9,FAT3,-0.02651644
MRPL55,FAT3,-0.007142048
P3H1,FAT3,-0.0070024775
CD1E,FAT3,-0.029592428
PRR22,FAT3,-0.014951723
GDPD2,FAT3,-0.0027192165
HOXD11,FAT3,-0.018562654
ZBTB25,FAT3,-0.019202806
PCDHGA1,FAT3,-0.036174156
SRSF5,FAT3,-0.041588273
NOSTRIN,FAT3,-0.024906073
STAMBPL1,FAT3,-0.010373621
PHF21A,FAT3,-0.019371789
PAEP,FAT3,-0.03883878
DRP2,FAT3,-0.0018873643
PAQR5,FAT3,-0.045648083
SULT1C4,FAT3,-0.0066704256
NUTM2D,FAT3,-0.010656847
ZNF213,FAT3,-0.07268457
RIMBP3C,FAT3,-0.012488524
SPINK4,FAT3,-0.019450279
TTC9B,FAT3,-0.009595668
SPDYC,FAT3,-0.015884183
RENBP,FAT3,-0.024282739
RNFT2,FAT3,-0.048167083
GAREM2,FAT3,-0.09388323
NELL2,FAT3,-0.027199559
IL36RN,FAT3,-0.0070837648
PTK7,FAT3,-0.0055501424
SEC14L2,FAT3,-0.020053493
CHADL,FAT3,-0.065880194
RND3,FAT3,-0.022049192
TEX49,FAT3,-0.04330102
FOXP1,FAT3,-0.019744609
AATK,FAT3,-0.009863535
CD8A,FAT3,-0.017470658
SIX4,FAT3,-0.011592981
ZSWIM5,FAT3,-0.00784363
INSR,FAT3,-0.024028614
CBFA2T3,FAT3,-0.016336055
ZBBX,FAT3,-0.05904555
SDHAF4,FAT3,-0.0071335356
GRK4,FAT3,-0.0139616635
OR9A4,FAT3,-0.006431362
CYP24A1,FAT3,-0.11264045
REEP1,FAT3,-0.038290754
RD3,FAT3,-0.0051494413
GGACT,FAT3,-0.029576616
SLC4A5,FAT3,-0.010758078
GP6,FAT3,-0.011864714
FJX1,FAT3,-0.034170687
FPGT-TNNI3K,FAT3,-0.0014644497
ITGA8,FAT3,-0.01089544
ANOS1,FAT3,-0.015186973
SYT16,FAT3,-0.030492794
MYLK4,FAT3,-0.009190626
ATP13A1,FAT3,-0.004873494
SNX22,FAT3,-0.015179128
ABHD6,FAT3,-0.01598192
MYOCD,FAT3,-0.07285441
THUMPD1,FAT3,-0.008139785
PRAC2,FAT3,-0.017668838
FEN1,FAT3,-0.026879448
AMH,FAT3,-0.0099496655
SLC17A7,FAT3,-0.0022017518
PPIL6,FAT3,-0.020732049
RIMBP3B,FAT3,-0.016289832
POU3F3,FAT3,-0.025981098
LRFN3,FAT3,-0.044436056
TRPV3,FAT3,-0.023852346
SEPHS1,FAT3,-0.059467655
CEP70,FAT4,-0.0026016769
GATA5,FAT4,-0.0010982644
FAM89B,FAT4,-0.01960426
PLA2G15,FAT4,-0.005364712
THAP10,FAT4,-0.002188335
COL20A1,FAT4,-0.0068230308
CBFB,FAT4,-0.0025183836
PRKCB,FAT4,-0.006842194
EYA1,FAT4,-0.008020472
ST6GALNAC1,FAT4,-0.008811946
TMEM52,FAT4,-0.004145816
SMIM38,FAT4,-0.004344136
WIPF3,FAT4,-0.012518484
SALL3,FAT4,-0.010188678
SKIDA1,FAT4,-0.012671736
GRM2,FAT4,-0.0054690167
CD93,FAT4,-0.0067036734
PLCD4,FAT4,-0.0142636355
SLC30A5,FAT4,-0.013331227
TMEM218,FAT4,-0.0023339307
ZNF395,FAT4,-0.00756969
CFAP47,FAT4,-0.0066881115
CTU2,FAT4,-6.093814e-06
PAX3,FAT4,-0.008495967
NKX2-8,FAT4,-0.008592538
EPHB6,FAT4,-0.015516341
SYN1,FAT4,-0.052639477
BCAM,FAT4,-0.026772711
KANK4,FAT4,-0.00077665906
C2CD6,FAT4,-0.016168246
CPAMD8,FAT4,-0.011296301
USP53,FAT4,-0.008149981
GPR150,FAT4,-0.00940368
PPM1M,FAT4,-0.030710183
PCDH18,FAT4,-0.015326127
HOOK3,FAT4,-0.012493712
HMSD,FAT4,-0.0039171544
NGRN,FAT4,-0.016021412
FCGBP,FAT4,-0.020855382
ARPC3,FAT4,-0.00799018
MFAP1,FAT4,-0.0034234717
RBP3,FAT4,-0.011252078
POLR2I,FAT4,-0.0056030448
CTF1,FAT4,-0.10727689
SPRR2A,FAT4,-0.014203575
BRS3,FAT4,-0.009024169
CD99L2,FAT4,-0.009696189
DMRTA2,FAT4,-0.015213639
EGR1,FAT4,-0.009168652
ZNF560,FAT4,-0.040216584
MZT2B,FAT4,-0.006930471
PMEPA1,FAT4,-0.010037702
OR8G5,FAT4,-0.01771591
B9D1,FAT4,-0.030230438
ZFAND6,FAT4,-0.020973396
TMSB4Y,FAT4,-0.0079959575
GRIK5,FAT4,-0.0061401725
ABHD2,FAT4,-0.019452028
UFSP2,FAT4,-0.0065645864
NUDT16,FAT4,-0.018135006
ZNF365,FAT4,-0.011986854
CAMK4,FAT4,-0.008796801
GSN,FAT4,-0.0073141283
VAMP7,FAT4,-0.0081833815
CST3,FAT4,-0.024109658
LRRC37B,FAT4,-0.0033671586
MGST1,FAT4,-0.008529162
FRMD4B,FAT4,-0.033750437
DHRS7C,FAT4,-0.03174557
FAM83H,FAT4,-0.039503925
NOL6,FAT4,-0.0020008741
ZSCAN2,FAT4,-0.007214364
CDHR1,FAT4,-0.006407157
SLC2A6,FAT4,-0.009317918
IRAK1BP1,FAT4,-0.011688884
P2RX6,FAT4,-0.04555273
CYP26A1,FAT4,-0.005142173
SLC22A3,FAT4,-0.0065899068
KDM5C,FAT4,-0.011837213
MXD1,FAT4,-0.0066150194
ACTRT3,FAT4,-0.008204124
CNN3,FAT4,-0.007264157
DDX19A,FAT4,-0.010734684
CPA3,FAT4,-0.025433395
NEK5,FAT4,-0.0049253018
RASSF5,FAT4,-0.01762391
MARK1,FAT4,-0.005008078
CTSV,FAT4,-0.018079234
MLEC,FAT4,-0.023503443
TNIP1,FAT4,-0.00022256521
RPL23A,FAT4,-0.008761451
LRRC75B,FAT4,-0.100922346
TPPP3,FAT4,-0.0041610906
BTBD19,FAT4,-0.009063469
SLC1A4,FAT4,-0.0051899487
AQP9,FAT4,-0.003682096
KLK15,FAT4,-0.0007502796
LOXL2,FAT4,-0.06251537
SELENBP1,FAT4,-0.010354846
NUDT22,FAT4,-0.054809127
RING1,FAT4,-0.009371914
CASP6,FAT4,-0.0027954166
RPH3AL,FAT4,-0.0059452923
ZNF536,FAT4,-0.014220642
CLDN2,FAT4,-0.006401
SMIM8,FAT4,-0.008102854
USF2,FAT4,-0.004583605
HES4,FAT4,-0.016490553
SMC1B,FAT4,-0.014870161
ZFYVE28,FAT4,-0.0028256834
TEX14,FAT4,-0.0074455044
PUF60,FAT4,-0.0043346514
ADRA1B,FAT4,-0.011786415
PGLYRP4,FAT4,-0.0074552903
EMC6,FAT4,-0.012762077
CNTNAP2,FAT4,-0.00530839
GNG8,FAT4,-0.021271724
TNFSF10,FAT4,-0.035650276
HSPA6,FAT4,-0.04866063
NAT16,FAT4,-0.012549869
ODAM,FAT4,-0.023843415
OPRL1,FAT4,-0.008377273
IL4,FAT4,-0.0030920603
HERC5,FAT4,-0.0043183095
PTK6,FAT4,-0.06801207
GPR15,FAT4,-0.013748312
MPC1L,FAT4,-0.027797904
NOX5,FAT4,-0.009161495
ARG1,FAT4,-0.0040903324
MIPEP,FAT4,-0.0059562884
CPT1C,FAT4,-0.006319742
NR2F2,FAT4,-0.030629518
PTPRH,FAT4,-0.005942561
STK25,FAT4,-0.006879196
PCDHB2,FAT4,-0.008096159
FBXW12,FAT4,-0.0022460863
ALKAL1,FAT4,-0.0057133273
ZNF780A,FAT4,-0.0068930443
SPNS1,FAT4,-0.033834845
FAM151A,FAT4,-0.017192435
SIGLECL1,FAT4,-0.008212975
KCNQ1,FAT4,-0.0018351014
UNC80,FAT4,-0.00403262
ZNF232,FAT4,-0.010188901
OBP2A,FAT4,-0.022477552
DNAJB13,FAT4,-0.0027995515
C2orf50,FAT4,-0.0031790049
CPS1,FAT4,-0.013034911
ZNF460,FAT4,-0.011054466
HCAR3,FAT4,-0.04065996
UCP1,FAT4,-0.013875928
VPS35L,FAT4,-0.0076562697
FAM178B,FAT4,-0.008913173
C12orf43,FAT4,-0.005781341
NBEA,FAT4,-0.013931359
DYRK1B,FAT4,-0.0023508891
METTL21A,FAT4,-0.008102429
CAMK1G,FAT4,-0.007965419
HTR1F,FAT4,-0.016655013
DCAF4L1,FAT4,-0.004059276
SLC18B1,FAT4,-0.0026446548
TYRP1,FAT4,-0.013300492
CLN5,FAT4,-0.012005624
CSAG1,FAT4,-0.021744719
ATP8A2,FAT4,-0.013932379
PCDHA9,FAT4,-0.0045754197
FST,FAT4,-0.0066589974
PDE4B,FAT4,-0.0038648427
IBA57,FAT4,-0.022757377
SDHA,FAT4,-0.004129989
CLSTN1,FAT4,-0.01164564
CLCNKA,FAT4,-0.016959604
TSPAN13,FAT4,-0.01120562
STS,FAT4,-0.004852517
TRIM74,FAT4,-0.0041565844
DET1,FAT4,-0.013104711
MEGF10,FAT4,-0.0066341767
IL17D,FAT4,-0.008280203
EDA2R,FAT4,-0.024945613
PLS1,FAT4,-0.0010939363
COL10A1,FAT4,-0.009203147
RHEX,FAT4,-0.0044331555
INPP4A,FAT4,-0.008465721
GAD1,FAT4,-0.013304385
ANXA2R,FAT4,-0.06468471
MRPL57,FAT4,0.0040890733
DNAI4,FAT4,-0.0045117945
FUZ,FAT4,-0.04822111
PITX2,FAT4,-0.0039891344
NUDT15,FAT4,-0.0093179215
MNX1,FAT4,-0.0069619166
C5orf49,FAT4,-0.029499723
EPSTI1,FAT4,-0.011392315
CT83,FAT4,-0.11639264
OLFML3,FAT4,0.0024171404
TCIM,FAT4,-0.0059248204
GALNT13,FAT4,-0.00889531
RAB34,FAT4,-0.036468774
SLITRK4,FAT4,-0.0120481085
TAS1R1,FAT4,-0.005033165
TENT5D,FAT4,-0.0040340056
PRKCA,FAT4,-0.006889131
RAB3C,FAT4,-0.0070337094
ZNF772,FAT4,-0.01992504
CDKN2AIPNL,FAT4,-0.0060542175
ELOVL2,FAT4,-0.004015082
SLC39A6,FAT4,-0.006502499
SSBP4,FAT4,-0.007940355
PPP1R3C,FAT4,-0.0027293083
FAM166B,FAT4,-0.013020056
IFNL3,FAT4,-0.032457467
TCERG1,FAT4,-0.006564581
PRRG2,FAT4,-0.06366469
DNA2,FAT4,-0.017385026
SLC5A2,FAT4,-0.009265225
C11orf71,FAT4,-0.034618758
LGI4,FAT4,-0.003061993
TMTC1,FAT4,-0.008410981
CRACR2B,FAT4,-0.0028665874
ANKRD44,FAT4,-0.015411918
HSPA1A,FAT4,-0.014256292
ATP6V0D2,FAT4,-0.016849563
C14orf39,FAT4,-0.002982053
SGPP2,FAT4,-0.017733779
TERT,FAT4,-0.07034097
CHM,FAT4,-0.0076073348
MUC12,FAT4,-0.019346982
NECTIN3,FAT4,-0.0042689503
NDN,FAT4,-0.03812889
FXN,FAT4,-0.007927413
TMC5,FAT4,-0.012165292
ODF3L2,FAT4,-0.0072950586
TRAPPC2,FAT4,-0.035314605
KBTBD13,FAT4,-0.006821664
PRRT4,FAT4,-0.016125316
AHSP,FAT4,-0.005001043
TIMM8A,FAT4,-0.013711587
CCDC69,FAT4,-0.010947867
MRM1,FAT4,-0.01132393
HAP1,FAT4,-0.0075184326
GPCPD1,FAT4,-0.016369173
RGL3,FAT4,-0.016426012
FAM214B,FAT4,-0.0039904304
ANKRD2,FAT4,-0.012606886
VEGFB,FAT4,-0.0059327073
NUP62,FAT4,-0.006398606
HSF2BP,FAT4,-0.0043411357
C20orf202,FAT4,-0.017842356
SLIT3,FAT4,-0.017395321
IVNS1ABP,FAT4,-0.0065213195
ESYT3,FAT4,-0.071335174
COX6B2,FAT4,-0.0112192305
R3HDM4,FAT4,-0.0057238853
LYPD5,FAT4,-0.011370221
MMP7,FAT4,-0.020063912
SFMBT2,FAT4,-0.008066882
DFFB,FAT4,-0.0139250485
ZFAND5,FAT4,-0.013535696
MPZ,FAT4,-0.01098025
KCNS3,FAT4,-0.011084996
APLP2,FAT4,-0.0080511235
SNX2,FAT4,-0.008151312
MPZL2,FAT4,-0.0017492521
ISG15,FAT4,-0.009122974
HERC2,FAT4,-0.0013028607
GALNT14,FAT4,-0.06350781
NBPF20,FAT4,-0.0070093814
NSUN5,FAT4,-0.007811484
AC013470.2,FAT4,-0.018437212
AK5,FAT4,-0.058364633
PCDHB5,FAT4,-0.008556045
ESYT1,FAT4,-0.04337732
ATXN7L2,FAT4,-0.0038361943
FBXL16,FAT4,-0.02601198
EXOC3L1,FAT4,-0.00617003
LONRF3,FAT4,-0.013951178
PARP6,FAT4,-0.020766638
SH3D21,FAT4,-0.03438211
KRT14,FBXW7,-0.004344372
ANK2,FBXW7,-0.0078529855
TBC1D2B,FBXW7,-0.0073346198
WNT4,FBXW7,-0.021505088
EML6,FBXW7,-0.048459455
TMEM168,FBXW7,-0.0074455133
CDC42EP2,FBXW7,-0.012783538
NTRK3,FBXW7,-0.0021721895
ERV3-1,FBXW7,-0.011383552
POGLUT3,FBXW7,-0.0051906304
C12orf60,FBXW7,-0.0037888268
CLN5,FBXW7,-0.04713802
ZC3H12B,FBXW7,-0.04993927
KCTD18,FBXW7,-0.0337107
ICAM5,FBXW7,-0.023790019
KHK,FBXW7,-0.005120356
CEACAM6,FBXW7,-0.016897852
KCNN3,FBXW7,-0.07671032
SPEG,FBXW7,-0.008125146
NOS3,FBXW7,-0.020783959
OBSCN,FBXW7,-0.026558308
SH3D21,FBXW7,-0.0031996332
GNMT,FBXW7,-0.17432107
UBAC2,FBXW7,-0.036130764
WFDC5,FBXW7,-0.019280275
ACAD11,FBXW7,-0.020305092
OR7D2,FBXW7,-0.024101092
SLC35C1,FBXW7,-0.005357426
CDK16,FBXW7,-0.004334467
FOXE3,FBXW7,-0.03775251
METTL3,FBXW7,-0.010640343
EVI5L,FBXW7,-0.66149765
FEM1B,FBXW7,0.002497613
GATB,FBXW7,-0.013552886
LYPD2,FBXW7,-0.016346604
TMSB4Y,FBXW7,-0.13708493
CCDC92,FBXW7,-0.033675306
NWD1,FBXW7,-0.017498221
TIMM50,FBXW7,-0.01027161
BDH1,FBXW7,-0.027635928
MVB12B,FBXW7,-0.016577765
TNFRSF19,FBXW7,-0.012348642
RIOX2,FBXW7,-0.010993021
ARHGEF18,FBXW7,-0.061351534
HLA-G,FBXW7,-0.024469782
ZBED6CL,FBXW7,-0.0034684911
ESM1,FBXW7,-0.046360534
CNPPD1,FBXW7,-0.002743922
PRKY,FBXW7,-0.11209837
KRTCAP2,FBXW7,-0.003978751
TTC28,FBXW7,-0.05131077
PNMA2,FBXW7,-0.0064195613
SPRR5,FBXW7,-0.02453544
RAB41,FBXW7,-0.043818872
SLC18A2,FBXW7,-0.007787561
OGFOD2,FBXW7,-0.039670315
ADGRE2,FBXW7,-0.030200925
ASMTL,FBXW7,-0.0235759
GID4,FBXW7,-0.043191396
TMEM151A,FBXW7,-0.02496496
DSG4,FBXW7,-0.010688723
C2orf66,FBXW7,-0.019334864
STARD3,FBXW7,-0.006506347
SPRR2B,FBXW7,-0.05436691
PIGB,FBXW7,-0.005397945
PWWP3B,FBXW7,-0.0035425304
AASS,FBXW7,-0.053913746
OSGIN2,FBXW7,-0.005827552
KCNQ4,FBXW7,-0.034951154
MT-ND6,FBXW7,-0.0009407205
CAMK1,FBXW7,-0.014052452
QDPR,FBXW7,-0.023457894
MCIDAS,FBXW7,-0.0098677715
HNRNPA1L2,FBXW7,-0.012226491
OAS1,FBXW7,-0.07994372
RFX7,FBXW7,-0.005658576
TPH2,FBXW7,-0.022428546
STOML1,FBXW7,-0.04196447
TNRC6C,FBXW7,-0.1901256
LPAR3,FBXW7,-0.009733815
REPS2,FBXW7,-0.021676358
OR51E1,FBXW7,-0.0109634455
TOLLIP,FBXW7,-0.026429914
PLOD1,FBXW7,-0.015911264
TUBA3E,FBXW7,-0.010601002
PPM1K,FBXW7,-0.048810992
ARHGAP8,FBXW7,-0.00878292
CDKL4,FBXW7,-0.24136366
CDKN1C,FBXW7,-0.09889232
CNTNAP3B,FBXW7,-0.010011494
SCML2,FBXW7,-0.010940999
CCN5,FBXW7,-0.02557339
PREX2,FBXW7,-0.013641469
CALHM2,FBXW7,-0.016028862
NEU3,FBXW7,-0.009444351
MOSPD2,FBXW7,-0.035318695
POC1B,FBXW7,-0.003995419
HDDC2,FBXW7,-0.01034409
QARS1,FBXW7,-0.012558254
RAPGEF3,FBXW7,-0.13119182
SMLR1,FBXW7,-0.09338052
FBXL4,FBXW7,-0.0076034856
MTIF3,FBXW7,-0.037772454
C6orf52,FBXW7,-0.06442568
RFX2,FBXW7,-0.039083753
RAMP1,FBXW7,-0.028745135
IL19,FBXW7,-0.0076726293
SCEL,FBXW7,-0.023791375
HIBCH,FBXW7,-0.020321786
HAAO,FBXW7,-0.02086569
TCN1,FBXW7,-0.008983464
CFLAR,FBXW7,-0.00010739306
LRTM2,FBXW7,-0.008401878
BAHCC1,FBXW7,-0.012665061
SLC35A2,FBXW7,-0.0011379722
FGFBP1,FBXW7,-0.041449852
NFKBIB,FBXW7,-0.018602923
CALML6,FBXW7,-0.019422175
NDNF,FBXW7,-0.026253365
IRAK2,FBXW7,-0.021278461
FAM183A,FBXW7,-0.032680333
GTPBP6,FBXW7,-0.00845485
ELFN2,FBXW7,-0.027876385
TMEM263,FBXW7,0.0007433107
PCDHGA9,FBXW7,-0.009344057
AMN1,FBXW7,-0.034361854
TBRG4,FBXW7,-0.025348268
THNSL2,FBXW7,-0.049319997
UBE2W,FBXW7,-0.030681998
ARPC4,FBXW7,-0.00836916
NAA11,FBXW7,-0.07545877
PPP1R15A,FBXW7,-0.14986245
SPAAR,FBXW7,-0.0110114
WT1,FBXW7,-0.017451992
PPT2,FBXW7,-0.024392603
GPR158,FBXW7,-0.030134466
GRAMD2B,FBXW7,-0.041923076
TBC1D8,FBXW7,-0.021003911
TOMM5,FBXW7,0.0012570544
F3,FBXW7,-0.012962352
NUDT7,FBXW7,-0.011752792
HOXD13,FBXW7,-0.016002469
NTS,FBXW7,-0.011791796
FLT3,FBXW7,-0.016345976
ATP2C2,FBXW7,-0.0061245495
ANKDD1B,FBXW7,-0.008353176
AL162596.1,FBXW7,-0.019527992
KRT4,FBXW7,-0.04177386
MARCO,FBXW7,-0.011903227
CYP26C1,FBXW7,-0.016771803
AUTS2,FBXW7,-0.024012491
TRABD,FBXW7,-0.014913481
ASH2L,FBXW7,-0.014782089
TCTA,FBXW7,-0.014729032
ETFRF1,FBXW7,-0.030038696
ZNF273,FBXW7,-0.01692931
CCDC60,FBXW7,-0.0184262
STX18,FBXW7,-0.0028850266
MTARC1,FBXW7,-0.033159234
KRTCAP3,FBXW7,-0.025003994
MT-ND4,FBXW7,-0.0024233495
MEST,FBXW7,-0.024781346
CLUH,FBXW7,-0.015879037
OR10Z1,FBXW7,-0.012137149
PDK1,FBXW7,-0.03345617
OSBP2,FBXW7,-0.020114437
ZDHHC24,FGFR3,-0.00017230467
PDK3,FGFR3,-0.0030406455
VAMP2,FGFR3,-0.004066437
YIF1B,FGFR3,-0.030441783
GRIN1,FGFR3,-0.002381266
CP,FGFR3,-0.0042603575
FLT3LG,FGFR3,-0.00051567
ANTXR2,FGFR3,-0.002411251
SMCO2,FGFR3,-0.02749143
GLS,FGFR3,-0.0045549534
DNAI1,FGFR3,-0.004212029
RAB19,FGFR3,-0.0023562291
RGS14,FGFR3,-0.004381253
ADGRL1,FGFR3,-0.01123642
BAMBI,FGFR3,-0.0097614
SLC6A12,FGFR3,-0.004585754
GPR75,FGFR3,-0.019725347
S1PR3,FGFR3,-0.0107571
STAB1,FGFR3,-0.054402035
EPM2A,FGFR3,-0.00569626
TERT,FGFR3,-0.010629227
TMEM156,FGFR3,-0.009501596
TMEM140,FGFR3,-0.007260514
DRAM2,FGFR3,-0.009956742
MARK1,FGFR3,-0.011372511
AC068580.4,FGFR3,-0.020259358
CSF2,FGFR3,-0.02275501
SDHAF1,FGFR3,-0.038622476
HMGA2,FGFR3,-0.02264102
MASTL,FGFR3,-0.015097821
SUSD3,FGFR3,-0.026304763
CRACD,FGFR3,-0.016672958
ZNF564,FGFR3,-0.010830199
FAAP100,FGFR3,-0.008774594
APOL1,FGFR3,-0.018525477
CRYBB2,FGFR3,-0.017783444
DOT1L,FGFR3,-0.013110603
AKAP12,FGFR3,-0.037433915
ANKRD49,FGFR3,-0.0072718896
RPP25,FGFR3,-0.0020414838
MYO1G,FGFR3,-0.010797565
TM7SF3,FGFR3,-0.017629862
DCTN6,FGFR3,0.001214159
STX2,FGFR3,-0.030775605
DCP1A,FGFR3,-0.0016925462
APOBEC3H,FGFR3,-0.012493838
C2orf88,FGFR3,-0.021706427
MAGEA9,FGFR3,-0.01592602
HCLS1,FGFR3,-0.012575631
MX2,FGFR3,-0.013666626
ETV4,FGFR3,-0.014429335
MRPL27,FGFR3,-0.010516595
CCL18,FGFR3,-0.026273016
GABRR1,FGFR3,-0.016681993
MCM10,FGFR3,-0.029282825
PRXL2A,FGFR3,-0.032242633
RRM2B,FGFR3,-0.019579992
PGP,FGFR3,-0.024420118
GTSF1,FGFR3,-0.008837069
BAG2,FGFR3,-0.016911972
ZNF728,FGFR3,-0.0029758934
TMEM270,FGFR3,-0.0071706143
SOWAHC,FGFR3,-0.01422023
SPRR1A,FGFR3,-0.015623023
MAPK8IP1,FGFR3,-0.026562061
IQCJ-SCHIP1,FGFR3,-0.013774435
WLS,FGFR3,-0.0513644
TCEAL9,FGFR3,-0.02328126
GAPVD1,FGFR3,-0.0046074265
SVIL,FGFR3,-0.020924509
WDR31,FGFR3,-0.013933518
LAT2,FGFR3,-0.012707165
NDUFA4L2,FGFR3,-0.007226214
CSTB,FGFR3,-0.015928319
BEX3,FGFR3,-0.025955766
SLC18B1,FGFR3,-0.030812813
NSG1,FGFR3,-0.02591838
CSRNP3,FGFR3,-0.0061354316
MPND,FGFR3,-0.0069889757
MAB21L3,FGFR3,-0.0040220316
TAOK2,FGFR3,-0.013856707
RAB7B,FGFR3,-0.011536902
C3,FGFR3,6.9698945e-05
PTPN20,FGFR3,-0.0074056033
KCNH3,FGFR3,-0.03123918
ACSL4,FGFR3,-0.028807184
GTPBP2,FGFR3,-0.0060635014
PARD3,FGFR3,-0.014830494
PPIL3,FGFR3,-0.006409465
ARRB1,FGFR3,-0.020017326
PIGN,FGFR3,-0.0130451
FGFR2,FGFR3,-0.01094319
XKR4,FGFR3,-0.037977967
MBOAT7,FGFR3,-0.014785951
IL27RA,FGFR3,-0.06440621
NSUN5,FGFR3,-0.007390168
SELL,FGFR3,-0.034764722
CADPS,FGFR3,-0.015299093
GATAD2A,FGFR3,-0.015383544
SEMA3E,FGFR3,-0.0032162953
NFKBIB,FGFR3,-0.0058720903
TSKS,FGFR3,-0.020590346
LNPK,FGFR3,-0.012396049
SH3BP2,FGFR3,-0.02233873
UBAC1,FGFR3,-0.049988933
NEFM,FGFR3,-0.01382375
KIF19,FGFR3,-0.016686454
TGFA,FGFR3,-0.023549767
ZNF559,FGFR3,-0.016768487
SVOPL,FGFR3,-0.036248334
BFSP1,FGFR3,-0.010732397
NECAB1,FGFR3,-0.012178796
GSDMD,FGFR3,-0.007335869
GSTK1,FGFR3,-0.017230183
SMIM10L2A,FGFR3,-0.010120383
KCNK15,FGFR3,-0.005962356
TMEM40,FGFR3,-0.004963302
AC104452.1,FGFR3,-0.012939218
TTI1,FGFR3,-0.018364314
PSORS1C2,FGFR3,-0.045475114
TUBB4B,FGFR3,-0.011189048
TGFBR2,FGFR3,-0.014823577
TDRD12,FGFR3,-0.005063723
FCAMR,FGFR3,-0.01503977
UNC13D,FGFR3,-0.013154011
NAGS,FGFR3,-0.013358318
BCAT1,FGFR3,-0.040474076
SPOCD1,FGFR3,-0.15117994
SCARA3,FGFR3,-0.05125833
NFIB,FGFR3,-0.13934688
PWP1,FGFR3,-0.013503376
AP1S1,FGFR3,-0.031075735
MAP9,FGFR3,-0.0049374034
SLC2A8,FGFR3,-0.01021893
LIPK,FGFR3,-0.05143707
PPFIA4,FGFR3,-0.052541573
SPINK2,FGFR3,-0.05530657
GEMIN7,FGFR3,-0.019069845
RIPK3,FGFR3,-0.009575971
DISP3,FGFR3,-0.06561524
MME,FGFR3,-0.15743497
HABP4,FGFR3,-0.06342618
APOL6,FGFR3,-0.024722993
CYP26B1,FGFR3,-0.035780527
LHX9,FGFR3,-0.02405987
FAM172A,FGFR3,-0.0050354
PLIN2,FGFR3,-0.008082774
ARL11,FGFR3,-0.012043262
SLC25A43,FGFR3,-0.016854472
NAV2,FGFR3,-0.050832953
C11orf65,FGFR3,-0.019439483
FNDC5,FGFR3,-0.009552087
CCDC96,FGFR3,-0.01011779
AKR1C8P,FGFR3,-0.006494109
SKIDA1,FGFR3,-0.012684872
TUBAL3,FGFR3,-0.045225672
FAM189A2,FGFR3,-0.019378157
TPST2,FGFR3,-0.029280508
CD19,FGFR3,-0.07123068
ANXA10,FGFR3,-0.107598215
TCF7L1,FGFR3,-0.026154188
PIH1D2,FGFR3,-0.050225638
CSF2RB,FGFR3,-0.04297061
FAM81A,FGFR3,-0.013533901
LRRC66,FGFR3,-0.0076942616
PKD2L1,FGFR3,-0.019602302
KRBOX1,FGFR3,-0.028441865
NOL12,FGFR3,-0.037112586
ARMH1,FGFR3,-0.019964451
PADI4,FGFR3,-0.01803441
FGFR3,FGFR3,-0.7723189
EMP3,FGFR3,-0.03853662
SCRIB,FGFR3,-0.08123201
KHDC1,FGFR3,-0.015203428
SLC7A6,FGFR3,-0.0071034995
LCN10,FRAS1,-0.0029041434
RNF170,FRAS1,-0.0135164615
PTP4A3,FRAS1,-0.0030327544
RPSA,FRAS1,-0.006267242
MT3,FRAS1,-0.010335651
HECW1,FRAS1,-0.0030636906
DHFR,FRAS1,-0.0044200504
PROCA1,FRAS1,-0.0076441113
MTCL1,FRAS1,-0.03429291
RRM2B,FRAS1,-0.04030992
ICAM2,FRAS1,-0.0009277474
ZNF83,FRAS1,-0.027561463
DUS4L,FRAS1,-0.012698252
DLGAP3,FRAS1,-0.0140761435
THOC5,FRAS1,-0.021458892
MAP7D2,FRAS1,-0.048004527
ZNF576,FRAS1,-0.0036118352
CEACAM1,FRAS1,-0.026897362
BCL2L14,FRAS1,-0.030410679
GBP3,FRAS1,-0.023783501
DUSP9,FRAS1,-0.027610673
GRM1,FRAS1,-0.004904639
GPC4,FRAS1,-0.036546562
CDHR4,FRAS1,-0.0851523
FZD4,FRAS1,-0.018376792
MUC22,FRAS1,-0.024937142
METTL4,FRAS1,-0.007172132
PPP1R13L,FRAS1,-0.01008727
LIMS2,FRAS1,-0.0128004225
PLA2R1,FRAS1,-0.029240683
MYOT,FRAS1,-0.021075483
MAD1L1,FRAS1,-0.009222685
RSPH6A,FRAS1,-0.0066305813
CCDC71,FRAS1,-0.026770677
PRKN,FRAS1,-0.021967296
BTN2A2,FRAS1,-0.010073252
HEPACAM2,FRAS1,-0.05352795
FAM81A,FRAS1,-0.008545007
SMPDL3B,FRAS1,-0.008312246
C18orf54,FRAS1,-0.030605761
NATD1,FRAS1,-0.0034958082
MMRN1,FRAS1,-0.036931645
PFDN2,FRAS1,-0.08407806
CHGB,FRAS1,-0.01282444
WNT2B,FRAS1,-0.023447001
PDE6C,FRAS1,-0.010206575
LCN8,FRAS1,-0.023003286
POLR1H,FRAS1,-0.013826483
KCP,FRAS1,-0.023916116
LRTOMT,FRAS1,-0.016658625
ABCG2,FRAS1,-0.025498904
ANK2,FRAS1,-0.008909651
RAX2,FRAS1,-0.0032366514
CSNK2A2,FRAS1,-0.0025846881
CPA6,FRAS1,-0.018809464
CAMK2B,FRAS1,-0.04803548
NUFIP1,FRAS1,-0.0045474567
ARMS2,FRAS1,-0.013560347
AL590560.2,FRAS1,-0.034470737
KPRP,FRAS1,-0.03321259
ZNF732,FRAS1,-0.015736995
CES4A,FRAS1,-0.019310508
AC005551.1,FRAS1,-0.031420708
AP001931.2,FRAS1,-0.043310657
NOTCH1,FRAS1,-0.029253352
DUSP13,FRAS1,-0.00867935
RPL3L,FRAS1,-0.02381861
SPR,FRAS1,-0.027914934
VMO1,FRAS1,-0.004844503
STAC,FRAS1,-0.012723129
ADCY5,FRAS1,-0.023259303
BMF,FRAS1,-0.021634985
STK32C,FRAS1,-0.015717065
DLL1,FRAS1,-0.020833997
APOL2,FRAS1,-0.028645655
NXPE4,FRAS1,-0.032150168
SLC38A10,FRAS1,-0.020766055
TMEM145,FRAS1,-0.032399934
ABCA13,FRAS1,-0.023548309
MFSD9,FRAS1,-0.073037624
GSS,FRAS1,-0.027533516
NKX2-8,FRAS1,-0.018465212
SLC38A3,FRAS1,-0.029694997
DHRS7C,FRAS1,-0.023960343
THAP6,FRAS1,-0.0071623623
MPC2,FRAS1,-0.0075869877
RPL35,FRAS1,-0.06718836
ADH4,FRAS1,-0.019539315
LRRC75A,FRAS1,-0.0070896787
COL2A1,FRAS1,-0.017714892
C16orf90,FRAS1,-0.019172996
GFI1B,FRAS1,-0.0023308387
AC011005.1,FRAS1,-0.012457709
DPH7,FRAS1,-0.0143360915
SCAF4,FRAS1,-0.0019848733
CHST4,FRAS1,-0.008880992
RPS19BP1,FRAS1,-0.043874327
SLC25A1,FRAS1,-0.014297909
SPDYC,FRAS1,-0.008422445
TRIM16,FRAS1,-0.0056324312
CHST6,FRAS1,-0.005923242
TERT,FRAS1,-0.058127735
ZNF70,FRAS1,-0.065969355
ZNF26,FRAS1,-0.022208748
AC025283.2,FRAS1,-0.029575134
CSKMT,FRAS1,-0.029812582
TMEM88,FRAS1,-0.026971957
GAD1,FRAS1,-0.011477642
TTC32,FRAS1,-0.015636904
SYN2,FRAS1,-0.011484679
CCDC9,FRAS1,-0.009616238
STARD4,FRAS1,-0.04335644
C8A,FRAS1,-0.017512057
ADRA2B,FRAS1,-0.019077286
NBPF14,FRAS1,-0.009228533
NPPA,FRAS1,-0.029071392
SPRN,FRAS1,-0.030118056
DNAAF1,FRAS1,-0.008719238
KRTAP2-3,FRAS1,-0.011224848
GLP2R,FRAS1,-0.03639043
FUT11,FRAS1,-0.0052938503
LDHAL6B,FRAS1,-0.0033091595
CMIP,FRAS1,-0.020433282
ST8SIA1,FRAS1,-0.02630117
PRRT3,FRAS1,-0.0070736515
PSORS1C2,FRAS1,-0.011092836
DMC1,FRAS1,-0.024339879
CD36,FRAS1,-0.025122523
TOR2A,FRAS1,-0.031782128
SERPINB13,FRAS1,-0.022502204
MMP28,FRAS1,-0.051458787
DNAJC5G,FRAS1,-0.015969696
RDH16,FRAS1,-0.008698595
NAT8L,FRAS1,-0.021226447
TTLL1,FRAS1,-0.022706589
CIDEA,FRAS1,-0.036511965
MEPE,FRAS1,-0.008816076
CNIH1,FRAS1,-0.00720595
INSC,FRAS1,-0.02319311
ZFP69,FRAS1,-0.049866073
CALHM3,FRAS1,-0.0106192585
IFFO2,FRAS1,-0.06774933
ERCC1,FRAS1,-0.04911093
LDHAL6A,FRAS1,-0.034340966
KRT81,FRAS1,-0.013096159
LUZP2,FRAS1,-0.010778441
TREM2,FRAS1,-0.030276682
DNAAF3,FRAS1,-0.0093332
STAMBPL1,FRAS1,-0.014204435
CRABP2,FRAS1,-0.022405855
POP5,FRAS1,-0.05196923
PRMT8,FRAS1,-0.016487563
TRAF1,FRAS1,-0.005164669
CHMP6,FRAS1,-0.042786643
HSCB,FRAS1,-0.04020168
AC008073.3,FRAS1,-0.018594604
DALRD3,FRAS1,-0.041212853
RASSF4,FRAS1,-0.013052318
PTPRH,FRAS1,-0.022469109
GLB1L2,FRAS1,-0.015534766
KLHL6,FRAS1,-0.02259659
AL121594.1,FRAS1,-0.02169361
PLD3,FRAS1,-0.029466912
CHST2,FRAS1,-0.052048523
HSD17B7,FRAS1,-0.04089916
TTLL12,FRAS1,-0.007097809
CCDC74A,FRAS1,-0.01198263
PTH2R,FRAS1,-0.015829248
SIGLEC11,FRAS1,-0.0149489315
H3C7,FRAS1,-0.19065113
NOLC1,FRAS1,-0.058834337
GRIN1,FRAS1,-0.06050473
ZNF540,FRAS1,-0.036572717
RPLP2,FRAS1,-0.029298076
CMPK2,FRAS1,-0.009930291
NUDT14,FRAS1,-0.028302528
HSPB7,FRAS1,-0.026779722
FBXO36,FRAS1,-0.011811382
TCP1,FRAS1,-0.005563961
IPO13,FRAS1,-0.09275535
ARL6,FRAS1,-0.0034781822
CHCHD7,FRAS1,-0.019532857
MYLK4,FRAS1,-0.025674399
CACNA1A,FRAS1,-0.013080558
PLB1,FRAS1,-0.016325457
ALDH3B1,FRAS1,-0.01608927
NF2,FRAS1,-0.12869082
CNOT10,FRAS1,-0.007228188
CADPS2,FRAS1,-0.021330103
WSCD1,FRAS1,-0.035605766
PDE6A,FRAS1,-0.007493294
ZIK1,FRAS1,-0.007887425
EEF1B2,FRAS1,-0.027937606
MEGF8,FRAS1,0.0004313953
SCN4B,FRAS1,-0.0033507254
LSP1,FRAS1,-0.007735432
IGFL1,FRAS1,-0.006780333
ZNF781,FRAS1,-0.062729314
CBX5,FRAS1,-0.050095897
PPP1R14A,FRAS1,-0.013957134
IL1B,FRAS1,-0.03625972
SOX4,FRAS1,-0.019511918
LARGE2,FRAS1,-0.027976425
CCDC47,FRAS1,-0.07989825
AAMDC,FRAS1,-0.09385978
FCGR3B,FRAS1,-0.051123932
LRRC23,FRAS1,-0.017874088
C11orf87,FRAS1,-0.01883225
GJA1,FRAS1,-0.0114713665
FOXC1,FRAS1,-0.009722133
ADAMTSL3,FRAS1,-0.010464294
LTB4R,HSP90AA1,-0.010275953
NEFL,HSP90AA1,-0.0034224254
KIDINS220,HSP90AA1,-0.0055779596
NFE2L2,HSP90AA1,-0.009145482
SPZ1,HSP90AA1,-0.09531536
UIMC1,HSP90AA1,-0.015473685
C1QTNF4,HSP90AA1,-0.072496474
TAF9,HSP90AA1,-0.0045937602
HAVCR1,HSP90AA1,-0.009382689
C1orf226,HSP90AA1,-0.016559754
ELOVL3,HSP90AA1,-0.020374576
RIBC2,HSP90AA1,-0.059380345
CROT,HSP90AA1,-0.02187544
PTGER1,HSP90AA1,-0.024806978
CCL23,HSP90AA1,-0.014553835
MEIOC,HSP90AA1,-0.04254432
LRRC61,HSP90AA1,-0.008345093
NR2F6,HSP90AA1,-0.011672051
ARX,HSP90AA1,-0.025436532
TSPAN1,HSP90AA1,-0.014828936
ISG20L2,HSP90AA1,-0.22242689
RCOR2,HSP90AA1,-0.030184617
BCL11A,HSP90AA1,-0.006613669
WBP2NL,HSP90AA1,-0.041895594
CFAP43,HSP90AA1,-0.024902977
SMG9,HSP90AA1,-0.09986052
EFNA1,HSP90AA1,-0.14689988
TSPAN7,HSP90AA1,-0.027707247
TMIE,HSP90AA1,-0.03327579
HOXA1,HSP90AA1,-0.03736096
ATG101,HSP90AA1,-0.024664078
NR1D1,HSP90AA1,-0.020406935
SLC35B4,HSP90AA1,-0.0383974
GUCA1B,HSP90AA1,-0.08294348
KIF5C,HSP90AA1,-0.023153476
MAPK10,HSP90AA1,-0.011503416
NUTM2B,HSP90AA1,-0.0027763152
SYNPO2L,HSP90AA1,-0.09524354
SLC39A1,HSP90AA1,-0.1900056
EMX2,HSP90AA1,-0.013737674
AC009879.3,HSP90AA1,-0.020218259
ANO4,HSP90AA1,-0.015483543
ERRFI1,HSP90AA1,-0.024171907
GTF2I,HSP90AA1,-0.019987646
PARP11,HSP90AA1,-0.05740656
ALDH1A2,HSP90AA1,-0.022139857
TRIM17,HSP90AA1,-0.044567417
GNL2,HSP90AA1,-0.116856515
AP4B1,HSP90AA1,-0.020570928
RABL2A,HSP90AA1,-0.06505955
PTCH2,HSP90AA1,-0.027048534
RAB21,HSP90AA1,-0.018636128
FKBP4,HSP90AA1,-0.008907151
UBLCP1,HSP90AA1,-0.022449164
RNF32,HSP90AA1,-0.04618209
LEMD1,HSP90AA1,-0.056874182
HIP1,HSP90AA1,-0.04133915
UBALD2,HSP90AA1,-0.13811494
FDPS,HSP90AA1,-0.053392243
IFRD1,HSP90AA1,-0.034107316
RORB,HSP90AA1,-0.010794661
C1QTNF9B,HSP90AA1,-0.03419357
SPRR2A,HSP90AA1,-0.009735817
GJA1,HSP90AA1,-0.036696114
TFCP2,HSP90AA1,-0.05127211
DUSP23,HSP90AA1,-0.21882363
DBNL,HSP90AA1,-0.0048817457
GRIFIN,HSP90AA1,-0.011509453
CD1D,HSP90AA1,-0.060668573
EFHD1,HSP90AA1,-0.08851841
PPP2R3B,HSP90AA1,-0.05190757
OTP,HSP90AA1,-0.037407048
DLG4,HSP90AA1,-0.0349555
GAREM2,HSP90AA1,-0.026386004
TLL2,HSP90AA1,-0.023016922
B3GNT7,HSP90AA1,-0.065537356
PYGB,HSP90AA1,-0.007909176
PILRB,HSP90AA1,-0.019780215
TRAF4,HSP90AA1,-0.041562926
ASPA,HSP90AA1,-0.021269612
SCRT1,HSP90AA1,-0.025530666
NRF1,HSP90AA1,-0.022391511
IGF1R,HSP90AA1,-0.14073186
BIK,HSP90AA1,-0.03995956
STRC,HSP90AA1,-0.10217127
SUMF1,HSP90AA1,-0.015191382
CARD14,HSP90AA1,-0.20549314
IGFBPL1,HSP90AA1,-0.02425223
SMARCD3,HSP90AA1,-0.05468372
MEF2D,HSP90AA1,-0.11426105
HDGF,HSP90AA1,-0.05418556
ZBTB6,HSP90AA1,-0.030968385
H2AC6,HSP90AA1,-0.041238833
TATDN2,HSP90AA1,-0.007464794
VCPKMT,HSP90AA1,-0.39191875
AACS,HSP90AA1,-0.106401734
ATP8A2,HSP90AA1,-0.021397267
ZNF230,HSP90AA1,-0.020086197
DEFB108B,HSP90AA1,-0.034302205
NME7,HSP90AA1,-0.04388146
NLRP1,HSP90AA1,-0.053333014
PLCXD1,HSP90AA1,-0.022767384
GRAMD2A,HSP90AA1,-0.07996822
SPX,HSP90AA1,-0.027135735
UTP20,HSP90AA1,-0.038023215
PLK5,HSP90AA1,-0.025157338
PPIP5K1,HSP90AA1,-0.018275904
PAK4,HSP90AA1,-0.01911418
FTCD,HSP90AA1,-0.010541151
EXTL3,HSP90AA1,-0.053118132
MCC,HSP90AA1,-0.043137416
LMNA,HSP90AA1,-0.028500823
PPP1CC,HSP90AA1,-0.068603896
C12orf29,HSP90AA1,-0.035563447
OR2A42,HSP90AA1,-0.015591325
ACOT4,HSP90AA1,-0.09502812
SCART1,HSP90AA1,-0.021797057
KRT76,KDM3B,-0.0020874415
IL20RA,KDM3B,-0.015336132
ATP2A1,KDM3B,-0.03940537
FCER1A,KDM3B,-0.015491489
SDR39U1,KDM3B,-0.03992275
TRIM7,KDM3B,-0.018739099
FYCO1,KDM3B,-0.022297105
DNAJC9,KDM3B,-0.002733104
SQLE,KDM3B,-0.07081201
TM6SF1,KDM3B,-0.005044924
RIPOR1,KDM3B,-0.08070636
SMG1,KDM3B,-0.00019924557
ASPH,KDM3B,-0.0025886777
ADAMTS14,KDM3B,-0.10757065
OOEP,KDM3B,-0.020495202
ZNF850,KDM3B,-0.033097856
GAL,KDM3B,-0.049141586
TMEM120A,KDM3B,-0.011911312
HDLBP,KDM3B,-0.03251955
CYP2S1,KDM3B,-0.014272304
DAZL,KDM3B,-0.010315675
HBD,KDM3B,-0.00854661
MRPS18A,KDM3B,-0.024731344
ZDHHC24,KDM3B,-0.0037220113
ANGPTL4,KDM3B,-0.082101434
NUDT8,KDM3B,-0.0105721
STYXL1,KDM3B,-0.0051397057
FGFR2,KDM3B,-0.057973605
TRIM47,KDM3B,-0.01954767
TMC5,KDM3B,-0.050949167
TRO,KDM3B,-0.024840167
AP003071.5,KDM3B,-0.034259748
RNF14,KDM3B,-0.07536312
NDUFB11,KDM3B,-0.017261945
TJP3,KDM3B,-0.042581443
C9orf116,KDM3B,-0.013660294
FABP4,KDM3B,-0.19728677
SOS1,KDM3B,-0.10230106
KRT24,KDM3B,-0.047856804
IGFBP2,KDM3B,-0.030356485
SALL1,KDM3B,-0.054293383
SNX31,KDM3B,-0.09131609
HMGA1,KDM3B,-0.08400179
MS4A6E,KDM3B,-0.016715448
SPIN4,KDM3B,-0.013390227
SGO1,KDM3B,-0.032426603
PLD6,KDM3B,-0.012795234
EXD3,KDM3B,-0.068474025
NLRC3,KDM3B,-0.028133031
CHRNB1,KDM3B,-0.009163374
SH3PXD2A,KDM3B,-0.11249184
CIAO2B,KDM3B,-0.023363922
BORCS5,KDM3B,-0.058092747
SCTR,KDM3B,-0.09911861
MLF2,KDM3B,-0.08216494
MEST,KDM3B,-0.06931845
CTAGE8,KDM3B,-0.009113326
HSD17B1,KDM3B,-0.039701093
ZNF614,KDM3B,-0.046268463
B4GALNT3,KDM3B,-0.02295818
ASCL5,KDM3B,-0.035864785
OARD1,KDM3B,-0.13433729
CSRP2,KDM3B,-0.021810329
ABLIM2,KDM3B,-0.01743365
TEX30,KDM3B,-0.023028422
DRD5,KDM3B,-0.16886808
STOM,KDM3B,-0.02223513
CALML5,KDM3B,-0.011289978
PDE7A,KDM3B,-0.012897074
SYN2,KDM3B,-0.033807863
GSG1,KDM3B,-0.012176575
TRIP10,KDM3B,-0.13364619
BCL2L12,KDM3B,-0.026736494
PSMB7,KDM3B,-0.05391587
ZDHHC11B,KDM3B,-0.027434003
NIPSNAP3B,KDM3B,-0.023799876
FOXD2,KDM3B,-0.021069422
DKK1,KDM3B,-0.022300456
ZSWIM6,KDM3B,-0.015949218
TAF13,KDM3B,-0.042996146
RARA,KDM3B,-0.013654314
APBB1IP,KDM3B,-0.04520963
TPD52,KDM3B,-0.036832325
RITA1,KDM3B,-0.08224889
IER3IP1,KDM3B,-0.011782525
CLYBL,KDM3B,-0.0052355663
OXR1,KDM3B,-0.033595942
LMX1B,KDM3B,-0.03422985
BCAM,KDM3B,-0.059048116
ABCD2,KDM3B,-0.02387431
BAALC,KDM3B,-0.026417792
STS,KDM3B,-0.021878
HIGD1A,KDM3B,-0.012885565
ABCB4,KDM3B,-0.016737958
UPRT,KDM3B,-0.009085203
C17orf113,KDM3B,-0.022206884
GPR153,KDM3B,-0.08718377
RAD23B,KDM3B,-0.022712683
GPATCH2L,KDM3B,-0.00017007152
SECTM1,KDM3B,-0.013284521
MTARC1,KDM3B,-0.040197205
PDCD2L,KDM3B,-0.011274028
PTPRQ,KDM3B,-0.017186055
FOS,KDM3B,-0.033182297
ATP6V0D2,KDM3B,-0.04189198
ZFYVE21,KDM3B,-0.01997278
CNIH2,KDM3B,-0.06980694
GPR107,KDM3B,-0.018664923
BZW1,KDM3B,0.0020895887
TBCC,KDM3B,-0.08981893
ELOC,KDM3B,-0.016756376
BEX5,KDM3B,-0.14290601
ESPNL,KDM3B,-0.037395954
RECK,KDM3B,-0.016379694
ABCB6,KDM3B,-0.07901357
NYAP1,KDM3B,-0.05947892
DPEP3,KDM3B,-0.055963825
VPS37D,KDM3B,-0.031408627
ZFAND2A,KDM3B,-0.048299458
HOXD10,KDM3B,-0.063133046
CNDP2,KDM3B,-0.01446513
ISCU,KDM3B,-0.14093132
POLR1F,KDM3B,-0.019820899
CFTR,KDM3B,-0.06156566
EBPL,KDM3B,-0.023779763
SLC9A1,KDM3B,-0.03284221
ACAD11,KDM3B,-0.012038977
SHOC1,KDM3B,-0.015235983
GPD2,KDM3B,-0.04385704
ZNF208,KDM3B,-0.008798639
PDZD9,KDM3B,-0.02693829
PRKAG3,KDM3B,-0.031213999
TESPA1,KDM3B,-0.05723284
MCIDAS,KDM3B,-0.03104341
HNMT,KDM3B,-0.08207376
STXBP6,KDM3B,-0.041044544
SMIM14,KDM3B,-0.011763251
CENPH,KDM3B,-0.012022612
HID1,KDM3B,-0.023538807
RAMACL,KDM6A,-0.00070436765
EIF2AK3,KDM6A,-0.00017998967
HERC5,KDM6A,-0.0011449186
PRF1,KDM6A,-0.0035075853
ATP5MC1,KDM6A,-0.0008357769
F10,KDM6A,-0.013691061
PCYT1A,KDM6A,-0.0011065186
C1orf56,KDM6A,-0.006228661
RUNX2,KDM6A,-0.00266571
MT1X,KDM6A,4.2138265e-05
C1QTNF4,KDM6A,-0.009451919
IL24,KDM6A,-0.0008543936
LIX1L,KDM6A,0.0011686874
GOLGA2,KDM6A,-0.0040551666
KIF2C,KDM6A,-0.005512059
CHAC2,KDM6A,-0.00086556474
CD3D,KDM6A,-0.0012884018
EDARADD,KDM6A,-0.0053503234
CUZD1,KDM6A,-0.002993782
CELF5,KDM6A,-0.009597206
KRT33A,KDM6A,-0.0022231995
PIGP,KDM6A,-0.0018503729
H2BC4,KDM6A,0.00028780088
PLA2G7,KDM6A,-0.003582269
TMEM52B,KDM6A,-0.011025828
IP6K3,KDM6A,-0.011101758
DTHD1,KDM6A,-0.00036983826
HSF2BP,KDM6A,-0.001210562
REN,KDM6A,-0.005197346
TAMM41,KDM6A,-0.009261744
CDH7,KDM6A,-0.022353634
ALDH1L1,KDM6A,-0.0032865906
SPAG17,KDM6A,-0.016261611
CHN1,KDM6A,-0.007304361
OLFML2A,KDM6A,-0.024819465
VWA5B2,KDM6A,-0.006970752
TDRD3,KDM6A,-0.003317873
FBXL6,KDM6A,-0.004306251
PDE10A,KDM6A,-0.003868104
METRN,KDM6A,-0.0040715416
TESMIN,KDM6A,-0.00540662
MIPOL1,KDM6A,-0.008000589
FBXL7,KDM6A,-0.008138483
TAS1R1,KDM6A,-0.0029901892
MOCS2,KDM6A,-0.013837398
HPDL,KDM6A,-0.0038816426
CAPN12,KDM6A,-0.0053028716
SLAMF7,KDM6A,-0.0076811514
KDM4D,KDM6A,-0.01619274
KBTBD12,KDM6A,-0.012026886
B4GALNT3,KDM6A,-0.01228503
THAP8,KDM6A,0.00037701565
BORCS8-MEF2B,KDM6A,-0.006005598
CSKMT,KDM6A,-0.012395877
VAT1L,KDM6A,-0.0038935526
MTCP1,KDM6A,-0.005931556
OSBPL3,KDM6A,-0.008145623
KRT78,KDM6A,-0.010768375
TP53I3,KDM6A,-0.0023508298
DIO2,KDM6A,-0.009797327
ETAA1,KDM6A,-0.008016607
CFAP45,KDM6A,-0.0055255187
PEAR1,KDM6A,-0.004495577
MT1A,KDM6A,-0.00312737
TLE2,KDM6A,0.002061946
ZNF761,KDM6A,-0.0028621315
RPS27L,KDM6A,-0.0066600638
AHR,KDM6A,-0.011027509
KCNS3,KDM6A,-0.0025296987
KLRK1,KDM6A,-0.007394582
WFDC11,KDM6A,-0.0024454247
TTLL1,KDM6A,-0.00161068
MYBL1,KDM6A,-0.006611323
NFIA,KDM6A,-0.00436065
SH2D2A,KDM6A,-0.012528891
FUT10,KDM6A,-0.012963842
GALNS,KDM6A,-0.002359242
WDR59,KDM6A,-0.0062235426
SPTB,KDM6A,-0.002799623
C8orf37,KDM6A,-0.00912033
INA,KDM6A,-0.0030437184
GPAT3,KDM6A,-0.0012134782
EID2B,KDM6A,-0.0056483187
ABCD2,KDM6A,-0.002146449
RNF207,KDM6A,-0.035998
PLEKHG6,KDM6A,-0.0058503263
NACA2,KDM6A,-0.0075641144
IL1RL2,KDM6A,-0.020680893
FBF1,KDM6A,-0.0023624892
PAQR3,KDM6A,-0.0037873553
KIAA0753,KDM6A,-0.022988087
CLCNKB,KDM6A,-0.024876514
SMARCAL1,KDM6A,-0.003826081
OSGIN1,KDM6A,-0.0021981536
SGCE,KDM6A,-0.01130273
HTR1B,KDM6A,-0.006786008
VWA5A,KDM6A,-0.0030970008
TMEM44,KDM6A,-0.0045973975
PIGO,KDM6A,-0.008639403
ZNF256,KDM6A,-0.010917523
MAX,KDM6A,-0.010429528
ADGRE5,KDM6A,-0.001689128
SAMD5,KDM6A,-0.00064009096
TGM2,KDM6A,-0.022479963
PCDHGB6,KDM6A,-0.0021776012
LEXM,KDM6A,-0.02466083
CYP3A5,KDM6A,-0.0034066846
GPR150,KDM6A,-0.023739297
FAM178B,KDM6A,-0.0034406132
GLDN,KDM6A,-0.0038236468
CEACAM20,KDM6A,-0.0019079786
TMEM116,KDM6A,-0.0002207231
CFAP74,KDM6A,-0.007596566
CCDC77,KDM6A,-0.00026771775
TTC34,KDM6A,-0.005981099
BDNF,KDM6A,-0.0070273182
PTCH1,KDM6A,-0.007212314
LCAT,KDM6A,-0.016452443
FAM189A2,KDM6A,-0.0060056737
TMEM79,KDM6A,-0.0037542218
ATP10B,KDM6A,0.0031728798
GRIN3B,KDM6A,-0.008589611
PPP2R3B,KDM6A,-0.0020117317
WDR92,KDM6A,-0.0036559387
ATP2A3,KDM6A,-0.0035035843
TPGS1,KDM6A,-0.003991004
FMO5,KDM6A,-0.00071711425
MT2A,KDM6A,-0.0056685354
PYGB,KDM6A,-0.01727143
TG,KDM6A,-0.00478089
RBMS3,KDM6A,-0.0070816856
CAPZA2,KDM6A,-0.009681558
HOXB9,KDM6A,-0.018445661
TEN1,KDM6A,-0.0038711661
HHIP,KDM6A,-0.0034994443
MAP3K20,KDM6A,-0.0025273962
STOX2,KDM6A,-0.0014958113
AC068831.6,KDM6A,-0.009167185
HS6ST2,KDM6A,-0.006068474
ALPG,KDM6A,-0.0041826866
LRRC34,KDM6A,-0.010621441
RDH12,KDM6A,-0.0066059814
DHRS7B,KDM6A,-0.0047725774
MED25,KDM6A,-0.012867824
INPP5D,KDM6A,-0.0062307436
C10orf99,KDM6A,-0.0068024457
RPL23,KDM6A,-0.0032238467
PRKY,KDM6A,-0.002188093
GCSAM,KDM6A,-0.0065751653
CCDC92,KDM6A,-0.001023664
KIAA0895L,KDM6A,-0.0029619413
LURAP1L,KDM6A,-0.005601462
ZDHHC6,KDM6A,-0.017784266
ZNF257,KDM6A,-0.01840635
CCDC170,KDM6A,-0.006920117
USP43,KDM6A,-0.0040782117
EFCAB12,KDM6A,-0.002003897
CCDC88C,KDM6A,-0.0039403895
SAXO2,KDM6A,-0.0019309098
UTS2B,KDM6A,-0.0009785333
PAOX,KDM6A,-0.0018431272
GAR1,KDM6A,-0.004840006
MSX1,KDM6A,-0.057587955
BMP4,KDM6A,-0.010126947
CGNL1,KDM6A,-0.013525181
FHL3,KDM6A,-0.004161072
CDA,KDM6A,-0.004023027
MLF2,KDM6A,-0.0090712905
DDX11,KDM6A,-0.030735679
PML,KDM6A,-0.00088764523
HAUS4,KDM6A,-0.0066247494
FUT4,KDM6A,-0.0072769346
LMAN2L,KDM6A,-0.0070040636
PRSS51,KDM6A,-0.014628845
TRIM64B,KDM6A,0.0002611851
MEOX1,KDM6A,-0.0037778676
MAMDC4,KDM6A,0.0015672601
MICB,KDM6A,-0.029375551
STYXL1,KDM6A,-0.0037110536
LGI4,KDM6A,-0.0070747617
FMO3,KDM6A,-0.0047005555
UFC1,KDM6A,0.0007581451
TBC1D20,KDM6A,-0.0019592708
TOM1L2,KDM6A,-0.006529685
SBSPON,KDM6A,-0.0054587764
ISX,KDM6A,-0.007413291
CRAT,KDM6A,-0.0022415807
SLC8A2,KDM6A,-0.0027916348
ASGR1,KDM6A,-0.021132065
SSX2,KDM6A,-0.0025768306
PLXNB1,KDM6A,-0.0022952768
CYSTM1,KDM6A,-0.0063649407
AOC2,KDM6A,-0.001785193
INTS13,KDM6A,0.0030445582
TCTE3,KDM6A,-0.008309408
CFAP57,KDM6A,-0.004815787
TTC22,KDM6A,-0.0025841654
LRRC61,KDM6A,-0.00942416
NIT2,KDM6A,-0.0047736173
FP565260.1,KDM6A,-0.0007509814
CYP11A1,KDM6A,-0.044329513
GLP2R,KDM6A,-0.0074238963
PLA2G4A,KDM6A,0.000774792
SMOC1,KDM6A,-0.020099737
C19orf54,KDM6A,0.00019114827
ZNF484,KDM6A,-0.004836495
TBC1D7,KDM6A,-0.0017831189
RHPN2,KDM6A,-0.002911403
ERN2,KDM6A,-0.013842569
LRG1,KDM6A,-0.005788156
AC013470.2,KDM6A,-0.0063014436
PCSK5,KDM6A,-0.008569141
TSPAN8,KDM6A,-0.0035990758
H3C8,KDM6A,-0.027744183
MAP1LC3A,KDM6A,-0.0056377505
C1orf131,KDM6A,-0.006173226
PCDH15,KDM6A,-0.047279112
RTP5,KDM6A,-0.008407044
SLC6A20,KDM6A,-0.005299635
EYA2,KDM6A,-0.0059000785
UBA7,KDM6A,-0.0018632633
ABITRAM,KDM6A,-0.008671905
ARMCX2,KDM6A,-0.016005393
CLDN3,KDM6A,-0.006484846
FOLR1,KDM6A,-0.010196315
B4GALNT2,KDM6A,-0.0052206125
SOCS2,KDM6A,-0.004168067
CRISP2,KDM6A,-0.022143416
CSPG4,KDM6A,-0.010934352
GALT,KDM6A,-0.005856585
MLEC,KDM6A,-0.0024836862
UAP1L1,KDM6A,0.00017747766
PPP1R14C,KDM6A,-0.0053871493
CAPNS2,KDM6A,-0.003820327
SIGLEC10,KDM6A,-0.0023380658
BAIAP2L2,KDM6A,-0.0023217942
ENSA,KDM6A,-0.0007442106
CABYR,KDM6A,-0.0091523975
ZNF480,KDM6A,-0.0003644486
PCNT,KDM6A,-0.0044831177
CCDC63,KDM6A,-0.019075533
KPRP,KDM6A,-0.005409117
GSTA4,KDM6A,-0.009260776
PRICKLE2,KDM6A,-0.004911067
PCDH18,KDM6A,-0.01370597
MYLPF,KDM6A,-0.01010853
FOXRED1,KDM6A,-0.007249383
WDR4,KDM6A,-0.00682935
FCGBP,KDM6A,-0.011263294
HLA-C,KDM6A,-0.00028184772
SLC25A31,KDM6A,-0.0047364025
ZNF467,KDM6A,-0.005127599
ARRDC4,KDM6A,-0.013482989
RPS3A,KDM6A,-0.004124716
RPSA,KDM6A,-0.0019223072
DYNC2LI1,KDM6A,-0.0020938888
ELN,KDM6A,-0.005979642
ST3GAL3,KDM6A,-0.002667792
TRAPPC10,KDM6A,-0.0035519009
CDH13,KDM6A,-0.013753004
RAB7B,KDM6A,-0.00029575205
HOXA11,KDM6A,-0.00196648
NPIPA1,KDM6A,-0.00867116
CP,KDM6A,-0.005610774
CSAG2,KDM6A,-0.0011585292
CPNE4,KDM6A,-0.02354731
TRAP1,KDM6A,-0.0046655266
NDUFV2,KDM6A,-0.009522788
DUSP2,KDM6A,-0.007635243
PCDHB6,KDM6A,-0.00020536293
HPGDS,KDM6A,0.00505161
S100A14,KDM6A,-0.012958027
ZMAT3,KDM6A,-0.009664337
MUC19,KDM6A,-0.00644125
DHPS,KDM6A,-0.014743933
SYCE3,KDM6A,-0.009241899
ZNF71,KDM6A,-0.004258173
AXIN1,KDM6A,-0.0054548737
IRGM,KDM6A,-0.0066021862
EIF1AY,KDM6A,-0.0024496552
KCNRG,KDM6A,0.00024735255
NPC2,KDM6A,-0.006692909
METTL1,KDM6A,-0.004490446
CACNB3,KDM6A,-0.007963696
KLF12,KDM6A,-0.004295309
KRT222,KDM6A,-0.0046567726
TLCD3A,KDM6A,-0.0036739726
GPM6B,KDM6A,-0.0074313497
PACRGL,KDM6A,-0.004185618
MYZAP,KDM6A,-0.0039749527
TNNI3,KDM6A,-0.0026851455
UTP6,KDM6A,-0.004905358
TCF7,KDM6A,-0.0091854315
PADI3,KDM6A,-0.0043983012
SCN4B,KDM6A,-0.00011882199
ZDHHC13,KDM6A,0.0005517964
VRK3,KDM6A,-0.0035333708
HBA2,KDM6A,-0.002289109
UBL4A,KDM6A,-0.027217641
A2ML1,KDM6A,-0.0005176561
CDYL2,KDM6A,-0.009258982
OTOA,KDM6A,-0.0014052487
SMYD4,KDM6A,-0.00082973536
FLRT3,KDM6A,-0.0025947602
MUC5AC,KDM6A,-0.0033089265
PRAF2,KDM6A,-0.004416784
AC022415.2,KDM6A,-0.003487329
UBASH3B,KDM6A,-0.018100452
CALHM3,KDM6A,-0.001972147
CEP126,KDM6A,-0.00651994
PBX2,KDM6A,-0.00040053527
CILP,KDM6A,-0.0054212203
VCX,KDM6A,-0.012174409
EPHX3,KDM6A,-0.009672752
F12,KDM6A,-0.0039004965
FUT6,KDM6A,-0.008910545
PCSK1N,KDM6A,-0.007562811
DDX3Y,KDM6A,-0.0050015557
FAM50B,KDM6A,-0.0051510134
TGM4,KDM6A,-0.010254323
ZHX2,KDM6A,-0.00531763
POTEF,KDM6A,-0.011834379
GIMAP2,KDM6A,-0.01401254
FARS2,KDM6A,0.0046095224
COQ10B,KDM6A,-0.0023391945
MFSD6L,KDM6A,-0.0016033766
LAMB4,KDM6A,-0.0069110375
DPY19L2,KDM6A,-0.00038468163
JPT2,KDM6A,-0.0018430762
PCDHGB5,KDM6A,-0.005482766
HOXB2,KDM6A,-0.0043126834
C9orf153,KDM6A,-0.012171483
CFAP53,KDM6A,-0.0066670924
COLEC11,KDM6A,-0.0028225177
TPSB2,KDM6A,-0.017927855
INSL6,KDM6A,-0.008384205
MPV17,KDM6A,-0.0035404228
CRACR2B,KDM6A,-0.001024079
LMTK3,KDM6A,-0.0029318605
GJB6,KDM6A,-0.0047313594
WBP1,KDM6A,-0.0036386559
CYP2S1,KDM6A,-0.0073961187
PCDH10,KDM6A,-0.0056689694
ZNF346,KDM6A,0.0017376908
CSTF2,KDM6A,-0.0024363773
GJB7,KDM6A,-0.0048575387
SNX8,KDM6A,-0.0038690607
MTRF1,KDM6A,-0.003108915
KDM6A,KDM6A,-0.010000392
RASGEF1A,KDM6A,-0.0314132
PABPC1,KDM6A,-0.0042877225
ZNF251,KDM6A,3.918801e-07
DUOX1,KDM6A,-0.0010323153
PTPN18,KDM6A,-0.0066640074
LPAR2,KDM6A,-0.010050526
ABCC6,KDM6A,-0.0024901938
CYP19A1,KDM6A,-0.0041542905
PRRT1,KDM6A,-0.017367933
ST6GALNAC1,KDM6A,-0.003201058
GPAA1,KDM6A,-0.0003461007
PPFIA3,KDM6A,-0.015796363
DCUN1D1,KDM6A,-0.0040731765
ANO7,KDM6A,-0.0031648674
GABRA3,KDM6A,-0.004924768
SOCS3,KDM6A,-0.010298021
RNLS,KDM6A,-0.014836878
KERA,KDM6A,-0.0071220673
MAN2B2,KDM6A,-0.012052986
RTP4,KDM6A,-0.013405507
HOXB5,KDM6A,-0.007616602
TPM2,KDM6A,-0.0059506744
IFNGR2,KDM6A,-0.0054894974
CKMT1A,KDM6A,-0.027229909
TICRR,KDM6A,-0.02460339
ADAM10,KDM6A,-0.004328217
BCAS3,KDM6A,-0.0011029247
IRX3,KDM6A,-0.0060087424
ZCWPW1,KDM6A,-0.0075637545
C7,KDM6A,-0.004379474
MUC2,KDM6A,-0.019875005
DMKN,KDM6A,-0.0036574656
ST8SIA4,KDM6A,-0.0085218195
REEP1,KDM6A,-0.005471088
GOLGA7B,KDM6A,-0.0059071938
RUNDC3A,KDM6A,-0.010960369
GTDC1,KDM6A,-0.0060081636
CHP1,KDM6A,-0.0056705605
CNTNAP2,KDM6A,-0.003568411
CSNK1E,KDM6A,-0.005479183
CCL22,KDM6A,-0.005505498
HSPA1B,KDM6A,-0.004475516
LDOC1,KDM6A,-0.021867912
OMD,KDM6A,-0.010861924
CLEC2D,KDM6A,-0.004249075
FCER1A,KIF21A,-0.018566651
RAD51,KIF21A,-0.015761914
CROCC2,KIF21A,-0.008202739
LHX1,KIF21A,-0.062382106
PSMD10,KIF21A,-0.059782594
ABHD12B,KIF21A,-0.021855064
C8orf88,KIF21A,-0.019788576
PROCR,KIF21A,-0.03634228
CARNS1,KIF21A,-0.2890523
ZDHHC24,KIF21A,-0.022973316
TMEM216,KIF21A,-0.04317078
SLC25A51,KIF21A,-0.011637588
TPMT,KIF21A,-0.0018729653
LIN28B,KIF21A,-0.030280577
CLDN8,KIF21A,-0.011030167
ZNF254,KIF21A,-0.019997846
LLPH,KIF21A,-0.07999969
CCDC87,KIF21A,-0.019827073
PROM1,KIF21A,-0.01653641
PPDPF,KIF21A,-0.009374295
UPF2,KIF21A,-0.016403865
DOC2B,KIF21A,-0.021897366
GPR183,KIF21A,-0.03075779
METTL18,KIF21A,-0.0061524566
TWSG1,KIF21A,-0.029084899
KBTBD11,KIF21A,-0.030129071
NIFK,KIF21A,-0.032154284
KIF6,KIF21A,-0.010619656
LCT,KIF21A,-0.016531065
TRIM54,KIF21A,-0.11422702
CYP2U1,KIF21A,-0.0034970273
ARID3C,KIF21A,-0.013099794
TXN,KIF21A,-0.015791759
PNMA3,KIF21A,-0.05912441
BDH2,KIF21A,-0.013876567
TBC1D4,KIF21A,-0.02486142
C2orf50,KIF21A,-0.020508405
ATG5,KIF21A,-0.046470508
THBD,KIF21A,-0.02662759
CSRNP1,KIF21A,-0.0045126253
LORICRIN,KIF21A,-0.06462423
NPC2,KIF21A,-0.092268825
GALK2,KIF21A,-0.008266413
SLC38A11,KIF21A,-0.25545594
AL591806.2,KIF21A,-0.062303524
FAM135B,KIF21A,-0.017771725
SPTY2D1OS,KIF21A,-0.02100659
ZNF418,KIF21A,-0.06301226
RPS15,KIF21A,-0.013563566
DDR1,KIF21A,-0.026781417
DAPL1,KIF21A,-0.024994899
BEST3,KIF21A,-0.025762103
DAP3,KIF21A,-0.0099641895
DELE1,KIF21A,-0.021547465
TRMT10C,KIF21A,-0.018593645
FAM81B,KIF21A,-0.04995134
CCR9,KIF21A,-0.053288825
CRAT,KIF21A,-0.07690025
DACH1,KIF21A,-0.057928618
EIF2S3B,KIF21A,-0.024107287
GDPD2,KIF21A,-0.009571861
PF4V1,KIF21A,-0.016986342
FAAP100,KIF21A,-0.11939333
RCAN2,KIF21A,-0.038514882
SLC35E4,KIF21A,-0.022847954
CBWD5,KIF21A,-0.010641159
LPA,KIF21A,-0.043474857
ZNF830,KIF21A,-0.026535118
TMEM205,KIF21A,-0.025805267
LIPJ,KIF21A,-0.048459988
LCLAT1,KIF21A,-0.04273813
IFNGR2,KIF21A,-0.015789768
CEP128,KIF21A,-0.28348485
RDX,KIF21A,-0.013131274
PMFBP1,KIF21A,-0.03642917
ASCL5,KIF21A,-0.016615618
UCHL3,KIF21A,-0.031444203
AP003108.2,KIF21A,-0.1232307
BLVRA,KIF21A,-0.010422355
SLC35C2,KIF21A,-0.031148128
TMEM179B,KIF21A,-0.040925656
TRPC3,KIF21A,-0.027155058
CD8B,KIF21A,-0.0829586
TLR6,KIF21A,-0.017040975
MT1X,KIF21A,-0.23017678
MYOZ1,KIF21A,-0.0026452967
ABCA13,KIF21A,-0.024363576
CA14,KIF21A,-0.018241186
CYGB,KIF21A,-0.041141354
SRP72,KIF21A,-0.012400016
TTK,KIF21A,-0.018640386
MICALL1,KIF21A,-0.019473286
BCL2L15,KIF21A,-0.027851174
SH3KBP1,KIF21A,-0.028472554
HHLA2,KIF21A,-0.014239946
FAM20A,KIF21A,-0.04618545
PGLYRP2,KIF21A,-0.5515392
CSAG1,KIF21A,-0.051929116
GPR143,KIF21A,-0.022957003
NR2F2,KIF21A,-0.013188724
GFI1,KIF21A,-0.033774443
DHRS1,KIF21A,-0.007476104
NCCRP1,KIF21A,-0.06215561
RPL7,KIF21A,-0.0064491862
ORC6,KIF21A,-0.049149714
REN,KIF21A,-0.023157222
TMC5,KIF21A,-0.038961817
APOF,KIF21A,-0.04378322
BMPR1B,KIF21A,-0.14494777
ANKRD42,KIF21A,-0.059143476
TRPA1,KIF21A,-0.06681479
STT3A,KIF21A,-0.035480384
C1R,KIF21A,-0.03563287
SIRT5,KIF21A,-0.022218764
PELI2,KIF21A,-0.04115349
PARL,KIF21A,-0.023612956
DUS2,KIF21A,-0.031718113
POU6F2,KIF21A,-0.01697992
STAB1,KIF21A,-0.0050924188
AGBL4,KIF21A,-0.03099976
PNPLA8,LAMA3,-0.0014886257
PCDHGB1,LAMA3,-0.009713126
NRIP2,LAMA3,-0.026811883
FGFR1,LAMA3,-0.0011428808
RAB7B,LAMA3,-0.0011428178
OVOL1,LAMA3,-0.009348046
GTF2F2,LAMA3,-0.017550586
P2RY13,LAMA3,-0.0005297154
TTC38,LAMA3,-0.0071575483
PTRH2,LAMA3,-0.0382246
FZD3,LAMA3,-0.021856273
PITPNM3,LAMA3,-0.06377145
MAGOHB,LAMA3,-0.018662393
MTLN,LAMA3,-0.012546123
CYP1A2,LAMA3,-0.030086886
BMPR1B,LAMA3,-0.016226755
KIF21A,LAMA3,-0.1612505
LRRC26,LAMA3,-0.009204505
TSSC4,LAMA3,-0.016077375
BAK1,LAMA3,-0.004249875
FAR2,LAMA3,-0.017567333
ERFE,LAMA3,-0.04017571
VWA5A,LAMA3,-0.00758329
DEXI,LAMA3,-0.03691733
CACNB3,LAMA3,-0.052648522
RWDD1,LAMA3,-0.015952623
RGPD2,LAMA3,-0.021332033
CASQ2,LAMA3,-0.028611263
PPA1,LAMA3,-0.021113198
MT-ND1,LAMA3,-0.034837455
ARSD,LAMA3,-0.035494078
C2CD5,LAMA3,-0.004588422
DNALI1,LAMA3,-0.04024808
ORM1,LAMA3,-0.025637457
CUX2,LAMA3,-0.025930239
GPR141,LAMA3,-0.030258158
NEBL,LAMA3,-0.09981136
GNPDA1,LAMA3,-0.006794555
HOXB4,LAMA3,-0.011915042
YAF2,LAMA3,-0.0076816767
GSTM2,LAMA3,-0.028794704
ANKS6,LAMA3,-0.011091501
NOG,LAMA3,-0.0067317644
C4orf50,LAMA3,-0.059036702
CPA5,LAMA3,-0.011968092
FOXA3,LAMA3,-0.010332747
STX4,LAMA3,-0.009200648
NR2E1,LAMA3,-0.0124559095
NRXN1,LAMA3,-0.008432944
NACA,LAMA3,-0.023149032
RNF43,LAMA3,-0.0066410033
ACAT2,LAMA3,-0.020957537
HEXIM1,LAMA3,-0.0028230431
SDHAF3,LAMA3,-0.022225529
ANKRD52,LAMA3,-0.03164672
NCK2,LAMA3,-0.015175258
ATOH7,LAMA3,-0.06378931
SIX3,LAMA3,-0.024063537
CHPF,LAMA3,-0.034764614
SKIDA1,LAMA3,-0.03851929
ADAM7,LAMA3,-0.014768068
FAM174C,LAMA3,-0.034177516
EYA4,LAMA3,-0.01427689
CASP7,LAMA3,-0.014469159
CEACAM19,LAMA3,-0.016593687
GBP3,LAMA3,-0.0737814
USP53,LAMA3,-0.0061376933
RWDD2B,LAMA3,-0.02123788
KLHDC3,LAMA3,-0.01343515
AJM1,LAMA3,-0.037880182
SMIM10L1,LAMA3,-0.0136660375
LETM1,LAMA3,-0.034863204
ZNF408,LAMA3,-0.01509205
UBE2L5,LAMA3,-0.008947776
RAB34,LAMA3,-0.014714812
RFLNA,LAMA3,-0.011100327
C4orf54,LAMA3,-0.014840262
OGN,LAMA3,-0.011015604
LRR1,LAMA3,-0.0006304122
KRT13,LAMA3,-0.034878373
PUF60,LAMA3,-0.007930107
PCLO,LAMA3,-0.032901056
UPB1,LAMA3,-0.015062611
RIPK2,LAMA3,-0.060119525
VAT1L,LAMA3,-0.031184537
TBX2,LAMA3,-0.009568125
HYOU1,LAMA3,-0.032089073
ZKSCAN7,LAMA3,-0.03680862
GPR82,LAMA3,-0.023314105
CYP7B1,LAMA3,-0.0055622053
ARMCX2,LAMA3,-0.011140756
COL9A3,LAMA3,-0.026067905
HSPA4,LAMA3,-0.022456445
TMEM101,LAMA3,-0.050849188
OBSL1,LAMA3,-0.01477337
SMIM24,LAMA3,-0.04471559
DDX51,LAMA3,-0.03129028
LAT,LAMA3,-0.011492137
LRRC39,LAMA3,-0.052062947
PPP1R3G,LAMA3,-0.029272346
TAF10,LAMA3,-0.016661132
ANKRD39,LAMA3,-0.021500718
RNPS1,LAMA3,-0.0011896555
MIOX,LAMA3,-0.19026808
ERP27,LAMA3,-0.005486876
RAB13,LAMA3,-0.016041104
TAF1,LAMA3,-0.008765939
DDX54,LAMA3,-0.010546299
NKX6-1,LAMA3,-0.06297911
METTL17,LAMA3,-0.016805451
METTL2B,LAMA3,-0.010354066
MVB12B,LAMA3,-0.017893031
KCNN1,LAMA3,-0.019478315
PARPBP,LAMA3,-0.0035036805
AZGP1,LAMA3,-0.0057514
VTI1A,LAMA3,-0.05826411
FADD,LAMA3,-0.14466362
DTD1,LAMA3,-0.004170395
ZNF655,LAMA3,-0.020904087
ASTN1,LAMA3,-0.018098164
PXMP4,LAMA3,-0.024416694
NHLRC3,LAMA3,-0.011605483
CIITA,LAMA3,-0.0040914407
ATP1B1,LAMA3,-0.0125783635
RLF,LAMA3,-0.010919203
PUS3,LAMA3,-0.018548759
FHAD1,LAMA3,-0.008554757
LRRC6,LAMA3,-0.011276839
VMP1,LAMA3,-0.01705084
FUZ,LAMA3,-0.015137725
TENT5B,LAMA3,-0.022286426
TRPC1,LAMA3,-0.015591493
TMEM139,LAMA3,-0.020907769
CCRL2,LAMA3,-0.042521108
PKIB,LAMA3,-0.016807057
NPL,LAMA3,-0.039414395
SNRPE,LAMA3,-0.008286425
CCNB1,LAMA3,-0.001510554
CYP24A1,LAMA3,-0.04849118
FOSL2,LAMA3,-0.011422192
SYNGR1,LAMA3,-0.005723678
KCNRG,LAMA3,-0.0079640085
RPL22,LAMA3,-0.013235473
NKX1-2,LAMA3,-0.014166983
FAM183A,LAMA3,-0.07457754
FCGRT,LAMA3,-0.0017251478
ZBTB48,LAMA3,-0.026973149
MUL1,LAMA3,-0.16642825
PDE7A,LAMA3,0.00035424312
IL4R,LAMA3,-0.023220755
RNF125,LAMA3,-0.017442826
CLIC2,LAMA3,-0.01424402
SLC10A4,LAMA3,-0.038290013
KCNS3,LAMA3,-0.049038485
TMEM81,LAMA3,-0.022141451
CEP41,LAMA3,-0.014587248
DNAJC15,LAMA3,-0.022637142
DCDC2C,LAMA3,-0.014171957
RPN2,LAMA3,-0.012168733
UNC5C,LAMA3,-0.015657604
YARS2,LAMA3,-0.020012682
TRIM2,LAMA3,-0.028275557
TLCD1,LAMA3,-0.012590148
STEAP1B,LAMA3,-0.024368774
COG4,LAMA3,-0.01848333
NOP9,LAMA3,-0.0032480834
ZNRF2,LAMA3,-0.011301265
HCAR1,LAMA3,-0.0547413
SSNA1,LAMA3,-0.0465717
KANK4,LAMA3,-0.025017036
MFSD4A,LAMA3,-0.06640807
UBL5,LAMA3,-0.007008844
ESD,LAMA3,-0.02501225
C5orf15,LAMA3,-0.014078455
CTLA4,LAMA3,-0.024600465
NOTCH2NLR,LAMA3,-0.0136690345
SDCBP2,LAMA3,-0.012967491
CYP2W1,LAMA3,-0.0015467727
HFE,LAMA3,-0.010730152
NUP42,LAMA3,-0.002080287
ABCA9,LAMA3,-0.058968592
CILP,LAMA3,-0.019600056
RPS15,LAMA3,-0.012289276
CBS,LAMA3,-0.018391708
ABCB9,LAMA3,-0.02157393
PSME1,LAMA3,-0.023820866
SYCP2,LAMA3,-0.012146902
SIMC1,LAMA3,-0.013535692
IL2RB,LAMA3,-0.020697221
GSTK1,LAMA3,-0.013052705
VGF,LAMA3,-0.018180277
OTULINL,LAMA3,-0.034250002
RNF157,LAMA3,-0.019768417
TNNC1,LAMA3,-0.012748075
CSMD1,LAMA3,-0.01057148
C2orf74,LAMA3,-0.014952985
KIZ,LAMA3,-0.04701858
TRIM66,LAMA3,-0.103653885
WBP11,LAMA3,-0.0021578697
SLC25A34,LAMA3,-0.024473347
MAPK8IP1,LAMA3,-0.011833861
NCL,MDN1,-0.020881299
SHLD1,MDN1,-0.009344258
AIDA,MDN1,-0.004117351
SOST,MDN1,-0.03367187
CXXC5,MDN1,-0.015270623
LRATD1,MDN1,-0.029196832
GALNT13,MDN1,-0.0015373878
SORCS1,MDN1,-0.05549991
SORBS3,MDN1,-0.0047834297
HMGCS1,MDN1,-0.024872918
CLEC12B,MDN1,-0.039115705
TBC1D20,MDN1,-0.0043366393
ABCB4,MDN1,-0.0042724228
SRCIN1,MDN1,-0.015810998
ABCA9,MDN1,-0.007066744
TAF1C,MDN1,-0.02170708
MMP20,MDN1,-0.03280409
PRPF31,MDN1,-0.004640824
LIMK1,MDN1,-0.002578756
PLXNB3,MDN1,-0.018465742
TNNI2,MDN1,-0.014604637
RNF146,MDN1,-0.021563338
CCL20,MDN1,-0.009925131
SMTNL2,MDN1,-0.027516032
SELENOP,MDN1,-0.031574957
RAD54B,MDN1,-0.0693956
NEFH,MDN1,-0.024605528
INSL4,MDN1,-0.00913821
VSX1,MDN1,-0.037388895
ZNF670-ZNF695,MDN1,-0.004537509
BORCS8,MDN1,-0.04618836
CWC25,MDN1,-0.008202191
SLC46A3,MDN1,-0.012523252
ALDH3B2,MDN1,-0.020365305
ALDOA,MDN1,-0.017597863
PCDH19,MDN1,-0.018094022
C11orf94,MDN1,-0.015861634
TRPV4,MDN1,-0.03763067
PRKCG,MDN1,-0.046893544
ATRIP,MDN1,-0.005746171
HOXC10,MDN1,-0.0163501
TSTD2,MDN1,-0.12634453
ABCD4,MDN1,-0.0037002636
RORB,MDN1,-0.020443918
ACSL1,MDN1,-0.018041277
XKRX,MDN1,-0.012343075
MALRD1,MDN1,-0.013213211
GOLGA8A,MDN1,-0.07293407
FSBP,MDN1,-0.024745882
CCNL2,MDN1,-0.009281239
IL11RA,MDN1,-0.010892293
FOXRED2,MDN1,-0.0045698914
CLEC12A,MDN1,-0.03301334
RPS14,MDN1,-0.017663503
SLC43A1,MDN1,-0.043639306
LEFTY1,MDN1,-0.016227443
C19orf67,MDN1,-0.013962679
LRRTM4,MDN1,-0.012701197
PPP1R26,MDN1,-0.055617604
ADARB1,MDN1,-0.019313734
CCDC8,MDN1,-0.039758593
MMP28,MDN1,-0.012424777
SIM2,MDN1,-0.03228071
ZNF860,MDN1,-0.010092134
MUC5AC,MDN1,-0.01336037
PPM1N,MDN1,-0.016658152
ANKRD16,MDN1,-0.09582032
DCAF4L1,MDN1,-0.17354907
GOLGA6L4,MDN1,-0.009438851
CCL17,MDN1,-0.013398362
CYBC1,MDN1,-0.0047232183
EIF4E2,MDN1,-0.01989292
ZFP36L2,MDN1,-0.015398682
PIK3R1,MDN1,-0.008817356
TIMM44,MDN1,-0.017409338
TRPM4,MDN1,-0.009393027
ASPH,MDN1,-0.0067352424
TEX14,MDN1,-0.010366452
CSF3R,MDN1,-0.002613111
TGM2,MDN1,-0.075669706
FASTKD1,MDN1,-0.027867867
NR4A2,MDN1,-0.017949954
RHOV,MDN1,-0.028378807
HSPB6,MDN1,-0.017961677
PCDHB16,MDN1,-0.006071709
CCDC69,MDN1,-0.017111514
CDRT1,MDN1,-0.087141626
FZD7,MDN1,-0.038527314
CCDC184,MDN1,-0.028095452
IKZF3,MDN1,-0.019031836
FBXO15,MDN1,-0.019679116
MYF6,MDN1,-0.016067352
SEL1L3,MDN1,-0.004964311
RNF214,MDN1,-0.006019072
NFIA,MDN1,-0.0089469105
ANKK1,MDN1,-0.06312125
SDHD,MDN1,-0.03302339
SMIM1,MDN1,-0.07237606
LIG4,MDN1,-0.06082648
PINLYP,MDN1,-0.038511634
SLCO1B1,MDN1,-0.09016875
CDH20,MDN1,-0.017029813
TMEM132A,MDN1,-0.11749964
SAT1,MDN1,-0.01724011
MTTP,MDN1,-0.0127883945
SKIL,MDN1,-0.039312106
GP1BA,MDN1,-0.02114705
POLRMT,MDN1,-0.019715343
TIGD7,MDN1,-0.015142643
PI4K2B,MDN1,-0.024021104
HNF4G,MDN1,-0.048251193
ZNF649,MDN1,-0.024728222
ZNF396,MDN1,-0.020069256
ZNF280C,MDN1,-0.026789378
TM4SF5,MDN1,-0.017805248
HOXD8,MDN1,-0.009439295
MCF2L2,MDN1,-0.00811313
ITGBL1,MDN1,-0.009585923
COL21A1,MDN1,-0.02297622
KIF7,MDN1,-0.02014681
TRDMT1,MDN1,-0.014936843
ART5,MDN1,-0.0095976535
MRPL47,MDN1,-0.007370695
FAF2,MDN1,-0.025141278
TRIM38,MDN1,-0.0051793903
RNLS,MDN1,-0.013406695
TAP1,MDN1,-0.018393014
CERS4,MDN1,-0.044382866
MAP3K12,MDN1,-0.017795425
DDX20,MDN1,-0.016261343
NSUN6,MDN1,-0.07152278
HIPK4,MDN1,-0.020577451
PRELID2,MDN1,-0.04332744
LMOD2,MDN1,-0.03216495
DAAM1,MDN1,-0.027042396
PAGR1,MDN1,-0.02902935
PABPC1L,MDN1,-0.007721489
MON1B,MDN1,-0.01907952
SLC29A1,MDN1,-0.038067218
HSPA1B,MDN1,-0.0072919657
HIKESHI,MDN1,-0.011234645
GSTK1,MDN1,-0.015386536
SNRPE,MDN1,-0.01078808
KBTBD6,MDN1,-0.012893891
LGR5,MDN1,-0.03366135
TSEN2,MDN1,-0.038101148
SLC27A4,MDN1,-0.026695842
DCP1B,MDN1,-0.08251584
SEPTIN5,MDN1,-0.035210565
ZNF189,MDN1,-0.16382399
CYB561D1,MDN1,-0.026106793
KIAA0930,MDN1,-0.009724516
CTSS,MDN1,-0.01260132
LTK,MDN1,-0.033537216
DLC1,MDN1,-0.024133872
BLZF1,MDN1,-0.015616709
CCNJ,MDN1,-0.030753378
FBXO6,MDN1,-0.023120984
UMAD1,MDN1,-0.012664798
DUSP6,MDN1,-0.012326832
USP51,MDN1,-0.010357856
RSPH3,MDN1,-0.036847137
SLC27A5,MDN1,-0.023711562
DNAJB7,MDN1,-0.009091465
WBP2NL,MDN1,-0.009947386
AMACR,MDN1,-0.014631623
NCCRP1,MDN1,-0.0059483466
DNAJC18,MDN1,-0.01812754
GCHFR,MDN1,-0.012957069
PLCH1,MDN1,-0.025224764
HAO2,MDN1,-0.011231395
ULBP1,MDN1,-0.012547724
LIMS1,MDN1,-0.040260933
GADD45A,MDN1,-0.011221482
CACNB2,MDN1,-0.017091483
DMKN,MDN1,-0.040136356
TRPA1,MDN1,-0.004503156
PPP1R1B,MDN1,-0.01611389
DCUN1D3,MDN1,-0.010943358
DNAH7,MDN1,-0.017928483
DCLRE1C,MDN1,-0.0064322674
ANKRD13D,MDN1,-0.1456575
CTSG,MDN1,-0.019443706
ROR2,MDN1,-0.020703614
DMAC2L,MDN1,-0.0017792914
LAPTM4B,MDN1,-0.026308008
RAB43,MDN1,-0.015452276
ITGA8,MUC17,-0.006247841
TMEM182,MUC17,-0.0064875223
TTC6,MUC17,-0.0059565078
C1orf210,MUC17,-0.0025566304
NECTIN1,MUC17,-0.0030247136
HLA-DMA,MUC17,-0.0077762674
ACAN,MUC17,-0.011214336
ACAP1,MUC17,-0.010404568
AC069544.2,MUC17,-0.0044655777
MAP2K5,MUC17,-0.01762903
OR10A3,MUC17,-0.020789437
TMEM8B,MUC17,-0.010480894
RLF,MUC17,-0.010719449
PDZD8,MUC17,-0.0013233355
PKNOX2,MUC17,-0.025701268
H2AX,MUC17,-0.056170467
TNNC2,MUC17,-0.012204798
SLC4A11,MUC17,-0.016908683
KCNC1,MUC17,-0.0069517717
SCUBE2,MUC17,-0.03185021
GPIHBP1,MUC17,-0.00900431
CACUL1,MUC17,-0.008861286
TRAIP,MUC17,-0.02350575
NEIL2,MUC17,-0.02542429
TSACC,MUC17,-0.017576732
SPATA22,MUC17,-0.020985095
SLC7A2,MUC17,-0.011206467
SAMD10,MUC17,-0.030730572
ZNF695,MUC17,-0.042338192
PHF11,MUC17,-0.006008331
EIF2AK4,MUC17,-0.034874503
ETV4,MUC17,-0.0041205473
PCDHA4,MUC17,-0.012698991
CDKN3,MUC17,-0.0123693785
ABCG2,MUC17,-0.008392358
TJP1,MUC17,-0.0040184953
AC093512.2,MUC17,-0.022057187
PRRG1,MUC17,-0.004378386
PRKD2,MUC17,-0.011645701
RTRAF,MUC17,-0.0047428003
CD164,MUC17,-0.024317859
LRCOL1,MUC17,-0.08422157
CMPK2,MUC17,-0.014893885
C3orf62,MUC17,-0.027229473
KIF17,MUC17,-0.010220837
PTPRN2,MUC17,-0.012143952
TPRG1L,MUC17,-0.0030757845
COLEC10,MUC17,-0.014644181
NLRP2,MUC17,-0.007715599
CTSW,MUC17,-0.013148939
WDR86,MUC17,-0.020867039
WASHC2A,MUC17,-0.017717045
APOBEC3G,MUC17,-0.010549403
AIF1L,MUC17,-0.018921446
PODXL,MUC17,-0.03227609
FAM72D,MUC17,-0.037156556
CDK11A,MUC17,-0.011267653
CCNDBP1,MUC17,-0.004222576
TRIM67,MUC17,-0.011618257
SGO1,MUC17,-0.06679466
VPREB3,MUC17,-0.019804925
IL1B,MUC17,-0.0082999915
FAM43B,MUC17,-0.027026605
SRGAP1,MUC17,-0.036973715
KCNJ14,MUC17,-0.015459135
CSAG2,MUC17,-0.044784997
PPP2R3C,MUC17,-0.025939371
SRI,MUC17,-0.015432612
GGT2,MUC17,-0.009148333
LHFPL1,MUC17,-0.0071684825
TUBA1A,MUC17,-0.0032480233
CCNK,MUC17,-0.028578881
MARCHF11,MUC17,-0.005710076
SGSM3,MUC17,-0.0005649636
IRF9,MUC17,-0.021071626
DBI,MUC17,-0.024614109
UBXN4,MUC17,-0.03494693
CYP2S1,MUC17,-0.008304887
CSTF1,MUC17,-0.011693173
TFF3,MUC17,-0.008059098
RTN2,MUC17,-0.011181346
MT-CO1,MUC17,-0.030136243
BCL2L12,MUC17,-0.045653753
PEX13,MUC17,0.000764196
LYPD5,MUC17,-0.011542763
CDH26,MUC17,-0.033007573
EIF2B5,MUC17,-0.013607299
GLA,MUC17,-0.011125322
H2BU1,MUC17,-0.028919175
SLC27A5,MUC17,-0.0032918516
ISG20,MUC17,-0.01780389
AGTRAP,MUC17,-0.004243236
CTBS,MUC17,-0.02074306
BTG2,MUC17,-0.028042844
KCNK6,MUC17,-0.0026248363
GPAA1,MUC17,-0.0029029266
TTBK2,MUC17,-0.0047761947
TMEM74B,MUC17,-0.02071453
PLIN2,MUC17,-0.01898261
AGTPBP1,MUC17,-0.0023766041
HELZ2,MUC17,-0.013705837
FBXW7,MUC17,-0.054571718
MT-ND4,MUC17,-0.010415687
C8A,MUC17,-0.018061081
SPEG,MUC17,-0.007813666
HS3ST4,MUC17,-0.01245525
CD151,MUC17,-0.003483463
CDC6,MUC17,-0.0059331222
CRTC3,MUC17,-0.023128659
SLC22A23,MUC17,-0.010554387
SPA17,MUC17,-0.02457043
EFNA5,MUC17,-0.058698744
ZNF71,MUC17,-0.012386026
ACSS2,MUC17,-0.02704038
RPL3L,MUC17,-0.09927848
LIMK2,MUC17,-0.010221842
AOC2,MUC17,-0.018417051
GBP2,MUC17,-0.013213402
LAT,MUC17,-0.009088633
TTC12,MUC17,-0.0111818
PIR,MUC17,-0.020102184
PSD4,MUC17,-0.0033712427
SIN3A,MUC17,-0.007516141
SPRY2,MUC17,-0.036307894
UQCR10,MUC17,-0.011965534
EPHB3,MUC17,-0.0032205728
LRMDA,MUC17,-0.001217168
NDUFAF3,MUC17,-0.019144423
PITX2,MUC17,-0.008618059
PADI1,MUC17,-0.1825574
CASP7,MUC17,-0.1005363
BMPER,MUC17,-0.006533159
BBC3,MUC17,-0.04878305
SEPTIN1,MUC17,-0.030888276
STAP2,MUC17,-0.045728732
KLRK1,MUC17,-0.008441619
TRAPPC2L,MUC17,-0.009047187
IRF4,MUC17,-0.015273713
NTN4,MUC17,-0.053003523
TMEM238L,MUC17,-0.02398123
ZNF772,MUC17,-0.009125298
H2AC14,MUC17,-0.005378791
ANO4,MUC17,-0.018188752
COX4I1,MUC17,-0.002565663
A2ML1,MUC17,-0.020918308
CDK2AP2,MUC17,-0.027831472
OAF,MUC17,-0.010295617
AKAP12,MUC17,-0.003618743
SMTNL1,MUC17,-0.010095769
RIPK2,MUC17,-0.022475377
TSPAN7,MUC17,-0.011943491
JCHAIN,MUC17,-0.0033208616
ASCC3,MUC17,-0.010265518
TRAPPC2B,MUC17,-0.027568508
SERINC1,MUC17,-0.0036528248
HJURP,MUC17,-0.10319
MYOM3,MUC17,-0.0076369615
SMIM17,MUC17,-0.009647982
FHL2,MUC17,-0.009816734
NFE2L3,MUC17,-0.010343457
PCYT1A,MUC17,-0.0016130543
FSD1,MUC17,-0.07343874
IL13,MUC17,-0.019989725
DNAH7,MUC17,-0.010310147
TBC1D32,MUC17,-0.01742172
JMJD8,MUC17,-0.012650863
EIF3G,MUC17,-0.0038232405
H1-10,MUC17,-0.039563
RBCK1,MUC17,-0.005764964
LHPP,MUC17,-0.016778087
ADM5,MUC17,-0.013074193
TRIM21,MUC17,-0.008776715
TRAF7,MUC17,-0.006542669
GPC2,MUC17,-0.010642252
CCDC177,MUC17,-0.0088442145
EDEM2,MUC17,-0.028953705
B2M,MUC17,-0.022514686
CORO1A,MUC17,-0.009095551
CYP3A7,MUC17,-0.015774626
FMC1,MUC17,-0.024643935
FAIM2,MUC17,-0.009599696
ERBB3,MUC17,-0.015010326
HSD17B7,MUC17,-0.009502918
MTOR,MUC17,-0.027244944
RAB13,MUC17,-0.013085697
AKTIP,MUC17,0.0007113935
INO80C,MUC17,-0.014602299
TUBB3,MUC17,-0.008647214
TMEM198,MUC17,-0.030726923
BCAN,MUC17,-0.005607204
ZNF629,MUC17,-0.0065703443
HBA1,MUC17,-0.026600014
FAM89A,MUC17,-0.008473731
HDHD2,MUC17,-0.015464109
UBE2T,MUC17,-0.022813864
C11orf87,MUC17,-0.018755618
PRRG3,MUC17,-0.015833007
RBBP8NL,MUC17,-0.025085306
TM2D3,MUC17,-0.002235851
ZNF385D,MUC17,-0.0999851
BPIFB1,MUC17,-0.019511202
METTL7B,MUC17,-0.014900445
APOL4,MUC17,-0.018415244
ACAD9,MUC17,-0.011638723
PPP1R15A,MUC17,-0.01994217
VRK1,MUC17,-0.011667787
PARP9,MUC17,-0.014208141
GCNT2,MUC17,-0.018801559
MT-ND4L,MUC17,-0.04808897
HDDC2,MUC17,-0.010029204
NDUFA11,MUC17,-0.028291043
SMAP2,MUC17,-0.014110964
CARD14,MUC17,-0.0068232864
GCN1,MUC17,-0.003712487
ZHX1-C8orf76,MUC17,-0.0019297374
CPSF4L,MUC17,-0.039291404
B4GALT4,MUC17,-0.08683518
SHISA2,MUC17,-0.013251295
SEM1,MUC17,-0.011797352
TENT5A,MUC17,-0.0027127794
XKR8,MUC17,-0.024013638
TOR1B,MUC17,-0.013183892
BPIFA1,MUC17,-0.007922318
NFKBIA,MUC17,-0.015099176
CCDC187,MUC17,-0.0018457718
OLAH,MUC17,-0.007924549
AHI1,MUC17,-0.0055840705
PSMD9,MUC17,-0.018540371
MRGPRX2,MUC17,-0.025951404
PTCHD1,MUC17,-0.015622865
CLK1,MUC17,-0.017908081
CD83,MUC17,-0.011905791
GCNT3,MUC17,-0.0151375765
TBRG1,MUC17,-0.0060151718
LGR6,MUC17,-0.016734214
LTV1,MUC17,-0.00078303216
AKNA,MUC17,-0.026737675
PDE10A,MUC17,-0.026747856
RGS9,MUC17,-0.0038041626
ARHGAP23,MUC17,-0.042755723
FAM189A1,MUC17,-0.01005711
CPA4,MUC17,-0.020910366
MRPL41,MUC17,-0.014724786
USP44,MUC17,-0.014899827
CD46,MUC17,-0.013559595
CLASP2,MUC17,-0.0017932281
SMARCAL1,MUC17,-0.012477663
RNGTT,MUC17,-0.006190147
SAXO1,MUC17,-0.015369144
EGLN3,MYCBP2,-0.012505416
TNS1,MYCBP2,-0.0088099
SLC20A2,MYCBP2,-0.015733339
SLC35G5,MYCBP2,-0.0134226605
ULK1,MYCBP2,-0.04391488
NR2F2,MYCBP2,-0.010619765
GABRR2,MYCBP2,-0.0060356352
SRC,MYCBP2,-0.032359663
RNF122,MYCBP2,-0.01885408
ZBED5,MYCBP2,-0.0050396873
GLIPR1L2,MYCBP2,-0.018748147
ST3GAL4,MYCBP2,-0.020330233
DSCC1,MYCBP2,-0.016905926
INTU,MYCBP2,-0.018639972
HTR1B,MYCBP2,-0.011191221
B9D1,MYCBP2,-0.013664709
LHX6,MYCBP2,-0.04423912
PPP4C,MYCBP2,-0.025835352
LYN,MYCBP2,-0.009044755
RDH13,MYCBP2,-0.01055877
STX1A,MYCBP2,-0.013907851
GMPPA,MYCBP2,-0.016127326
DDX3Y,MYCBP2,-0.10857587
BEX4,MYCBP2,-0.05209596
EVA1C,MYCBP2,-0.010640929
PPM1N,MYCBP2,-0.049292862
IMP3,MYCBP2,-0.01823876
PCSK2,MYCBP2,-0.04200512
PON3,MYCBP2,-0.007994258
PITPNM2,MYCBP2,-0.021296004
CKMT2,MYCBP2,-0.0514688
ZBTB32,MYCBP2,-0.0062597594
DBP,MYCBP2,-0.005525975
GPR35,MYCBP2,-0.016237767
WHRN,MYCBP2,-0.007981258
OBSCN,MYCBP2,-0.038273223
CPZ,MYCBP2,-0.024463652
IMMT,MYCBP2,-0.007019704
DYNC1I1,MYCBP2,-0.01504633
PIWIL1,MYCBP2,-0.010812249
NOL4,MYCBP2,-0.014710631
RAD50,MYCBP2,-0.01201444
FAM24B,MYCBP2,-0.042495508
GAS7,MYCBP2,-0.0072402786
PAPLN,MYCBP2,-0.027439188
ATP6V1E1,MYCBP2,-0.054535296
MAP7D2,MYCBP2,-0.015169097
CUEDC1,MYCBP2,-0.018310443
ZNF333,MYCBP2,-0.026655104
PCDHA12,MYCBP2,-0.006931875
ADRB2,MYCBP2,-0.022361068
KRTAP17-1,MYCBP2,-0.017009273
SMIM17,MYCBP2,-0.043355826
H2AC14,MYCBP2,-0.025294332
ACSM5,MYCBP2,-0.00012967033
CMTM2,MYCBP2,-0.021267522
LDOC1,MYCBP2,-0.017330695
PALM3,MYCBP2,-0.17075534
LY6E,MYCBP2,-0.020005226
OIP5,MYCBP2,-0.006020898
TTC9,MYCBP2,-0.009236143
SOSTDC1,MYCBP2,-0.041911304
TMEM243,MYCBP2,-0.026233077
ATXN2L,MYCBP2,-0.011554758
SCAMP5,MYCBP2,-0.0043554096
CTXN1,MYCBP2,-0.016069207
RERE,MYCBP2,-0.053111397
CNPPD1,MYCBP2,-0.02494465
YPEL1,MYCBP2,-0.022588698
MB,MYCBP2,-0.010922773
ACKR2,MYCBP2,-0.027471757
CST4,MYCBP2,-0.014595031
UBE2F-SCLY,MYCBP2,-0.025559088
NEURL1,MYCBP2,-0.012686784
SDC2,MYCBP2,-0.024986144
TRMT2A,MYCBP2,-0.03299028
SMO,MYCBP2,-0.2502577
POU5F2,MYCBP2,-0.011964837
NHLRC4,MYCBP2,-0.015048615
TRAPPC6A,MYCBP2,-0.018758388
PTH2R,MYCBP2,-0.031125747
CLCN4,MYCBP2,-0.015512345
ODAM,MYCBP2,-0.028342893
ZSCAN12,MYCBP2,-0.010246767
PDZRN4,MYCBP2,-0.023480589
GPR173,MYCBP2,-0.06370041
HSPA1B,MYCBP2,-0.020072836
LGI3,MYCBP2,-0.011745421
HSD17B2,MYCBP2,-0.0041081286
SGCE,MYCBP2,-0.03748264
PRKCA,MYCBP2,-0.01521602
CLEC12A,MYCBP2,-0.03637488
PLBD1,MYCBP2,-0.024581032
POMP,MYCBP2,-0.015929395
FOXP2,MYCBP2,-0.03286234
ZNF432,MYCBP2,-0.00852551
ANKRD13B,MYCBP2,-0.09208531
FAM90A1,MYCBP2,-0.0089821005
RABL2A,MYCBP2,-0.0030585553
INHBB,MYCBP2,-0.01417463
PPP1R13L,MYCBP2,-0.0034194007
NAT14,MYCBP2,-0.010864969
DMXL2,MYCBP2,-0.0037605045
C7,MYCBP2,-0.050853323
SYNDIG1L,MYCBP2,-0.010570435
PITPNC1,MYCBP2,-0.04773929
U2AF1L5,MYCBP2,-0.039551713
DPF1,MYCBP2,-0.030653259
EIF4G3,MYCBP2,-0.013272808
OOSP2,MYCBP2,-0.035249192
MFSD13A,MYCBP2,-0.08233062
ZNF492,MYCBP2,-0.021467013
EQTN,MYCBP2,-0.061656646
TENT5A,MYCBP2,-0.26274663
MYO3B,MYCBP2,-0.011953456
ARL16,MYCBP2,-0.013649183
FBLL1,MYCBP2,-0.019032927
SUGP2,MYCBP2,-0.014929966
MYO5B,MYCBP2,-0.013012275
HOXC10,MYCBP2,-0.05165507
LYZ,MYCBP2,-0.008961657
C1orf198,MYCBP2,-0.065370165
TMED6,MYCBP2,-0.0100974785
PROM2,MYCBP2,-0.026263455
ADAMTS7,MYCBP2,-0.018239357
C1orf54,MYCBP2,-0.0071205813
CD200,MYCBP2,-0.04261343
TMEM256,MYCBP2,-0.07120599
CDR2,MYCBP2,-0.013451719
NEFM,MYCBP2,-0.014116112
TMEM150A,MYCBP2,-0.0063070375
KLF4,MYCBP2,-0.04073623
SHROOM4,MYCBP2,-0.04487931
KAT6B,MYCBP2,-0.030453715
PLCB4,MYCBP2,-0.059344143
LRRC8A,MYCBP2,-0.09274592
ARID3C,MYCBP2,-0.018641181
HSBP1L1,MYCBP2,-0.0129449265
ASCC2,MYCBP2,-0.016636992
GPR179,MYCBP2,-0.0071344394
SLC29A4,MYCBP2,-0.036150236
USP13,MYCBP2,-0.019415542
ST8SIA4,MYCBP2,-0.010375617
HACD3,MYCBP2,-0.0068671764
MCRIP1,MYCBP2,-0.008931583
COX8C,MYCBP2,-0.009908208
SGSM1,MYCBP2,-0.01111082
UBE2D2,MYCBP2,-0.004433167
EXOG,MYCBP2,-0.038335763
DNAJC5B,MYCBP2,-0.01280103
PAGR1,MYCBP2,-0.029407796
SPOPL,MYCBP2,-0.012325518
SNTB2,MYCBP2,0.0019328889
SASS6,MYCBP2,-0.02324652
CLN8,MYCBP2,-0.03345289
NKD1,MYCBP2,-0.0032906723
CEP83,MYCBP2,-0.0038536398
UGT1A9,MYCBP2,-0.023327775
AKAP12,MYCBP2,-0.011567063
SMNDC1,MYCBP2,-0.018420821
SH3GL2,MYCBP2,-0.01015499
GPN3,MYCBP2,-0.01604855
ZNF562,MYCBP2,-0.010161348
HK2,MYCBP2,-0.012840015
PHF5A,MYCBP2,-0.0009779291
BCL7A,MYCBP2,-0.009527201
MGAT4A,MYCBP2,-0.008743625
VNN3,MYCBP2,-0.014920948
C2CD3,MYCBP2,-0.0029355607
AHDC1,MYCBP2,-0.0290039
GNPAT,MYCBP2,-0.050392885
RPL7A,MYCBP2,-0.02082543
TBC1D12,MYCBP2,-0.009840226
SLC34A2,MYCBP2,-0.027621545
U2AF1,MYCBP2,-0.024959935
NSL1,MYCBP2,-0.12761907
KAT6A,MYCBP2,-0.014013586
SERPINB12,MYCBP2,-0.03213846
UTS2,MYCBP2,-0.036214426
CD69,MYCBP2,-0.055615567
PPT1,MYCBP2,-0.023575945
DGCR6L,MYCBP2,-0.038932614
APOL2,MYCBP2,-0.03638545
PDCD7,MYCBP2,-0.025630604
PLAC9,MYCBP2,-0.01907364
RAD54B,MYCBP2,-0.06988555
GLMP,MYH15,-0.0143098775
SCML2,MYH15,-0.0042929724
METTL7B,MYH15,-0.017508047
DNASE1,MYH15,-0.0062270816
CLCF1,MYH15,-0.05589621
PLD1,MYH15,-0.09623381
AC092718.3,MYH15,-0.024410762
MAP3K7CL,MYH15,-0.09001431
SLC35E4,MYH15,-0.02134933
GNAO1,MYH15,-0.0944882
CXorf38,MYH15,-0.037206274
TG,MYH15,-0.031655397
PCDHGC5,MYH15,-0.042617712
IPO13,MYH15,-0.05644035
KIF6,MYH15,-0.017456112
IL36B,MYH15,-0.07953115
ATOX1,MYH15,-0.006343379
MAP1S,MYH15,-0.038463306
RAB22A,MYH15,-0.031125722
SSUH2,MYH15,-0.06307489
LIPH,MYH15,-0.029042322
ITGA6,MYH15,-0.007092889
TYW1B,MYH15,-0.05689983
RWDD2B,MYH15,-0.0858454
OTOGL,MYH15,-0.04620155
DOLK,MYH15,-0.014059943
BRI3,MYH15,-0.03157404
TMEM270,MYH15,-0.032943882
KLHL9,MYH15,-0.011977103
INSL3,MYH15,-0.03589482
SNRPC,MYH15,-0.022248223
SGCA,MYH15,-0.010752918
ZNF600,MYH15,-0.06528824
HSDL2,MYH15,-0.02623895
LRWD1,MYH15,-0.081868835
PCK2,MYH15,-0.020002127
ERICH2,MYH15,-0.047060527
ABCG2,MYH15,-0.013302417
MROH2B,MYH15,-0.013561555
CLDN3,MYH15,-0.030357882
NUDT6,MYH15,-0.059908617
AL590560.2,MYH15,-0.022795824
ZNF229,MYH15,-0.023107406
THOC5,MYH15,-0.11579818
TMEM145,MYH15,-0.056612164
GOT1,MYH15,-0.015517927
IL1RL1,MYH15,-0.027836952
FAM86B2,MYH15,-0.058079142
WDR70,MYH15,-0.08256752
HMBS,MYH15,-0.014356369
KIT,MYH15,-0.12408341
CRYZ,MYH15,-0.051634815
SELENOS,MYH15,-0.096141376
BMP2K,MYH15,-0.000780534
RFT1,MYH15,-0.03205244
PICALM,MYH15,-0.038585823
SCN8A,MYH15,-0.019197173
PARVB,MYH15,-0.009142623
GZMH,MYH15,-0.028703013
CES3,MYH15,-0.0056556
ING5,MYH15,-0.035979588
MAPK14,MYH15,-0.54257137
TREX2,MYH15,-0.04272179
TMPRSS11D,MYH15,-0.030661112
KDM4A,MYH15,-0.015420791
MBD6,MYH15,-0.045337956
LMO7,MYH15,-0.021811347
TMEM81,MYH15,-0.032753505
RHOG,MYH15,-0.053590342
CCDC60,MYH15,-0.033705387
DNASE2,MYH15,-0.11310037
SHANK3,MYH15,-0.03371328
ADAP1,MYH15,-0.022963498
ATP2B4,MYH15,-0.028099215
AK4,MYH15,-0.036796775
MINK1,MYH15,-0.013955688
PLA2G4D,MYH15,-0.03702378
CYFIP2,MYH15,-0.029339349
EEF1AKMT2,MYH15,-0.029885836
UTP6,MYH15,-0.008583059
TIMM10B,MYH15,-0.18375623
PDE8B,MYH15,-0.17781048
IGF2BP1,MYH15,-0.015481429
GREB1,MYH15,-0.023351222
TPRG1,MYH15,-0.14120491
VWCE,MYH15,-0.030263485
AOC3,MYH15,-0.01357985
DYRK4,MYH15,-0.12790081
DNAJC5B,MYH15,-0.034963205
CRTAM,MYH15,-0.036930416
HOXD9,MYH15,-0.03876157
LAGE3,MYH15,-0.047642544
N6AMT1,MYH15,-0.012018509
MMP19,MYH15,-0.023051845
AFAP1L2,MYH15,-0.03014905
GPRC5B,MYH15,-0.03276257
CTXND1,MYH15,-0.021438316
WAC,MYH15,-0.0012981251
CYP24A1,MYH15,-0.019743826
CEACAM6,MYH15,-0.022436356
CHODL,MYH15,-0.023457998
UPK2,MYH15,-0.036522184
CYSLTR1,MYH15,-0.34053332
RNFT2,MYH15,-0.1396968
PIGZ,MYH15,-0.029775389
PYM1,MYH15,-0.01250431
NCCRP1,MYH15,-0.023984471
ZNF544,MYH15,-0.024807688
CEACAM7,MYH15,-0.03505708
SLC4A8,MYH15,-0.013836746
IYD,MYH15,-0.019864256
CLPTM1L,MYH15,-0.035221726
PGK1,NFE2L2,-0.0086978255
H2BC9,NFE2L2,-0.0050121685
KLHL10,NFE2L2,-0.075827226
RFLNA,NFE2L2,-0.0058601326
WDR24,NFE2L2,-0.02966971
NMUR2,NFE2L2,-0.026410699
G0S2,NFE2L2,-0.021171184
CXXC4,NFE2L2,-0.0079313805
ZNF486,NFE2L2,-0.034590594
TET1,NFE2L2,-0.005807397
ZNF85,NFE2L2,-0.3161211
CNPY3,NFE2L2,-0.03645708
NDC80,NFE2L2,-0.0051524816
HBA2,NFE2L2,-0.032173395
SCCPDH,NFE2L2,-0.04411043
XKRX,NFE2L2,-0.037177734
PPIF,NFE2L2,-0.112529695
PLPP4,NFE2L2,-0.0074443086
NR4A1,NFE2L2,-0.020770036
OXTR,NFE2L2,-0.06379317
AC099489.1,NFE2L2,-0.15295236
TNNI2,NFE2L2,-0.0215627
ZNF100,NFE2L2,-0.022984013
PCGF5,NFE2L2,-0.034997273
RTP2,NFE2L2,-0.025734885
ZNF493,NFE2L2,-0.041331336
SUGP2,NFE2L2,-0.023969503
MB21D2,NFE2L2,-0.063630894
XAB2,NFE2L2,-0.03754746
TXNRD1,NFE2L2,-0.53535867
AREG,NFE2L2,-0.046947423
FCGR3B,NFE2L2,-0.013425519
SAMD12,NFE2L2,-0.012188297
PCDHGA7,NFE2L2,-0.034547295
UBALD2,NFE2L2,-0.04595533
ARHGEF33,NFE2L2,-0.06847469
GDF15,NFE2L2,-0.0021289522
CYP24A1,NFE2L2,-0.01609584
USH1C,NFE2L2,-0.05673754
HS6ST2,NFE2L2,-0.014299469
CNBD1,NFE2L2,-0.020438384
IL17RC,NFE2L2,-0.07932055
PPARGC1A,NFE2L2,-0.009227285
TLE1,NFE2L2,-0.018260228
GADL1,NFE2L2,-0.01639558
AGT,NFE2L2,-0.02627973
GGTLC1,NFE2L2,-0.01268257
SMO,NFE2L2,-0.015281652
FAM209B,NFE2L2,-0.024935817
MUC12,NFE2L2,-0.0044227694
SRGAP3,NFE2L2,-0.034098335
NFKBIA,NFE2L2,-0.051439315
CLEC12A,NFE2L2,-0.011347943
OSGIN1,NFE2L2,-0.7068828
CDKN2A,NFE2L2,-0.23411064
KYNU,NFE2L2,-0.083140925
HCAR2,NFE2L2,-0.024137946
FRMD3,NFE2L2,-0.057686128
MTAP,NFE2L2,-0.025925256
PMM1,NFE2L2,-0.013369515
PTGR1,NFE2L2,-0.07982189
FAM181A,NFE2L2,-0.03546579
SAT1,NFE2L2,-0.0177972
STX10,NFE2L2,-0.033269428
C6orf226,NFE2L2,-0.009337736
LRRC75B,NFE2L2,-0.06733799
CALHM2,NFE2L2,-0.009868709
CALM1,NFE2L2,-0.09765133
ZNF415,NFE2L2,-0.08994641
ACTN1,NFE2L2,-0.029864047
JAKMIP3,NFE2L2,-0.04623787
TKT,NFE2L2,-0.082326
CLDN5,NFE2L2,-0.02184309
ETV6,NFE2L2,-0.034531273
CRYBB3,NFE2L2,-0.009222436
MINDY4,NFE2L2,-0.080339424
SORD,NFE2L2,-0.014458807
ZNF558,NFE2L2,-0.05864009
ARRDC4,NFE2L2,-0.017388348
RB1,NFE2L2,-0.021641886
THAP9,NFE2L2,-0.035027105
CPNE8,NFE2L2,-0.06361425
ISYNA1,NFE2L2,-0.05868109
TEPP,NFE2L2,-0.05867891
TNC,NFE2L2,-0.0042728838
ZNF43,NFE2L2,-0.07514895
TTK,NFE2L2,-0.012622411
PCDHB13,NFE2L2,-0.061038576
KIAA1755,NFE2L2,-0.02070262
YES1,NFE2L2,-0.091141984
SPIN2B,NFE2L2,-0.014257538
GCLM,NFE2L2,-0.024881203
NKX1-2,NFE2L2,-0.026906187
SLC35A3,NFE2L2,-0.041537
PHACTR1,NFE2L2,-0.018078564
ZNF582,NFE2L2,-0.16163644
ARHGEF18,NFE2L2,-0.035081603
LDHD,NFE2L2,-0.018430956
SGPP1,NFE2L2,-0.04468212
ZFP28,NFE2L2,-0.045515083
KRT20,NFE2L2,-0.05800568
NR4A2,NFE2L2,-0.0380496
KLF3,NKTR,-0.007499856
TMEM86B,NKTR,-0.012518334
SPAG6,NKTR,-0.036548514
CD19,NKTR,-0.15829535
RAB11FIP2,NKTR,-0.004850145
CXCL3,NKTR,-0.046484273
GNL2,NKTR,-0.030344699
KCTD9,NKTR,-0.1012546
SOSTDC1,NKTR,-0.06300571
LHX2,NKTR,-0.012062174
VDR,NKTR,-0.03440533
NCF2,NKTR,-0.02417294
CFAP20DC,NKTR,-0.024960194
TMEM272,NKTR,-0.00618654
ETV7,NKTR,-0.029810503
E2F3,NKTR,-0.026369676
HIKESHI,NKTR,-0.0056290925
ANKRD24,NKTR,-0.015070152
ZSWIM5,NKTR,-0.008961842
KCTD14,NKTR,-0.022118691
WNK2,NKTR,-0.041110013
ZNF484,NKTR,-0.0306553
CYTIP,NKTR,-0.029465014
HPCAL1,NKTR,-0.06816874
STAT1,NKTR,-0.02164045
CCDC77,NKTR,-0.058496658
PLAAT4,NKTR,-0.025808008
PROX2,NKTR,-0.0078564705
CCDC151,NKTR,-0.021182938
CA8,NKTR,-0.053971726
IL33,NKTR,-0.07739258
KLHL32,NKTR,-0.017517686
EIF2S3,NKTR,-0.02575371
PAGE1,NKTR,-0.080553114
PLAAT2,NKTR,-0.12679382
STK3,NKTR,-0.015225518
KLF6,NKTR,-0.0115381805
OSGEPL1,NKTR,-0.024041016
PPFIA3,NKTR,-0.00738493
DUSP6,NKTR,-0.01945951
ASAH2,NKTR,-0.029858798
IL17RD,NKTR,0.00010622565
KCNJ15,NKTR,-0.022247884
CABYR,NKTR,-0.021865696
C15orf62,NKTR,-0.049117304
HSD17B8,NKTR,-0.02677618
LAT2,NKTR,-0.07131253
OCA2,NKTR,-0.15444614
PLAAT3,NKTR,-0.03727783
SLC35E4,NKTR,-0.031740066
VCX,NKTR,-0.023571264
SESTD1,NKTR,-0.10655255
MYCT1,NKTR,-0.02147963
ARHGEF28,NKTR,-0.04890218
MEI1,NKTR,-0.040122412
RBAK,NKTR,-0.43003932
TMA7,NKTR,-0.0131324595
SERPINB9,NKTR,-0.09521631
LMOD3,NKTR,-0.017837252
TMEM126B,NKTR,-0.009979973
GSR,NKTR,-0.083507165
DEFB126,NKTR,-0.051199805
MAP2K2,NKTR,-0.014424452
MFSD4B,NKTR,-0.016557133
AKR1C3,NKTR,-0.026606482
CENPH,NKTR,-0.009790568
CCDC114,NKTR,-0.089122474
ZNF780A,NKTR,-0.02316207
PDE6G,NKTR,-0.03532726
EOGT,NKTR,-0.015656454
MFHAS1,NKTR,-0.014291692
GRIA2,NKTR,-0.009372174
TJP2,NKTR,-0.017364977
PLPP5,NKTR,-0.014444419
ACAN,NKTR,-0.06314506
EVPLL,NKTR,-0.01422373
SLC16A14,NKTR,-0.014277343
COL6A5,NKTR,-0.011004271
LPCAT1,NKTR,-0.0721297
GRIN2D,NKTR,-0.016501876
MROH1,NKTR,-0.022354469
SH2B2,NKTR,-0.020860042
PCDHB11,NKTR,-0.026601953
MS4A2,NKTR,-0.03042208
CXCR4,NKTR,-0.009234885
WDR93,NKTR,-0.029073533
MAB21L4,NKTR,-0.02114509
PHACTR3,NKTR,-0.023200758
PARP9,NKTR,-0.08475834
C2orf72,NKTR,-0.029278507
RNASE1,NKTR,-0.025465414
HS6ST3,NKTR,-0.025812492
C17orf97,NKTR,-0.026702182
HLA-DQA1,NKTR,-0.0796408
CD1E,NKTR,-0.013106204
AMDHD2,NKTR,-0.004565313
CD52,NKTR,-0.19411764
OVCH1,NKTR,-0.022986066
HSP90AA1,NKTR,-0.0057459394
SPR,NKTR,-0.027883437
FDFT1,NKTR,-0.012666664
HYOU1,NKTR,-0.024865178
STAR,NKTR,-0.039223865
RRP1B,NKTR,-0.052672785
CDPF1,NKTR,-0.012470684
THNSL1,NKTR,-0.020762363
CD28,NKTR,-0.12947568
CFAP97,NKTR,-0.01642395
CD302,NKTR,-0.025429066
COPA,NKTR,-0.014339242
NEIL1,NKTR,-0.052673172
CYP11A1,NKTR,-0.018040355
SLC8A1,NKTR,-0.010749023
ANGPTL4,NKTR,-0.024558444
CENPW,NKTR,-0.3284936
LGMN,NKTR,-0.013562902
SEMA5A,NKTR,-0.20094343
TRIP13,NKTR,-0.04187873
RBM19,NKTR,-0.0071517886
GCK,NKTR,-0.027974289
WRNIP1,NKTR,-0.08162232
CCL2,NKTR,-0.025955727
CACNG8,NKTR,-0.03057213
CFHR4,NKTR,-0.041613575
RELL2,NKTR,-0.05708064
NARS2,PDZD2,-0.01146007
THEM6,PDZD2,-0.01856051
RHOQ,PDZD2,-0.03867376
RNF141,PDZD2,-0.037832096
PEX2,PDZD2,-0.024917467
GAMT,PDZD2,-0.040286507
MROH6,PDZD2,-0.031102894
TRIM6,PDZD2,-0.02480263
SORL1,PDZD2,-0.0028091907
TCAF1,PDZD2,-0.02259374
TRPM2,PDZD2,-0.009740411
CLPTM1L,PDZD2,-0.017176008
SLC39A3,PDZD2,-0.009012825
RPP38,PDZD2,-0.019392578
IMPDH1,PDZD2,-0.019117199
SPATA5L1,PDZD2,-0.03515884
MAGI1,PDZD2,-0.0055689826
TUBA3C,PDZD2,-0.039139323
PORCN,PDZD2,-0.034260515
DAB1,PDZD2,-0.022002544
BPIFA2,PDZD2,-0.009956927
ANKRD33B,PDZD2,-0.025949856
MANEAL,PDZD2,-0.038145114
CRYBA1,PDZD2,-0.0049570785
EXOSC6,PDZD2,-0.019748166
SLC30A8,PDZD2,-0.06864305
PLAC8,PDZD2,-0.16656387
IGLL1,PDZD2,-0.05735884
ZFYVE28,PDZD2,-0.033293042
FOXD2,PDZD2,-0.030018626
TRAF2,PDZD2,-0.042371765
PTAFR,PDZD2,-0.026930455
CTAGE15,PDZD2,-0.02046798
SESTD1,PDZD2,-0.023118714
RBMY1E,PDZD2,-0.054896813
CBS,PDZD2,-0.042471413
PSMC5,PDZD2,-0.021661423
ANXA2R,PDZD2,-0.4645334
GALC,PDZD2,-0.02912121
UBXN8,PDZD2,-0.019783538
C22orf31,PDZD2,-0.013476462
SLC3A2,PDZD2,-0.015451317
LXN,PDZD2,-0.053646315
ZNF800,PDZD2,-0.033178132
PCDHA10,PDZD2,-0.058021206
ARL10,PDZD2,-0.032625638
HCFC1R1,PDZD2,-0.014000733
NUDT17,PDZD2,-0.033881437
EDDM13,PDZD2,-0.020715432
ARL15,PDZD2,-0.009257174
MICB,PDZD2,-0.044953614
TNFRSF10D,PDZD2,-0.013541179
LHFPL2,PDZD2,-0.02101942
LEPROT,PDZD2,-0.016911654
NPL,PDZD2,-0.028159391
KRTAP2-3,PDZD2,-0.009852002
FIBP,PDZD2,-0.06266696
BAIAP2L2,PDZD2,-0.05044672
DLG3,PDZD2,-0.010526583
PRMT8,PDZD2,-0.052716706
BRF2,PDZD2,-0.016519982
YKT6,PDZD2,-0.04361345
CRIP1,PDZD2,-0.04939076
COPRS,PDZD2,-0.022078881
MMRN1,PDZD2,-0.015789371
MRPS28,PDZD2,-0.022175504
COPS7B,PDZD2,-0.005549074
PRKD3,PDZD2,-0.011017366
EHD2,PDZD2,-0.03622071
RNF207,PDZD2,-0.017244067
MUC15,PDZD2,-0.023664532
STARD4,PDZD2,-0.01285828
PARP2,PDZD2,-0.0330785
RPN1,PDZD2,-0.0882278
CTAGE9,PDZD2,-0.016414095
CNIH3,PDZD2,-0.045463923
GRAP,PDZD2,-0.020378927
CBARP,PDZD2,-0.13854285
RAC3,PDZD2,-0.031737566
RNPEPL1,PDZD2,-0.07785968
CDHR4,PDZD2,-0.02328317
SMIM10L2B,PDZD2,-0.034400903
LIMK2,PDZD2,-0.093448885
SNRNP35,PDZD2,-0.013112551
KIF1A,PDZD2,-0.026496235
IL33,PDZD2,-0.020815283
DLC1,PDZD2,-0.10448121
CDHR3,PDZD2,-0.016215164
GDF10,PDZD2,-0.17123288
RPS3,PDZD2,-0.01923776
TMIE,PDZD2,-0.047036417
ANKRD33,PDZD2,-0.027759418
IL13,PDZD2,-0.0977446
ASGR1,PDZD2,-0.025094585
RNF149,PDZD2,-0.015465752
C2orf80,PDZD2,-0.046634298
HMCN1,PDZD2,-0.008701291
RPN2,PDZD2,-0.06607325
LRP1,PDZD2,-0.16615784
MYT1L,PDZD2,-0.020142708
ARL16,PDZD2,-0.006140606
CTAGE8,PDZD2,-0.055421744
LRG1,PDZD2,-0.03687166
LRRC59,PDZD2,-0.013655268
ZCCHC8,PDZD2,-0.029419528
IQSEC2,PDZD2,-0.09390012
MRPL27,PDZD2,-0.06844227
ZBTB3,PDZD2,-0.14692633
ATP7A,PDZD2,-0.033356506
FKBP1B,PDZD2,-0.22932655
DHRS3,PDZD2,-0.037615146
AJAP1,PDZD2,-0.021979982
RDH14,PDZD2,-0.36037904
GALNS,PDZD2,-0.020497426
TBC1D7,PDZD2,-0.013048494
PTPN23,PDZD2,-0.01911206
RAB40B,PDZD2,-0.0124083925
SEZ6L2,PDZD2,-0.031251483
PHETA1,PDZD2,-0.0123748835
LAMA5,PDZD2,-0.03772576
RNF151,PDZD2,-0.026754163
OSGEPL1,PDZD2,-0.07151091
RETREG3,PLEC,-0.009875729
ITGA5,PLEC,-0.021519162
CLIP2,PLEC,-0.021609737
SLC44A5,PLEC,-0.037873674
ZFP28,PLEC,-0.008003142
TRIM9,PLEC,-0.1030403
CCDC69,PLEC,-0.0045704693
PAGE1,PLEC,-0.00487249
COQ7,PLEC,-0.02509953
IFTAP,PLEC,-0.011676656
MRPS23,PLEC,-0.034355734
NDST4,PLEC,-0.024250953
PDK3,PLEC,-0.014879174
EHD3,PLEC,-0.022603553
ZNF501,PLEC,-0.015256387
PPP1R10,PLEC,-0.063682534
METAP1D,PLEC,-0.016093811
GPT,PLEC,-0.0074118865
GUCY1A2,PLEC,-0.019925501
CYP4F11,PLEC,-0.0072606197
ABCA1,PLEC,-0.01804933
RPS15,PLEC,-0.029321233
WWC1,PLEC,-0.00041407198
VSIG10L,PLEC,-0.027337901
PANX2,PLEC,-0.028493626
UNC119B,PLEC,-0.0058708023
SHC2,PLEC,-0.025177665
CYHR1,PLEC,-0.017271137
FAM169A,PLEC,-0.0043608244
SLC25A34,PLEC,-0.01691136
CCL3,PLEC,-0.013735145
ZNF718,PLEC,-0.031966243
ACKR2,PLEC,-0.014012787
CIP2A,PLEC,-0.1644331
LETMD1,PLEC,-0.0655694
TIMM9,PLEC,-0.019939067
RFPL4B,PLEC,-0.030715533
BTF3,PLEC,-0.008274211
ALDH4A1,PLEC,-0.04676351
TRPM2,PLEC,-0.015472701
STAC,PLEC,-0.01778275
EDN1,PLEC,-0.00049678196
SMCO4,PLEC,-0.09011494
RYR1,PLEC,-0.0034752889
HDGFL2,PLEC,-0.119996555
SUGT1,PLEC,-0.13754003
GPM6B,PLEC,-0.030645274
GABARAPL1,PLEC,-0.011838446
DDHD2,PLEC,-0.004148734
RNF14,PLEC,-0.02011312
HPDL,PLEC,-0.0040973676
CDC26,PLEC,0.0023625372
TRPC6,PLEC,-0.011439666
TAF5,PLEC,-0.058320466
TLE3,PLEC,-0.018852882
CFAP20DC,PLEC,-0.07306909
TPPP2,PLEC,-0.009258714
NACA2,PLEC,-0.012129089
CCDC192,PLEC,-0.0068120807
KCNJ18,PLEC,-0.0042538163
ENTPD2,PLEC,-0.052600116
ZNF57,PLEC,-0.019112257
H1-5,PLEC,-0.07005299
GEMIN2,PLEC,-0.019551365
CRISPLD1,PLEC,-0.011106288
KCNA7,PLEC,-0.025109813
ZNF740,PLEC,-0.023232775
ZNF732,PLEC,-0.00666611
SELENOF,PLEC,-0.010607955
AP2B1,PLEC,-0.014524898
DMRT3,PLEC,-0.02013175
VAV2,PLEC,-0.1663689
TRMT44,PLEC,-0.011387459
ALG10,PLEC,-0.013160866
VPS13B,PLEC,-0.01978778
LIPJ,PLEC,-0.0061615114
CCNG2,PLEC,-0.004717198
DHRS9,PLEC,-0.008370632
MAPK8IP3,PLEC,-0.009764849
FZD9,PLEC,-0.030967385
TMIGD3,PLEC,-0.02900939
SUMF2,PLEC,-0.1588525
MFSD14B,PLEC,-0.1503171
NUP98,PLEC,-0.0015349592
AUP1,PLEC,-0.015904438
RCCD1,PLEC,-0.0767317
AKR1C2,PLEC,-0.0124076605
CTC1,PLEC,-0.014904068
AP3B2,PLEC,-0.022086574
NOTCH4,PLEC,-0.0095099015
KLF3,PLEC,-0.011755038
CYSLTR2,PLEC,-0.038717516
CWH43,PLEC,-0.0447986
CHMP6,PLEC,-0.03655918
BHLHE41,PLEC,-0.03390842
MORC4,PLEC,-0.00023208336
CARS1,PLEC,-0.030660665
CA5B,PLEC,-0.025510667
RNF103-CHMP3,PLEC,-0.026689807
DNAJB6,PLEC,0.00032683535
NUDT12,PLEC,-0.024564391
PYCR1,PLEC,-0.019442827
AFF2,PLEC,-0.014363482
DMBT1,PLEC,-0.017541433
GLDC,PLEC,-0.041519545
RBM3,PLEC,-0.01234359
BBS5,PLEC,-0.0024199972
KLRC2,PLEC,-0.025783906
ALDOB,PLEC,-0.024574956
KCTD21,PLEC,-0.013647624
NGFR,PLEC,-0.04049554
UGT1A6,PLEC,-0.0058598947
PCSK6,PLEC,-0.015996257
LYPD6B,PLEC,-0.019405246
LRRC9,PLEC,-0.19433059
PLAAT2,PLEC,-0.011179822
IRX4,PLEC,-0.015825313
MDH1B,PLEC,-0.05101818
FYB2,PLEC,-0.015697647
CALCR,PLEC,-0.048015457
GPN3,PLEC,-0.03055284
SPSB3,PLEC,-0.01948848
EPDR1,PLEC,-0.005383129
RAMAC,PLEC,-0.029472943
FANCA,PLEC,-0.022001565
SRPX2,PLEC,-0.027576832
C1GALT1C1L,PLEC,-0.012277599
HCAR1,PLEC,-0.032784577
ARL4C,PLEC,-0.11067909
DOCK5,PLEC,-0.0050136186
SMC1B,PLEC,-0.015438637
KCNRG,PLEC,-0.017110411
REN,PLEC,-0.019321242
PTGES3L,PLEC,-0.07424034
CDV3,PLEC,-0.00047324313
FOLR2,PLEC,-0.0036973087
METTL22,PLEC,-0.00433264
SMURF2,PLEC,-0.008121031
SPCS3,PLEC,-0.010104718
UCP1,PLEC,-0.01524155
PTS,PLEC,-0.029549556
PAPPA2,PLEC,-0.031728473
KLHL29,PLEC,-0.033109814
ELAPOR1,PLEC,-0.023038944
CSNK1E,PLEC,-0.026875222
PLCL1,PLEC,-0.043014266
NIPSNAP3A,PLEC,-0.025610281
ASPN,PLEC,-0.020631097
CTDSP1,PLEC,-0.011950424
XPA,PLEC,-0.010502725
DHRS7,PLEC,-0.012395944
RDH10,PLEC,-0.021611447
NFILZ,PLEC,-0.018695068
LRRC71,PLEC,-0.014111201
PLEKHB2,PLEC,-0.008513758
SH3TC1,PLEC,-0.006380879
CSNK1D,PLEC,-0.07089739
MAGEB2,PLEC,-0.014899187
BCL2L12,PLEC,-0.0027785203
MPP1,PLEC,-0.014195372
CLTCL1,PLEC,-0.01872034
ZNF790,PLEC,-0.0050117304
NUDT15,PLEC,-0.2356405
CCR3,PLEC,-0.025878346
DPP7,PLEC,-0.007711176
ATP5F1C,PLEC,-0.0053269737
ALKBH5,PLEC,-0.06366741
ADSS1,PLEC,-0.00025705856
MRFAP1L1,PLEC,-0.009951377
HSD17B11,PLEC,-0.00922027
LRP5L,PLEC,-0.0187269
DHCR7,PLEC,-0.048994724
TPSD1,PLEC,-0.011891223
CST1,PLEC,-0.01473679
SMPD3,PLEC,-0.018229559
H6PD,PLEC,-0.021553213
TSPAN31,PLEC,-0.01292746
ZNF556,PLEC,-0.016886104
ZAR1,RB1,-0.021183347
CCDC137,RB1,-0.014621906
PSMC1,RB1,-0.00065011036
LINC02218,RB1,-0.010719653
TESK1,RB1,-0.0015115277
EEF1AKMT3,RB1,-0.003794509
PCYT2,RB1,-0.006306184
PCDHGA10,RB1,-0.0021682072
RFPL2,RB1,-0.0057547693
EIPR1,RB1,-0.002690591
RASGEF1A,RB1,-0.006708469
RAD54L2,RB1,-0.0022705814
GOLGA8H,RB1,-0.0037762285
CFAP91,RB1,-0.008369369
BPIFB1,RB1,-0.008524713
ELOVL5,RB1,-0.000525515
PRMT7,RB1,-0.01633392
ALPP,RB1,-0.0082415035
KIF4A,RB1,-0.0039279624
DONSON,RB1,-0.15304773
SPDEF,RB1,-0.0036747905
TOX3,RB1,-0.005617693
KLK5,RB1,-0.0121898465
GRIN3B,RB1,-0.0013756646
ARSF,RB1,-0.01110605
ADAM33,RB1,-0.0073484643
FZD9,RB1,-0.00061257096
CBLN4,RB1,-0.011561053
TCF7,RB1,-0.014486054
ACBD7,RB1,-0.004314177
PPP1R1C,RB1,0.0033752143
SLC39A5,RB1,-0.010111318
POLR3GL,RB1,-0.018755123
CGAS,RB1,-0.014399382
HAUS1,RB1,-0.046890605
POLN,RB1,-0.0053617326
TPRG1L,RB1,-0.0032249743
GFI1,RB1,-0.009526143
PTH2R,RB1,-0.0093322545
GLYATL2,RB1,-0.0073357895
IL20,RB1,-0.012589495
FNDC11,RB1,-0.0014913405
SELENOO,RB1,-0.0029258085
PPP2R2B,RB1,-0.004861152
NNAT,RB1,-0.015292936
VPS37D,RB1,-0.0033982294
ANKRD65,RB1,-0.004189661
PALMD,RB1,-0.0050946525
FOXF2,RB1,-0.0215463
SLC38A4,RB1,-0.018634941
TNRC6C,RB1,-0.003878587
EVC,RB1,0.00052619545
TGFBR3,RB1,-0.004189045
PSMA5,RB1,-0.003944703
MVK,RB1,-0.004182006
BARHL2,RB1,-0.010100045
UAP1,RB1,-0.019649765
SLC22A17,RB1,0.0029631841
SAA2,RB1,-0.012766353
TMBIM4,RB1,-0.010550641
DEPP1,RB1,-0.00214432
NSMCE4A,RB1,-0.008342774
ADTRP,RB1,-0.013167665
APEX2,RB1,-0.014580048
CCL20,RB1,-0.0065893717
PDGFB,RB1,-0.011447392
PLEKHF1,RB1,-0.00019762335
FAM167B,RB1,-0.00012867578
DLEC1,RB1,-0.0012676984
FOXJ1,RB1,-0.0032721823
DST,RB1,-0.006784394
LCN2,RB1,-0.006308762
APOL4,RB1,-0.008762616
HSPB3,RB1,-0.0001575399
BRIP1,RB1,-0.016113516
PAPPA2,RB1,-0.03536328
HS3ST1,RB1,-0.025971
GC,RB1,-0.014856683
MT1HL1,RB1,-0.004666973
CDKN2B,RB1,-0.026707897
PTGER4,RB1,-0.008707027
TIGD3,RB1,-0.008537957
TSPAN14,RB1,-0.0067777676
DLG1,RB1,-0.0004940613
ZC4H2,RB1,-0.023509221
PEG3,RB1,-0.04347224
PIEZO1,RB1,-0.0021625545
CYP4F11,RB1,-0.03283453
CROT,RB1,-0.14771481
CDKN2A,RB1,-0.7304506
KIAA1522,RB1,-0.013197709
CREM,RB1,-0.013720101
RPL26L1,RB1,-0.018271692
GGTLC3,RB1,-0.009298339
UGT1A9,RB1,-0.0174337
NFKBIB,RB1,-0.013181464
SIVA1,RB1,-0.01816472
TRPV3,RB1,-0.013104392
HCAR1,RB1,-0.017076956
ZMYND10,RB1,-0.021728043
ISCA2,RB1,-0.007802532
GJB1,RB1,-0.007942516
GOT2,RB1,-0.026153814
MGME1,RB1,-0.06000857
SLC4A8,RB1,-0.03939252
C1orf216,RB1,-0.0130950995
NMU,RB1,-0.012407948
BACE2,RB1,-0.018311992
APLP1,RB1,-0.010935922
NUDT3,RB1,-0.010337735
PSRC1,RB1,-0.008656672
MME,RB1,-0.019969972
SLCO1B1,RB1,-0.013306768
HILPDA,RB1,-0.004190561
STAC2,RB1,-0.015483447
DNAH3,RB1,-0.008289468
EXOSC7,RB1,-0.0048086834
AKR1E2,RB1,-0.006793316
CHST15,RB1,0.0021271985
GABBR1,RB1,-0.0012910572
LOXHD1,RB1,-0.008305069
NLGN4X,RB1,-0.0035560615
GIMAP7,RB1,-0.010134423
TIPIN,RB1,-0.015297563
FAM111B,RB1,-0.030844111
CD320,RB1,-0.009060392
SGF29,RB1,-0.0042217146
PRR5,RB1,-0.005801286
RPL28,RB1,-0.013848232
SLC39A12,RB1,-0.007731189
GPER1,RB1,-0.0057900427
PLAT,RB1,0.001937798
GPX2,RB1,-0.10467184
TOP1MT,RB1,-0.02621149
HS6ST2,RB1,-0.00947211
ZNF655,RB1,-0.009936989
UGT2B15,RB1,-0.017777111
NPY4R,RB1,-0.0030741126
ADAM10,RB1,-0.009254006
C9orf40,RB1,-0.022287093
MAP6,RB1,-0.0038293693
MRAP2,RB1,-0.023051044
SEC14L6,RB1,-0.0040407246
ZNF107,RB1,-0.0068260706
MASTL,RB1,-0.008112962
ZDHHC4,RB1,-0.010782101
ANKRD16,RB1,-0.004361125
MCM6,RB1,-0.29296932
IER2,RB1,-0.010671069
AWAT2,RB1,-0.0055239173
WNT3A,RB1,-0.01697429
PEA15,RB1,-0.06901848
ITIH6,RB1,-0.0072524482
SPATC1L,RB1,-0.0022575075
PTK2B,RB1,-0.00017476288
HOXC4,RB1,-0.017688135
KLHL41,RB1,0.002790337
DYNC2I2,RB1,-0.09155107
SCIN,RB1,-0.004047884
SHH,RB1,-0.012946607
H3C12,RB1,-0.015473612
AMIGO2,RB1,-0.05146254
CDH19,RB1,-0.010726322
ELOVL6,RB1,-0.0023523492
SIX2,RB1,-0.00076494366
POLR2H,RB1,-0.006133745
CPZ,RB1,-0.004843468
MT-ND6,RB1,-0.014021351
EPHX2,RB1,-0.0114237685
ZIC2,RB1,-0.0014240689
H2AL1RP,RB1,-0.0003965441
SAA1,RB1,-0.005389978
SLC1A3,RB1,0.004718245
F12,RB1,-0.009521691
PGRMC1,RB1,-0.002346553
ECI1,RB1,-0.0010519224
HAS1,RB1,-0.011596181
TMEM14B,RB1,-0.021385992
CACNA2D3,RB1,0.00017227375
PCDH7,RB1,-0.007323378
SLC48A1,RB1,-0.005901425
CDC37,RB1,-0.015533295
ERV3-1,RB1,0.000575362
CATSPERE,RB1,-0.003745286
UBASH3B,RB1,-0.00022498815
VAV2,RB1,-0.012345392
SHOX2,RB1,-0.0056090853
GJB7,RB1,-0.006143854
ZC3H12D,RB1,-0.0072277943
OAT,RB1,-0.12033785
LRRC66,RB1,-0.008650666
AKR1C1,RB1,-0.030434292
WSCD1,RB1,-0.0014244375
ZNF404,RB1,-0.0052230763
PRUNE2,RB1,-0.009397945
CTNS,RB1,-0.01096813
MAU2,RB1,-0.0049322494
AGRN,RB1,-0.0008760508
MAGEA9B,RB1,-0.07276761
PNOC,RB1,-0.012875085
CD27,RB1,-0.015209544
EIF5AL1,RB1,-0.008980487
ZNF232,RB1,-0.012347449
LTBP4,RB1,-0.016405597
IGF1R,RB1,-0.01164149
LY6H,RB1,-0.0034238938
HDGF,RB1,-0.011141086
NPRL3,RB1,-0.0032612046
KCNA6,RB1,-0.009069765
EMID1,RB1,-0.006569151
HOXA9,RB1,-0.009294671
ADCYAP1R1,RB1,-0.005753139
GXYLT1,RB1,-0.010359922
SLC38A1,RB1,-0.011884838
DNAJB11,RB1,0.0005356005
ATL3,RB1,-0.020587824
PAX8,RB1,-0.008441428
RPLP2,RB1,-0.0015337082
LAIR2,RB1,-0.012427817
GCA,RB1,0.006467398
EDDM3A,RB1,-0.0044676457
PCDHB16,RB1,-0.0017186922
UGT1A10,RB1,-0.0267087
TSC22D3,RB1,-0.013565684
SMIM29,RB1,-0.013083061
ATRAID,RB1,-0.0065704645
SYNGR4,RB1,-0.0012219386
CCL23,RB1,-0.0042864843
UBE2A,RB1,-0.01182692
NGF,RB1,-0.011914429
EPPK1,RB1,-0.00706973
VDAC3,RB1,-0.0014313055
SLC6A17,RB1,-0.012381489
CERT1,RB1,-0.014052366
PCDHGB5,RB1,-0.0053951275
HES2,RB1,-0.0126614645
ENTPD7,RB1,-0.020065911
FAM83E,RB1,-0.0004988924
PLPP1,RB1,-0.025935587
SLC6A15,RB1,-0.0027318208
BMP7,RB1,-0.026408952
KIFC3,RB1,-0.008528882
SPDYE1,RB1,-0.029834032
RAET1L,RB1,-0.008534095
HTRA2,RB1,-0.0050763525
MYH1,RB1,-0.0028482385
BLOC1S3,RB1,-0.00012098804
AP3M2,RB1,-0.040635295
PAPLN,RB1,0.0011928665
KAT6A,RB1,0.0002090297
ZNF486,RB1,-0.002460003
SULF2,RB1,-0.0047483644
ANTKMT,RB1,-0.007883647
PHKA2,RHOB,-0.010075342
GTF2B,RHOB,-0.038754385
AFAP1,RHOB,-0.047446214
UTP6,RHOB,-0.0016482188
POU1F1,RHOB,-0.011778968
LMNTD1,RHOB,-0.06495129
IGFL1,RHOB,-0.01583152
ZNF664,RHOB,-0.053658098
SLC26A3,RHOB,-0.023673102
IFT88,RHOB,-0.02813657
ZFYVE27,RHOB,-0.046460677
CHRM3,RHOB,-0.017609827
VANGL2,RHOB,-0.013172829
TACSTD2,RHOB,-0.017159173
TNFRSF10C,RHOB,-0.0394053
GMPR,RHOB,-0.023449315
DCST2,RHOB,-0.012585318
FRMD3,RHOB,-0.02648312
C4orf54,RHOB,-0.024907317
ZFYVE9,RHOB,-0.0077762883
TSPAN15,RHOB,-0.050052542
MPZ,RHOB,-0.004889471
FCHSD2,RHOB,-0.026427519
COL28A1,RHOB,-0.0140387425
TPRN,RHOB,-0.007627289
KISS1R,RHOB,-0.026275111
C10orf82,RHOB,-0.025125647
PLTP,RHOB,-0.012532611
TMEM249,RHOB,-0.031877622
MMP13,RHOB,-0.024267118
ELOF1,RHOB,-0.027348433
PTGES,RHOB,-0.023794346
CPEB2,RHOB,-0.031744804
STARD5,RHOB,-0.05115153
TOX2,RHOB,-0.045431897
FAM222A,RHOB,-0.009480991
ZNF229,RHOB,-0.036280006
FBXO6,RHOB,-0.007285021
SMIM10L2A,RHOB,-0.032664906
C6orf136,RHOB,-0.04351864
ZDHHC11,RHOB,-0.03674961
SMOC1,RHOB,-0.029025277
SLC2A14,RHOB,-0.33473936
CPAMD8,RHOB,-0.025275772
SLC2A9,RHOB,-0.009872802
ABCC5,RHOB,-0.038135584
OR9A4,RHOB,-0.0039829817
KLRG1,RHOB,-0.010674597
ID3,RHOB,-0.04886873
ZNF750,RHOB,-0.028183196
ABCA3,RHOB,-0.083852746
KCNMB4,RHOB,-0.017151238
ECI1,RHOB,-0.029956775
GPC4,RHOB,-0.034061234
ADAM23,RHOB,-0.04858066
ERG28,RHOB,-0.02051422
ANKS6,RHOB,-0.079486206
STRN,RHOB,-0.03581107
ANPEP,RHOB,-0.030453065
WDR24,RHOB,-0.011779644
FHAD1,RHOB,-0.011449263
CCDC74B,RHOB,-0.0027413005
ZNF460,RHOB,-0.014356421
ADAMTS6,RHOB,-0.010198752
RNF39,RHOB,-0.24817254
DNAI3,RHOB,-0.03179444
THAP11,RHOB,-0.01949313
ST6GAL1,RHOB,-0.028889872
CLEC4F,RHOB,-0.03300038
CCL24,RHOB,-0.028244477
PGLYRP1,RHOB,-0.010956937
VCX,RHOB,-0.05352149
MYL5,RHOB,-0.05897013
TMBIM4,RHOB,-0.019128324
NOB1,RHOB,-0.07191363
CDH13,RHOB,-0.0031617433
SPP2,RHOB,-0.020532807
THBS2,RHOB,-0.006742411
UBA52,RHOB,-0.012181043
LBHD1,RHOB,-0.022965793
ACACB,RHOB,-0.033527408
DYNC1I1,RHOB,-0.12504742
ZNF213,RHOB,-0.019449359
FAAH2,RHOB,-0.0058422512
EFNA1,RHOB,-0.00095917785
HHIPL1,RHOB,-0.07102101
NIT1,RHOB,-0.036419287
ST6GALNAC4,RHOB,-0.027975444
SORL1,RHOB,-0.032695096
MROH7,RHOB,-0.06989489
OR10H5,RHOB,-0.009795033
LY6G6C,RHOB,-0.043050095
PLIN4,RHOB,-0.0118703125
TAFA3,RHOB,-0.0108169215
ADAMTS19,RHOB,-0.025541186
LHX9,RHOB,-0.014676398
IL34,RHOB,-0.038543593
AMDHD2,RHOB,-0.031806707
MESP2,RHOB,-0.011574205
SLC25A23,RHOB,-0.024162792
MREG,RHOB,-0.024758201
DNAAF3,RHOB,-0.022377202
MLH3,RHOB,-0.019492632
DCBLD2,RHOB,-0.029040344
CBWD1,RHOB,-0.024517532
OSCP1,RHOB,-0.21159948
NAAA,RHOB,-0.040375896
PGC,RHOB,-0.03424116
ALG1L2,RHOB,-0.041668907
TPPP,RHOB,-0.027849799
TNXB,RHOB,-0.07537585
FAM241B,RHOB,-0.12171221
TDO2,RHOB,-0.030372087
CCKBR,RHOB,-0.01833575
SPDYE21,RHOB,-0.07646565
AMDHD1,RHOB,-0.00690561
SARDH,RHOB,-0.0435991
HTR1F,RHOB,-0.035094187
C2CD2L,RHOB,-0.04137606
MVB12A,RHOB,-0.057224233
P3H2,RHOB,-0.013603588
NME5,RHOB,-0.05568216
CHST14,RHOB,-0.016360642
AC093323.1,RHOB,-0.0069512026
LMAN1,RHOB,-0.006962308
KRT80,RHOB,-0.013092935
ZNF34,RHOB,-0.0016181006
FZD9,RHOB,-0.031584013
ESPNL,RHOB,-0.031549715
CA12,RHOB,-0.017998267
FBXL2,RHOB,-0.030422416
NUP62CL,RHOB,-0.028703483
WBP2NL,RHOB,-0.040841818
TRAF3IP2,RHOB,-0.002676442
PLLP,RHOB,-0.0669692
OXER1,RHOB,-0.28279233
RHOV,RHOB,-0.07044197
MRPL14,RHOB,-0.05588958
LRRC8B,RHOB,-0.03655276
HS2ST1,RHOB,-0.13593218
C20orf144,RHOB,-0.025908252
CELSR2,RNF213,-0.009058594
HIGD1A,RNF213,-0.008091765
COLEC12,RNF213,-0.0024729925
PRDM6,RNF213,-0.01055519
GPR89A,RNF213,-0.040886045
NECAP2,RNF213,-0.00495758
APLP2,RNF213,-0.01974992
PGPEP1L,RNF213,-0.004574706
FHOD1,RNF213,-0.031441882
MIF,RNF213,-0.04086825
FBXO10,RNF213,-0.027344095
TACR3,RNF213,-0.014391508
KRT32,RNF213,-0.02020694
STXBP6,RNF213,-0.01267926
FAM83A,RNF213,-0.021043709
HOXD12,RNF213,-0.015087069
SMARCA2,RNF213,-0.013817025
HTR1B,RNF213,-0.015822427
ZNF569,RNF213,-0.0123241665
CETP,RNF213,-0.05490288
ZC2HC1A,RNF213,-0.009271137
TMEM115,RNF213,-0.04213071
MARK1,RNF213,-0.01769692
JAM2,RNF213,-0.016359946
ELOVL4,RNF213,-0.001845989
C2orf49,RNF213,-0.006112693
C1QTNF12,RNF213,-0.02230742
RNF43,RNF213,-0.006259798
DSCC1,RNF213,-0.02024525
PITHD1,RNF213,-0.012107968
DPEP2,RNF213,-0.026724901
C2CD3,RNF213,-0.036505453
BORCS6,RNF213,-0.012541867
ACYP2,RNF213,-0.0044198413
EIF2AK4,RNF213,-0.036081076
NADK2,RNF213,-0.001773147
THNSL2,RNF213,-0.010947043
GRM4,RNF213,-0.0075185457
PLEKHA5,RNF213,-0.05740299
LRRC2,RNF213,-0.056553785
FAU,RNF213,-0.022001635
CALHM2,RNF213,-0.035463016
STK32C,RNF213,-0.014916767
ECSCR,RNF213,-0.0088199265
DYNLL2,RNF213,-0.012089468
CCL17,RNF213,-0.03868588
KLRF1,RNF213,-0.024744531
WDR75,RNF213,-0.01677073
C2,RNF213,-0.062287632
KIAA0930,RNF213,0.0004977979
CD7,RNF213,-0.018567402
ANAPC15,RNF213,-0.009086148
DLG2,RNF213,-0.036383618
EOLA1,RNF213,-0.0056478153
LRATD2,RNF213,-0.016934453
ZNF442,RNF213,-0.0071220943
SV2A,RNF213,-0.03697839
DDX25,RNF213,-0.026982056
MTA1,RNF213,-0.011331722
LYPD8,RNF213,-0.027279139
TNK2,RNF213,-0.0124190515
BAK1,RNF213,-0.021153389
KCNK3,RNF213,-0.0049725645
NLGN4X,RNF213,-0.009313374
CRYZL1,RNF213,-0.028566053
BORCS8,RNF213,-0.0033345309
DIXDC1,RNF213,-0.034938224
ATP6V1D,RNF213,-0.012168854
KRT83,RNF213,-0.028083611
PNCK,RNF213,-0.05006954
ITGA1,RNF213,-0.005401049
C22orf42,RNF213,-0.028717307
SH2D2A,RNF213,-0.023435453
CADM1,RNF213,-0.021641076
NIT2,RNF213,-0.025244655
POMZP3,RNF213,-0.027713932
LAMTOR5,RNF213,-0.02583165
POLR2J2,RNF213,-0.026865343
TERF2,RNF213,-0.010903409
PTPN5,RNF213,-0.012040035
SARAF,RNF213,-0.006437099
L3MBTL2,RNF213,-0.02512516
ALPK1,RNF213,-0.015620695
AC068580.4,RNF213,-0.0132691525
KLHDC8B,RNF213,-0.014623861
UGT8,RNF213,-0.0071957977
TIMM10,RNF213,-0.03705588
AVPR2,RNF213,-0.0055500297
ASMT,RNF213,-0.011731596
HES4,RNF213,-0.08755895
CFAP20DC,RNF213,-0.015975146
ADAMTSL1,RNF213,-0.02790271
SP140L,RNF213,-0.026976388
PAGE1,RNF213,-0.011171015
ZBTB39,RNF213,-0.3061924
NLRC5,RNF213,-0.10225075
LAG3,RNF213,-0.046452165
WNT4,RNF213,-0.016404767
GOLGA6L4,RNF213,-0.007845602
ODAPH,RNF213,-0.03566675
SMIM4,RNF213,-0.014447865
CACNA2D3,RNF213,-0.0107906
CTNNBIP1,RNF213,-0.014032327
DNAH10,RNF213,-0.009770513
LARS1,RNF213,-0.020951979
FAM81A,RNF213,-0.04075839
SYCE1,RNF213,-0.014394528
GMEB2,RNF213,-0.011631333
RPRD1A,RNF213,-0.030889304
RFC4,RNF213,-0.03209647
TMEM185A,RNF213,-0.0056113508
SLC25A4,RNF213,-0.013348886
DLX4,RNF213,-0.013747906
ZFAND2A,RNF213,-0.022481525
GPR25,RNF213,-0.026266078
POLA2,RNF213,-0.059892554
TRPC6,RNF213,-0.012556218
MIF4GD,RNF213,-0.015220375
HFE,RNF213,-0.064973466
GNAS,RNF213,-0.038201243
SIRPG,RNF213,-0.022360062
HACD1,RNF213,-0.005254615
C2CD6,RNF213,-0.027277915
MDK,RNF213,-0.024708483
TRNT1,RNF213,-0.025328808
ARL14EPL,RNF213,-0.013011386
STARD5,RNF213,-0.010418656
ODF3B,RNF213,-0.057473555
TRIM9,RNF213,-0.01090069
PGAM5,RNF213,-0.06289388
TRAPPC5,RNF213,-0.005331084
CD74,RNF213,-0.07178531
C17orf80,RNF213,-0.018379634
C6orf141,RNF213,-0.056294452
CLDN6,RNF213,-0.01271983
ATF4,RNF213,-0.0130091915
DACT2,RNF213,-0.046167757
FGF13,RNF213,-0.075347535
NOS2,RNF213,-0.05936946
SLC49A3,RNF213,-0.014462397
GALNT17,RNF213,-0.036688037
ARHGAP11B,RNF213,-0.016501809
ZNF550,RNF213,-0.034022376
FAM234A,RNF213,-0.024285065
EBI3,RNF213,-0.021473948
ERP27,RNF213,-0.006204493
HOXA2,RNF213,-0.031266414
ACTA1,RNF213,-0.0123122195
PEX26,RNF213,-0.019898564
TLCD4-RWDD3,RNF213,-0.020063547
MYLK3,RNF213,-0.009992441
WDR13,RNF213,-0.01511365
CLECL1,RNF213,-0.010032334
PLPP3,RNF213,-0.01735346
C3orf14,RNF213,-0.0056358525
NPBWR1,RNF213,-0.031672377
KTI12,RNF213,-0.005460123
TPBGL,RNF213,-0.015853515
SLC35D1,RNF213,-0.018472897
NDUFA3,RNF213,-0.01748759
ATAD3B,RNF213,-0.01255337
ACER2,RNF213,-0.027841661
HLA-DMA,RNF213,-0.011486299
PEX2,RNF213,-0.010597812
DKK1,RNF213,-0.01856439
COBL,RNF213,-0.021771275
PRX,RNF213,-0.014400324
DEDD2,RNF213,-0.010779467
CAMK1,RNF213,-0.026331423
OSBPL10,RNF213,-0.045284677
PSD3,RNF213,-0.028126946
FAM13C,RNF213,-0.026837805
KLHL23,RNF213,-0.028663086
ANKRD18B,RNF213,-0.037344407
EXD3,RNF213,-0.004826227
FAHD2A,RNF213,-0.018995149
CCNF,RNF213,-0.011671996
IRAK3,RNF213,-0.0028482592
SMOX,RNF213,-0.028243754
TMEM151B,RNF213,-0.018255336
SPINK4,RNF213,-0.011295844
ACBD6,RNF213,-0.090100974
ONECUT3,RNF213,-0.006905051
ACO2,RNF213,-0.00015867551
SLC25A26,RNF213,-0.018646128
CYP24A1,RNF213,-0.010589531
NTRK2,RNF213,-0.017364563
FAM89B,RNF213,-0.032563042
TRIM58,RNF213,-0.01327428
ZNF354C,RNF213,-0.07120606
TPO,RNF213,-0.036748275
PPCDC,RNF213,-0.014877397
UCHL3,RNF213,-0.026117189
FGD1,RNF213,-0.009366286
KSR1,RNF213,-0.020332571
RAB3C,RNF213,-0.033153493
ZG16,RNF213,-0.008976145
NUBPL,RNF213,-0.01849287
CAPN3,RNF213,-0.00902757
POLH,RNF213,-0.016122296
PNPT1,RNF213,-0.0066042016
CTSD,RNF213,-0.08937341
SART3,RNF213,-0.053075694
SPAG8,RP1L1,-0.0072192336
COMMD2,RP1L1,-0.0025762639
CCNC,RP1L1,-0.004740746
HPGDS,RP1L1,-0.012694969
EEF1D,RP1L1,-0.015904592
ARV1,RP1L1,-0.058399566
PPIE,RP1L1,-0.010331746
FOLR1,RP1L1,-0.018174281
PCLO,RP1L1,-0.03573865
TEDC1,RP1L1,-0.020712528
DOCK3,RP1L1,-0.033860605
KHK,RP1L1,-0.026627017
PPP1R36,RP1L1,-0.013810475
ZC3HAV1L,RP1L1,-0.026687691
PDZK1,RP1L1,-0.053135704
KIAA1755,RP1L1,-0.017941326
NCAM1,RP1L1,-0.032003336
GM2A,RP1L1,-0.013650599
ABCA13,RP1L1,-0.023685358
NKAIN4,RP1L1,-0.19438504
ANO8,RP1L1,-0.031985804
CRTAM,RP1L1,-0.011364066
HOXA2,RP1L1,-0.028055232
ANXA10,RP1L1,-0.035432015
KARS1,RP1L1,-0.031016184
HOXD3,RP1L1,-0.045491695
NDUFAF1,RP1L1,-0.025016885
RGS13,RP1L1,-0.044444177
WT1,RP1L1,-0.06655034
EML1,RP1L1,-0.022888508
ZNF540,RP1L1,-0.038889762
PGPEP1,RP1L1,-0.013135802
ACVR2A,RP1L1,-0.036950357
RAB34,RP1L1,-0.10641678
RAI1,RP1L1,-0.021848591
SLC25A16,RP1L1,-0.023927456
UBE2D4,RP1L1,-0.030215308
NRTN,RP1L1,-0.15775013
DUOXA1,RP1L1,-0.18476327
RHNO1,RP1L1,-0.007696144
HIP1R,RP1L1,-0.0086092595
MT3,RP1L1,-0.014633048
LY6K,RP1L1,-0.06761105
ECI2,RP1L1,-0.01401033
ABCA9,RP1L1,-0.012839956
FAM72C,RP1L1,-0.021483611
F2RL1,RP1L1,-0.035175588
AKAP10,RP1L1,-0.032901652
HSF4,RP1L1,-0.0057936762
NARS2,RP1L1,-0.013390011
GABRR2,RP1L1,-0.026766952
PECR,RP1L1,-0.02731604
HSD17B6,RP1L1,-0.030210681
SASS6,RP1L1,-0.06109092
SDR42E1,RP1L1,-0.12693098
HSPBAP1,RP1L1,-0.19746335
TBX15,RP1L1,-0.047549654
FEZ1,RP1L1,-0.005461426
AP1M2,RP1L1,-0.019004876
RPGRIP1,RP1L1,-0.03331245
SMIM17,RP1L1,-0.025660895
SDHAF1,RP1L1,-0.0062166313
KRTAP5-6,RP1L1,-0.09500439
PDE8B,RP1L1,-0.039023224
HOXD9,RP1L1,-0.025399495
SLC35G2,RP1L1,-0.01967608
ERVH48-1,RP1L1,-0.00994929
MT1E,RP1L1,-0.013611841
ASTN2,RP1L1,-0.023876827
HSD17B2,RP1L1,-0.04004704
RNF40,RP1L1,-0.004509424
HS6ST1,RP1L1,-0.03866653
MSGN1,RP1L1,-0.026705775
SLC4A3,RP1L1,-0.07076844
PCSK6,RP1L1,-0.048486713
ECT2L,RP1L1,-0.022351263
WWOX,RP1L1,-0.018457681
PAX5,RP1L1,-0.022226568
SLC43A2,RP1L1,-0.038564544
ADAM29,RP1L1,-0.054114334
INPP4A,RP1L1,-0.12950975
PER3,RP1L1,-0.025609702
BSG,RP1L1,-0.10608844
MROH1,RP1L1,-0.023355028
LRP5,RP1L1,-0.022405531
NLRP2,RP1L1,-0.018492911
ZDHHC19,RP1L1,-0.011387684
CLNK,RP1L1,-0.021501362
NIPSNAP3A,RP1L1,-0.027808866
SLC14A2,RP1L1,-0.013984297
PARM1,RP1L1,-0.043720398
LRCH1,RP1L1,-0.016786613
SLC39A2,RP1L1,-0.053469818
NPIPB7,RP1L1,-0.021974122
BCL6,RP1L1,-0.045416262
FUOM,RP1L1,-0.0049208743
OXTR,RP1L1,-0.026868582
HSD17B13,RP1L1,-0.026161466
ZNF418,RP1L1,-0.07795618
TMEM205,RP1L1,-0.009969098
DHX58,RP1L1,-0.02513773
VSIG10L,RP1L1,-0.019829353
RBFOX1,RP1L1,-0.07767329
IL1R1,RP1L1,-0.13797979
BCL11A,RP1L1,-0.026576687
RSPO1,RP1L1,-0.014007411
PCDH10,RP1L1,-0.1527717
SHKBP1,RP1L1,-0.026137015
FOS,RP1L1,-0.028143685
PPM1N,RP1L1,-0.014067912
ZADH2,RP1L1,-0.022541596
NRARP,RP1L1,-0.007767158
ZNF563,RP1L1,-0.019051997
MVB12A,RP1L1,-0.07964878
DRG2,RP1L1,-0.030303394
MT-ATP8,RP1L1,-0.049839467
SLC2A8,RP1L1,-0.03833693
SLC35G5,RP1L1,-0.01831671
ZNF385A,RP1L1,-0.03161803
FRMD4A,RP1L1,-0.019573305
RIC3,RP1L1,-0.0077091684
MINDY2,RP1L1,-0.038693927
CRTAP,RP1L1,-0.014427809
CFD,RP1L1,-0.009329595
MFAP4,RP1L1,-0.0057425154
EFNA2,RP1L1,-0.05704251
PLGLB1,RP1L1,-0.020931844
CNPY4,RP1L1,-0.19724351
FAM171A2,RP1L1,-0.046160586
CTSG,RP1L1,-0.061290555
SORT1,RP1L1,-0.009885039
ABCA8,RP1L1,-0.022051347
PTPN7,RP1L1,-0.024401862
CACNG4,RP1L1,-0.065841176
TRPV6,RP1L1,-0.035648566
PDCD1,RP1L1,-0.029645294
AMBP,RP1L1,-0.016557353
SH2D7,RP1L1,-0.052261118
EIF3G,RP1L1,-0.05464228
FPR3,RP1L1,-0.0058474457
ZNF92,RYR1,-0.0031603659
SCNM1,RYR1,-0.011934568
C17orf113,RYR1,-0.013339631
PDK4,RYR1,-0.009023633
PSRC1,RYR1,-0.007985047
FAM124B,RYR1,-0.021591367
TMPRSS5,RYR1,-0.007137417
POU2F2,RYR1,-0.007841355
CPNE8,RYR1,-0.008032483
NYAP2,RYR1,-0.02961666
ARHGAP15,RYR1,-0.007342002
SLC23A1,RYR1,-0.022033127
ABHD14B,RYR1,-0.008945892
TMC5,RYR1,-0.014977083
COPS8,RYR1,-0.032397114
TFAP2E,RYR1,-0.021804465
GGT2,RYR1,-0.013098075
RETSAT,RYR1,-0.003119868
KLRC3,RYR1,-0.0201734
SLC25A47,RYR1,-0.011897607
CDKL4,RYR1,-0.00575462
SSUH2,RYR1,-0.007848637
GEMIN2,RYR1,-0.017248534
NFAT5,RYR1,-0.007909318
FCHSD2,RYR1,-0.01109109
CCL4,RYR1,-0.01633338
ODF2L,RYR1,-0.038598754
UROD,RYR1,-0.018549308
PLCG2,RYR1,-0.0068855085
NANOS1,RYR1,-0.0073101344
COX4I2,RYR1,-0.09537742
MTMR10,RYR1,-0.008175973
CYP4F8,RYR1,-0.011995244
FAM155A,RYR1,-0.025437452
DUXB,RYR1,-0.031440705
SUSD3,RYR1,-0.015301064
DCAF4,RYR1,-0.0075598103
SLC39A5,RYR1,-0.017630016
NISCH,RYR1,-0.015928097
INSYN1,RYR1,-0.015854996
EPHX3,RYR1,-0.013426679
PECAM1,RYR1,-0.016089953
MBNL2,RYR1,-0.01490778
HTR1F,RYR1,-0.02348404
TAF7L,RYR1,-0.014452547
C1orf226,RYR1,-0.014296282
SMPX,RYR1,-0.01114591
GABRB3,RYR1,-0.0060948036
TRIM74,RYR1,-0.0075079366
EAF1,RYR1,-0.015111342
FAM222B,RYR1,-0.007270936
LYPD5,RYR1,-0.034604464
RPL22,RYR1,0.0010284652
PLEKHH1,RYR1,-0.06387383
GCNA,RYR1,-0.010665227
ADHFE1,RYR1,-0.02149323
PAX6,RYR1,-0.008595532
MEIS1,RYR1,-0.013386683
TMEM38A,RYR1,-0.030614378
DGKB,RYR1,-0.0347022
EEF2,RYR1,-0.06620874
SMIM4,RYR1,-0.02253287
FAM3D,RYR1,-0.012138974
DUSP2,RYR1,-0.010554674
ZNF256,RYR1,-0.012551631
DACH2,RYR1,-0.0072816536
IL20RB,RYR1,-0.004955193
TBX18,RYR1,-0.0031658693
DCAF12L2,RYR1,-0.011394577
DCN,RYR1,-0.008577517
HSPB8,RYR1,-0.01061736
RPRM,RYR1,-0.008226132
TFDP2,RYR1,-0.030170588
ENO3,RYR1,-0.0049432144
NPFFR1,RYR1,-0.003046916
ANKRD13B,RYR1,-0.047094177
GFOD2,RYR1,-0.019511333
CCDC97,RYR1,-0.0056745796
USP33,RYR1,-0.02437502
ZRANB3,RYR1,-0.01199823
AL022238.3,RYR1,-0.013593977
SH3GL2,RYR1,-0.019460699
CLECL1,RYR1,-0.012809205
ZNF215,RYR1,-0.0057459394
RPL30,RYR1,-0.007312132
AARS2,RYR1,-0.059492767
EIF2S3B,RYR1,-0.0065304562
SMO,RYR1,-0.020500598
GALNT2,RYR1,-0.01271558
HS6ST2,RYR1,-0.013405332
CD37,RYR1,-0.017706143
MAJIN,RYR1,-0.007429203
DDX25,RYR1,-0.010591034
MAP1S,RYR1,-0.00826751
PGLYRP4,RYR1,-0.00656064
FXYD5,RYR1,-0.012509287
ZBED6,RYR1,-0.035913765
ARHGEF4,RYR1,-0.015966535
FKBP1B,RYR1,-0.021229846
FBLL1,RYR1,-0.003391805
CUEDC2,RYR1,-0.0036466273
AURKB,RYR1,-0.015182236
PTDSS1,RYR1,-0.020132126
IFT46,RYR1,-0.029045645
TEX22,RYR1,-0.011238385
LEP,RYR1,-0.0064877737
CMTM7,RYR1,-0.0062163565
TNK2,RYR1,-0.013380849
RHBG,RYR1,-0.0010132954
OTUD1,RYR1,-0.009164568
ATP5MC2,RYR1,-0.023597535
EDN1,RYR1,-0.008697722
PCDHGA1,RYR1,-0.010717421
SRD5A3,RYR1,-0.01085266
GALR2,RYR1,-0.0134001905
GNL3,RYR1,-0.012932188
SLC36A2,RYR1,-0.026115771
GJD3,RYR1,-0.012012138
PCDHGB5,RYR1,-0.0054096472
PADI4,RYR1,-0.005493832
SNUPN,RYR1,-0.017450932
SERPIND1,RYR1,-0.0086760465
CSF2RB,RYR1,-0.22400367
KANK4,RYR1,-0.0074921735
ATXN7L3B,RYR1,-0.02297802
IFITM2,RYR1,-0.018230196
RTL5,RYR1,-0.092974044
ELK4,RYR1,-0.03174801
TNFRSF8,RYR1,-0.013753939
JUND,RYR1,-0.017543111
CMTM8,RYR1,-0.0048468844
CACNA1F,RYR1,-0.009949371
LMNTD2,RYR1,-0.0030372264
C9,RYR1,-0.024388822
CD248,RYR1,-0.016087092
TMC7,RYR1,-0.005307849
GPR155,RYR1,-0.0130564645
KLRK1,RYR1,-0.008094745
PIWIL2,RYR1,-0.01606181
LDB3,RYR1,-0.013298246
PON3,RYR1,-0.00062163675
SVOPL,RYR1,-0.021182006
ETV3L,RYR1,-0.014541243
SOWAHB,RYR1,-0.00984447
PNPO,RYR1,-0.02232599
APELA,RYR1,-0.031004487
TMEM184A,RYR1,-0.01267951
CEND1,RYR1,-0.00453066
RBMXL1,RYR1,-0.04479823
ECT2L,RYR1,-0.018041737
SPDYE21,RYR1,-0.015710888
CRTAP,RYR1,-0.05643182
LNX1,RYR1,-0.031898174
CLIP4,RYR1,-0.10282286
FOXJ1,RYR1,-0.020538246
TCEA3,RYR1,-0.12850367
MAP1LC3A,RYR1,-0.03950368
ARL15,RYR1,-0.010611981
EFCAB10,RYR1,-0.01829615
SDHD,RYR1,-0.02193141
MEFV,RYR1,-0.13062082
NME8,RYR1,-0.015835391
ST3GAL5,RYR1,-0.057468988
PDX1,RYR1,-0.0063975006
PHLDB1,RYR1,-0.009275329
IL10,RYR1,-0.01598364
CAPG,RYR1,-0.022518156
M6PR,RYR1,-0.019013492
SOD1,RYR1,-0.010084983
LIPC,RYR1,-0.01000471
POLD4,RYR1,-0.0014739466
MFAP4,RYR1,-0.01094285
LY96,RYR1,-0.03529104
RASIP1,RYR1,-0.009126632
ALB,RYR1,-0.006202723
CCDC150,RYR1,-0.013834223
CDK5RAP1,RYR1,-0.008081886
FRMPD4,RYR1,-0.13479471
PRKY,RYR1,-0.0061437143
CD180,RYR1,-0.029408103
STAT1,RYR1,0.0010675284
ZMAT3,RYR1,-0.022457873
PRSS41,RYR1,-0.008647039
BCL10,RYR1,-0.00663124
OR2B6,RYR1,-0.1348198
GUSB,RYR1,-0.0058786273
SNRPC,RYR1,-0.032917157
IL1RL2,RYR1,-0.020057479
TRIM5,RYR1,-0.005304088
BYSL,RYR1,-0.0072677266
MED9,RYR1,-0.002063744
OLFM2,RYR1,-0.018376052
UBE2Z,RYR1,-0.0061311163
EVI5L,RYR1,-0.06466272
STAT2,RYR1,-0.01853195
CCL3,RYR1,-0.025803702
TM2D2,RYR1,-0.014561603
CEP89,RYR1,-0.0065617254
AIM2,RYR1,-0.004063237
ZNF860,RYR1,-0.0121601
GDPD2,RYR1,-0.026237005
HELLS,RYR1,-0.03874469
SOX11,RYR1,-0.012292119
VPREB3,RYR1,-0.0057327407
TINAGL1,RYR1,-0.007848689
FOXJ2,RYR1,-0.010924209
SAXO2,RYR1,-0.017549207
CHCHD10,RYR1,-0.0034054131
FCGBP,RYR1,0.00056131074
CLDN20,RYR1,-0.007261193
SPIB,RYR1,-0.014618945
LPP,RYR1,-0.04160972
B4GALT4,RYR1,-0.0363573
INPP5B,RYR1,-0.0058410475
DIPK2B,RYR1,-0.039424106
HOXD12,RYR1,-0.0065821996
MAP3K9,RYR1,-0.002781175
EEA1,RYR1,-0.02332594
ARG2,RYR1,-0.012233597
DCUN1D3,RYR1,-0.0071576806
S100A4,RYR1,-0.009278088
RRM2B,RYR1,-0.03177473
PDE2A,RYR1,-0.022695621
VPS37D,RYR1,-0.001619776
TTYH1,RYR1,-0.014055827
HTR3B,RYR1,-0.017646547
MYB,RYR1,-0.027323099
THOC7,RYR1,-0.00625828
GPR173,RYR1,-0.018019566
FPGS,RYR1,-0.007234378
ZNHIT6,RYR1,-0.0043352097
BCL2L10,RYR1,-0.008381008
GMPR2,RYR1,-0.09990872
NDUFA3,RYR1,-0.013459615
SLAMF7,RYR1,-0.009211962
GPR137B,RYR2,-0.00095645676
RGS14,RYR2,-0.016217144
TMEM184B,RYR2,-0.0134529555
GRAMD4,RYR2,-0.004687588
HNRNPDL,RYR2,-0.008771349
TMEM187,RYR2,-0.0026936796
ZNF697,RYR2,-0.005161783
HOXA11,RYR2,-0.0011572464
CASP8AP2,RYR2,0.00011310499
NAALADL2,RYR2,-0.0046908744
LRP2,RYR2,-0.00955968
NPC1L1,RYR2,-0.008473599
OTUD1,RYR2,-0.00852957
FAM221A,RYR2,-0.001149327
RESF1,RYR2,-0.011085787
LRRC37A,RYR2,-0.007505975
OTX1,RYR2,-0.0062075374
TARBP2,RYR2,-0.004218375
TMCO4,RYR2,-0.0025367094
NKG7,RYR2,-0.004567904
RRAGC,RYR2,-0.0026521757
ARHGAP28,RYR2,-0.039853316
CCDC178,RYR2,-0.002570641
GRID1,RYR2,-0.0074482043
PQBP1,RYR2,-0.0012266203
GZMM,RYR2,-0.009381615
SYT9,RYR2,-0.0014720458
NKX3-1,RYR2,-0.013603573
RPS19,RYR2,-0.0047962093
APOL1,RYR2,-0.0068454756
FZD5,RYR2,-0.008633684
HCAR3,RYR2,-0.007065
COG4,RYR2,-0.0046165693
GPANK1,RYR2,-0.005772519
MIPEP,RYR2,-0.01574004
MYO1D,RYR2,-0.005623206
GTPBP6,RYR2,-0.0063602007
FLT3LG,RYR2,-0.0009739682
RNF222,RYR2,-0.008192656
ZNF365,RYR2,-0.0042578583
KPTN,RYR2,-0.009677469
RPSA,RYR2,-0.0021998766
TMEM179B,RYR2,-0.0029583483
UROC1,RYR2,-0.006452307
DNAH1,RYR2,-0.007045558
ACCS,RYR2,-0.013455194
FAM149A,RYR2,-0.007996168
BCAN,RYR2,-0.0029882523
DEFA3,RYR2,-0.0030849827
SYT10,RYR2,-0.008899482
SLC36A1,RYR2,-0.028718375
GCC2,RYR2,-0.021906156
TMEM42,RYR2,-0.0070719533
SLC26A5,RYR2,0.0012937713
TBC1D10A,RYR2,-0.0054990747
FNDC11,RYR2,-0.007322417
WDR91,RYR2,-0.0019551243
MYO3B,RYR2,-0.006629633
ERP44,RYR2,0.0027327992
MICALL2,RYR2,-0.008066559
ALDH3B2,RYR2,-0.033308856
NAPG,RYR2,-0.007189748
KCNIP2,RYR2,-0.00462798
RASD2,RYR2,-0.03794406
TTC21A,RYR2,0.0029055006
SALL1,RYR2,-0.0023376513
FAM102A,RYR2,-0.006037976
ODF2,RYR2,0.000432522
NOD2,RYR2,-0.009725923
HNRNPR,RYR2,-0.0014580825
CADM1,RYR2,-0.011486397
SKIDA1,RYR2,-0.006364936
CENPVL3,RYR2,-0.001024696
USP13,RYR2,-0.024477707
PPP3CC,RYR2,-0.0059493724
NECAB3,RYR2,-0.008104135
RNF224,RYR2,-0.0015155394
TDRD5,RYR2,-0.050784227
PCBP4,RYR2,-0.01649105
SPCS1,RYR2,-0.0055866838
SRP9,RYR2,-0.013339622
XPR1,RYR2,-0.0052888803
LRRN1,RYR2,-0.0049750754
HOXC6,RYR2,-0.01497278
TGFB1,RYR2,0.00046777254
NOL3,RYR2,-0.014617257
NLGN4X,RYR2,-0.0048006377
MPC2,RYR2,-0.008791193
CDH15,RYR2,-0.0052896864
IGF2BP3,RYR2,-0.0030128593
CCNI,RYR2,-0.010050839
ALK,RYR2,-0.0050362293
CACNB2,RYR2,-0.036078148
MYL3,RYR2,-0.00423219
ZHX3,RYR2,-0.0077531636
SHC3,RYR2,-0.0059817145
GNB1L,RYR2,-0.0019567783
FAM136A,RYR2,-0.022455862
ALPK3,RYR2,-0.01941375
PRKACA,RYR2,0.00054097426
GTSF1,RYR2,0.00021117729
MCC,RYR2,-0.01806308
MCEE,RYR2,-0.0021931054
DAXX,RYR2,-0.012986741
SOWAHA,RYR2,-0.007806541
IFI27L2,RYR2,0.0014377951
SPATA32,RYR2,-0.020385198
LXN,RYR2,-0.014830302
GIMAP7,RYR2,-0.009317337
FCHSD1,RYR2,-0.018679056
MAF,RYR2,-0.017022796
B4GALT5,RYR2,-0.0051920954
C11orf53,RYR2,-0.0046369056
PRSS16,RYR2,-0.0014978163
RSPH9,RYR2,-0.009109257
CES3,RYR2,-0.03258201
GPR4,RYR2,-0.009069067
RHOBTB1,RYR2,-0.010464339
CLDN1,RYR2,-0.02535252
FKBP1C,RYR2,-0.00666636
ERP27,RYR2,-0.0010582546
TBC1D3L,RYR2,-0.0076720607
SERPINB8,RYR2,-0.008910063
TAS2R5,RYR2,-0.007194998
CCNY,RYR2,-0.009714044
DUSP9,RYR2,-0.0037911143
SEPTIN1,RYR2,0.0011504095
MAFA,RYR2,-0.05569283
CNTNAP5,RYR2,-0.009847051
SCYL2,RYR2,-0.018464267
GP1BA,RYR2,-0.011727802
F2,RYR2,-0.0055155805
C1GALT1,RYR2,-0.010120356
COMT,RYR2,-0.0024828445
ATP6V0D2,RYR2,-0.021081563
PGAP1,RYR2,-0.0009781505
TTC7B,RYR2,-0.010255331
TUBB,RYR2,-0.0026513985
CLC,RYR2,-0.034877893
SUN2,RYR2,-0.033613328
TMEM138,RYR2,-0.023550292
AR,RYR2,-0.0058133127
SPOCK1,RYR2,-0.006411289
TNK1,RYR2,-0.007416854
BAIAP2L2,RYR2,-0.0053525288
LRRTM2,RYR2,-0.008982091
DLX3,RYR2,-0.009215542
SYT15,RYR2,-0.006737606
SLC30A10,RYR2,-0.0059806793
RPL29,RYR2,-0.013995249
ESAM,RYR2,-0.0062850895
HOXB13,RYR2,-0.029006537
PRKX,RYR2,-0.0066155912
METTL22,RYR2,-0.0020295007
DMRTA1,RYR2,-0.00944325
VTA1,RYR2,-0.0042397883
ABRAXAS1,RYR2,-0.007706915
SLC29A1,RYR2,-0.011535176
CCDC113,RYR2,-0.009494323
RHOQ,RYR2,0.0015513378
UPK2,RYR2,-0.015347136
VIPAS39,RYR2,-0.0052779987
GPR180,RYR2,-0.0039529977
HEXIM2,RYR2,-0.0057828412
SLC4A9,RYR2,0.0009074236
UTF1,RYR2,-0.005831102
EIF5,RYR2,-0.0008243086
CPB2,RYR2,-0.020200113
ALOX15B,RYR2,-0.008667306
WDR18,RYR2,-0.002807133
RRP36,RYR2,-0.023198172
CD58,RYR2,-0.003079985
NT5DC3,RYR2,-0.008620199
RAP1GAP2,RYR2,-0.0077797985
ARHGAP39,RYR2,-0.0025548653
KCNN2,RYR2,-0.035999868
HMGN1,RYR2,-0.020070434
AFF2,RYR2,-0.0014288955
PABPC5,RYR2,-0.009811141
MCAM,RYR2,-0.011551544
PRODH,RYR2,-0.003995931
DCP2,RYR2,-0.008716048
MAGEA10,RYR2,-0.003397645
SPRYD3,RYR2,-0.009360576
F2RL2,RYR2,-0.02539784
RASSF4,RYR2,-0.0026763743
PRR9,RYR2,-0.011111898
FAM72C,RYR2,-0.0039953254
TLE5,RYR2,-0.0067702224
ARSF,RYR2,-0.0032235896
HPF1,RYR2,-0.0029150506
TAGAP,RYR2,-0.0061128507
ZNF157,RYR2,-0.009254296
LRRC8D,RYR2,-0.008861315
DOCK8,RYR2,-0.007998031
GINS2,RYR2,-0.006210262
ARMCX1,RYR2,-0.003630115
CPA6,RYR2,-0.010743566
MRFAP1,RYR2,-0.009660955
THG1L,RYR2,-0.00861769
KLB,RYR2,-0.0074104965
IL20RB,RYR2,-0.01510608
GPX7,RYR2,-0.010847688
TEX35,RYR2,-0.02639512
JPH1,RYR2,-0.0058566486
RBBP4,RYR2,-0.0016665291
LHFPL3,RYR2,-0.0037622892
EEF1AKNMT,RYR2,-0.020342309
TCEAL9,RYR2,-0.00774214
LACTB,RYR2,-0.008161759
CHODL,RYR2,-0.019986127
ZNF165,RYR2,-0.0045693675
EIF4A2,RYR2,-0.005151588
MTSS1,RYR2,-0.07164709
HOXD3,RYR2,-0.003542384
ZNF572,RYR2,-0.0074775354
GRHPR,RYR2,-0.016834876
MRPL36,RYR2,-0.0085296165
TPPP3,RYR2,-0.0071201343
NDOR1,RYR2,-0.0011619753
C6,RYR2,-0.0065161837
DGKG,RYR2,-0.006112003
MYL12A,RYR2,-0.0031712246
ACTR3C,RYR2,-0.021050587
DPF1,RYR2,-0.007295864
CRYGN,RYR2,-0.0014757717
GADD45A,RYR2,-0.017886067
EN2,RYR2,-0.053748734
PKDREJ,RYR2,-0.000749679
RPL17,RYR2,-0.0078012594
TLE1,RYR2,-0.0123151215
EXOC3L1,RYR2,-0.004302521
ZPBP2,RYR2,-0.021658668
IER5L,RYR2,-0.024103226
GPLD1,RYR2,-0.030173576
TPSD1,RYR2,-0.022785831
ZNF664,RYR2,-0.0029056263
ASTL,RYR2,-0.023393264
PRSS2,RYR2,-0.0050298884
FFAR2,RYR2,-0.008690406
RFC1,RYR2,-0.0084162075
TRIM9,RYR2,-0.0046616807
KIF12,RYR2,-0.062002145
CARD14,RYR2,-0.008773347
DNM3,RYR2,-0.019072136
MAOB,RYR2,-0.0010558433
HOXC9,RYR2,-0.0013090122
ECSCR,RYR2,-0.0054868488
IYD,RYR2,-0.006515232
TMEM255B,RYR2,-0.00620567
CTSG,RYR2,-0.004630175
LTBP1,RYR2,-0.0068744216
FBP1,RYR2,-0.022644581
SLC5A4,RYR2,-0.012765768
RAPSN,RYR2,-0.007724237
CPB1,RYR2,-0.004948887
RAB18,RYR2,-0.014492096
NTN5,RYR2,-0.0120677035
KLHL31,RYR2,-0.027591499
COL7A1,RYR2,-0.010489792
UQCC2,RYR2,-0.004605971
HEYL,RYR2,-0.006202506
NFE2,RYR2,-0.008541154
DUSP23,RYR2,-0.014435713
CGB7,RYR2,-0.008188089
PRRG4,RYR2,0.0024033252
APOL2,RYR2,-0.051414836
POTEH,RYR2,-0.008335589
IGSF22,RYR2,-0.012984907
LRRC20,RYR2,-0.004989191
FAM76B,RYR2,-0.015251667
AL157935.2,RYR2,-0.007083947
FJX1,RYR2,-0.009010656
CCZ1,RYR2,-0.013611365
SPACA6,RYR2,-0.023158522
CNPPD1,RYR2,-0.010201511
CBR1,RYR2,-0.0040288395
PRCD,RYR2,-0.0036035203
C3orf38,RYR2,-0.009741236
PELO,RYR2,-0.008910882
CPLANE1,RYR2,-0.031496417
ZNF691,RYR2,-0.009705509
UBE2O,RYR2,-0.03200199
MKNK2,RYR2,-0.0037128343
SH3BP4,RYR2,-0.005940416
TRIM56,RYR2,-0.005848256
HAMP,RYR2,-0.03365175
TRIM71,RYR2,-0.0032161504
CYB5RL,RYR2,-0.008509255
COX4I1,RYR2,-0.012572805
HRH3,RYR2,-0.0020116568
CYYR1,RYR2,-0.05593435
DHRSX,RYR2,-0.0043677078
COA6,RYR2,-0.0014926691
CXorf38,RYR2,-0.00828963
SLC13A4,RYR2,-0.015907027
CPT2,RYR2,-0.010756706
ZNF879,RYR2,-0.009938868
COL4A6,RYR2,-0.009440028
LIN7C,RYR2,0.0015902465
TADA2B,RYR2,-0.003299222
GNE,RYR2,-0.021053193
ATG9B,RYR2,-0.0010353331
TSPAN18,RYR2,-0.021652158
IMPA2,RYR2,-0.03018116
DMP1,RYR2,-0.0067245723
FRY,RYR2,-0.018685285
PARP12,RYR2,-0.0015793442
ZFP69,RYR2,-0.03400096
EBP,RYR2,-0.014328055
GDE1,RYR2,-0.006992391
LTO1,RYR2,-0.008427902
NUPR1,RYR2,-0.02756686
GSTP1,RYR2,-0.0039757
PNPLA4,RYR2,-0.026685325
NKIRAS1,RYR2,0.0006921273
ARHGAP42,RYR2,-0.01208985
C15orf65,RYR2,-0.039161023
C10orf82,RYR2,-0.018896895
EPHA2,RYR2,-0.0035629843
CAPN12,RYR2,-0.011134939
AC099489.1,RYR2,-0.019090645
OTOP3,RYR2,-0.007581439
KCNK17,RYR2,-0.01156916
HSPB3,RYR2,-0.017779276
SEC23A,RYR2,-0.0011289768
TBCK,RYR2,-0.030497868
TSC22D1,RYR2,-0.007381022
HBEGF,RYR2,-0.008759899
ARHGAP30,RYR2,-0.00075879594
MRFAP1L1,RYR2,-0.0023752712
RPS15,RYR2,-0.0052400595
ANP32E,RYR2,-0.0043359604
MAGI1,RYR2,-0.025439182
WASF3,RYR2,-0.010456018
ZC3H11A,RYR2,-0.0066265976
RBM10,RYR2,-0.008206177
BDH1,RYR2,-0.010116275
AKNAD1,SPAG17,-0.004808013
SOX4,SPAG17,-0.035982512
IPO4,SPAG17,-0.0071309293
PRKRIP1,SPAG17,-0.0134896515
GCGR,SPAG17,-0.017278012
KISS1R,SPAG17,-0.016107954
GPR161,SPAG17,-0.029376503
DYRK3,SPAG17,-0.02475224
CUBN,SPAG17,-0.010500255
SIX4,SPAG17,-0.020168168
TCTN1,SPAG17,-0.020788465
SSX5,SPAG17,-0.014042177
SLC2A8,SPAG17,-0.02894226
SHISA4,SPAG17,-0.023983374
C4orf47,SPAG17,-0.14357437
PHIP,SPAG17,-0.034604218
CARD10,SPAG17,-0.021751728
ARL16,SPAG17,-0.049569484
VSX1,SPAG17,-0.03493329
PROX2,SPAG17,-0.06758139
RAB40A,SPAG17,-0.021820301
PGBD5,SPAG17,-0.03390188
BCAM,SPAG17,-0.07209097
ADAM15,SPAG17,-0.015368865
RGL2,SPAG17,-0.016570145
PVALB,SPAG17,-0.0069773835
RORC,SPAG17,-0.017397113
PIEZO2,SPAG17,-0.022083987
B4GALT1,SPAG17,-0.007612896
KRTAP29-1,SPAG17,-0.026440363
TLCD3A,SPAG17,-0.011992092
RAG1,SPAG17,-0.02866641
HAUS4,SPAG17,-0.005249429
RBP5,SPAG17,-0.044643555
SLC27A5,SPAG17,-0.018117426
TCF3,SPAG17,-0.026368262
NLGN4X,SPAG17,-0.008422555
BEX3,SPAG17,-0.012294039
TP73,SPAG17,-0.11591424
TMCC3,SPAG17,-0.018259423
BBC3,SPAG17,-0.08823648
GRWD1,SPAG17,-0.025632875
MYO16,SPAG17,-0.051433083
MRM2,SPAG17,-0.019673565
ARHGEF39,SPAG17,-0.027103372
SH3TC1,SPAG17,-0.102130786
CA4,SPAG17,-0.037874468
N4BP2L2,SPAG17,-0.0015010281
NDP,SPAG17,-0.01848737
EVI5L,SPAG17,-0.275943
LRIG3,SPAG17,-0.030538362
HSD17B2,SPAG17,-0.024519173
KCNK17,SPAG17,-0.027002556
RXFP4,SPAG17,-0.050010063
TMEM237,SPAG17,-0.01912074
ZNF668,SPAG17,-0.02434074
NUDT3,SPAG17,-0.03161901
TTC39B,SPAG17,-0.019770626
PCED1B,SPAG17,-0.20887905
NLGN4Y,SPAG17,-0.01838695
RPS8,SPAG17,-0.023558
TMEM45B,SPAG17,-0.010471602
TCL1A,SPAG17,-0.051508643
INTS9,SPAG17,-0.015094775
RFFL,SPAG17,-0.003561792
SCARA3,SPAG17,-0.025541242
FCER2,SPAG17,-0.021181934
HOXA1,SPAG17,-0.020957362
IFT27,SPAG17,-0.012801695
CYB5D2,SPAG17,-0.036346585
BDH1,SPAG17,-0.025551673
BASP1,SPAG17,-0.024961857
RBM3,SPAG17,-0.016717462
RFC4,SPAG17,-0.021568751
PRRG3,SPAG17,-0.008628517
RPL15,SPAG17,-0.0037793214
EGFL7,SPAG17,-0.054753896
AOC1,SPAG17,-0.082524784
DPY19L1,SPAG17,-0.07139337
NPIPB7,SPAG17,-0.018358018
FGG,SPAG17,-0.017099854
PEMT,SPAG17,-0.05377419
KAZALD1,SPAG17,-0.011307635
ZFP36L2,SPAG17,-0.015544917
SNN,SPAG17,-0.03543093
RASA4B,SPAG17,-0.08324969
VPS51,SPAG17,-0.033834375
C17orf99,SPAG17,-0.02726458
C5orf15,SPAG17,-0.04286819
NKD2,SPAG17,-0.031478886
CALB1,SPAG17,-0.019941539
OR2A42,SPAG17,-0.023206547
CSTF3,SPAG17,-0.016081257
RYR1,SPAG17,-0.015577437
SYN3,SPAG17,-0.032743353
WRAP53,SPAG17,-0.016569184
KRT83,SPAG17,-0.020285292
GOLGA6L4,SPAG17,-0.021244602
ICOS,SPAG17,-0.0038324895
PALM2AKAP2,SPAG17,-0.015061018
REEP2,SPAG17,-0.00866111
GRID1,SPAG17,-0.062374078
CAND1,SPAG17,-0.021762086
GAMT,SPAG17,-0.033524483
ATP23,SPAG17,-0.018541193
RAPGEF5,SPAG17,-0.023509834
SLC1A1,SPAG17,-0.13580152
C4orf54,SPAG17,-0.18167305
SPINDOC,SPAG17,-0.007735849
SLC30A8,SPAG17,-0.008473056
HASPIN,SPAG17,-0.062237266
NCKAP5,SPAG17,-0.060949706
ARHGEF28,SPAG17,-0.023912145
BHMT2,SPAG17,-0.01151298
E2F8,SPAG17,-0.0023151422
VPS53,SPAG17,-0.0012142579
SIPA1L2,SPAG17,-0.029775085
SLC26A4,SPAG17,-0.05529821
P2RY6,SPAG17,-0.014454593
ATP6V1C2,SPAG17,-0.0150553165
AASS,SPAG17,-0.050595235
DNAH2,SPAG17,-0.009904816
CERS2,SPAG17,-0.014569429
MB21D2,SPAG17,-0.0074549695
PI15,SPAG17,-0.0030084217
RAC1,SPAG17,-0.030941876
LRRC36,SPAG17,-0.018590106
C16orf74,SPAG17,-0.016501132
RBM26,SPAG17,-0.023793396
NOSTRIN,SPAG17,-0.06056179
E2F5,SPAG17,-0.007919579
C15orf62,SPAG17,-0.013952138
CCDC33,SPAG17,-0.010224707
MOGS,SPAG17,-0.023869393
WASH6P,SPAG17,-0.0051067527
SLC7A8,SPAG17,-0.04400992
MICALL2,SPAG17,-0.04744518
PAGE2B,SPAG17,-0.0120721245
SPTBN2,SPAG17,-0.02178584
PLGRKT,SPAG17,-0.034682613
CCL21,SPAG17,-0.043859243
STRA6,SPAG17,-0.013502515
MFSD4B,SPAG17,-0.018938854
ORAI3,SPAG17,-0.060441043
TICAM2,SPAG17,-0.015115632
MRPL15,SPAG17,-0.035409965
EIF4E3,SPAG17,-0.036720995
ERN2,SPAG17,-0.010266733
CCDC183,SPAG17,-0.016578438
SEMA3F,SPAG17,-0.017258918
NSD2,SPAG17,-0.039677802
CDC42BPB,SPAG17,-0.039545354
MUC22,SPAG17,-0.011109155
POU6F2,SPAG17,-0.013536243
SHISA9,SPAG17,-0.031979576
MCTP1,SPAG17,-0.035164583
DIPK1C,SPAG17,-0.036157355
PAMR1,SPAG17,-0.0063678515
CSF3,SPAG17,-0.08306241
CD1E,SPAG17,-0.039597537
DNAAF5,SPAG17,-0.016996332
PADI2,SPAG17,-0.024102394
MCUB,SPAG17,-0.018499644
ZNF664,SPAG17,-0.018287916
ZIC1,SPAG17,-0.03488079
ZIC4,SPAG17,-0.01858051
FNDC1,SVEP1,-0.00990785
MPLKIP,SVEP1,-0.010687726
DCAF4L1,SVEP1,-0.026177159
RBIS,SVEP1,-0.008840364
LAX1,SVEP1,-0.0152441105
TWF1,SVEP1,-0.02977292
ATP8A2,SVEP1,-0.027424753
BEST3,SVEP1,-0.019320907
ASXL3,SVEP1,-0.03898042
DCDC2,SVEP1,-0.036326233
SHC3,SVEP1,-0.0052649206
CSH2,SVEP1,-0.03296409
CAPN6,SVEP1,-0.022878556
ZNF717,SVEP1,-0.030002713
NBPF14,SVEP1,-0.054801024
SPINK9,SVEP1,-0.045486428
CLK2,SVEP1,-0.012401945
RNF212,SVEP1,-0.084587485
CD82,SVEP1,-0.03755485
SFT2D2,SVEP1,-0.0409644
KCNH4,SVEP1,-0.036354285
DDRGK1,SVEP1,-0.030512644
PALM3,SVEP1,-0.019773258
DNAJC22,SVEP1,-0.03926495
EIF1AX,SVEP1,-0.05330772
KCNA7,SVEP1,-0.026639765
FAM163A,SVEP1,-0.02472951
BRCC3,SVEP1,-0.09492774
HSPA2,SVEP1,-0.015630336
USP15,SVEP1,-0.042461913
SRP54,SVEP1,-0.05867061
EMC4,SVEP1,-0.00915212
TMEM254,SVEP1,-0.0159438
CPNE7,SVEP1,-0.005772199
SULT1E1,SVEP1,-0.018743759
CAD,SVEP1,-0.040152714
KHNYN,SVEP1,-0.05547095
FOXD2,SVEP1,-0.013930272
SOCS5,SVEP1,-0.0031713012
RNF138,SVEP1,-0.035854414
NPIPB11,SVEP1,-0.038806655
PPP1R16B,SVEP1,-0.013932555
TRIM69,SVEP1,-0.10435775
PPM1J,SVEP1,-0.020655492
SLC16A5,SVEP1,-0.042642795
TG,SVEP1,-0.049164984
HAAO,SVEP1,-0.06001725
IQCH,SVEP1,-0.020570394
UBR1,SVEP1,-0.047108077
ZNRF2,SVEP1,-0.021812733
PXN,SVEP1,-0.110668674
PLD1,SVEP1,-0.021957424
EN2,SVEP1,-0.012286147
ESPNL,SVEP1,-0.29515782
SLC10A4,SVEP1,-0.044413503
POLR2D,SVEP1,-0.10971445
ASXL2,SVEP1,-0.23631011
APOBEC3A,SVEP1,-0.07454954
NGF,SVEP1,-0.028040087
SPATA9,SVEP1,-0.039294355
MAP1LC3A,SVEP1,-0.20999357
PTGER3,SVEP1,-0.011131768
SNAP25,SVEP1,-0.022979537
TTI2,SVEP1,-0.021603147
SYT2,SVEP1,-0.02483509
SMIM20,SVEP1,-0.008653043
FADS1,SVEP1,-0.03921721
SMYD3,SVEP1,-0.030243961
MASP1,SVEP1,-0.019560473
TTC14,SVEP1,-0.048234165
TNFRSF11A,SVEP1,-0.10100655
CHD5,SVEP1,-0.026559066
FAM13C,SVEP1,-0.035224006
ABR,SVEP1,-0.023466704
ZMAT5,SVEP1,-0.008835555
APLP1,SVEP1,-0.012439221
ASAP2,SVEP1,-0.006068193
SUCLG1,SVEP1,-0.010968964
RADX,SVEP1,-0.014829631
NQO1,SVEP1,-0.037841693
C1orf53,SVEP1,-0.03212988
PPP1R1C,SVEP1,-0.01349703
HERPUD1,SVEP1,-0.029833255
PLAG1,SVEP1,-0.024658043
DMC1,SVEP1,-0.014568935
JCHAIN,SVEP1,-0.012548222
RBP3,SVEP1,-0.026486695
ABCG4,SVEP1,-0.031413063
CSF1R,SVEP1,-0.012155111
PARL,SVEP1,-0.03314956
ANKRD53,SVEP1,-0.03431632
CAMK1D,SVEP1,-0.15010703
PCDHA10,SVEP1,-0.031766683
KRT33A,SVEP1,-0.018700965
DSE,SVEP1,-0.012807488
MAGEB6,SVEP1,-0.026335988
NFKBIB,SVEP1,-0.031482078
PANX2,SVEP1,-0.030373419
TTC22,SVEP1,-0.15640666
PROSER3,SVEP1,-0.40707785
BVES,SVEP1,-0.079762354
LEFTY1,SVEP1,-0.043992355
PSMA7,SVEP1,-0.012871924
ZNF518B,SVEP1,-0.05997158
ZNF284,SVEP1,-0.010622459
MCOLN2,SVEP1,-0.032012705
CHM,SVEP1,-0.014142737
TBX18,SVEP1,-0.029170146
MROH8,SVEP1,-0.07414595
CFAP20,SVEP1,-0.045495335
IAH1,SVEP1,-0.00394939
CLSTN3,SVEP1,-0.022319596
WFIKKN1,SVEP1,-0.017511366
EIF2AK4,SVEP1,-0.019550638
WDR54,SVEP1,-0.019503614
CACNA1C,SVEP1,-0.07601476
RGPD4,SVEP1,-0.037028413
OTUD6B,SVEP1,-0.043885767
SLC49A4,SVEP1,-0.025971303
GCC1,SVEP1,-0.051260598
CUEDC2,SVEP1,-0.019854145
MUC5B,SVEP1,-0.13088103
CRABP2,SVEP1,-0.016780596
ADGRL2,SVEP1,-0.025124429
ACBD7,SVEP1,-0.012123304
COL2A1,SVEP1,-0.016603878
ERCC6,SYNE1,-0.0029156532
FAM102A,SYNE1,-0.0020554916
DPYSL4,SYNE1,-0.001675115
RAB12,SYNE1,-0.002795484
GRIK5,SYNE1,0.00062855426
PPP1R1A,SYNE1,-0.0075661326
PLCD3,SYNE1,-0.00061792316
NDUFA7,SYNE1,-0.008604378
SNAP29,SYNE1,-0.0013354506
FMN1,SYNE1,0.0011050747
ENO1,SYNE1,-0.020312406
ZNF519,SYNE1,0.0010107345
SPATA32,SYNE1,-0.0035255086
ESM1,SYNE1,-0.008072265
PADI2,SYNE1,-0.0016006436
CYTL1,SYNE1,-0.0077169766
TMEM209,SYNE1,0.00025796215
PI15,SYNE1,-0.02182673
UBL5,SYNE1,-0.009081215
NAT14,SYNE1,-0.023808021
C22orf42,SYNE1,-0.005172803
LRG1,SYNE1,-0.0020750598
PROB1,SYNE1,-0.033446644
RBBP8,SYNE1,-0.010324704
KLHL21,SYNE1,-0.002438078
SLC38A4,SYNE1,-0.0027822494
PDSS1,SYNE1,-0.039200716
ALDH2,SYNE1,-0.009090345
MTHFS,SYNE1,-0.00316628
ABCB6,SYNE1,-0.008231146
CEACAM7,SYNE1,-0.005073867
SLC22A15,SYNE1,-0.00031945383
RAD50,SYNE1,-0.009263473
DUSP10,SYNE1,-0.021024281
KLRD1,SYNE1,-0.0074442094
SLC6A16,SYNE1,-0.004280234
CCDC9B,SYNE1,-0.007371146
ACOT12,SYNE1,-0.004097528
PRORP,SYNE1,-0.005130536
TACR3,SYNE1,-0.00054637186
BAZ1A,SYNE1,-0.0046094414
TBC1D30,SYNE1,-0.0010145955
RPE65,SYNE1,-0.0035849642
PRKCSH,SYNE1,-0.0037318557
RAB8B,SYNE1,-0.0070652594
SERPIND1,SYNE1,-0.012377233
GTF2B,SYNE1,-0.006279022
GFUS,SYNE1,-0.0054990663
PITX2,SYNE1,-0.0037967355
HNRNPUL1,SYNE1,-0.013083178
COQ7,SYNE1,-0.009392855
CCDC167,SYNE1,-0.010342628
CCL14,SYNE1,-0.0069525777
PPWD1,SYNE1,-0.0019072148
LHCGR,SYNE1,-0.005667534
THEMIS,SYNE1,-0.0076254746
AVEN,SYNE1,-0.0065898537
FOXE1,SYNE1,-0.011047362
DSPP,SYNE1,-0.0027542477
KCNK5,SYNE1,-0.006723946
TNFSF10,SYNE1,-0.024937311
ALDH3A2,SYNE1,-0.0029814306
CTTN,SYNE1,-0.0037205261
C17orf113,SYNE1,-0.012130924
NRK,SYNE1,-0.01885974
PCP2,SYNE1,-0.004635295
RND1,SYNE1,-4.6211367e-06
EGFL8,SYNE1,-0.01179417
PAX1,SYNE1,0.00056840666
REXO4,SYNE1,-0.00042203933
JAKMIP2,SYNE1,-0.0028501835
GTF3C2,SYNE1,0.0029933376
CRYAB,SYNE1,-0.009551977
ANKRD24,SYNE1,-0.0052703074
LAPTM5,SYNE1,-0.009600198
KCNK17,SYNE1,-0.006378444
C11orf65,SYNE1,-0.0021758534
COL27A1,SYNE1,-0.0007610781
ZNF329,SYNE1,-0.012483648
ANO8,SYNE1,-0.010497608
CLN3,SYNE1,0.000791412
USP44,SYNE1,-0.012288159
CHST3,SYNE1,-0.0107992245
AK5,SYNE1,-0.009728721
PEAK3,SYNE1,-0.00745736
MUSK,SYNE1,-0.017433979
FCRL5,SYNE1,-0.0034808512
MRPL2,SYNE1,0.0010716885
TIRAP,SYNE1,-0.011941767
SLC25A3,SYNE1,-0.0042907186
ZNF787,SYNE1,-0.0033051001
TMEM161A,SYNE1,-0.0017689525
TCEAL9,SYNE1,-0.0054698745
PCARE,SYNE1,-0.010036899
APBB3,SYNE1,-0.007695597
SOX7,SYNE1,-0.07492412
TNFRSF10C,SYNE1,-0.008028038
SLC3A2,SYNE1,-0.0044465414
HMCES,SYNE1,0.002076118
RNF144A,SYNE1,-0.033045147
SH3YL1,SYNE1,-0.0043792683
NBPF20,SYNE1,-0.011675045
CDC25A,SYNE1,-0.011607347
STK32C,SYNE1,-0.0050016227
MMP10,SYNE1,-0.006185972
EXOSC6,SYNE1,-0.0063353386
RENBP,SYNE1,-0.006523183
IL11,SYNE1,-0.005464139
WDR38,SYNE1,-0.011830166
DDX11,SYNE1,-0.010995456
LYRM1,SYNE1,-0.009490863
WFDC11,SYNE1,-0.0048550167
GCNT4,SYNE1,-0.0040523373
SLC48A1,SYNE1,-0.003938968
DNASE2,SYNE1,-0.0054805866
IL17RA,SYNE1,-0.012429117
RPS4Y2,SYNE1,-0.004833578
ILVBL,SYNE1,-0.0110227065
IDO2,SYNE1,-0.015641801
REEP4,SYNE1,-0.0063119307
RIBC2,SYNE1,-0.008835436
NLGN2,SYNE1,-0.0025264681
CCDC157,SYNE1,-0.009025947
CCND1,SYNE1,-0.0155129405
ADGRV1,SYNE1,-0.0045056026
ST6GAL2,SYNE1,-0.0012412494
MKRN1,SYNE1,-0.0026891325
SEMA3A,SYNE1,-0.0066563226
THNSL1,SYNE1,-0.008211798
CALCRL,SYNE1,-0.00832054
HOMER2,SYNE1,-0.008135716
SMARCD2,SYNE1,-0.0023746032
DSCAML1,SYNE1,-0.0048519755
RBPMS,SYNE1,-0.015850088
CHST10,SYNE1,-0.019297492
XKR5,SYNE1,-0.0037495303
SLC13A2,SYNE1,-0.0015224668
FTCD,SYNE1,-0.018447999
RIPK4,SYNE1,-0.065671556
ARL2,SYNE1,-0.010313558
MYH15,SYNE1,-0.005158375
AL445238.1,SYNE1,-0.012628689
PABPC4L,SYNE1,-0.015769746
B3GNT7,SYNE1,-0.003495622
PDE1A,SYNE1,-0.0154105
GSN,SYNE1,-0.0064144623
FHDC1,SYNE1,-0.006906592
TBC1D17,SYNE1,-0.0014879873
KIF2C,SYNE1,-0.06503011
ACMSD,SYNE1,-0.0077028833
HAAO,SYNE1,-0.013278149
GRM7,SYNE1,-0.03954417
SMURF1,SYNE1,-0.0039618653
MYLK4,SYNE1,-0.017555399
ACOT8,SYNE1,-0.00404248
RWDD2B,SYNE1,-0.0020358725
STMND1,SYNE1,-0.014154841
RPL6,SYNE1,-0.021851525
CALML5,SYNE1,-0.003852031
LXN,SYNE1,-0.005399655
AKR1E2,SYNE1,-0.005553727
GOLGA4,SYNE1,-0.009648511
MT-CO1,SYNE1,-0.007616083
CKAP2,SYNE1,-0.009302382
LNX2,SYNE1,-0.0012136439
S100A13,SYNE1,-0.0024919712
SFTPB,SYNE1,-0.017559333
GJB7,SYNE1,-0.012438657
RPS7,SYNE1,-0.020311376
L1TD1,SYNE1,-0.0034324843
ACOT4,SYNE1,-0.003674711
CFAP69,SYNE1,-0.012593393
ESS2,SYNE1,-0.0049626296
BAIAP3,SYNE1,-0.006448634
PRDM9,SYNE1,-0.00446217
HHEX,SYNE1,-0.0038991994
ZFAND2A,SYNE1,-0.012467579
CCDC110,SYNE1,-0.0069471304
FAM110D,SYNE1,-0.020308822
TRPM2,SYNE1,-0.016971355
TSPAN17,SYNE1,-0.011716107
POMZP3,SYNE1,-0.004540128
KCNG3,SYNE1,-0.0071902056
HSPBP1,SYNE1,-0.007244996
QARS1,SYNE1,-0.006337159
CD151,SYNE1,-0.0061791046
PLAT,SYNE1,-0.007497035
MTRF1L,SYNE1,0.00022838094
MMACHC,SYNE1,-0.020870285
ARHGAP29,SYNE1,-0.0024259586
GCLM,SYNE1,-0.004575484
NPAS1,SYNE1,-0.0013561518
HMGA2,SYNE1,-0.010805091
ERRFI1,SYNE1,-0.0069104168
ABCA2,SYNE1,8.076511e-05
DMRT1,SYNE1,-0.007687741
ZDHHC24,SYNE1,-0.0041681114
ASAH2,SYNE1,-0.003982504
YPEL4,SYNE1,-0.009388754
DNAH2,SYNE1,-0.008136424
AKAP17A,SYNE1,-0.0038204226
COPG2,SYNE1,-0.0066970037
C18orf21,SYNE1,-0.004434824
PPFIA3,SYNE1,-0.01302565
TEX15,SYNE1,-0.009796766
C1QTNF6,SYNE1,-0.00016910424
TMTC3,SYNE1,-0.009853415
C5orf63,SYNE1,-0.0035056598
MRGPRF,SYNE1,-0.009260683
C1QTNF3,SYNE1,-0.014506865
P2RX5,SYNE1,-0.00616446
ATG9B,SYNE1,-0.015947228
LAPTM4B,SYNE1,-4.4070744e-05
C17orf64,SYNE1,-0.0057594404
ATP2C2,SYNE1,-0.0058091325
ZNF44,SYNE1,-0.02096126
EIF4G1,SYNE1,0.0014237092
CCDC33,SYNE1,-0.009416403
GNB5,SYNE1,-0.011851709
AC096887.1,SYNE1,-0.0057749143
LRRC23,SYNE1,-0.005368668
ING2,SYNE1,0.00018630443
FAM167B,SYNE1,-0.0035616655
FAM162B,SYNE1,-0.0047494853
PLCG2,SYNE1,-0.017701874
SCNM1,SYNE1,-0.014882323
ZNF157,SYNE1,-0.021979077
CRISPLD1,SYNE1,-0.014844961
WASHC5,SYNE1,-0.02102801
RAMP2,SYNE1,-0.03979568
ZSWIM5,SYNE1,-0.0049947086
DHRS1,SYNE1,-0.008737305
CPAMD8,SYNE1,-0.0032195537
TERF2IP,SYNE1,0.0024050295
LYVE1,SYNE1,-0.028476983
TSC22D4,SYNE1,-0.0073655
EPHB4,SYNE1,-0.006075128
LILRB4,SYNE1,-0.009459437
GPER1,SYNE1,-0.0029740501
PRSS1,SYNE1,-0.005938163
SRY,SYNE1,-0.008301997
TBX20,SYNE1,-0.005900435
COX6B2,SYNE1,-0.008054649
IL22RA1,SYNE1,0.0018571949
MCM10,SYNE1,-0.00047462253
RASD2,SYNE1,-0.011955234
HOXB8,SYNE1,-0.008049652
EIF2S2,SYNE1,-0.0070126853
ZFP57,SYNE1,-0.008075624
TMPRSS4,SYNE1,-0.0055874255
COMMD3,SYNE1,-0.02504215
F2RL1,SYNE1,-0.008065165
ZSCAN18,SYNE1,-0.0034031104
C10orf67,SYNE1,-0.0062941094
ZNF385C,SYNE1,-0.06262815
MFF,SYNE1,-0.0070694457
NMRK2,SYNE1,-0.00652701
OR2AG2,SYNE1,-0.009325251
SHBG,SYNE1,-0.0062652207
LIMA1,SYNE1,-0.035303656
ANO10,SYNE1,-0.01717351
PRDX4,SYNE1,-0.010347651
FOLH1,SYNE1,-0.011601998
POU5F1,SYNE1,-0.007726311
TCTEX1D2,SYNE1,-0.00369924
FBXL12,SYNE1,-0.008549786
LKAAEAR1,SYNE1,-0.005954805
FBXO27,SYNE1,-0.0067749578
ALDH3B1,SYNE1,-0.008099141
SLC46A2,SYNE1,-0.001607481
RETREG2,SYNE1,-0.016909646
HAUS7,SYNE1,-0.01392969
DACH2,SYNE1,-0.007194463
G6PC3,SYNE1,-0.014978826
CFH,SYNE1,-0.0048338864
PKIA,SYNE1,-0.01529361
KRBA1,SYNE1,-0.007059847
LRRC73,SYNE1,-0.00815198
CBY2,SYNE1,-9.303841e-05
SUSD4,SYNE1,-0.0018757706
TMEM130,SYNE1,3.7013084e-05
SNRPD2,SYNE1,-0.013912842
GLUD1,SYNE1,-0.015235686
ORC1,SYNE1,-0.0056808684
TSPAN33,SYNE1,-0.007958888
GSTM3,SYNE1,-0.01433045
MYL6B,SYNE1,-0.0018198189
TRIM8,SYNE1,-0.04673953
ATP6V0A4,SYNE1,-0.0042763716
SPAAR,SYNE1,-0.0056907656
PDGFD,SYNE1,-0.017530357
DLK2,SYNE1,-0.014213197
FCAMR,SYNE1,-0.0049066143
ADI1,SYNE1,-0.0076552504
NRGN,SYNE1,-0.0077040107
GSTT2B,SYNE1,-0.013675946
DNAJC5B,SYNE1,-0.03185168
B3GNT3,SYNE1,-0.006566351
KDM8,SYNE1,-0.008141935
DNHD1,SYNE1,-0.002411061
ANO2,SYNE1,-0.0010278177
CCNP,SYNE1,-0.042259283
H3-3B,SYNE1,-0.008757528
SLC29A1,SYNE1,-0.008772999
NDUFB9,SYNE1,-0.005423701
TNK1,SYNE1,-0.0022808323
TMEM37,SYNE1,-0.002234699
SLC45A4,SYNE1,-0.013681304
NRARP,SYNE1,-0.005455895
TMEM255B,SYNE1,-0.027017705
COL23A1,SYNE1,-0.0020393087
ENPP3,SYNE1,-0.003409336
GBX1,SYNE1,-0.020981781
SNAPC1,SYNE1,-0.00571572
KIF5B,SYNE1,-0.006825004
TIMM29,SYNE1,-0.007469632
TRMU,SYNE1,-0.027173972
TBCD,SYNE1,-0.0030339325
PDE4A,SYNE1,-0.0021355422
MSRB1,SYNE1,-0.005272574
RAPGEF3,SYNE1,-0.008528951
PINLYP,SYNE1,0.0013056205
R3HCC1L,SYNE1,-0.0074579585
HECW1,SYNE1,-0.0067977672
PGBD1,SYNE1,-0.022910768
XDH,SYNE1,-0.0043614698
CALN1,SYNE1,-0.06074244
KLF3,SYNE1,-0.0016477279
NETO1,SYNE1,-0.010951551
SPACA3,SYNE1,-0.0036771477
PDZK1,SYNE1,-0.0057563176
ZNF524,SYNE1,-0.003890801
MPND,SYNE1,-0.0032637666
XKR6,SYNE1,-0.009728995
CYP2E1,SYNE1,-0.0027096823
PRKAG1,SYNE1,-0.0009621766
LACTB2,SYNE1,-0.038558822
METTL7A,SYNE1,-0.012282797
MAP2K3,SYNE1,-0.0024748761
LRRC17,SYNE1,-0.0051323357
NLRP1,SYNE1,-0.004698039
SLC25A32,SYNE1,-0.0044042007
ATP2A1,SYNE1,-0.0044925427
MRPL27,SYNE1,-0.0034110835
ARL14,SYNE1,-0.016772522
ANO3,SYNE1,-0.009314736
MAP11,SYNE1,-0.0023511657
ALDOB,SYNE1,-0.0055681714
CASTOR1,SYNE1,-0.011969821
CXCL10,SYNE1,-0.0028670246
HSD11B1L,SYNE1,-0.017268423
RNF182,SYNE1,-0.005525043
RPS19,SYNE1,-0.0007666976
OTOG,SYNE1,-0.012418662
EMC3,SYNE1,-0.014951277
CPLANE2,SYNE1,-0.003262233
HABP2,SYNE1,-0.0076187174
TDRD5,SYNE1,-0.0025352344
FCGBP,SYNE1,-0.0025393981
PRDX1,SYNE1,-0.01016848
CCDC168,SYNE1,-0.006173146
ADGRL2,SYNE1,-0.0034178938
IGSF9,SYNE1,0.001032912
ZNF883,SZT2,-0.011757739
KIFBP,SZT2,-0.0034074602
PPIE,SZT2,-0.011744608
PDCD2,SZT2,-0.040706735
ADD2,SZT2,-0.029385308
IL15RA,SZT2,-0.032193825
CACNA1F,SZT2,-0.01657286
MEIOB,SZT2,-0.022999657
CASZ1,SZT2,-0.017529294
UPP1,SZT2,-0.04520775
NCBP2AS2,SZT2,-0.023486251
CADM2,SZT2,-0.032468494
ATP6V0A4,SZT2,-0.048642393
EDN1,SZT2,-0.07430128
SPR,SZT2,-0.06593458
CASKIN1,SZT2,-0.03392018
AP1M2,SZT2,-0.016505921
TRPM2,SZT2,-0.014717149
ANKDD1A,SZT2,-0.007710032
NR2E3,SZT2,-0.21232873
CHRNA7,SZT2,-0.0125930635
FIBP,SZT2,-0.01212878
PSMB7,SZT2,-0.07723444
CNGB3,SZT2,-0.007233745
ZNF597,SZT2,-0.077154405
TADA2B,SZT2,-0.049072593
TMEM128,SZT2,-0.028898222
H2BC14,SZT2,-0.033969093
PNCK,SZT2,-0.03206398
LRWD1,SZT2,-0.059309475
TLR4,SZT2,-0.022807563
OBSL1,SZT2,-0.019430617
SF3B5,SZT2,-0.0040218704
KLRF1,SZT2,-0.02094792
SLC12A5,SZT2,-0.111402296
TMSB15A,SZT2,-0.010741329
CD83,SZT2,-0.02704737
HLA-DQA2,SZT2,-0.026415283
TMEM108,SZT2,-0.040290907
TVP23A,SZT2,-0.057511102
NFKBIB,SZT2,-0.019504596
ZNF80,SZT2,-0.04806676
TMEM156,SZT2,-0.011256235
MFSD8,SZT2,-0.032859925
GSR,SZT2,-0.004813145
HTR6,SZT2,-0.026875786
SALL3,SZT2,-0.06256485
FAM83F,SZT2,-0.070231356
HSPA6,SZT2,-0.019122126
MAEA,SZT2,-0.037335303
PDLIM1,SZT2,-0.02268281
ABHD14A-ACY1,SZT2,-0.034983166
PSMC5,SZT2,-0.018265683
PTGIS,SZT2,-0.016325645
RSPH3,SZT2,-0.04251262
ABHD5,SZT2,-0.004286514
WDR5B,SZT2,-0.028974373
DALRD3,SZT2,-0.10265772
FAM229B,SZT2,-0.011368532
TARBP2,SZT2,-0.021364318
COX7B2,SZT2,-0.026097605
PLEKHG4,SZT2,-0.03722837
MCRIP2,SZT2,-0.20229344
CARD6,SZT2,-0.03944494
PAAF1,SZT2,-0.023574915
RPL8,SZT2,-0.03671787
RRAGD,SZT2,-0.074266925
CRK,SZT2,-0.011264119
LMOD1,SZT2,-0.0076513295
TSTD1,SZT2,-0.08635938
SMARCA5,SZT2,-0.11154095
KCNN1,SZT2,-0.011714387
RUNX2,SZT2,-0.016005859
GIMAP5,SZT2,-0.07274366
SRP72,SZT2,-0.16292153
TNFSF14,SZT2,-0.0054043755
PSORS1C2,SZT2,-0.0138545465
TTYH1,SZT2,-0.06415575
ZNF286A,SZT2,-0.023875237
RCOR2,SZT2,-0.054677617
SEMA3B,SZT2,-0.027209572
HIRA,SZT2,-0.0254783
CDK15,SZT2,-0.013346617
EPHB4,SZT2,-0.06460861
ADI1,SZT2,-0.014699725
CCR7,SZT2,-0.011195411
AGMO,SZT2,-0.021154309
FBXO6,SZT2,-0.026884502
AARS2,SZT2,-0.09092598
SPRYD3,SZT2,-0.023872923
SCX,SZT2,-0.027559202
LY6G6C,SZT2,-0.0499946
MRPS18A,SZT2,-0.049721748
EHMT2,SZT2,-0.011565344
RNF4,SZT2,-0.12734345
ARHGEF10,SZT2,-0.026736617
PBX2,SZT2,-0.109030224
SETDB2,SZT2,-0.030344516
IL3RA,SZT2,-0.023306586
GRM8,SZT2,-0.02325163
MRPS35,SZT2,-0.035979487
SHC4,SZT2,-0.0719525
ANKH,SZT2,-0.038632967
HMGN5,SZT2,-0.03194466
PPM1G,SZT2,-0.09961622
MTARC1,SZT2,-0.31184626
STAU1,SZT2,-0.010926891
RNF8,SZT2,-0.035394195
IL9R,SZT2,-0.007290666
TMEM126A,SZT2,-0.023576377
GBGT1,SZT2,-0.015246109
FAM86B1,SZT2,-0.023922088
SP8,SZT2,-0.03566807
C16orf54,SZT2,-0.02014686
RICTOR,SZT2,-0.026318904
BAZ2B,SZT2,-0.022252047
SMCO4,SZT2,-0.066089936
LYZ,SZT2,-0.07743713
SPAG6,SZT2,-0.016750438
CLK3,SZT2,-0.08777181
ZNF280B,SZT2,-0.007641375
PSMD12,SZT2,-0.027032228
HSPE1,SZT2,-0.025031256
LRFN1,SZT2,-0.02639478
LAMTOR3,SZT2,-0.045594595
ARHGAP30,SZT2,-0.03664269
MAPK4,SZT2,-0.019542404
MBOAT1,SZT2,-0.07859007
TREM2,SZT2,-0.014225307
CD38,SZT2,-0.008725609
AUP1,SZT2,-0.026022818
OLFML2A,TENM2,-0.014543906
MED4,TENM2,-0.015547327
DACT2,TENM2,-0.01159097
SPAG7,TENM2,-0.008454841
OXCT1,TENM2,-0.03266841
HRH2,TENM2,-0.007826362
QSOX2,TENM2,-0.037787475
CCL13,TENM2,-0.027916508
SLC30A2,TENM2,-0.022315284
ARHGAP20,TENM2,-0.023140678
FAM78A,TENM2,-0.019643193
PCDHA10,TENM2,-0.016929513
MAP7D2,TENM2,-0.022564499
KDM4D,TENM2,-0.027061893
NPTX2,TENM2,-0.03259313
TBC1D20,TENM2,-0.025821384
SNX25,TENM2,-0.025567502
OSBPL1A,TENM2,-0.0320964
FAM174C,TENM2,-0.017214946
H3-5,TENM2,-0.030964106
NFASC,TENM2,-0.48621514
ENPEP,TENM2,-0.0288961
CARNS1,TENM2,-0.022764506
C9orf72,TENM2,-0.032628816
PTPN11,TENM2,-0.011093494
CFAP77,TENM2,-0.03854139
KCNAB2,TENM2,-0.0376508
NBAS,TENM2,-0.04064257
BIRC7,TENM2,-0.024481371
SEL1L3,TENM2,-0.036746107
GLYCTK,TENM2,-0.015643628
TMEM65,TENM2,-0.020281613
AAAS,TENM2,-0.021337654
FES,TENM2,-0.058103997
MTRF1L,TENM2,-0.037155136
PRTN3,TENM2,-0.19008961
LDHAL6A,TENM2,-0.017501287
EMSY,TENM2,-0.031283647
SLC13A2,TENM2,-0.0018642095
CKAP4,TENM2,-0.04096864
LPCAT4,TENM2,-0.017113253
ABCC2,TENM2,-0.010974772
SSH1,TENM2,-0.07442828
COL23A1,TENM2,-0.11322012
ZDHHC15,TENM2,-0.13810398
IGFL2,TENM2,-0.0074049956
GRAMD1B,TENM2,-0.051858917
EYS,TENM2,-0.07154131
ASCC1,TENM2,-0.0035674646
RUNDC3B,TENM2,-0.03538021
MAST1,TENM2,-0.02826151
TCTN1,TENM2,-0.02422781
AGGF1,TENM2,-0.012758578
RELB,TENM2,-0.031696297
SOX12,TENM2,-0.019864075
SLC2A4RG,TENM2,-0.03755935
LMO4,TENM2,-0.025981858
ADAMTSL5,TENM2,-0.037484735
TLCD3A,TENM2,-0.017473832
IFITM3,TENM2,-0.0014639605
SDE2,TENM2,-0.02098872
CLCA4,TENM2,-0.0203516
HLA-E,TENM2,-0.45842597
ABHD5,TENM2,-0.015814438
SPATA18,TENM2,-0.00934644
LAMC2,TENM2,-0.1846633
RUNX2,TENM2,-0.030679915
ZNF665,TENM2,-0.056854405
VWA1,TENM2,-0.02592932
MCEMP1,TENM2,-0.019404735
ADCY1,TENM2,-0.032531537
ARSH,TENM2,-0.019250708
CYP27C1,TENM2,-0.023562266
SGK3,TENM2,-0.038687572
BTC,TENM2,-0.048766725
ST3GAL1,TENM2,-0.008742438
SOX30,TENM2,-0.047926463
LZTS1,TENM2,-0.04537606
CDKN2D,TENM2,-0.053722635
ANO2,TENM2,-0.030168304
KIF6,TENM2,-0.026717046
VAMP2,TENM2,-0.012680527
C6orf141,TENM2,-0.03341768
HSP90AB1,TENM2,-0.038311213
PPARGC1A,TENM2,-0.026270848
ZNHIT3,TENM2,-0.0055456483
CBLN3,TENM2,-0.035084326
LCAT,TENM2,-0.0465601
AOPEP,TENM2,-0.02591109
MCF2L2,TENM2,-0.022241706
TSPYL6,TENM2,-0.025578937
FOXO3B,TENM2,-0.0061855554
TMEM220,TENM2,-0.012326498
PSD2,TENM2,-0.037194293
CPPED1,TENM2,-0.024582338
RPS10,TENM2,-0.0067391437
GAA,TENM2,-0.01870437
CRPPA,TENM2,-0.0103055565
B3GNT2,TENM2,-0.04327489
MMP28,TENM2,-0.03251629
MAPRE1,TENM2,-0.10527262
MPC1,TENM2,-0.13262776
MYO6,TENM2,-0.023103133
TYMP,TENM2,-0.07755793
TRPV4,TENM2,-0.020735862
TSPOAP1,TENM2,-0.09074512
RGL2,TENM2,-0.029953178
KLC1,TENM2,-0.019699456
ESR2,TENM2,-0.017743558
SLC12A4,TENM2,-0.04930455
LMF2,TENM2,-0.0145341195
HES6,TENM2,-0.072584994
DAG1,TENM2,-0.029262466
AVEN,TENM2,-0.03291334
KRT3,TENM2,-0.047926374
SYNJ2,TENM2,-0.022718638
ZAN,TENM2,-0.0035750347
COL11A1,TENM2,-0.0029392338
SAR1A,TENM2,-0.009003137
SUMF1,TENM2,-0.02057493
LRRC8B,TENM2,-0.060656972
CD1E,TENM2,-0.016679874
CELSR1,TENM2,-0.016974417
KANK4,TENM2,-0.028077433
NPAP1,TENM2,-0.03242151
WNK4,TENM2,-0.036253367
INF2,TENM2,-0.052038774
TRAPPC4,TENM2,-0.030235937
PLPPR2,TENM2,-0.025882436
ANGPT4,TENM2,-0.036143947
MYLK3,TENM2,-0.05221832
CYHR1,TENM2,-0.004128063
COX7B2,TENM2,-0.0223186
CERS5,TENM2,-0.041806158
SOSTDC1,TENM2,-0.032868568
LRRC71,TENM3,-0.012342559
ZNF483,TENM3,-0.0071285916
IMPA2,TENM3,-0.006455496
TMEM39B,TENM3,-0.00807594
CWF19L1,TENM3,-0.0028248455
STC1,TENM3,-0.011617204
MEMO1,TENM3,-0.017715042
ZMAT4,TENM3,-0.008612628
C19orf12,TENM3,-0.004479809
NECAB1,TENM3,-0.014782732
FCHO1,TENM3,-0.026846835
ZNF676,TENM3,-0.0043194923
EPYC,TENM3,-0.0016258162
NUP35,TENM3,-0.012309956
G6PC3,TENM3,-0.032885756
TTLL9,TENM3,-0.012808657
LEXM,TENM3,-0.0023271001
NSD2,TENM3,-0.005803772
AP3S1,TENM3,-0.03736585
LAP3,TENM3,-0.017529085
TEPP,TENM3,-0.013043358
ACOT2,TENM3,-0.018934188
ADAMTS12,TENM3,-0.0077640885
ZNF90,TENM3,-0.034443803
ISOC1,TENM3,-0.004289719
GUCY2C,TENM3,-0.011813926
ARHGAP8,TENM3,-0.02379077
ARHGAP33,TENM3,-0.021897387
PLAGL1,TENM3,-0.004261197
SHISA2,TENM3,-0.018016724
PTAFR,TENM3,-0.07026754
PCDHGA1,TENM3,-0.00824746
GABBR2,TENM3,-0.008439812
CDRT1,TENM3,-0.019658646
PADI1,TENM3,-0.066007316
SOX21,TENM3,-0.03266392
CLCN3,TENM3,-0.015771631
FOS,TENM3,-0.023140015
KCNJ5,TENM3,-0.0071658255
RNF149,TENM3,-0.041930597
NARS1,TENM3,-0.008475326
PVR,TENM3,-0.05749556
RPL26,TENM3,-0.16896242
RPLP2,TENM3,-0.0009945385
TRIM47,TENM3,-0.04462534
KBTBD8,TENM3,-0.035454415
NR4A2,TENM3,-0.041194208
PADI2,TENM3,-0.04773188
EGFR,TENM3,-0.017493624
H3C8,TENM3,-0.020677375
PDXK,TENM3,-0.00036548526
RSL1D1,TENM3,-0.01948238
FAM181A,TENM3,-0.009416564
C16orf54,TENM3,-0.012842585
POM121L2,TENM3,-0.004805446
AC005324.2,TENM3,-0.0066613983
ISG15,TENM3,-0.029186849
FLOT1,TENM3,-0.0085375495
STK11,TENM3,-0.02380573
KARS1,TENM3,-0.019252107
CCND2,TENM3,-0.025538314
FNDC3A,TENM3,-0.0270364
MARCHF10,TENM3,-0.016357956
UPK3B,TENM3,-0.010249197
GIPC2,TENM3,-0.007870436
B3GALNT1,TENM3,-0.015051688
PHYHIP,TENM3,-0.028169187
SEL1L2,TENM3,-0.011694065
RWDD2A,TENM3,-0.041448884
PRPSAP2,TENM3,-0.019650517
SNX20,TENM3,-0.010816981
SP2,TENM3,-0.00044944347
PRAF2,TENM3,-0.09892837
KCNMB3,TENM3,-0.009848794
ARHGEF10,TENM3,-0.047284637
NACAD,TENM3,-0.028614493
ODAM,TENM3,-0.025977854
MYOCD,TENM3,-0.032389764
ADM,TENM3,-0.013436265
ZBTB16,TENM3,-0.008120866
IRS2,TENM3,-0.013494838
MAGEA3,TENM3,-0.0093159145
TTI2,TENM3,-0.0047834013
POMC,TENM3,-0.006579655
RWDD1,TENM3,-0.045605615
TANC2,TENM3,-0.055833135
OSCP1,TENM3,-0.037930228
ATP5MG,TENM3,-0.014010167
ARX,TENM3,-0.020113567
QPCT,TENM3,-0.020650605
DZANK1,TENM3,-0.040537536
METTL27,TENM3,-0.012055187
NUDCD2,TENM3,-0.043711074
PSTPIP2,TENM3,-0.014624686
PPM1D,TENM3,-0.06961528
CERS4,TENM3,-0.01599813
SUPT20H,TENM3,-0.024558684
ZFAND4,TENM3,-0.03705937
RPL30,TENM3,-0.05600436
CFAP206,TENM3,-0.041623633
ARTN,TENM3,-0.033832926
RNF224,TENM3,-0.023895573
SIX2,TENM3,-0.03144843
MMP21,TENM3,-0.004904055
NOP10,TENM3,-0.0060512954
SOX15,TENM3,-0.023275936
SLC5A1,TENM3,-0.0023892152
CDK7,TENM3,-0.055621564
ALG1L2,TENM3,-0.009151351
NDRG2,TENM3,-0.020205138
MIDN,TENM3,-0.01713725
TWF1,TENM3,-0.0005790815
CCDC97,TENM3,-0.0027793902
GRK2,TENM3,-0.005803751
EGR4,TENM3,-0.052806273
GPR108,TENM3,-0.026025765
POLR3G,TENM3,-0.021445855
SNAPC5,TENM3,-0.033778254
KIAA1614,TENM3,-0.029330408
LOXHD1,TENM3,-0.0431385
TMEM38B,TENM3,-0.021896068
TAF11,TENM3,-0.0068308734
SPNS2,TENM3,-0.005865518
NHLH1,TENM3,-0.011905641
MED31,TENM3,-0.011037538
BNC1,TENM3,-0.055059556
SPECC1,TENM3,-0.057977986
MAPK13,TENM3,-0.048768956
ELN,TENM3,-0.016233787
MSH3,TENM3,-0.025777414
THG1L,TENM3,-0.14278145
CACFD1,TENM3,-0.10216662
UHRF1BP1,TENM3,-0.011405444
DDIT4,TENM3,-0.020328516
SMAD7,TENM3,-0.011379011
PRR19,TENM3,-0.055053435
SLC51A,TENM3,-0.015414981
TGM5,TENM3,-0.012757317
PSTPIP1,TENM3,-0.05056196
HSD11B2,TENM3,-0.027914727
BEND6,TENM3,-0.028348444
FOXO3B,TENM3,-0.016066153
SIX3,TENM3,-0.021965614
MFAP3L,TENM3,-0.0075828005
PCDHGA8,TENM3,-0.018569916
ATP7A,TENM3,-0.015997568
MTUS1,TENM3,-0.018503102
CYP4F11,TENM3,-0.0015374491
RBM23,TENM3,-0.00939549
RAMP3,TENM3,-0.03739814
DYNC2I2,TENM3,-0.012129827
KCNIP2,TENM3,-0.01782611
SLC8A3,TENM3,-0.038103256
PTTG1IP,TENM3,0.0016327403
C1QL1,TENM3,-0.018252147
SPINK5,TENM3,0.000333123
OPN4,TENM3,-0.0049830927
TMEM74,TENM3,-0.0020842513
AL353572.3,TENM3,-0.015677465
PITX3,TENM3,-0.028308902
AC010980.1,TENM3,-0.024589928
TERF2IP,TENM3,-0.0100911185
PDGFD,TENM3,-0.014565084
OBSL1,TENM3,-0.009016
ANKRD62,TENM3,-0.01854628
PAG1,TENM3,-0.14937283
FAM163B,TENM3,-0.0122617185
ALOX12,TENM3,-0.0033677493
SNRNP35,TENM3,-0.07769142
IGSF8,TENM3,-0.011405802
P2RY1,TENM3,-0.009103157
GTF3C2,TENM3,-0.01892257
NLRP2,TENM3,-0.041330423
RIPPLY3,TENM3,-0.022187388
GCSH,TENM3,-0.019057004
ADRA1B,TENM3,-0.0130763855
MYBBP1A,TENM3,-0.021516964
GCH1,TENM3,-0.0243907
ABHD12,TENM3,-0.0062680957
GALNT16,TENM3,-0.020685628
IGSF3,TENM3,-0.012905549
MALT1,TENM3,-0.031596277
NOVA1,TENM3,-0.08658104
CARD6,TENM3,-0.019066337
IMP3,TENM3,-0.07582853
LYPLA1,TENM3,-0.009967578
DAPL1,TENM3,-0.0092785545
TMEM31,TENM3,-0.008744285
NLRP1,TENM3,-0.024674157
LRCH2,TENM3,-0.010944923
PHC2,TENM3,-0.006827616
TPRG1L,TENM3,-0.006466988
ACTG2,TENM3,-0.021800345
WWOX,TENM3,-0.09115611
MAPK10,TENM3,-0.02631567
GALNT12,TENM3,-0.015050219
CYP17A1,TENM3,-0.013307959
FAM209B,TENM3,-0.013125938
RANGRF,TENM3,-0.03428413
RGN,TENM3,-0.12070715
HOOK2,TENM3,-0.009929366
EPS8L3,TENM3,-0.011995857
YPEL4,TENM3,-0.018463695
CPB2,TENM3,-0.016469592
NEDD4L,TENM3,-0.02002564
AVEN,TENM3,-0.01529121
ELMOD3,TENM3,-0.011809045
TNFRSF9,TNXB,-0.010448323
PC,TNXB,-0.011898397
SAT1,TNXB,-0.026941216
NRG2,TNXB,-0.033473175
EBLN2,TNXB,-0.009115871
TRAPPC9,TNXB,-0.024620626
SPINK5,TNXB,-0.04895375
LHFPL2,TNXB,-0.020142237
GLB1L3,TNXB,-0.0092001315
ANXA1,TNXB,-0.017933307
TSPAN4,TNXB,-0.0032611429
DLK2,TNXB,-0.020809267
RGS16,TNXB,-0.031804275
TNN,TNXB,-0.0017211117
NR5A1,TNXB,-0.02716005
H2AJ,TNXB,-0.016237373
PKP1,TNXB,-0.0070399893
BNIP1,TNXB,-0.043081094
HOXD8,TNXB,-0.028987454
SCRN1,TNXB,-0.014597653
RND1,TNXB,-0.010160931
BRINP3,TNXB,-0.016826186
NRCAM,TNXB,-0.0056440113
ACYP1,TNXB,-0.08137705
SRL,TNXB,-0.045043264
FAM168B,TNXB,-0.03303726
TLR6,TNXB,-0.034799144
MARS2,TNXB,-0.00551735
AC007906.2,TNXB,-0.035461556
UBE2A,TNXB,-0.034407154
PPP4R4,TNXB,-0.033067603
AQP8,TNXB,-0.018162686
CALML3,TNXB,-0.004610422
PPFIA4,TNXB,-0.033629443
AC008687.4,TNXB,-0.044151682
PPP2CB,TNXB,-0.010456091
CD1A,TNXB,-0.09467239
RPS27A,TNXB,-0.01484312
TMEM238,TNXB,0.0022865813
RPRM,TNXB,-0.00900503
AHNAK2,TNXB,-0.014521688
SPATA20,TNXB,-0.13026217
CLDND1,TNXB,-0.09654301
PTK6,TNXB,-0.025200043
AOX1,TNXB,-0.0319836
MAT1A,TNXB,-0.012840601
DSEL,TNXB,-0.07182448
AFF3,TNXB,-0.0291824
GLRX2,TNXB,-0.027368505
CORO1B,TNXB,-0.0033276135
MT-ND4,TNXB,-0.035631187
ELOVL3,TNXB,-0.020230077
CRLF1,TNXB,-0.021302747
MAP3K5,TNXB,-0.038075346
CMYA5,TNXB,-0.0136901485
TMEM139,TNXB,-0.033317078
FGF13,TNXB,-0.047958307
SAAL1,TNXB,-0.010729602
CD207,TNXB,-0.028713215
GAS6,TNXB,-0.03340316
FAM3B,TNXB,-0.004168727
BCL11B,TNXB,-0.013869877
HOXA9,TNXB,-0.028840547
IGSF10,TNXB,-0.0058021927
INAFM2,TNXB,-0.019082306
PXMP4,TNXB,-0.04214031
SMARCA2,TNXB,-0.021925617
GMDS,TNXB,-0.025050243
GPER1,TNXB,-0.04944997
FAM169A,TNXB,-0.11732601
NCOR2,TNXB,-0.013307094
HORMAD1,TNXB,-0.0464664
SERPING1,TNXB,-0.033274557
LIX1L,TNXB,-0.01598913
C1QTNF2,TNXB,-0.017734475
ABHD6,TNXB,-0.017734291
XKRX,TNXB,-0.011205312
FOLR1,TNXB,-0.014220059
CCDC86,TNXB,-0.063472085
SIAH1,TNXB,-0.031189242
SNX12,TNXB,-0.0115248365
KCTD13,TNXB,-0.022505308
ZBED6CL,TNXB,-0.014392724
CLUAP1,TNXB,-0.0075960862
MGME1,TNXB,-0.007977867
PPARGC1B,TNXB,-0.019401852
TVP23B,TNXB,-0.048180565
CCP110,TNXB,-0.017611964
PSMA1,TNXB,-0.014752769
MT-ND3,TNXB,-0.015160832
SLC30A3,TNXB,-0.04741567
TMEM220,TNXB,-0.029937666
HBB,TNXB,-0.040243395
DNASE1L3,TNXB,-0.020968406
HTR3A,TNXB,-0.0062088324
PKIB,TNXB,-0.021989986
KBTBD3,TNXB,-0.01483694
ZNF117,TNXB,-0.031952295
IGF2,TNXB,-0.06433613
YPEL4,TNXB,-0.023690175
TRIM65,TNXB,-0.010471248
SLC6A12,TNXB,-0.07689674
SALL3,TNXB,-0.01024023
GNAL,TNXB,-0.059542958
SPINK1,TNXB,-0.02467506
ANKRD31,TNXB,-0.03380716
SOHLH2,TNXB,-0.014601919
LSM8,TNXB,-0.03610955
LEPR,TNXB,-0.05137534
NUDT2,TNXB,-0.19385178
CRISPLD2,TNXB,-0.01364229
PDGFA,TNXB,-0.056023657
LRP2,TNXB,-0.015076461
MSRB1,TNXB,-0.015519755
GSTM2,TNXB,-0.0124656195
NF2,TNXB,-0.014186318
MT-ND5,TNXB,-0.013506154
PLEKHG4B,TNXB,-0.024509938
HAPLN1,TNXB,-0.009813163
LBX2,TNXB,-0.03479092
MYL12A,TNXB,-0.031035801
PTMS,TNXB,-0.028909339
PAPLN,TNXB,-0.069581375
TUBB1,TNXB,-0.01681173
BASP1,TNXB,-0.020852061
TULP1,TNXB,-0.03609463
TTC38,TNXB,-0.027663795
MTTP,TNXB,-0.08323519
LYSMD1,TNXB,-0.018609298
ZNF235,TNXB,-0.0091122845
SRSF4,TNXB,-0.022898167
CD96,TNXB,-0.019110076
FAT3,TNXB,-0.020975795
COL4A6,TNXB,-0.017558154
DDA1,TNXB,-0.09401092
PAX9,TNXB,-0.014816504
TRIM52,TNXB,-0.01078074
MLANA,TNXB,-0.010945062
ENDOV,TNXB,-0.017603766
TMOD4,TNXB,-0.0426768
MIDN,TNXB,-0.010716364
PCDHGA5,TNXB,-0.053161547
TMC1,TNXB,-0.013032295
PLPP6,TNXB,-0.015097398
NOL10,TNXB,-0.11953292
DERA,TNXB,-0.025427854
NFKBIZ,TNXB,-0.05881462
KDM6A,TNXB,-0.013597203
SMKR1,TNXB,-0.05220791
SURF4,TNXB,-0.0126402965
FBXW9,TNXB,-0.0499909
KLHL41,TNXB,-0.033720512
GNAQ,TNXB,-0.10535954
RPP25L,TNXB,-0.07984557
AZI2,TNXB,-0.01351335
ALDH18A1,TNXB,-0.014783863
TRAPPC6A,TNXB,-0.062267933
TP53I3,TNXB,-0.033170402
SCN2A,TNXB,-0.017082267
B3GLCT,TNXB,-0.007111158
SGCB,TNXB,-0.009596556
PPP1R1B,TNXB,-0.04297671
CYB5R2,TNXB,-0.06917404
KLHL21,TNXB,-0.10377998
CCDC136,TNXB,-0.024659468
RRAGB,TNXB,-0.021370465
MTIF2,TNXB,-0.013506412
IFNLR1,TP53,-0.00044589158
DDX42,TP53,-0.0013068956
RNF19A,TP53,-0.0011255798
AKIP1,TP53,-0.008972524
CCM2,TP53,0.0008783579
EGR2,TP53,0.0013561387
FXR1,TP53,-0.002093259
PCCA,TP53,0.000866807
CFAP20DC,TP53,0.001961231
CHL1,TP53,-0.0010345632
SAP30BP,TP53,0.0003708384
FTL,TP53,0.00016672004
CARD9,TP53,-0.00054755964
STAG2,TP53,-0.0017164274
FOSB,TP53,0.0009516625
FAM155A,TP53,0.0009828501
MCM8,TP53,0.007328987
HES4,TP53,-0.00045291046
SPRN,TP53,0.005439322
HYAL3,TP53,0.002329047
SELL,TP53,-0.00088060513
CCAR1,TP53,-0.0003130997
DHRS11,TP53,0.00075822906
SEMA3B,TP53,-0.0012741791
CST5,TP53,-0.0018460589
DPYSL4,TP53,0.0021299862
MCCC1,TP53,0.0013783178
C12orf60,TP53,0.0015202615
ATP8A2,TP53,-0.0015204145
GOLGA8M,TP53,-8.243362e-05
BMT2,TP53,0.0020450882
ESYT3,TP53,0.0020989906
CAP2,TP53,-0.005340125
SLC11A1,TP53,0.023446675
HLA-B,TP53,0.00025963812
FAM184A,TP53,0.006122894
POLR3K,TP53,-0.00080374634
CDC25B,TP53,-0.0010633743
TNNC2,TP53,0.0012244304
CCDC28B,TP53,-0.0004577333
PLAC8L1,TP53,0.003496055
SNAPC4,TP53,0.0003269723
PEX14,TP53,0.0013953968
COX4I2,TP53,-0.0017031736
LORICRIN,TP53,-0.0006789936
IGF2R,TP53,0.0025673779
KCNK13,TP53,0.0039006353
PDE6G,TP53,-0.0036641385
GALNT9,TP53,0.0028170843
LTBP4,TP53,0.0038955933
LIPH,TP53,-0.0010350314
ZNF891,TP53,-0.0025981695
CXCL16,TP53,-0.00066061283
APOA2,TP53,0.0024493854
TTC26,TP53,0.0033581757
FUCA2,TP53,0.0032594157
SMIM10L2A,TP53,-0.0026752884
SLC52A1,TP53,-0.00072904857
HOXB9,TP53,-0.00479002
NOTCH1,TP53,-0.0071160104
HTR3E,TP53,0.0016242805
EEF2K,TP53,6.3040396e-05
TRIM36,TP53,-0.0008637943
NPL,TP53,0.0015053079
SLFN12,TP53,-0.0007694708
LRFN4,TP53,-0.0027603917
MREG,TP53,0.0070058764
UBASH3B,TP53,0.008569307
CIART,TP53,0.0007010199
EPHB2,TP53,-0.01159186
RPL10,TP53,0.00040438861
ATG9B,TP53,-0.00074067194
MDM2,TP53,-0.048911322
LGALS7B,TP53,-0.0018339957
SECTM1,TP53,-0.011959107
MET,TP53,0.0027021072
SYT12,TP53,0.0035110377
RDH16,TP53,-0.0004961373
LYSMD2,TP53,0.00049856957
CFAP410,TP53,-0.001850171
NDRG2,TP53,-0.0010544455
BAX,TP53,0.0022213946
GMPPB,TP53,-0.0030543876
FLYWCH1,TP53,-0.0042410707
TOGARAM2,TP53,0.00035041058
SLC45A4,TP53,8.692478e-05
RELL1,TP53,-0.0023281975
CST2,TP53,-4.359736e-05
WNT7A,TP53,-0.0012228312
POLH,TP53,-0.0011795984
NADK2,TP53,0.0020133776
DUSP29,TP53,0.0019827473
INPP5D,TP53,-0.07450225
FABP2,TP53,0.00040056885
LY6G5C,TP53,0.00094748125
SLC9A7,TP53,-0.001129237
IFI44L,TP53,-0.0015726072
ZNF474,TP53,-0.0003981757
CDKN2B,TP53,0.0075804647
CYLD,TP53,0.008484463
DNAJC6,TP53,0.0050917515
SMCP,TP53,0.002357903
CABLES2,TP53,0.0074335914
AGMO,TP53,-0.0014414823
SLC22A1,TP53,0.001409226
NPIPB2,TP53,0.00012015302
SF3A2,TP53,-0.008752334
ARHGAP40,TP53,0.00094128173
AIG1,TP53,0.013147879
RARRES1,TP53,0.0033692948
ID3,TP53,-0.00012984351
CLTCL1,TP53,0.00066266494
ECT2L,TP53,-0.00040452037
GAMT,TP53,-0.00014398279
TMEM155,TP53,-0.0024228382
ZNF133,TP53,0.0015546556
SAMHD1,TP53,-0.00575111
DLGAP5,TP53,-0.0062820017
SDHA,TP53,-9.2433285e-05
MAOB,TP53,0.0007150066
HSPE1,TP53,0.002511825
PKD1L3,TP53,0.0009217009
MYB,TP53,0.0010344012
KCNS1,TP53,-0.0033528022
EDA2R,TP53,-0.014116842
KRT16,TP53,0.0012832409
NEDD9,TP53,-0.0001898033
ENO1,TP53,0.0014533461
PIP5KL1,TP53,0.0022483706
CD55,TP53,-0.0027671764
IGSF5,TP53,0.0020431448
RPS27L,TP53,-0.00083590444
RMND1,TP53,0.0007140898
PPM1N,TP53,-0.0039921594
MAGEE1,TP53,0.0010410063
COQ10B,TP53,0.0038593533
MANSC4,TP53,-0.0011583983
GTF2A2,TP53,-0.00054831494
KDR,TP53,-0.00066062354
SYTL3,TP53,-0.0042935116
DHDH,TP53,0.008592882
ARRB2,TP53,-0.012280605
TNIK,TP53,0.00095510395
MYF6,TP53,0.0001307856
SLC6A13,TP53,0.0043833484
DYRK1B,TP53,-0.00057023857
IQCC,TP53,0.0017706449
CLK4,TP53,-0.0009983621
CDKN2AIPNL,TP53,-0.0055010295
STARD13,TP53,-0.00446517
CNIH2,TP53,0.0061502303
ADAMTSL2,TP53,0.0014199729
SLCO6A1,TP53,0.0014100311
MYO19,TP53,0.0007032616
LRP1B,TP53,2.6961232e-05
PLIN2,TP53,-0.0009523171
LRRC47,TP53,-0.013451681
UMAD1,TP53,0.002241458
PF4,TP53,-0.003748472
LCNL1,TP53,0.0020963142
CADM4,TP53,-0.0055851126
E2F1,TP53,-0.00066113146
SMC1B,TP53,-0.0038206908
TMEM134,TP53,-1.7302278e-06
RHBDF1,TP53,-0.003251939
AGA,TP53,0.0033334836
AZGP1,TP53,0.0013975173
POLR2K,TP53,-0.002433671
ANK1,TP53,3.9296704e-09
DNAI4,TP53,0.00280553
UCK2,TP53,-0.005873843
B3GALT5,TP53,0.0011619806
GLB1L2,TP53,0.0020458198
CENPW,TP53,0.0007278226
RTN3,TP53,0.00088117016
ITGB4,TP53,-0.0012414791
SSTR2,TP53,0.009630556
ZNF850,TP53,0.001488694
AC010980.1,TP53,-0.0012785651
NPIPA5,TP53,-0.0031646916
LCP1,TP53,-0.009822447
RNASEH2A,TP53,0.00067085394
PHB,TP53,-0.0065028546
C8orf89,TP53,-0.00067585194
CCDC88A,TP53,0.005045479
ENPP5,TP53,-0.0016910221
GPX3,TP53,0.0013483443
RAB34,TP53,0.004911547
HOXC11,TP53,0.0022578898
N4BP1,TP53,0.0045083
MTHFR,TP53,-0.004292345
NPAS1,TP53,-0.0019043525
ETHE1,TP53,0.0025214313
ROBO2,TP53,0.0017798916
BEND4,TP53,0.0018720945
NELL1,TP53,-6.258691e-05
TMPRSS13,TP53,-0.001252191
BLOC1S2,TP53,0.0017422669
CYP19A1,TP53,0.00047406688
TMEM91,TP53,-0.00045049688
ARID5A,TP53,-0.00784354
SLC16A10,TP53,0.0022264614
TM4SF18,TP53,-0.000433659
SEPTIN9,TP53,-0.004548209
NLRP2,TP53,-0.001483869
TRPM4,TP53,-0.0016230596
SALL1,TP53,0.0014056113
SLCO4C1,TP53,0.00859672
ZNF668,TP53,0.0012942784
SPATA18,TP53,-0.045387577
CCT6B,TP53,0.0015189574
RFC4,TP53,0.0043298486
PHF13,TP53,-0.0073824087
DLC1,TP53,-0.0032380193
SCLY,TP53,0.005425305
TCF23,TP53,-0.0007097678
CA13,TP53,0.005043331
CCNP,TP53,-0.004328882
GDF15,TP53,-0.0055563366
DDIT4L,TP53,-0.004866006
TIMM22,TP53,0.0019139654
EPHX1,TP53,0.004129173
CD1E,TP53,-0.00094306766
CLUAP1,TP53,-0.0010951137
ALDH3B1,TP53,-0.002480164
BNIP3,TP53,0.00043520963
RLF,TP53,-0.0030679016
RUFY4,TP53,-0.0029434566
MCF2,TP53,-0.0022621315
TESC,TP53,-0.0035651983
BIN1,TP53,0.0011666319
RAD18,TP53,0.0047839847
CLDN2,TP53,-0.001065979
MCF2L2,TP53,0.000505873
VWCE,TP53,-0.019944014
SKA1,TP53,-0.007318789
MMP10,TP53,0.0015056896
ZNF784,TP53,0.0020942998
RGCC,TP53,-0.0014381034
TRIM58,TP53,0.0016500261
VHL,TP53,-0.0018819078
GGH,TP53,-0.0054259337
OOEP,TP53,0.00033336022
PRPF3,TP53,-0.001864989
CCN6,TP53,0.0018284926
CDKN2A,TP53,0.0016892751
YY1AP1,TP53,-0.0045488104
CAMK2N2,TP53,-0.00063463097
CCDC9B,TP53,0.0014044201
PABPN1,TP53,0.00545616
TMC1,TP53,0.0007460885
NOP56,TP53,0.02589588
CENPV,TP53,-0.0024457248
CLEC4A,TP53,-0.01066842
NAXD,TP53,0.0015888644
MEGF6,TP53,6.545e-05
FRMD5,TP53,-0.0028187486
CCDC74A,TP53,0.0025944996
PAIP2B,TP53,0.0059151757
AC090004.1,TP53,-0.0004550838
PC,TP53,0.0058526783
XPO1,TP53,-0.01988051
PCDHB1,TP53,0.0015507152
PGC,TP53,-0.00014733635
PCDHB10,TP53,0.0023418048
PLEKHG6,TP53,-0.0016493751
LFNG,TP53,-0.0016727742
HES7,TP53,-2.7607119e-05
KCNK2,TP53,0.0011676074
AGPAT1,TP53,-0.0030482095
TENT5B,TP53,0.0002714434
NUDT19,TP53,0.0020660476
TKFC,TP53,-0.0024664877
VSIG8,TP53,0.0019917323
TRABD2A,TP53,0.0020244354
CRELD2,TP53,0.00054461916
DDB2,TP53,-0.0052920855
TBX6,TP53,0.0014391181
ESM1,TP53,-0.0012479129
TAF11,TP53,-0.015341652
TRAIP,TP53,-0.005085791
CABP4,TP53,-0.0014893133
FKBP5,TP53,0.0021551168
NFIB,TP53,0.0010222594
TOR1B,TP53,-0.00014975115
PNMA5,TP53,0.0016860779
SAMD1,TP53,0.0037322273
DHRS2,TP53,-0.0011972737
CDKL1,TP53,0.0025974105
AL031847.1,TP53,-0.0032012537
NDFIP2,TP53,0.0066859587
RHEBL1,TP53,-0.005957637
SGMS1,TP53,-0.0019563837
PAQR5,TP53,0.0009660452
ASPHD1,TP53,-0.0028448277
TRIB3,TP53,-0.006222328
SLC1A3,TP53,-0.0037390054
TAFA2,TP53,-0.0036287168
CAGE1,TP53,-0.0049940515
ADAM18,TP53,-0.001551531
GRK3,TP53,-0.003237049
DISP3,TP53,0.00073043024
TNFRSF10C,TP53,-0.019537989
ZC4H2,TP53,0.0018391163
JUN,TSC1,-0.013690858
RTL3,TSC1,-0.012422361
POU4F3,TSC1,-0.007347598
HSPA1A,TSC1,-0.00923415
HILPDA,TSC1,-0.034478657
ARPC4-TTLL3,TSC1,-0.009153007
SESN2,TSC1,-0.06960849
AP003071.5,TSC1,-0.05864855
NFE2L3,TSC1,-0.019605564
UAP1L1,TSC1,-0.02248592
MAP2K7,TSC1,-0.012137021
ENAH,TSC1,-0.004041576
TP53,TSC1,-0.011859069
TMEM131,TSC1,-0.025609978
SLC35D1,TSC1,-0.011914291
ZNF556,TSC1,-0.035882026
DNAH10,TSC1,-0.084446
BRI3,TSC1,-0.029446868
FES,TSC1,-0.01785734
GADD45G,TSC1,-0.0040804204
POLR2H,TSC1,-0.0047382745
MME,TSC1,-0.012070036
RPAP1,TSC1,-0.014734229
PGAP4,TSC1,-0.0073406077
MAP7D2,TSC1,-0.012842261
CRYBB2,TSC1,-0.016585581
C9orf16,TSC1,-0.010166932
LINC00672,TSC1,-0.004920433
TRPC4,TSC1,-0.016659252
MED22,TSC1,-0.02531009
SLC25A38,TSC1,-0.043470073
CASP14,TSC1,-0.046725433
LKAAEAR1,TSC1,-0.026875803
RPL22L1,TSC1,-0.021818912
FTL,TSC1,-0.023527127
TLCD3A,TSC1,-0.052907407
SNORC,TSC1,-0.08060815
RNF10,TSC1,-0.06623741
GBX1,TSC1,-0.013589214
NXT2,TSC1,-0.020485962
PKM,TSC1,-0.0052946154
KRT17,TSC1,-0.015682606
TMEM74B,TSC1,-0.12945141
NCAPD2,TSC1,-0.024208518
DNAJC15,TSC1,-0.052057244
SDHA,TSC1,-0.008058465
RTBDN,TSC1,-0.0075021097
ETAA1,TSC1,-0.018090654
MMGT1,TSC1,-0.010430399
NHSL2,TSC1,-0.022793936
SIAH1,TSC1,-0.0073980032
CNPPD1,TSC1,-0.026874295
C20orf202,TSC1,-0.02594225
SOX12,TSC1,-0.025549693
SAXO1,TSC1,-0.014399553
ACY3,TSC1,-0.027438182
PDK3,TSC1,-0.051437154
EVA1C,TSC1,-0.036060862
SRRM3,TSC1,-0.04502802
ACAT1,TSC1,-0.016804568
IGBP1,TSC1,-0.042175416
PRAME,TSC1,-0.010918677
DDIT4,TSC1,-0.23845248
EYA3,TSC1,-0.022840824
HABP2,TSC1,-0.024240755
SERPINI1,TSC1,-0.037893157
CDKL2,TSC1,-0.014314648
PET117,TSC1,-0.026936144
MOCS1,TSC1,-0.018556701
HPS1,TSC1,-0.01280626
HSD17B14,TSC1,-0.71217144
TNIK,TSC1,-0.014967361
KCNJ13,TSC1,-0.01742443
ANKRD1,TSC1,-0.07641034
RPP14,TSC1,-0.0011588853
MTFR1,TSC1,-0.0016289001
PPP2R2B,TSC1,-0.026434878
ID3,TSC1,-0.047067054
RAC2,TSC1,-0.009243175
B4GALNT4,TSC1,-0.025300495
MCOLN1,TSC1,-0.02457304
DIO1,TSC1,-0.03263839
DGKZ,TSC1,-0.018140197
UXT,TSC1,-0.022887597
MED24,TSC1,-0.011845889
CDCP1,TSC1,-0.019874556
XG,TSC1,-0.02794578
SLC30A10,TSC1,-0.030377463
RIPPLY1,TSC1,-0.11108066
ABLIM2,TSC1,-0.01155828
NEU1,TSC1,-0.09198793
CRELD2,TSC1,-0.0124552455
EIF4B,TSC1,-0.01094743
ELOVL7,TSC1,-0.011120389
NPNT,TSC1,-0.012429848
TTC39C,TSC1,-0.057553906
WDFY1,TSC1,-0.031124571
MFAP1,TSC1,-0.055430595
PCDHA13,TSC1,-0.01737468
LHX6,TSC1,-0.020985054
RBM5,TSC1,-0.0065496136
DHX58,TSC1,-0.06518918
ADD2,TSC1,-0.030095894
MGMT,TSC1,-0.052342713
SULT1C2,TSC1,-0.012197094
ARL10,TSC1,-0.015371142
KCNE1,TSC1,-0.021398352
SVBP,TSC1,-0.06886229
SELENOK,TSC1,-0.019009944
POU3F2,TSC1,-0.008818309
PGF,TSC1,-0.06414665
GDF15,TSC1,-0.015618719
TBX1,TSC1,-0.007735658
GBGT1,TSC1,-0.028958054
DHRS4,TSC1,-0.018617451
LTBR,TSC1,-0.02758529
NIN,TSC1,-0.020230591
BCL11B,TSC1,-0.05838667
NOP10,TSC1,-0.038773306
RALGAPA2,TSC1,-0.08137386
SLC25A24,TSC1,-0.0060986853
CTSW,TSC1,-0.010989623
ODF2,TSC1,-0.00040752007
SRR,TSC1,-0.010921874
NEXN,TSC1,-0.0863174
HOXC13,TSC1,-0.00017457658
NLRP10,TSC1,-0.042731002
ITGAD,TSC1,-0.023011781
FOXP3,TSC1,-0.022738991
EMX1,TSC1,-0.006948492
ANGPTL4,TSC1,-0.0055599734
CNR1,TSC1,-0.023839489
DOK1,TSC1,-0.020184726
ARHGAP6,TSC1,-0.00041061718
ERVV-2,TSC1,-0.028958963
AGBL5,TSC1,-0.021517003
PSD3,TSC1,-0.036104497
CCDC85C,TSC1,-0.0119059365
CORO2A,TSC1,-0.13949531
AC079447.1,TSC1,-0.01660567
PDK1,TSC1,-0.024606897
SLC22A15,TSC1,-0.01894659
ZCCHC14,TSC1,-0.0066004125
TTC30A,TSC1,-0.017742574
IFIT2,TSC1,-0.03187041
AKR1C3,TSC1,-0.10931795
SLC8A2,TSC1,-0.013122095
AK7,TSC1,-0.014840272
EFNB3,TSC1,-0.009071405
DBNDD2,TSC1,-0.017779721
NUDCD2,TTC3,-0.23033804
TCF7,TTC3,-0.026910977
CMTM1,TTC3,-0.016949909
CD63,TTC3,-0.029820861
MYL4,TTC3,-0.0065545384
IFIT2,TTC3,-0.011346152
PTPRB,TTC3,-0.019174144
TUSC3,TTC3,-0.016464094
MITF,TTC3,-0.023759097
SH3GL2,TTC3,-0.029889535
C4orf47,TTC3,-0.044380553
DCTN6,TTC3,-0.026630849
FAM216A,TTC3,-0.03263874
CA13,TTC3,-0.04735012
TNNI3,TTC3,-0.04589342
NLGN3,TTC3,-0.025806718
OSTF1,TTC3,-0.020322576
DTD2,TTC3,-0.01867802
ZSWIM4,TTC3,-0.053212702
SDF2L1,TTC3,-0.02341328
CPB2,TTC3,-0.020411888
TTC32,TTC3,-0.019733615
ETFRF1,TTC3,-0.13052431
IL18BP,TTC3,-0.029184306
CNTNAP3B,TTC3,-0.06716348
POLR2K,TTC3,-0.064419426
FXYD6,TTC3,-0.005354463
LRP10,TTC3,-0.066507295
CRYBA1,TTC3,-0.018464845
BDKRB1,TTC3,-0.01633159
HSPB11,TTC3,-0.015963294
AP003071.5,TTC3,-0.03342953
WDR27,TTC3,-0.018732628
TMPRSS11D,TTC3,-0.04570427
PCDHGB2,TTC3,-0.0309194
COPE,TTC3,-0.02136601
ZNF691,TTC3,-0.010043828
GPRASP2,TTC3,-0.08098702
CCDC81,TTC3,-0.012990794
RPS27L,TTC3,-0.018372271
CCDC151,TTC3,-0.023705518
AKT1S1,TTC3,-0.009270454
EHHADH,TTC3,-0.0526663
NFU1,TTC3,-0.04348756
LCN2,TTC3,-0.0117782075
PYDC1,TTC3,-0.019593716
LETM2,TTC3,-0.028208528
ELP2,TTC3,-0.011022429
TMEM225B,TTC3,-0.1088113
STPG4,TTC3,-0.07049725
TOM1L2,TTC3,0.0016790734
HIRIP3,TTC3,-0.016055191
DYNLL2,TTC3,-0.10184296
MORF4L1,TTC3,-0.042472612
MESP1,TTC3,-0.0080773635
JUN,TTC3,-0.0014718218
ENTPD7,TTC3,-0.009377196
CCL21,TTC3,-0.008131732
TBC1D8,TTC3,-0.019065557
ZNF750,TTC3,-0.034651462
PCDHGA1,TTC3,-0.039183494
RPUSD3,TTC3,-0.031099033
FAM86B2,TTC3,-0.015285334
SEMA5A,TTC3,-0.023952084
DAB2IP,TTC3,-0.029441126
RBM34,TTC3,-0.16581811
HEY1,TTC3,-0.039792318
PCF11,TTC3,-0.0035355089
SNX22,TTC3,-0.08115373
HYAL1,TTC3,-0.07400478
HTR2C,TTC3,-0.04336453
ISOC2,TTC3,-0.019174887
CD72,TTC3,-0.022523694
C2CD4C,TTC3,-0.017984582
SYN3,TTC3,-0.038356286
DDX23,TTC3,-0.055210326
CFAP47,TTC3,-0.048426073
GOT1,TTC3,-0.025639072
LIPN,TTC3,-0.0967566
H2AW,TTC3,-0.062004693
VDAC3,TTC3,-0.030671326
UBE2D2,TTC3,-0.021931047
ACSS3,TTC3,-0.052628014
CROCC,TTC3,-0.01779272
VDAC1,TTC3,-0.056808867
CD8A,TTC3,-0.0144740455
SMIM19,TTC3,-0.017304735
TRIM25,TTC3,-0.024936602
L1TD1,TTC3,-0.08187059
MACIR,TTC3,-0.014886048
BEAN1,TTC3,-0.029514141
SPAG1,TTC3,-0.03482326
KRTAP3-3,TTC3,-0.02650296
CGRRF1,TTC3,-0.017689424
STEAP2,TTC3,-0.025855599
RRNAD1,TTC3,-0.015508947
CCDC85A,TTC3,-0.014834306
HSPA12A,TTC3,-0.0507163
ZDHHC2,TTC3,-0.033964656
ANKRD1,TTC3,-0.01750421
IL22RA1,TTC3,-0.09711199
TMEM60,TTC3,-0.009247353
JADE2,TTC3,-0.01895993
SLC36A4,TTC3,-0.044907007
SPATA6L,TTC3,-0.022111505
UBQLNL,TTC3,-0.025662199
CYP3A43,TTC3,-0.17893879
KISS1,TTC3,-0.018655736
VSTM2L,TTC3,-0.03317723
ELP3,TTC3,-0.044880193
BTNL8,TTC3,-0.053448003
ZNF341,TTC3,-0.020298922
TMEM132A,TTC3,-0.026040306
NOP58,TTC3,-0.0005948218
DPPA4,TTC3,-0.012265624
SMIM38,TTC3,-0.015262869
LIMS3,TTC3,-0.01719944
WASH6P,TTC3,-0.059391398
MALSU1,TTC3,-0.011861411
ZNF285,TTC3,-0.030549485
SLC20A2,TTC3,-0.03197767
DAPK2,TTC3,-0.032718
ARHGEF6,TTC3,-0.019844202
CNR1,TTC3,-0.05031023
AQP4,TTC3,-0.022525197
ISCA2,TTC3,-0.020132761
TFAP2E,TTC3,-0.033364672
PHETA1,TTC3,-0.041089673
BCL2L15,TTC3,-0.13594122
ZACN,TTC3,-0.07210998
H1-4,TTC3,-0.018642815
RPL14,TTC3,-0.0150150005
ZNF430,TTC3,-0.018565077
TUFM,TTC3,-0.027192792
NALCN,TTC3,-0.012274521
PCED1A,TTC3,-0.016950274
GIPC2,TTC3,-0.013486107
CRPPA,TTC3,-0.0122797545
SLC26A8,TTC3,-0.02190155
ADRB2,TTC3,-0.0052362694
CDK5R2,TTC3,-0.060135696
MAP3K9,TTC3,-0.019611266
FAM210A,TTC3,-0.046028193
ZNF280A,TTC3,-0.019122582
RNF170,TTC3,-0.040061817
FPR3,TTC3,-0.0986742
NRK,TTC3,-0.038890306
ZFP36L2,USP34,-0.008764195
NNT,USP34,-0.010120146
MAP3K11,USP34,-0.0351264
ANKFN1,USP34,-0.029533273
CCER2,USP34,-0.012215038
RARG,USP34,-0.009440717
CLUL1,USP34,-0.0170802
QPRT,USP34,-0.006581104
SLC4A4,USP34,-0.008496718
SNX22,USP34,-0.019024186
CBWD6,USP34,-0.1023223
FAM163A,USP34,-0.00695307
AKAP8,USP34,-0.012299961
PLA2G2A,USP34,-0.046150967
FABP3,USP34,-0.015001038
DNAJC10,USP34,-0.015673932
PYCR1,USP34,-0.015360579
PCDH17,USP34,-0.016858168
CAPN1,USP34,-0.0073328405
RAD51B,USP34,-0.013598889
RAMACL,USP34,-0.023800448
MYO18B,USP34,-0.02720576
ZNF337,USP34,-0.033806536
MMGT1,USP34,-0.005606927
SLC35F1,USP34,-0.03602021
RGS8,USP34,-0.02832528
RGS9,USP34,-0.010121205
ADCY1,USP34,-0.026292812
SSTR2,USP34,-0.015785769
MIER3,USP34,-0.017412743
RAB3D,USP34,-0.008777193
TPPP,USP34,-0.01753352
ETS2,USP34,-0.052928828
MINAR1,USP34,-0.036881685
ELOVL7,USP34,-0.024404293
CCL3L3,USP34,-0.0073156403
DDX11,USP34,-0.019316576
XRRA1,USP34,-0.011205045
JPH3,USP34,-0.03415043
TRMT1L,USP34,-0.026517102
KRT17,USP34,-0.022442892
ARRB2,USP34,-0.008152052
TNF,USP34,-0.016904073
DTX4,USP34,-0.017532038
MTSS2,USP34,-0.016035395
TERT,USP34,-0.006443406
FUT6,USP34,-0.030557249
SCFD2,USP34,-0.0631298
NKAIN3,USP34,-0.05387997
COL4A6,USP34,-0.5226064
DEXI,USP34,-0.0048591783
SULT1B1,USP34,-0.018987473
C15orf48,USP34,-0.012724676
RYR1,USP34,-0.039993558
BAIAP2L1,USP34,-0.017345365
TDRD12,USP34,-0.022043042
TMEM211,USP34,-0.0139652295
PCDHB3,USP34,-0.0010588673
MPDU1,USP34,-0.011254634
GDAP1,USP34,-0.050064366
ADAMTS8,USP34,-0.05042546
ZNF552,USP34,-0.008191561
HYAL1,USP34,-0.010015669
KHDRBS3,USP34,-0.019075004
PPP1CA,USP34,-0.027150363
NIPAL4,USP34,-0.017469786
RIMKLB,USP34,-0.024912147
CNR1,USP34,-0.009088836
DNAI3,USP34,-0.026348861
MCC,USP34,-0.008556365
C1orf68,USP34,-0.12368053
XCL1,USP34,-0.008698127
RASD2,USP34,-0.06672531
CHST12,USP34,-0.028487135
SMARCB1,USP34,-0.026138322
NOL4,USP34,-0.0022219832
APCDD1,USP34,-0.03799481
ASXL3,USP34,-0.02249041
NCAM2,USP34,-0.008459992
HFE,USP34,-0.011149274
STRA6,USP34,-0.0063435417
LRP11,USP34,-0.013111416
KRT71,USP34,-0.0142923575
HACD4,USP34,-0.014386672
MMP21,USP34,-0.02170216
SLX4,USP34,-0.012254947
PLTP,USP34,-0.0040097325
MKRN3,USP34,-0.01508628
PIGW,USP34,-0.014742384
PTX3,USP34,-0.015454934
PRSS57,USP34,-0.016359597
SGF29,USP34,-0.008188127
STK3,USP34,-0.016504718
PCNX3,USP34,-0.038049705
CHRNB1,USP34,-0.015617685
PLCD4,USP34,-0.05074541
FUT8,USP34,-0.030345753
THSD4,USP34,-0.13920793
PLBD2,USP34,-0.013051403
SLC29A2,USP34,-0.013699082
ANKUB1,USP34,-0.01357569
LRRC46,USP34,-0.0451186
ZNF850,USP34,-0.007327221
LGALS7,USP34,-0.015415791
APOL3,USP34,-0.05530221
TAF15,USP34,-0.023330716
SECISBP2,USP34,-0.009889956
LTB4R2,USP34,-0.03771387
ITGA10,USP34,-0.0050425055
CCDC163,USP34,-0.008042423
NFAM1,USP34,-0.018118331
ACO2,USP34,-0.010926474
PAPPA2,USP34,-0.034914274
MFSD9,USP34,-0.20931469
FAM214B,USP34,-0.012980659
SULT1C2,USP34,-0.014368267
PCGF2,USP34,-0.038740635
CD19,USP34,-0.0326196
KIF12,USP34,-0.01449825
MITF,USP34,-0.014489536
NR2F1,USP34,-0.040277548
APOBEC3A,USP34,-0.008713701
UTP11,USP34,-0.002127349
DACT2,USP34,-0.0047442643
AC253536.7,USP34,-0.020642305
CBLN1,USP34,-0.016947847
RAB34,USP34,-0.024523305
IRAK1BP1,USP34,-0.010507038
AC004922.1,USP34,-0.014783674
HOMER3,USP34,-0.012280467
MIGA2,USP34,-0.1672168
CCL3,USP34,-0.028732285
QPCTL,USP34,-0.008159565
APOD,USP34,-0.0055282866
TGFBI,USP34,-0.03049279
SLC1A1,USP34,-0.025074339
LAPTM5,USP34,-0.0045626536
OR9Q1,USP34,-0.019401347
GAB3,USP34,-0.008564559
ACE2,USP34,-0.03374155
PLCB2,USP34,-0.03885849
PPARD,USP34,-0.025469663
ID3,USP34,-0.009907437
IFNE,USP34,-0.0024713492
NUDT2,USP34,-0.002474201
S100A12,USP34,-0.023633784
ZFP36L1,USP34,-0.033580225
CYP39A1,USP34,-0.0681975
TRIM11,USP34,-0.023186672
ZNF169,USP34,-0.01410647
IFT57,USP34,-0.0057635265
FAM156B,USP34,-0.0401156
DCST2,USP34,-0.023328427
SOST,USP34,-0.013333775
RPL18,USP34,-0.0746037
ST3GAL1,USP34,-0.014769874
C3orf14,USP34,-0.011004329
SLC52A1,USP34,-0.103224
GBP7,USP34,-0.010905885
TMOD3,USP34,-0.019967292
EXOC2,USP34,-0.009070714
AOC3,USP34,-0.026802588
FOXK1,USP34,-0.02484421
ARHGAP18,USP34,-0.050178856
H2BW2,USP34,-0.01031613
TRMT44,USP34,-0.02390689
OR10G3,USP34,-0.037088044
PKD1L1,USP34,-0.0030218232
SH3BP5L,USP34,-0.013309435
WNT9A,USP34,-0.014757138
FUT10,USP34,-0.03809709
MPZ,USP34,-0.006446815
RELA,USP34,-0.0061455723
MORN4,USP34,-0.015371181
NME2,USP34,-0.029934194
ZNF318,USP34,-0.01609119
MUC3A,USP34,-0.030011741
RGS9BP,USP34,-0.0755249
CHKB-CPT1B,USP34,-0.012702771
CH25H,USP34,-0.048014794
UBE2C,VPS13C,-0.019910706
PABPC1L2A,VPS13C,-0.012391447
MINAR1,VPS13C,-0.015603052
BIK,VPS13C,-0.015692031
USP31,VPS13C,-0.0026021712
CBX6,VPS13C,-0.0018627881
GOLGA8N,VPS13C,-0.006183401
DMTN,VPS13C,-0.023572251
WFDC3,VPS13C,-0.015778217
TK1,VPS13C,-0.001342769
S100A2,VPS13C,-0.01540031
SLC31A1,VPS13C,-0.02464449
NEFM,VPS13C,-0.017029084
WDR46,VPS13C,-0.008113065
ABCA13,VPS13C,-0.16285855
RPS4X,VPS13C,-0.022261903
AMELX,VPS13C,-0.03555775
ELOA,VPS13C,-0.0104498835
SARNP,VPS13C,-0.014050162
BMP3,VPS13C,-0.011407238
CRABP2,VPS13C,-0.072896115
COL11A2,VPS13C,-0.021594614
GDF9,VPS13C,-0.06274846
KRT3,VPS13C,-0.026062587
NMNAT2,VPS13C,-0.077144675
ATG4A,VPS13C,-0.02428491
CYB5R2,VPS13C,-0.017791795
TTPA,VPS13C,-0.047663856
BROX,VPS13C,-0.0061133355
TRAF3IP3,VPS13C,-0.02635537
GLIS1,VPS13C,-0.017656548
AMDHD2,VPS13C,-0.022040717
MAGEA8,VPS13C,-0.08299511
FAM186B,VPS13C,-0.019973628
NUBPL,VPS13C,-0.02061799
PPP1R14D,VPS13C,-0.019269913
TOM1L2,VPS13C,-0.03513761
SRPK1,VPS13C,-0.011805396
AL022238.3,VPS13C,-0.014915097
MX2,VPS13C,-0.014359211
C1GALT1,VPS13C,-0.039745715
RTCA,VPS13C,-0.017994298
LAMB4,VPS13C,-0.04446184
RUFY4,VPS13C,-0.04160809
TEX55,VPS13C,-0.01602931
KCNS3,VPS13C,-0.016387813
NCAN,VPS13C,-0.032807503
CT83,VPS13C,-0.027302846
SSNA1,VPS13C,-0.016581725
MC5R,VPS13C,-0.01840652
DDX60L,VPS13C,-0.12829247
PAWR,VPS13C,-0.06389553
PFKM,VPS13C,-0.00084629457
CHIT1,VPS13C,-0.02390066
SIRT6,VPS13C,-0.032166075
SLC22A2,VPS13C,-0.028059741
PIM3,VPS13C,-0.02077834
MIIP,VPS13C,-0.031547338
PPP2R5B,VPS13C,-0.031455975
COQ8B,VPS13C,-0.0076602916
TSNAXIP1,VPS13C,-0.019308057
RPS4Y1,VPS13C,-0.022952367
IBA57,VPS13C,-0.06860778
LARP7,VPS13C,-0.027102662
SETD9,VPS13C,-0.017805072
RPL39L,VPS13C,-0.013933591
KRT86,VPS13C,-0.008537881
GJD3,VPS13C,-0.0060076276
RBM10,VPS13C,-0.070844315
HOXA10,VPS13C,-0.017474541
CASQ1,VPS13C,-0.04555262
RFNG,VPS13C,-0.021393932
ATP5PD,VPS13C,-0.021672532
ZDHHC14,VPS13C,-0.022870246
NPHP1,VPS13C,-0.13912375
ACP5,VPS13C,-0.014507676
QPCT,VPS13C,-0.013691332
SOWAHC,VPS13C,-0.0133497985
MYLPF,VPS13C,-0.032874044
SLC1A1,VPS13C,-0.041965567
HSFX2,VPS13C,-0.089640565
PARP10,VPS13C,-0.021973938
VSTM5,VPS13C,-0.013835929
EYA1,VPS13C,-0.052870147
TTC39C,VPS13C,-0.015242686
PRRT1,VPS13C,-0.016739551
CHGA,VPS13C,-0.03380293
WASHC5,VPS13C,-0.020058108
SPDYE17,VPS13C,-0.01821055
INPP5J,VPS13C,-0.20004989
LANCL3,VPS13C,-0.010191076
NQO1,VPS13C,-0.044103794
JHY,VPS13C,-0.011917814
AC008073.3,VPS13C,-0.06175649
AL157935.2,VPS13C,-0.07184033
RXRG,VPS13C,-0.03327065
PEX5L,VPS13C,-0.16006485
SV2A,VPS13C,-0.020793166
AGPAT2,VPS13C,-0.019660912
FREM1,VPS13C,-0.012520286
BCCIP,VPS13C,-0.017088132
TNFAIP8L1,VPS13C,-0.047513388
SMDT1,VPS13C,-0.009599805
ADAM8,VPS13C,-0.021102889
AC068580.4,VPS13C,-0.00670352
FAM171A2,VPS13C,-0.05210987
KLB,VPS13C,-0.009659269
ZNF354A,VPS13C,-0.022774622
NOD2,VPS13C,-0.022746129
SLC16A14,VPS13C,-0.01044049
FN3KRP,VPS13C,-0.037066434
AOC3,VPS13C,-0.001829326
AFF3,VPS13C,-0.010804723
SIMC1,VPS13C,-0.022411829
GEMIN4,VPS13C,-0.015294007
RXYLT1,VPS13C,-0.09366752
PRDX6,VPS13C,-0.008357335
CTRC,VPS13C,-0.014181156
CALML6,VPS13C,-0.0027609076
CDNF,VPS13C,-0.08163287
MET,VPS13C,-0.008358538
LRRC34,VPS13C,-0.022278922
PLOD3,VPS13C,-0.04614787
ING2,VPS13C,-0.016316518
SPOP,VPS13C,-0.0046134098
MAPK12,VPS13C,-0.020130176
ZNF782,VPS13C,-0.00962123
VLDLR,VPS13C,-0.06886354
COIL,VPS13C,-0.015760846
CC2D2B,VPS13C,-0.012725091
PNPLA7,VPS13C,-0.011459088
IRX3,VPS13C,-0.038422555
P2RY11,VPS13C,-0.024351483
YIPF6,VPS13C,-0.0139693795
DCD,VPS13C,-0.03424457
THNSL2,VPS13C,-0.025464628
SIK1,VPS13C,-0.011497085
NT5DC3,VPS13C,-0.0099791065
LDLRAD4,VPS13C,-0.022243708
JSRP1,VPS13C,-0.01835699
NDUFAF8,VPS13C,-0.035216216
TMEM121B,VPS13C,-0.019651784
CCDC113,VPS13C,-0.10979369
NXPE3,VPS13C,-0.016247794
MRPS18C,VPS13C,-0.013881163
GRIN1,VPS13C,-0.018580016
RIMKLA,VPS13C,-0.18963698
STK26,VPS13C,-0.045458023
GSTM3,VPS13C,-0.015035592
OTUD3,VPS13C,-0.063922636
MYO18B,VPS13C,-0.016353754
COG8,VPS13C,-0.013112906
ZNF133,VPS13C,-0.030868275
HSD3B7,VPS13C,-0.12421897
PHACTR2,VPS13C,-0.031607207
TIMP4,VPS13C,-0.026837204
HORMAD1,VPS13C,-0.023786688
NBPF6,VPS13C,-0.01372194
KLHL26,VPS13C,-0.013891852
SLC35B1,VPS13C,-0.05895886
HDAC1,VPS13C,-0.014687782
CD3G,VPS13C,-0.007899959
APOC1,VPS13C,-0.02276094
PEX7,VPS13C,-0.036200482
SLC5A7,XIRP2,-0.002723614
ZNF627,XIRP2,-0.0020973587
IRF2BP1,XIRP2,-0.0063551264
MED7,XIRP2,-0.0069904933
NOMO3,XIRP2,-0.006883439
GLI1,XIRP2,-0.010927344
HP,XIRP2,-0.0072256234
ST6GAL1,XIRP2,-0.007301484
DNER,XIRP2,-0.0050948584
ADPRM,XIRP2,-0.015342871
PKP3,XIRP2,-0.01908405
LRRCC1,XIRP2,-0.010868256
IL1RL2,XIRP2,-0.0062190243
PIP5K1B,XIRP2,-0.008285989
MYNN,XIRP2,-0.014133874
ARL14EP,XIRP2,0.00051161053
SIAH1,XIRP2,-0.009557929
PTGS1,XIRP2,-0.01460688
RPL31,XIRP2,-0.012647712
CLIP2,XIRP2,-0.018883396
KIF18B,XIRP2,-0.005721949
TTLL12,XIRP2,-0.0074094143
C9orf78,XIRP2,-0.012481912
FGL1,XIRP2,-0.022924809
FNDC11,XIRP2,-0.0053992984
PER2,XIRP2,-0.01342016
RTN4RL2,XIRP2,-0.00838763
GALNT14,XIRP2,-0.03668942
LIPG,XIRP2,-0.018376485
EDA,XIRP2,-0.0050593386
CYP2A13,XIRP2,-0.009865492
TIMM8B,XIRP2,-0.0071764337
TMPRSS11E,XIRP2,-0.030378068
GSTM5,XIRP2,-0.015553843
NAALADL1,XIRP2,-0.006190379
KBTBD6,XIRP2,-0.008303582
ACKR3,XIRP2,-0.013682828
AP2M1,XIRP2,-0.018718103
SOGA3,XIRP2,-0.033787
PAX6,XIRP2,-0.0021587708
BHLHA15,XIRP2,-0.00952406
PPP5C,XIRP2,-0.08310613
SAMD5,XIRP2,-0.0063172528
NRIP3,XIRP2,-0.009339921
CCDC166,XIRP2,-0.0045250906
ALOXE3,XIRP2,-0.010116396
KLHL34,XIRP2,-0.00770955
ADH1B,XIRP2,-0.0070956326
GNG5,XIRP2,-0.005367481
CCDC97,XIRP2,-0.007583784
ACSBG1,XIRP2,-0.017641576
AKR1B10,XIRP2,-0.0026958406
ANKRD34B,XIRP2,-0.009908646
WDR90,XIRP2,-0.004287574
LHFPL1,XIRP2,-0.023717081
WDR91,XIRP2,-0.058973867
PDE1B,XIRP2,-0.0060896687
ULBP3,XIRP2,-0.0031821544
MAFF,XIRP2,-0.020735567
HSBP1,XIRP2,-0.0048884274
NR1I2,XIRP2,-0.006293113
DOCK9,XIRP2,-0.0056644813
C13orf46,XIRP2,-0.01965346
ZNF808,XIRP2,-0.007561131
ASPRV1,XIRP2,-0.014157191
TSNAX,XIRP2,-0.013813477
CLDN19,XIRP2,-0.012430745
ACSS3,XIRP2,-0.038362704
OR10G3,XIRP2,-0.0078719435
EMC6,XIRP2,-0.0044837208
DUSP18,XIRP2,-0.020782635
SLC9A7,XIRP2,-0.010122066
CEP290,XIRP2,-0.03126238
EML6,XIRP2,-0.012606893
SIRT4,XIRP2,-0.0139192
MUC5B,XIRP2,-0.015438865
LRRC6,XIRP2,-0.006470804
PPY,XIRP2,-0.014285889
TADA1,XIRP2,-0.008344906
CEP57,XIRP2,-0.008439923
CYP3A4,XIRP2,-0.010824067
PKN2,XIRP2,-0.02173588
CAPN12,XIRP2,-0.021122904
GAS8,XIRP2,-0.013801145
ATF2,XIRP2,-0.03366988
TAS2R43,XIRP2,-0.0054038432
BRCA2,XIRP2,-0.02485964
PXDC1,XIRP2,-0.008780404
RAB3IL1,XIRP2,-0.015063612
ANKRD42,XIRP2,-0.01930468
SERPINA5,XIRP2,-0.012362011
TLCD3A,XIRP2,-0.010779577
EDEM1,XIRP2,-0.004005415
PPP2R3C,XIRP2,-0.009240081
NPHP4,XIRP2,-0.069489814
LGALS3,XIRP2,-0.0039558983
C9orf152,XIRP2,-0.03652169
ATP6V0A4,XIRP2,-0.010451618
RAD54B,XIRP2,-0.004949388
SLC30A3,XIRP2,-0.008791042
PIWIL2,XIRP2,-0.013533014
SLC16A8,XIRP2,-0.03135579
UGT1A9,XIRP2,-0.0049264617
CYP39A1,XIRP2,-0.007878445
PHACTR2,XIRP2,-0.04382554
SMTN,XIRP2,-0.014335671
FOXA2,XIRP2,-0.015779492
SPATA6L,XIRP2,-0.008563735
ZDHHC18,XIRP2,-0.012675296
NDUFAF8,XIRP2,-0.05863361
CTSW,XIRP2,-0.024143288
COQ3,XIRP2,-0.015729172
RIC8A,XIRP2,-0.006814883
RPL22L1,XIRP2,-0.0062133316
WRAP53,XIRP2,-0.018101431
CAV3,XIRP2,-0.0075311963
PADI1,XIRP2,-0.040321972
RC3H2,XIRP2,-0.0298334
OR2A42,XIRP2,-0.012314475
MTUS1,XIRP2,-0.014101389
ELFN2,XIRP2,-0.012962533
CDHR5,XIRP2,-0.018308347
ANAPC11,XIRP2,-0.006843163
POPDC3,XIRP2,-0.016593583
ROBO3,XIRP2,-0.004628425
TMEM187,XIRP2,-0.06800328
ACADL,XIRP2,-0.0136935515
GRB14,XIRP2,-0.047761645
NQO1,XIRP2,-0.0057503423
ZNF714,XIRP2,-0.020732885
AL049839.2,XIRP2,-0.009593542
NUMBL,XIRP2,-0.0117573105
S100A9,XIRP2,-0.017046003
WDR36,XIRP2,-0.031908166
REL,XIRP2,-0.015853534
FNDC10,XIRP2,-0.01317959
SLC66A1,XIRP2,-0.022997081
ABCG1,XIRP2,-0.009731045
SAE1,XIRP2,-0.03936727
JMY,XIRP2,-0.015421419
SRARP,XIRP2,-0.0033224062
CBS,XIRP2,-0.013371485
HSPA13,XIRP2,-0.017672347
NFATC2,XIRP2,-0.0032738987
LIFR,XIRP2,-0.024228329
ATG12,XIRP2,-0.030856812
ELMO3,XIRP2,-0.030689249
CCDC102B,XIRP2,-0.011203333
FCGRT,XIRP2,-0.009581264
SMCO2,XIRP2,-0.017617783
AC022415.2,XIRP2,-0.008964523
TACC1,XIRP2,-0.005304657
GAL3ST1,XIRP2,-0.008586629
MUC13,XIRP2,-0.05930782
SMAD3,XIRP2,-0.047144573
JRKL,XIRP2,-0.01370103
CC2D2B,XIRP2,-0.035545167
CDKN2A,XIRP2,-0.01053876
KANK1,XIRP2,-0.008171911
SLC29A2,XIRP2,-0.019673772
RNASEH2B,XIRP2,-0.017572526
ACR,XIRP2,-0.018104201
LMNB1,XIRP2,-0.024176933
SMAGP,XIRP2,-0.009821403
POGLUT2,XIRP2,-0.019146835
ABRAXAS1,XIRP2,-0.016428571
FGF12,XIRP2,-0.004440307
FOSL2,XIRP2,-0.048639417
CTAGE9,XIRP2,-0.13440788
ZNF444,XIRP2,-0.004729935
CBY2,XIRP2,-0.04741889
GCGR,XIRP2,-0.0058476487
PARP9,XIRP2,-0.012243592
ZBED5,XIRP2,-0.041177865
KIAA1671,XIRP2,-0.005142426
TROAP,XIRP2,-0.015239613
RGS7BP,XIRP2,-0.044932026
OCA2,XIRP2,-0.037611373
GLIS1,XIRP2,-0.00018191474
TMTC1,XIRP2,-0.014158369
FNDC3A,XIRP2,-0.008109992
AEN,XIRP2,-0.0075366255
OBI1,XIRP2,-0.013727648
C19orf53,XIRP2,-0.018369025
THAP7,XIRP2,-0.01556629
RAB3C,XIRP2,-0.013617434
FTCD,XIRP2,-0.0057522357
SPATA33,XIRP2,-0.006862282
CLEC16A,XIRP2,-0.010372042
FAM81A,XIRP2,-0.0058333664
VEZT,XIRP2,-0.05362092
THOC7,XIRP2,-0.03087947
RAP2B,XIRP2,-0.0052417745
ZFYVE28,XIRP2,-0.014515542
ARHGEF12,XIRP2,-0.013902156
DSC3,XIRP2,-0.008747782
MOB3C,XIRP2,-0.011116263
STX8,XIRP2,-0.004269649
FAM135A,XIRP2,-0.0055870824
LMAN2L,XIRP2,-0.007139968
CACNG5,XIRP2,-0.024650605
FAM241A,XIRP2,-0.042195946
TMEM40,XIRP2,-0.025435852
PLAC1,XIRP2,-0.01037618
CHD4,XIRP2,-0.00028506055
POTEE,XIRP2,-0.0065833456
CSNK2A3,XIRP2,-0.055758324
AC010132.3,XIRP2,-0.009945508
ZNF717,XIRP2,-0.023957193
IDNK,XIRP2,-0.0108890375
RBP2,XIRP2,-0.019328378
TSEN34,XIRP2,-0.0040269215
PANX2,XIRP2,-0.004352121
PLK2,XIRP2,-0.008837785
TMEM18,XIRP2,-0.017622039
BAAT,XIRP2,-0.011559907
STK32A,XIRP2,-0.025089988
ZNF579,XIRP2,-0.011955121
UROD,XIRP2,-0.004389524
MOGAT2,XIRP2,-0.040492084
ISM1,XIRP2,-0.0151206525
ESX1,XIRP2,-0.0064947302
NOXA1,XIRP2,-0.0032553966
DNTTIP1,XIRP2,-0.05286838
HNRNPH3,XIRP2,-0.02196021
ACOT2,XIRP2,-0.016256636
LMAN2,XIRP2,-0.03685302
COMMD10,XIRP2,-0.042768583
STAT5A,XIRP2,-0.023544708
TTC19,XIRP2,-0.024345132
AKR1E2,XIRP2,-0.004692188
UBA7,XIRP2,-0.0013139352
TLE3,XIRP2,-0.0019423428
SLC24A2,XIRP2,-0.007993255
SLC12A8,XIRP2,-0.046498563
ZDHHC2,XIRP2,-0.016534328
JPH2,XIRP2,-0.019366005
CHST7,XIRP2,-0.0025154112
ANO3,XIRP2,-0.006281599
KIAA2013,XIRP2,-0.002379344
NTN5,XIRP2,-0.009574682
HOXA7,XIRP2,-0.011642896
VSIR,XIRP2,-0.027066428
PLA2G4B,XIRP2,-0.0021703555
PRSS2,XIRP2,-0.014125884
NME1,XIRP2,-0.004742333
DAD1,XIRP2,-0.032707706
HNRNPA1P48,XIRP2,-0.040449798
IPO13,XIRP2,-0.04582743
ERCC1,XIRP2,-0.02219071
FPR3,XIRP2,-0.024341578
AMZ2,XIRP2,-0.024175625
EIF2S3B,XIRP2,-0.03332356
CDX2,XIRP2,-0.0071621523
BBOX1,XIRP2,-0.034734182
BMP2,XIRP2,-0.0104118725
TMCO3,XIRP2,-0.0026747365
MBOAT1,XIRP2,-0.008993517
VSIG10L,XIRP2,-0.009269173
TNNI1,XIRP2,-0.012197231
HOXB9,XIRP2,-0.0054343063
KLF12,ZNF292,-0.0063474774
SLC12A3,ZNF292,-0.0121086445
THOC7,ZNF292,-0.015312345
TTC8,ZNF292,-0.00087477773
SLFN12L,ZNF292,-0.004158924
NXPE4,ZNF292,-0.01198696
GNAL,ZNF292,-0.011662087
TRABD2A,ZNF292,-0.045405
LRIG3,ZNF292,-0.042275265
NEK8,ZNF292,-0.018997036
ZNF30,ZNF292,-0.067311235
VEPH1,ZNF292,-0.018851807
HS1BP3,ZNF292,-0.021087134
ABCA10,ZNF292,-0.009031384
UGT1A8,ZNF292,-0.029107386
SNTG1,ZNF292,-0.031807385
ZBTB42,ZNF292,-0.014823788
CDIN1,ZNF292,-0.07460024
ATP5MC1,ZNF292,-0.020512836
SLC2A12,ZNF292,-0.044043705
KRTAP27-1,ZNF292,-0.006997753
SLC2A6,ZNF292,-0.0049943128
TSLP,ZNF292,-0.023190398
ADM2,ZNF292,-0.004738479
ST8SIA6,ZNF292,-0.015273978
RAB1A,ZNF292,-0.062243745
UBE2H,ZNF292,-0.015364495
TSEN2,ZNF292,-0.042066526
CALML3,ZNF292,-0.012356417
PRKCA,ZNF292,-0.055138018
PHLPP2,ZNF292,-0.03184046
SLC12A5,ZNF292,-0.03203491
CRTC3,ZNF292,-0.017129911
LDLRAP1,ZNF292,-0.012864919
PLAAT4,ZNF292,-0.012084866
PXYLP1,ZNF292,-0.02043528
CTNNA3,ZNF292,-0.08321541
HSH2D,ZNF292,-0.023189198
TNNT3,ZNF292,-0.014935293
HIKESHI,ZNF292,-0.01814922
PSMD3,ZNF292,-0.09923876
MGLL,ZNF292,-0.02549557
KRTAP3-2,ZNF292,-0.017031033
SMYD2,ZNF292,-0.056111466
HOPX,ZNF292,-0.021158237
ZNF277,ZNF292,-0.01713529
CITED4,ZNF292,-0.0026132644
ATF5,ZNF292,-0.021463087
C17orf75,ZNF292,-0.028115481
ATPAF1,ZNF292,-0.018526802
KRT9,ZNF292,-0.019321883
BSN,ZNF292,-0.01892642
ARHGEF5,ZNF292,-0.079331174
DDX60L,ZNF292,-0.028400986
RTN3,ZNF292,-0.0015004326
CYB5R2,ZNF292,-0.014771858
SSTR1,ZNF292,-0.04794759
CYP2E1,ZNF292,-0.16770995
FCER1A,ZNF292,-0.056748223
SYT13,ZNF292,-0.024661802
DNAJC17,ZNF292,-0.033120606
RRAD,ZNF292,-0.014177453
NXPH4,ZNF292,-0.032380883
DHRS3,ZNF292,-0.024837513
CSAG2,ZNF292,-0.020382246
KLK7,ZNF292,-0.017831238
RXRG,ZNF292,-0.01899966
ASXL2,ZNF292,-0.009207069
NFYC,ZNF292,-0.036797054
CAMKMT,ZNF292,-0.018503213
ARHGAP8,ZNF292,-0.058938287
HAO2,ZNF292,-0.17637707
ABCC11,ZNF292,-0.031410713
SOCS1,ZNF292,-0.039397895
ZNF777,ZNF292,-0.022024754
JAK2,ZNF292,-0.04097421
SLFN13,ZNF292,-0.01445917
KRT4,ZNF292,-0.0070953276
ANKH,ZNF292,-0.0687514
TERB2,ZNF292,-0.054329187
H6PD,ZNF292,-0.014911755
MOCS3,ZNF292,-0.037706997
ATP2B3,ZNF292,-0.040640965
GET1,ZNF292,0.0002003972
SPIN2B,ZNF292,-0.019870168
HTR2B,ZNF292,-0.026558487
ANK1,ZNF292,-0.003581757
ZMAT4,ZNF292,-0.04162101
TAGLN2,ZNF292,-0.015776785
PDHB,ZNF292,-0.011330819
ABHD15,ZNF292,-0.032109674
SCHIP1,ZNF292,-0.010736809
B3GALNT1,ZNF292,-0.027344873
MRPS5,ZNF292,-0.010885552
CYP7B1,ZNF292,-0.030657576
CASK,ZNF292,-0.0007002906
NSDHL,ZNF292,-0.024844611
KLHDC8B,ZNF292,-0.02721143
OSR2,ZNF292,-0.022302669
FGA,ZNF292,-0.039835308
TAPBPL,ZNF292,-0.00023730095
LMO7,ZNF292,-0.016775256
NLRP2,ZNF292,-0.3224717
PCDHB9,ZNF292,-0.07835023
TFPI,ZNF292,-0.014907231
SPRED1,ZNF292,-0.13199882
FGFBP1,ZNF292,-0.0257465
UNC50,ZNF292,-0.018552694
GALNS,ZNF292,-0.03631744
CLK4,ZNF292,-0.10128663
IL17RC,ZNF292,-0.035118993
OR2A42,ZNF292,-0.057224892
SOX13,ZNF292,-0.027551545
VASH1,ZNF292,-0.028004447
MX1,ZNF292,-0.036291346
KRTAP5-1,ZNF292,-0.036791075
RPL22,ZNF292,-0.019352013
SVOPL,ZNF292,-0.017973168
PCDH11Y,ZNF292,-0.017485334
ATF7,ZNF292,-0.046824183
HSPA9,ZNF292,-0.049406588
YBX2,ZNF292,-0.044281285
KLF4,ZNF292,-0.014619312
PRR19,ZNF292,-0.019711532
GIT1,ZNF292,-0.15552808
SV2A,ZNF292,-0.02110118
MYCBPAP,ZNF292,-0.04107991
VMP1,ZNF292,-0.020765664
MYH15,ZNF292,-0.02852324
CLDN8,ZNF292,-0.03274244
TNNI3,ZNF292,-0.08149668
TMEM98,ZNF292,-0.017094785
CNOT11,ZNF292,-0.015900927
CRPPA,ZNF292,-0.033971738
EGFL6,ZNF292,-0.017815962
GK,ZNF292,-0.043173622
ASAH2,ZNF292,-0.14114393
TLR10,ZNF292,-0.01997181
MORN3,ZNF292,-0.025689526
AAK1,ZNF292,-0.13032025
PROM1,ZNF292,-0.029983282
MARCHF2,ZNF292,-0.0039889156
B3GNT8,ZNF292,-0.09966844
DNAJC15,ZNF292,-0.02271173
SPO11,ZNF292,-0.029882003
MRPL12,ZNF292,-0.009353793
ME3,ZNF292,-0.086654685
EDEM2,ZNF292,-0.023629896
HAS1,ZNF292,-0.031483844
LGALSL,ZNF292,-0.0107578505
SHB,ZNF292,-0.06332498
GCNT1,ZNF804A,-0.0068790093
PARP10,ZNF804A,-0.058278576
RAB40A,ZNF804A,-0.008064809
CLCN5,ZNF804A,-0.051768318
COL17A1,ZNF804A,-0.018668972
ECT2L,ZNF804A,-0.11826544
NEO1,ZNF804A,-0.032511495
CCDC188,ZNF804A,-0.010522641
CLUL1,ZNF804A,-0.13050283
BCL7B,ZNF804A,-0.0042317417
CAPN3,ZNF804A,-0.018662112
KDM4C,ZNF804A,-0.0035722468
TBC1D3G,ZNF804A,-0.016787477
FAM162A,ZNF804A,-0.033316754
RASGRF2,ZNF804A,-0.10545185
TJAP1,ZNF804A,-0.035210058
FAM151A,ZNF804A,-0.017794292
SPRY1,ZNF804A,-0.03805849
RPS7,ZNF804A,-0.036272623
ARSL,ZNF804A,-0.041991554
VENTX,ZNF804A,-0.008827855
ADARB2,ZNF804A,-0.021368973
ODF3L1,ZNF804A,-0.017601356
NRG1,ZNF804A,-0.0163224
LIF,ZNF804A,-0.021989604
C1orf127,ZNF804A,-0.0054685343
NAPG,ZNF804A,-0.0383299
MROH8,ZNF804A,-0.026827455
ME1,ZNF804A,-0.038920283
ALKBH3,ZNF804A,-0.005587848
NBDY,ZNF804A,-0.08658318
INPP5J,ZNF804A,-0.029735344
C9orf72,ZNF804A,-0.01638333
CHST12,ZNF804A,-0.025630675
RTP4,ZNF804A,-0.03268548
G2E3,ZNF804A,-0.07688927
VIL1,ZNF804A,-0.012514024
TBC1D2,ZNF804A,-0.006720584
ZNF775,ZNF804A,-0.3311783
CDH12,ZNF804A,-0.039925262
CCDC58,ZNF804A,-0.1258455
TXK,ZNF804A,-0.038575478
TMEM45A,ZNF804A,-0.16189802
CCDC33,ZNF804A,-0.018877052
DDX43,ZNF804A,-0.02348812
AIM2,ZNF804A,-0.04972155
HMG20B,ZNF804A,-0.018705564
POLR2G,ZNF804A,-0.013067536
CXCL10,ZNF804A,-0.003111317
NDST1,ZNF804A,-0.023129985
SLC25A22,ZNF804A,-0.03345603
OPTC,ZNF804A,-0.026916549
RDX,ZNF804A,-0.018338375
IL13,ZNF804A,-0.03861395
ZNF790,ZNF804A,-0.032433927
CFAP61,ZNF804A,-0.011944895
NPAP1,ZNF804A,-0.020812934
ARMCX4,ZNF804A,-0.031911828
HACL1,ZNF804A,-0.013485741
SALL3,ZNF804A,-0.031194353
YWHAB,ZNF804A,-0.09145717
AL031777.2,ZNF804A,-0.019473532
ARPC3,ZNF804A,0.0011915338
CST1,ZNF804A,-0.03444418
NIT1,ZNF804A,-0.010241564
FBXL14,ZNF804A,-0.02725687
KPNA7,ZNF804A,-0.0314137
CPNE4,ZNF804A,-0.019952655
LTBP1,ZNF804A,-0.02602907
GNL1,ZNF804A,-0.6849914
NUB1,ZNF804A,-0.03267578
AP1M2,ZNF804A,-0.028581955
HNRNPUL1,ZNF804A,-0.014479692
H1-10,ZNF804A,-0.039899852
PDK3,ZNF804A,-0.010633988
LKAAEAR1,ZNF804A,-0.022596642
PAFAH2,ZNF804A,-0.016546892
JAZF1,ZNF804A,-0.021189567
H2BC8,ZNF804A,-0.02607506
NOP58,ZNF804A,-0.03575614
NRDE2,ZNF804A,-0.0033884696
LSG1,ZNF804A,-0.029896261
ATP2B1,ZNF804A,-0.030724196
BTC,ZNF804A,-0.021779286
MYOM3,ZNF804A,-0.035407394
EIF5B,ZNF804A,-0.0023933046
GTPBP2,ZNF804A,-0.08004565
FIBP,ZNF804A,-0.044915345
DLX4,ZNF804A,-0.036367293
TFPT,ZNF804A,-0.026567098
GRIN1,ZNF804A,-0.060245838
ATF4,ZNF804A,-0.0057602557
DIAPH1,ZNF804A,-0.015175226
POLR1B,ZNF804A,-0.017598797
RPS19,ZNF804A,-0.016858073
SLCO6A1,ZNF804A,-0.025010858
GJA5,ZNF804A,-0.038194846
UTS2,ZNF804A,-0.07877748
PRCD,ZNF804A,-0.03461567
CCDC130,ZNF804A,-0.027802778
SEC61G,ZNF804A,-0.026398893
IL1R2,ZNF804A,-0.105178
PRSS16,ZNF804A,-0.10434864
CDCA7L,ZNF804A,-0.016959365
ATP4A,ZNF804A,-0.0112695
SLC39A3,ZNF804A,-0.029163066
ERVFRD-1,ZNF804A,-0.050021354
GLTPD2,ZNF804A,-0.020389704
SLC12A8,ZNF804A,-0.06633813
PEX6,ZNF804A,-0.06524982
B4GALNT4,ZNF804A,-0.027493726
LIPT1,ZNF804A,-0.025140626
NKX3-1,ZNF804A,-0.06034305
RIBC1,ZNF804A,-0.11001556
TPGS2,ZNF804A,-0.021882014
CST4,ZNF804A,-0.060580578
HSCB,ZNF804A,-0.05573532
TMEM92,ZNF804A,-0.014868293
GJB2,ZNF804A,-0.018467836
HPN,ZNF804A,-0.015658198
SPP1,ZNF804A,-0.058829144
ZNF485,ZNF804A,-0.053407684
KSR2,ZNF804A,-0.047136948
SNAI2,ZNF804A,-0.027246054
SON,ZNF804A,-0.02342442
C2CD4C,ZNF804A,-0.046840873
